frame_id,timestamp,diameter,confidence,is_bad_data,diameter_mm
0,0.0,180.00952380952387,1.0,False,6.000317460317462
1,0.0333333333333333,182.62857142857135,1.0,False,6.087619047619045
2,0.0666666666666666,181.89047619047616,0.9722222288449606,True,6.063015873015874
3,0.1,181.88571428571427,1.0,False,6.062857142857143
4,0.1333333333333333,181.8142857142857,1.0,False,6.06047619047619
5,0.1666666666666666,180.84761904761905,1.0,False,6.028253968253967
6,0.2,179.53333333333333,1.0,False,5.984444444444444
7,0.2333333333333333,180.1333333333333,0.9722222288449606,True,6.004444444444443
8,0.2666666666666666,181.69047619047615,1.0,False,6.056349206349205
9,0.3,182.0380952380952,1.0,False,6.067936507936507
10,0.3333333333333333,180.49999999999997,0.9166666666666666,True,6.016666666666665
11,0.3666666666666666,179.0333333333333,1.0,False,5.967777777777777
12,0.4,179.16666666666666,1.0,False,5.972222222222222
13,0.4333333333333333,179.9190476190476,1.0,True,5.997301587301588
14,0.4666666666666667,180.0857142857143,1.0,False,6.002857142857143
15,0.5,180.3904761904762,1.0,False,6.013015873015872
16,0.5333333333333333,179.68571428571428,1.0,False,5.989523809523809
17,0.5666666666666667,177.58571428571426,1.0,True,5.919523809523808
18,0.6,175.1428571428571,1.0,False,5.838095238095238
19,0.6333333333333333,173.56666666666663,1.0,False,5.785555555555554
20,0.6666666666666666,173.45714285714283,1.0,False,5.7819047619047605
21,0.7,172.75238095238095,1.0,False,5.758412698412697
22,0.7333333333333333,171.77142857142854,1.0,False,5.725714285714285
23,0.7666666666666666,170.65714285714284,1.0,False,5.688571428571429
24,0.8,170.83809523809524,1.0,False,5.6946031746031744
25,0.8333333333333334,170.85714285714283,1.0,False,5.695238095238095
26,0.8666666666666667,170.97142857142856,1.0,False,5.699047619047619
27,0.9,171.67619047619047,1.0,False,5.722539682539682
28,0.9333333333333332,172.6,1.0,False,5.753333333333332
29,0.9666666666666668,173.1428571428571,1.0,True,5.77142857142857
30,1.0,173.0,1.0,False,5.766666666666666
31,1.0333333333333332,172.7142857142857,1.0,True,5.757142857142855
32,1.0666666666666669,173.94285714285712,1.0,False,5.798095238095236
33,1.1,175.10476190476186,1.0,False,5.836825396825396
34,1.1333333333333333,176.27619047619044,1.0,False,5.875873015873014
35,1.1666666666666667,176.0952380952381,1.0,False,5.869841269841269
36,1.2,176.19047619047618,1.0,False,5.873015873015873
37,1.2333333333333334,175.7142857142857,1.0,False,5.857142857142857
38,1.2666666666666666,175.73968253968252,1.0,True,5.857989417989417
39,1.3,175.78412698412697,1.0,True,5.8594708994708995
40,1.3333333333333333,176.35238095238094,1.0,False,5.878412698412699
41,1.3666666666666667,176.9,1.0,False,5.896666666666667
42,1.4,177.22857142857143,1.0,False,5.907619047619048
43,1.4333333333333331,177.1238095238095,1.0,True,5.904126984126985
44,1.4666666666666666,177.33333333333331,1.0,False,5.911111111111111
45,1.5,177.54285714285712,1.0,True,5.918095238095237
46,1.5333333333333332,177.66666666666666,1.0,False,5.922222222222222
47,1.5666666666666669,176.80476190476188,1.0,False,5.893492063492063
48,1.6,177.37142857142857,1.0,False,5.9123809523809525
49,1.6333333333333333,177.64761904761906,1.0,False,5.921587301587301
50,1.6666666666666667,178.11428571428567,1.0,False,5.937142857142855
51,1.7,178.3333333333333,1.0,False,5.944444444444444
52,1.7333333333333334,178.88095238095238,1.0,False,5.962698412698412
53,1.7666666666666666,177.96190476190475,1.0,False,5.932063492063492
54,1.8,176.59047619047615,1.0,True,5.886349206349205
55,1.8333333333333333,176.50476190476186,1.0,False,5.883492063492063
56,1.8666666666666667,176.80476190476188,1.0,True,5.8934920634920624
57,1.9,177.21904761904761,1.0,False,5.907301587301587
58,1.9333333333333331,177.15238095238092,1.0,True,5.905079365079364
59,1.9666666666666663,177.3428571428571,1.0,False,5.911428571428569
60,2.0,177.03809523809522,1.0,False,5.9012698412698406
61,2.033333333333333,176.5142857142857,1.0,False,5.883809523809524
62,2.0666666666666664,175.99523809523808,0.990740736325582,True,5.866507936507936
63,2.1,176.2190476190476,1.0,False,5.873968253968253
64,2.1333333333333333,177.22380952380954,1.0,False,5.907460317460317
65,2.1666666666666665,177.8095238095238,1.0,False,5.926984126984126
66,2.2,177.93333333333334,1.0,False,5.93111111111111
67,2.2333333333333334,177.46666666666664,1.0,False,5.915555555555555
68,2.2666666666666666,177.8095238095238,1.0,True,5.9269841269841255
69,2.3,177.1238095238095,1.0,False,5.904126984126983
70,2.3333333333333335,177.4190476190476,1.0,False,5.913968253968252
71,2.3666666666666667,177.4952380952381,1.0,False,5.916507936507936
72,2.4,177.65714285714287,1.0,False,5.921904761904762
73,2.433333333333333,177.3904761904762,1.0,False,5.913015873015873
74,2.466666666666667,177.48571428571427,1.0,False,5.916190476190476
75,2.5,177.1238095238095,1.0,False,5.904126984126983
76,2.533333333333333,177.0,0.9629629651705424,True,5.8999999999999995
77,2.5666666666666664,177.07619047619048,1.0,False,5.9025396825396825
78,2.6,175.91428571428568,1.0,False,5.863809523809524
79,2.6333333333333333,174.9047619047619,1.0,False,5.83015873015873
80,2.6666666666666665,174.46666666666667,1.0,False,5.815555555555555
81,2.7,171.2238095238095,1.0,False,5.707460317460317
82,2.7333333333333334,169.21190476190472,0.990740736325582,False,5.6403968253968255
83,2.7666666666666666,168.18571428571428,1.0,False,5.606190476190475
84,2.8,166.60238095238097,0.9166666666666666,True,5.553412698412698
85,2.8333333333333335,164.17619047619047,1.0,False,5.472539682539682
86,2.8666666666666667,161.61190476190475,1.0,False,5.387063492063492
87,2.9,159.08571428571426,1.0,False,5.3028571428571425
88,2.933333333333333,155.89523809523808,1.0,False,5.1965079365079365
89,2.966666666666667,155.4190476190476,1.0,False,5.180634920634921
90,3.0,153.94285714285712,1.0,False,5.131428571428572
91,3.033333333333333,152.83809523809524,1.0,False,5.094603174603175
92,3.0666666666666664,152.0,1.0,False,5.066666666666666
93,3.1,150.23809523809524,1.0,False,5.007936507936508
94,3.1333333333333333,147.61904761904762,1.0,False,4.92063492063492
95,3.1666666666666665,146.15238095238095,1.0,False,4.8717460317460315
96,3.2,145.1428571428571,1.0,False,4.838095238095237
97,3.2333333333333334,143.54285714285714,1.0,False,4.784761904761904
98,3.2666666666666666,141.01904761904763,1.0,False,4.70063492063492
99,3.3,139.81904761904764,1.0,False,4.66063492063492
100,3.3333333333333335,138.22857142857143,1.0,False,4.607619047619047
101,3.3666666666666667,137.55238095238096,1.0,False,4.585079365079364
102,3.4,137.0952380952381,1.0,False,4.5698412698412705
103,3.433333333333333,137.11428571428573,1.0,False,4.570476190476191
104,3.466666666666667,136.27619047619046,1.0,False,4.542539682539682
105,3.5,136.45714285714286,1.0,False,4.548571428571428
106,3.533333333333333,136.14285714285714,1.0,False,4.538095238095238
107,3.5666666666666664,135.68571428571425,1.0,False,4.522857142857142
108,3.6,135.78095238095236,1.0,False,4.526031746031745
109,3.6333333333333337,135.89523809523808,1.0,False,4.52984126984127
110,3.6666666666666665,134.90476190476187,1.0,False,4.496825396825396
111,3.7,133.8285714285714,1.0,False,4.460952380952381
112,3.7333333333333334,134.5047619047619,1.0,False,4.483492063492063
113,3.7666666666666666,136.2,1.0,False,4.54
114,3.8,136.78095238095236,1.0,False,4.5593650793650795
115,3.8333333333333335,136.66666666666663,1.0,False,4.5555555555555545
116,3.8666666666666663,135.9238095238095,1.0,False,4.53079365079365
117,3.9,136.12380952380948,0.9809523820877076,False,4.537460317460316
118,3.933333333333333,136.24761904761903,1.0,True,4.541587301587301
119,3.966666666666667,136.7142857142857,0.9814814726511636,False,4.557142857142857
120,4.0,137.29285714285714,1.0,False,4.576428571428571
121,4.033333333333333,139.04285714285714,0.990740736325582,False,4.634761904761905
122,4.066666666666666,143.00714285714284,1.0,True,4.766904761904762
123,4.1,143.13214285714284,1.0,False,4.771071428571428
124,4.133333333333333,140.8095238095238,0.9803921580314636,False,4.693650793650794
125,4.166666666666667,138.65238095238095,1.0,True,4.621746031746032
126,4.2,139.91666666666666,0.990740736325582,True,4.663888888888889
127,4.233333333333333,140.54166666666669,1.0,True,4.684722222222222
128,4.266666666666667,141.16666666666669,1.0,True,4.705555555555556
129,4.3,141.79166666666666,0.9814814726511636,True,4.726388888888889
130,4.333333333333333,142.41666666666666,1.0,True,4.747222222222222
131,4.366666666666666,143.2095238095238,1.0,True,4.773650793650793
132,4.4,143.30238095238093,0.9814814726511636,False,4.776746031746031
133,4.433333333333334,142.4154761904762,1.0,False,4.747182539682539
134,4.466666666666667,141.76190476190476,0.990740736325582,False,4.725396825396825
135,4.5,141.0,0.9629629651705424,False,4.7
136,4.533333333333333,142.25238095238095,0.9351851940155028,False,4.741746031746032
137,4.566666666666666,144.04761904761904,1.0,False,4.8015873015873005
138,4.6,145.89999999999998,1.0,True,4.863333333333332
139,4.633333333333333,145.60952380952378,1.0,False,4.853650793650793
140,4.666666666666667,145.53809523809522,1.0,False,4.851269841269841
141,4.7,146.65714285714284,1.0,False,4.888571428571428
142,4.733333333333333,147.7238095238095,1.0,False,4.924126984126984
143,4.766666666666667,148.77142857142854,1.0,False,4.9590476190476185
144,4.8,148.84761904761902,1.0,False,4.961587301587301
145,4.833333333333333,149.08571428571426,1.0,False,4.969523809523809
146,4.866666666666666,149.28571428571428,1.0,False,4.976190476190476
147,4.9,150.10476190476192,1.0,False,5.003492063492064
148,4.933333333333334,150.38095238095238,1.0,False,5.012698412698413
149,4.966666666666667,151.24761904761903,1.0,False,5.041587301587302
150,5.0,151.77142857142857,1.0,False,5.059047619047619
151,5.033333333333333,152.69523809523812,1.0,False,5.08984126984127
152,5.066666666666666,153.2095238095238,1.0,False,5.106984126984127
153,5.1,154.33333333333331,1.0,False,5.144444444444445
154,5.133333333333333,154.24761904761903,1.0,True,5.141587301587301
155,5.166666666666667,154.9047619047619,1.0,False,5.163492063492064
156,5.2,155.14285714285714,1.0,False,5.171428571428572
157,5.233333333333333,154.8190476190476,1.0,False,5.16063492063492
158,5.266666666666667,154.5047619047619,1.0,False,5.15015873015873
159,5.3,154.87619047619046,1.0,False,5.162539682539682
160,5.333333333333333,155.03809523809525,1.0,False,5.167936507936508
161,5.366666666666666,154.62857142857143,1.0,False,5.154285714285714
162,5.4,155.03809523809525,1.0,False,5.167936507936508
163,5.433333333333334,156.56190476190474,1.0,False,5.218730158730159
164,5.466666666666667,157.44761904761904,1.0,False,5.248253968253968
165,5.5,156.76190476190476,1.0,False,5.225396825396825
166,5.533333333333333,156.96190476190475,1.0,False,5.232063492063491
167,5.566666666666666,158.44761904761904,1.0,False,5.281587301587302
168,5.6,159.48571428571427,1.0,False,5.316190476190476
169,5.633333333333333,159.04761904761904,1.0,False,5.3015873015873005
170,5.666666666666667,158.86666666666665,1.0,False,5.295555555555556
171,5.7,158.5238095238095,1.0,False,5.284126984126984
172,5.733333333333333,158.89523809523808,1.0,False,5.296507936507936
173,5.766666666666667,159.49523809523805,1.0,False,5.316507936507936
174,5.8,159.99999999999997,1.0,False,5.333333333333332
175,5.833333333333333,160.1142857142857,1.0,True,5.337142857142856
176,5.866666666666666,159.65714285714284,1.0,False,5.3219047619047615
177,5.9,159.6,1.0,False,5.319999999999999
178,5.933333333333334,159.25714285714284,1.0,False,5.308571428571429
179,5.966666666666667,159.85714285714283,1.0,False,5.328571428571428
180,6.0,159.72380952380954,1.0,False,5.324126984126984
181,6.033333333333333,160.4952380952381,1.0,False,5.34984126984127
182,6.066666666666666,161.3809523809524,1.0,False,5.379365079365079
183,6.1,162.39523809523806,1.0,False,5.413174603174602
184,6.133333333333333,162.28571428571425,1.0,False,5.409523809523808
185,6.166666666666667,162.13809523809522,1.0,True,5.4046031746031735
186,6.2,162.16190476190474,1.0,False,5.405396825396824
187,6.233333333333333,162.35714285714283,1.0,False,5.411904761904761
188,6.266666666666667,162.06666666666663,1.0,False,5.402222222222221
189,6.3,162.42380952380952,1.0,False,5.414126984126983
190,6.333333333333333,162.79047619047617,1.0,False,5.426349206349205
191,6.366666666666666,163.33809523809518,1.0,True,5.444603174603174
192,6.4,162.8571428571428,1.0,False,5.428571428571428
193,6.433333333333334,162.96666666666664,1.0,False,5.432222222222221
194,6.466666666666667,163.46666666666667,1.0,False,5.448888888888888
195,6.5,163.99999999999997,1.0,False,5.466666666666665
196,6.533333333333333,164.0285714285714,1.0,False,5.467619047619047
197,6.566666666666666,164.0,1.0,True,5.466666666666667
198,6.6,163.82857142857142,1.0,True,5.460952380952381
199,6.633333333333333,164.57142857142856,1.0,False,5.485714285714286
200,6.666666666666667,165.17142857142858,1.0,False,5.505714285714286
201,6.7,166.16190476190476,1.0,False,5.538730158730159
202,6.733333333333333,166.4,1.0,False,5.546666666666667
203,6.766666666666667,166.50476190476195,1.0,True,5.5501587301587305
204,6.8,165.63809523809522,1.0,False,5.5212698412698415
205,6.833333333333333,165.3904761904762,1.0,False,5.513015873015873
206,6.866666666666666,166.22857142857143,1.0,False,5.540952380952381
207,6.8999999999999995,167.49523809523808,1.0,False,5.583174603174603
208,6.933333333333334,167.13809523809522,1.0,False,5.571269841269841
209,6.966666666666667,166.0761904761905,1.0,False,5.535873015873015
210,7.0,165.9952380952381,1.0,True,5.533174603174603
211,7.033333333333333,166.45714285714286,1.0,False,5.548571428571428
212,7.066666666666666,168.0809523809524,1.0,False,5.6026984126984125
213,7.1,168.41904761904763,1.0,False,5.613968253968254
214,7.133333333333333,167.9095238095238,1.0,False,5.596984126984127
215,7.166666666666667,166.38095238095238,1.0,False,5.546031746031746
216,7.2,166.83333333333331,1.0,True,5.561111111111112
217,7.233333333333333,167.02857142857144,1.0,False,5.567619047619048
218,7.266666666666667,166.72857142857143,1.0,False,5.557619047619047
219,7.3,166.87619047619046,1.0,False,5.562539682539682
220,7.333333333333333,167.20952380952377,1.0,False,5.573650793650794
221,7.366666666666666,167.44761904761904,1.0,False,5.581587301587302
222,7.4,167.05714285714288,1.0,False,5.5685714285714285
223,7.433333333333334,166.9714285714286,0.9901960690816244,False,5.565714285714286
224,7.466666666666667,167.0,1.0,True,5.566666666666666
225,7.5,167.0,1.0,True,5.566666666666666
226,7.533333333333333,167.0,1.0,True,5.566666666666666
227,7.566666666666666,166.97142857142856,1.0,False,5.565714285714285
228,7.6,166.8857142857143,1.0,False,5.562857142857143
229,7.633333333333333,168.04761904761904,1.0,False,5.601587301587301
230,7.666666666666667,168.49523809523808,1.0,False,5.616507936507936
231,7.7,168.04761904761904,1.0,False,5.601587301587302
232,7.733333333333333,167.447619047619,1.0,False,5.5815873015873025
233,7.766666666666667,167.9333333333333,1.0,False,5.597777777777777
234,7.8,167.80952380952377,1.0,False,5.593650793650793
235,7.833333333333333,167.4047619047619,1.0,False,5.58015873015873
236,7.866666666666666,167.63809523809522,1.0,False,5.587936507936507
237,7.9,168.22380952380954,1.0,True,5.607460317460317
238,7.933333333333334,168.55238095238096,1.0,False,5.618412698412698
239,7.966666666666667,168.3190476190476,1.0,False,5.61063492063492
240,8.0,167.6380952380952,1.0,False,5.587936507936508
241,8.033333333333333,167.56190476190474,1.0,False,5.585396825396825
242,8.066666666666666,168.24761904761903,1.0,False,5.608253968253968
243,8.1,168.79999999999998,1.0,False,5.626666666666666
244,8.133333333333333,168.8952380952381,1.0,False,5.629841269841269
245,8.166666666666666,168.88571428571427,1.0,False,5.62952380952381
246,8.2,169.0857142857143,1.0,True,5.6361904761904755
247,8.233333333333333,168.88571428571427,1.0,False,5.629523809523809
248,8.266666666666666,168.19047619047615,1.0,True,5.606349206349205
249,8.3,168.38095238095235,1.0,False,5.612698412698412
250,8.333333333333334,168.21904761904761,1.0,False,5.6073015873015875
251,8.366666666666667,168.27619047619046,1.0,False,5.6092063492063495
252,8.4,168.4095238095238,1.0,False,5.613650793650793
253,8.433333333333334,169.047619047619,1.0,False,5.634920634920634
254,8.466666666666667,168.5619047619047,1.0,False,5.618730158730157
255,8.5,167.9142857142857,1.0,False,5.597142857142856
256,8.533333333333333,168.22857142857143,1.0,False,5.607619047619047
257,8.566666666666666,168.74285714285713,1.0,False,5.624761904761905
258,8.6,169.07142857142856,1.0,True,5.635714285714284
259,8.633333333333333,169.02857142857144,1.0,False,5.6342857142857135
260,8.666666666666666,169.13809523809525,1.0,True,5.637936507936508
261,8.7,169.39761904761906,1.0,False,5.646587301587301
262,8.733333333333333,169.58095238095237,1.0,False,5.652698412698413
263,8.766666666666666,169.61904761904762,1.0,True,5.653968253968254
264,8.8,169.49999999999997,1.0,True,5.6499999999999995
265,8.833333333333334,169.3952380952381,1.0,True,5.646507936507936
266,8.866666666666667,169.3761904761905,1.0,False,5.645873015873016
267,8.9,169.50714285714284,1.0,True,5.650238095238095
268,8.933333333333334,169.60952380952378,1.0,False,5.653650793650793
269,8.966666666666667,169.48571428571427,1.0,True,5.649523809523809
270,9.0,169.44761904761904,1.0,False,5.648253968253969
271,9.033333333333331,169.56666666666666,1.0,False,5.652222222222222
272,9.066666666666666,169.62380952380954,1.0,True,5.654126984126983
273,9.1,169.8095238095238,1.0,False,5.66031746031746
274,9.133333333333333,170.55714285714285,1.0,True,5.685238095238096
275,9.166666666666666,171.07619047619045,1.0,False,5.7025396825396815
276,9.2,170.8238095238095,1.0,False,5.694126984126983
277,9.233333333333333,169.65714285714282,1.0,False,5.6552380952380945
278,9.266666666666666,169.9142857142857,1.0,False,5.663809523809524
279,9.3,170.07619047619048,1.0,False,5.669206349206349
280,9.333333333333334,171.34285714285713,1.0,False,5.711428571428571
281,9.366666666666667,171.55238095238093,1.0,False,5.718412698412698
282,9.4,171.76190476190476,1.0,False,5.725396825396825
283,9.433333333333334,171.17142857142855,1.0,False,5.7057142857142855
284,9.466666666666669,171.39523809523808,1.0,False,5.713174603174603
285,9.5,171.44761904761904,1.0,False,5.7149206349206345
286,9.533333333333331,171.13809523809525,1.0,True,5.704603174603174
287,9.566666666666666,170.91428571428568,1.0,False,5.697142857142857
288,9.6,171.32857142857142,1.0,False,5.710952380952381
289,9.633333333333333,171.9904761904762,1.0,False,5.733015873015873
290,9.666666666666666,172.50476190476192,1.0,True,5.75015873015873
291,9.7,172.24761904761905,1.0,False,5.741587301587302
292,9.733333333333333,171.5238095238095,1.0,False,5.717460317460317
293,9.766666666666666,171.2095238095238,1.0,False,5.706984126984127
294,9.8,170.44761904761904,1.0,False,5.681587301587301
295,9.833333333333334,170.1047619047619,1.0,False,5.67015873015873
296,9.866666666666667,170.75238095238095,1.0,False,5.691746031746032
297,9.9,171.27619047619046,1.0,False,5.709206349206349
298,9.933333333333334,171.87619047619046,1.0,False,5.729206349206349
299,9.966666666666669,171.48571428571427,1.0,False,5.716190476190476
300,10.0,171.55238095238096,1.0,False,5.718412698412698
301,10.033333333333331,171.36190476190478,1.0,False,5.712063492063492
302,10.066666666666666,172.25238095238095,1.0,False,5.741746031746032
303,10.1,172.19999999999996,1.0,False,5.739999999999999
304,10.133333333333333,171.32857142857142,1.0,True,5.710952380952381
305,10.166666666666666,171.42857142857142,1.0,False,5.714285714285714
306,10.2,171.86190476190475,1.0,False,5.7287301587301585
307,10.233333333333333,172.7047619047619,1.0,False,5.756825396825397
308,10.266666666666666,173.24761904761903,1.0,False,5.774920634920634
309,10.3,172.84761904761905,1.0,False,5.7615873015873005
310,10.333333333333334,171.96190476190478,1.0,False,5.732063492063491
311,10.366666666666667,171.85714285714283,1.0,False,5.728571428571428
312,10.4,172.46666666666667,1.0,False,5.748888888888889
313,10.433333333333334,172.59047619047618,1.0,False,5.7530158730158725
314,10.466666666666669,171.8761904761905,1.0,False,5.729206349206349
315,10.5,171.5142857142857,1.0,False,5.717142857142857
316,10.533333333333331,171.94285714285715,1.0,True,5.731428571428571
317,10.566666666666666,172.7142857142857,1.0,False,5.757142857142857
318,10.6,172.36190476190473,1.0,True,5.745396825396824
319,10.633333333333333,171.8380952380952,1.0,False,5.727936507936507
320,10.666666666666666,172.47619047619045,1.0,False,5.749206349206348
321,10.7,173.3238095238095,1.0,False,5.777460317460317
322,10.733333333333333,173.41904761904757,1.0,False,5.78063492063492
323,10.766666666666666,173.05714285714285,1.0,False,5.768571428571428
324,10.8,173.47619047619045,1.0,False,5.7825396825396815
325,10.833333333333334,174.24761904761903,1.0,False,5.808253968253967
326,10.866666666666667,173.9047619047619,1.0,False,5.796825396825396
327,10.9,173.38095238095235,1.0,False,5.779365079365078
328,10.933333333333334,173.1238095238095,1.0,False,5.77079365079365
329,10.966666666666669,173.6190476190476,1.0,False,5.787301587301586
330,11.0,173.98571428571427,1.0,True,5.799523809523809
331,11.033333333333331,174.52380952380952,1.0,False,5.817460317460317
332,11.066666666666666,174.44285714285712,1.0,True,5.814761904761904
333,11.1,174.90476190476187,1.0,False,5.830158730158729
334,11.133333333333333,174.59523809523805,1.0,False,5.81984126984127
335,11.166666666666666,174.3904761904762,1.0,False,5.813015873015872
336,11.2,173.6095238095238,1.0,False,5.786984126984127
337,11.233333333333333,177.18095238095236,1.0,False,5.906031746031745
338,11.266666666666666,176.35238095238094,1.0,False,5.878412698412698
339,11.3,174.38095238095235,1.0,False,5.8126984126984125
340,11.333333333333334,171.37142857142857,1.0,False,5.712380952380952
341,11.366666666666667,173.2380952380952,1.0,False,5.7746031746031745
342,11.4,173.3380952380952,1.0,False,5.7779365079365075
343,11.433333333333334,173.4190476190476,1.0,False,5.78063492063492
344,11.466666666666669,172.91904761904763,0.9537037014961244,True,5.763968253968254
345,11.5,172.07619047619048,1.0,False,5.735873015873016
346,11.533333333333331,171.25714285714284,1.0,False,5.708571428571427
347,11.566666666666666,171.18571428571425,1.0,False,5.706190476190476
348,11.6,170.83571428571426,1.0,False,5.694523809523809
349,11.633333333333333,170.1,1.0,False,5.67
350,11.666666666666666,169.37857142857143,1.0,True,5.64595238095238
351,11.7,170.35714285714283,1.0,False,5.678571428571427
352,11.733333333333333,172.3833333333333,1.0,True,5.74611111111111
353,11.766666666666666,174.20952380952377,1.0,False,5.806984126984126
354,11.8,174.5333333333333,0.9814814726511636,True,5.817777777777777
355,11.833333333333334,174.04285714285714,1.0,False,5.801428571428571
356,11.866666666666667,174.0,1.0,False,5.8
357,11.9,174.22380952380954,1.0,True,5.8074603174603165
358,11.933333333333334,174.19047619047618,1.0,False,5.806349206349206
359,11.966666666666669,173.62380952380948,1.0,False,5.787460317460317
360,12.0,173.42857142857142,1.0,False,5.780952380952381
361,12.033333333333331,172.95238095238093,1.0,False,5.765079365079364
362,12.066666666666666,172.5142857142857,1.0,False,5.750476190476189
363,12.1,172.86666666666665,1.0,False,5.7622222222222215
364,12.133333333333333,173.84761904761902,1.0,False,5.794920634920635
365,12.166666666666666,173.1047619047619,1.0,False,5.770158730158729
366,12.2,172.58095238095237,1.0,False,5.752698412698412
367,12.233333333333333,173.31428571428572,1.0,False,5.777142857142858
368,12.266666666666666,174.73333333333332,1.0,True,5.8244444444444445
369,12.3,173.8952380952381,1.0,False,5.796507936507937
370,12.333333333333334,173.27619047619046,1.0,False,5.775873015873016
371,12.366666666666667,173.18095238095236,1.0,False,5.7726984126984116
372,12.4,174.1,0.9537037014961244,True,5.803333333333333
373,12.433333333333334,174.30476190476188,1.0,False,5.810158730158729
374,12.466666666666669,174.6142857142857,1.0,True,5.82047619047619
375,12.5,174.38095238095238,1.0,False,5.8126984126984125
376,12.533333333333331,173.9095238095238,1.0,False,5.7969841269841265
377,12.566666666666666,173.66666666666663,1.0,False,5.788888888888888
378,12.6,173.97142857142856,1.0,False,5.799047619047618
379,12.633333333333333,173.85714285714286,1.0,False,5.795238095238095
380,12.666666666666666,173.5047619047619,1.0,False,5.783492063492063
381,12.7,173.21904761904761,1.0,False,5.7739682539682535
382,12.733333333333333,173.53333333333333,1.0,False,5.784444444444444
383,12.766666666666666,173.82857142857142,1.0,False,5.794285714285714
384,12.8,173.58095238095234,1.0,False,5.786031746031745
385,12.833333333333334,172.69523809523807,1.0,False,5.756507936507936
386,12.866666666666667,172.64761904761903,1.0,False,5.7549206349206345
387,12.9,173.45238095238093,1.0,False,5.781746031746031
388,12.933333333333334,173.8857142857143,1.0,False,5.796190476190476
389,12.966666666666669,173.13809523809525,1.0,True,5.771269841269841
390,13.0,172.76190476190476,1.0,False,5.758730158730158
391,13.033333333333331,172.1285714285714,1.0,False,5.737619047619047
392,13.066666666666666,172.98095238095237,1.0,False,5.766031746031746
393,13.1,174.1142857142857,1.0,False,5.803809523809523
394,13.133333333333333,173.9047619047619,1.0,False,5.796825396825396
395,13.166666666666666,172.36190476190475,1.0,False,5.745396825396825
396,13.2,172.1809523809524,1.0,False,5.739365079365079
397,13.233333333333333,172.85714285714283,1.0,False,5.761904761904761
398,13.266666666666666,173.06666666666663,1.0,False,5.768888888888888
399,13.3,173.28095238095236,1.0,False,5.776031746031745
400,13.333333333333334,173.5333333333333,1.0,False,5.7844444444444445
401,13.366666666666667,173.5,1.0,True,5.783333333333332
402,13.4,173.58095238095234,1.0,False,5.786031746031745
403,13.433333333333334,173.2333333333333,1.0,True,5.774444444444444
404,13.466666666666669,173.28571428571425,1.0,False,5.776190476190475
405,13.5,174.5333333333333,1.0,False,5.817777777777777
406,13.533333333333331,174.89523809523806,1.0,False,5.829841269841269
407,13.566666666666666,173.2285714285714,1.0,False,5.774285714285714
408,13.6,171.7047619047619,1.0,False,5.723492063492063
409,13.633333333333333,173.29999999999998,1.0,False,5.776666666666666
410,13.666666666666666,175.17142857142855,1.0,False,5.839047619047619
411,13.7,175.07619047619045,0.9537037014961244,True,5.835873015873015
412,13.733333333333333,173.89523809523806,1.0,False,5.796507936507935
413,13.766666666666666,173.77142857142852,1.0,True,5.7923809523809515
414,13.8,173.89523809523808,1.0,False,5.796507936507935
415,13.833333333333334,173.6079365079365,0.9629629651705424,True,5.786931216931216
416,13.866666666666667,173.07301587301586,1.0,True,5.769100529100529
417,13.9,172.79999999999998,1.0,False,5.759999999999999
418,13.933333333333334,172.45714285714283,1.0,False,5.748571428571428
419,13.966666666666669,172.2,1.0,False,5.739999999999999
420,14.0,171.91428571428568,1.0,False,5.73047619047619
421,14.033333333333331,171.2952380952381,1.0,False,5.709841269841269
422,14.066666666666666,171.97142857142853,1.0,False,5.732380952380952
423,14.1,173.67619047619044,1.0,False,5.789206349206348
424,14.133333333333333,174.3238095238095,1.0,False,5.81079365079365
425,14.166666666666666,173.2380952380952,1.0,False,5.7746031746031745
426,14.2,172.88571428571427,1.0,False,5.7628571428571425
427,14.233333333333333,173.60952380952378,1.0,False,5.786984126984126
428,14.266666666666666,174.0285714285714,1.0,False,5.80095238095238
429,14.3,173.85714285714286,1.0,False,5.795238095238095
430,14.333333333333334,173.5047619047619,1.0,False,5.783492063492063
431,14.366666666666667,173.16190476190476,1.0,False,5.7720634920634915
432,14.4,173.67619047619047,1.0,False,5.789206349206349
433,14.433333333333334,174.32380952380953,1.0,False,5.810793650793651
434,14.466666666666669,174.72380952380954,0.9814814726511636,True,5.824126984126984
435,14.5,175.0095238095238,1.0,False,5.8336507936507935
436,14.533333333333331,174.56190476190474,1.0,False,5.818730158730158
437,14.566666666666666,174.19047619047618,1.0,False,5.806349206349205
438,14.6,173.84761904761905,1.0,False,5.794920634920635
439,14.633333333333333,174.0285714285714,0.9722222288449606,True,5.80095238095238
440,14.666666666666666,173.9523809523809,1.0,False,5.798412698412697
441,14.7,173.947619047619,1.0,False,5.7982539682539675
442,14.733333333333333,173.9238095238095,1.0,False,5.797460317460316
443,14.766666666666666,173.91904761904757,1.0,True,5.797301587301587
444,14.8,173.48571428571427,1.0,False,5.782857142857142
445,14.833333333333334,172.8047619047619,1.0,False,5.76015873015873
446,14.866666666666667,173.17142857142855,1.0,False,5.772380952380952
447,14.9,174.18095238095236,1.0,False,5.806031746031746
448,14.933333333333334,174.1285714285714,1.0,False,5.804285714285714
449,14.966666666666669,173.47619047619045,1.0,False,5.7825396825396815
450,15.0,173.4142857142857,1.0,True,5.78047619047619
451,15.033333333333331,173.75238095238092,1.0,False,5.7917460317460305
452,15.066666666666666,173.87142857142857,1.0,False,5.795714285714285
453,15.1,173.5809523809524,1.0,True,5.786031746031745
454,15.133333333333333,173.76190476190476,1.0,False,5.792063492063491
455,15.166666666666666,174.2380952380952,1.0,False,5.807936507936507
456,15.2,174.33333333333331,1.0,True,5.81111111111111
457,15.233333333333333,174.45714285714283,1.0,False,5.815238095238095
458,15.266666666666666,174.8190476190476,1.0,False,5.827301587301587
459,15.3,174.92380952380952,1.0,False,5.83079365079365
460,15.333333333333334,174.21904761904761,1.0,False,5.807301587301587
461,15.366666666666667,173.75238095238092,1.0,False,5.7917460317460305
462,15.4,173.33333333333331,1.0,False,5.777777777777777
463,15.433333333333334,172.94285714285712,1.0,False,5.7647619047619045
464,15.466666666666669,172.2190476190476,1.0,False,5.74063492063492
465,15.5,172.00952380952378,1.0,False,5.733650793650793
466,15.533333333333331,172.4238095238095,1.0,False,5.747460317460317
467,15.566666666666666,173.02857142857144,1.0,False,5.767619047619047
468,15.6,173.30952380952382,1.0,True,5.776984126984127
469,15.633333333333333,172.7904761904762,1.0,False,5.759682539682539
470,15.666666666666666,172.84285714285716,1.0,False,5.761428571428571
471,15.7,173.45714285714286,1.0,False,5.781904761904761
472,15.733333333333333,174.4190476190476,1.0,False,5.813968253968254
473,15.766666666666666,174.27619047619044,1.0,True,5.809206349206349
474,15.8,174.6190476190476,1.0,False,5.8206349206349195
475,15.833333333333334,174.9333333333333,1.0,False,5.8311111111111105
476,15.866666666666667,175.6,1.0,False,5.853333333333333
477,15.9,174.68095238095233,1.0,False,5.822698412698412
478,15.933333333333334,173.5238095238095,1.0,False,5.784126984126984
479,15.966666666666669,172.547619047619,1.0,True,5.751587301587301
480,16.0,173.0285714285714,1.0,False,5.767619047619047
481,16.03333333333333,173.31904761904758,0.9722222288449606,True,5.7773015873015865
482,16.066666666666666,173.72380952380948,1.0,False,5.79079365079365
483,16.1,173.8857142857143,1.0,False,5.796190476190476
484,16.133333333333333,173.6095238095238,1.0,True,5.786984126984127
485,16.166666666666668,173.59047619047618,1.0,False,5.786349206349206
486,16.2,174.16190476190474,1.0,False,5.805396825396825
487,16.233333333333334,175.1285714285714,0.9722222288449606,True,5.8376190476190475
488,16.266666666666666,175.46666666666667,1.0,False,5.84888888888889
489,16.3,175.25238095238095,1.0,True,5.841746031746032
490,16.333333333333332,174.66666666666666,1.0,False,5.822222222222222
491,16.366666666666667,174.34761904761902,1.0,False,5.811587301587301
492,16.4,174.27619047619046,1.0,False,5.809206349206349
493,16.433333333333334,174.89523809523808,1.0,False,5.829841269841269
494,16.466666666666665,175.77142857142854,1.0,False,5.859047619047618
495,16.5,176.36190476190473,1.0,False,5.878730158730158
496,16.53333333333333,173.90476190476187,1.0,True,5.796825396825396
497,16.566666666666666,182.16190476190474,1.0,False,6.072063492063491
498,16.6,203.59999999999997,0.9722222288449606,False,6.786666666666665
499,16.633333333333333,218.2142857142857,0.9803921580314636,False,7.273809523809523
500,16.666666666666668,210.07619047619048,0.9814814726511636,False,7.002539682539682
501,16.7,189.43333333333334,1.0,True,6.314444444444443
502,16.733333333333334,177.3190476190476,1.0,False,5.910634920634919
503,16.766666666666666,173.44285714285712,1.0,False,5.78142857142857
504,16.8,175.2238095238095,1.0,True,5.84079365079365
505,16.833333333333332,175.39047619047616,1.0,False,5.846349206349205
506,16.866666666666667,175.09047619047615,1.0,False,5.8363492063492055
507,16.9,174.6047619047619,1.0,False,5.820158730158729
508,16.933333333333334,174.2190476190476,1.0,False,5.807301587301587
509,16.966666666666665,174.0238095238095,1.0,True,5.80079365079365
510,17.0,174.39999999999998,1.0,False,5.8133333333333335
511,17.03333333333333,175.59523809523807,1.0,False,5.853174603174603
512,17.066666666666666,175.69047619047615,1.0,False,5.856349206349205
513,17.1,174.68571428571428,1.0,False,5.822857142857143
514,17.133333333333333,173.98095238095235,1.0,True,5.799365079365079
515,17.166666666666668,174.27619047619044,1.0,False,5.809206349206349
516,17.2,173.98095238095235,0.9809523820877076,True,5.799365079365079
517,17.233333333333334,174.65714285714284,1.0,False,5.8219047619047615
518,17.266666666666666,175.6190476190476,1.0,False,5.853968253968254
519,17.3,176.3142857142857,1.0,False,5.877142857142857
520,17.333333333333332,176.36666666666665,1.0,True,5.878888888888888
521,17.366666666666667,175.50476190476186,1.0,False,5.8501587301587294
522,17.4,174.76666666666662,1.0,False,5.825555555555554
523,17.433333333333334,174.14285714285714,1.0,False,5.804761904761904
524,17.466666666666665,175.0333333333333,1.0,False,5.834444444444443
525,17.5,175.12380952380948,1.0,False,5.837460317460317
526,17.53333333333333,174.6333333333333,1.0,True,5.821111111111111
527,17.566666666666666,175.2,1.0,False,5.84
528,17.6,176.10952380952378,1.0,False,5.87031746031746
529,17.633333333333333,177.70476190476188,1.0,False,5.923492063492062
530,17.666666666666668,177.7238095238095,1.0,False,5.924126984126983
531,17.7,177.64761904761903,1.0,True,5.9215873015873015
532,17.733333333333334,175.79999999999998,1.0,False,5.86
533,17.766666666666666,175.00952380952378,1.0,False,5.833650793650793
534,17.8,175.75238095238092,1.0,False,5.858412698412698
535,17.833333333333332,176.9333333333333,1.0,False,5.897777777777778
536,17.866666666666667,177.22857142857143,1.0,True,5.907619047619048
537,17.9,176.4380952380952,1.0,False,5.881269841269841
538,17.933333333333334,175.9523809523809,1.0,False,5.865079365079365
539,17.966666666666665,175.88571428571427,1.0,False,5.862857142857143
540,18.0,176.40476190476187,0.9722222288449606,True,5.880158730158731
541,18.03333333333333,176.52380952380952,1.0,False,5.884126984126984
542,18.066666666666663,176.2238095238095,1.0,True,5.874126984126983
543,18.1,175.68095238095236,1.0,False,5.856031746031745
544,18.133333333333333,175.34761904761902,1.0,False,5.8449206349206335
545,18.166666666666668,175.16666666666666,0.9722222288449606,True,5.838888888888888
546,18.2,174.9142857142857,1.0,False,5.8304761904761895
547,18.233333333333334,174.85238095238094,1.0,False,5.828412698412698
548,18.266666666666666,174.82857142857142,1.0,False,5.827619047619048
549,18.3,174.43809523809523,1.0,True,5.814603174603174
550,18.333333333333332,175.30476190476188,1.0,False,5.8434920634920635
551,18.366666666666667,174.84761904761905,1.0,False,5.828253968253968
552,18.4,181.38095238095235,1.0,False,6.046031746031746
553,18.433333333333337,182.64761904761903,0.9809523820877076,False,6.088253968253968
554,18.466666666666665,180.68095238095236,1.0,False,6.022698412698412
555,18.5,174.43809523809523,1.0,False,5.814603174603174
556,18.53333333333333,175.91904761904757,1.0,True,5.863968253968253
557,18.566666666666663,175.77142857142854,1.0,False,5.859047619047618
558,18.6,174.92857142857142,1.0,False,5.83095238095238
559,18.633333333333333,174.90476190476187,1.0,False,5.830158730158729
560,18.666666666666668,175.99047619047616,1.0,False,5.866349206349206
561,18.7,176.35238095238094,1.0,False,5.878412698412697
562,18.733333333333334,175.32857142857142,1.0,False,5.844285714285713
563,18.766666666666666,174.69523809523807,1.0,False,5.823174603174603
564,18.8,175.2238095238095,1.0,True,5.84079365079365
565,18.833333333333332,175.15238095238092,1.0,False,5.838412698412698
566,18.866666666666667,175.5952380952381,1.0,False,5.853174603174603
567,18.9,175.66666666666669,1.0,False,5.855555555555555
568,18.933333333333337,175.96190476190475,1.0,False,5.865396825396825
569,18.966666666666665,175.88571428571427,1.0,True,5.862857142857142
570,19.0,176.56666666666663,1.0,False,5.8855555555555545
571,19.03333333333333,176.69523809523807,1.0,False,5.889841269841269
572,19.066666666666663,176.55714285714285,1.0,True,5.885238095238094
573,19.1,176.27619047619044,1.0,False,5.875873015873014
574,19.133333333333333,175.39523809523808,1.0,False,5.846507936507936
575,19.166666666666668,175.49523809523808,1.0,False,5.849841269841269
576,19.2,175.69523809523807,1.0,False,5.856507936507936
577,19.233333333333334,175.9047619047619,1.0,False,5.863492063492063
578,19.266666666666666,175.5809523809524,1.0,True,5.852698412698413
579,19.3,175.82857142857142,1.0,False,5.860952380952381
580,19.333333333333332,175.98095238095235,1.0,False,5.866031746031746
581,19.366666666666667,175.51428571428568,1.0,False,5.85047619047619
582,19.4,175.03809523809522,1.0,False,5.834603174603174
583,19.433333333333337,175.08571428571426,1.0,False,5.836190476190476
584,19.466666666666665,175.75714285714284,1.0,False,5.8585714285714285
585,19.5,175.6952380952381,1.0,False,5.856507936507936
586,19.53333333333333,174.8047619047619,0.9722222288449606,True,5.826825396825396
587,19.566666666666663,174.05714285714288,1.0,False,5.801904761904762
588,19.6,173.87142857142857,1.0,False,5.795714285714285
589,19.633333333333333,175.7142857142857,1.0,False,5.857142857142857
590,19.666666666666668,177.8952380952381,1.0,False,5.929841269841269
591,19.7,178.2761904761905,1.0,False,5.942539682539683
592,19.733333333333334,176.5619047619047,1.0,False,5.885396825396825
593,19.766666666666666,175.98095238095235,1.0,False,5.866031746031745
594,19.8,176.3238095238095,1.0,False,5.877460317460317
595,19.833333333333332,175.6,1.0,False,5.853333333333333
596,19.866666666666667,175.5047619047619,1.0,False,5.8501587301587294
597,19.9,175.8285714285714,1.0,False,5.86095238095238
598,19.933333333333337,176.23809523809524,1.0,False,5.874603174603175
599,19.966666666666665,175.52380952380952,0.9629629651705424,True,5.850793650793651
600,20.0,175.75238095238092,1.0,False,5.858412698412698
601,20.03333333333333,175.88571428571424,1.0,False,5.862857142857142
602,20.066666666666663,176.17142857142855,1.0,False,5.872380952380952
603,20.1,176.07619047619048,1.0,False,5.869206349206349
604,20.133333333333333,175.86666666666667,1.0,False,5.862222222222222
605,20.166666666666668,175.63809523809525,1.0,False,5.854603174603175
606,20.2,175.55238095238093,1.0,False,5.851746031746031
607,20.233333333333334,175.50476190476186,1.0,False,5.8501587301587294
608,20.266666666666666,175.58095238095237,1.0,False,5.852698412698412
609,20.3,175.50952380952378,1.0,False,5.850317460317459
610,20.333333333333332,175.6190476190476,1.0,False,5.853968253968253
611,20.366666666666667,176.64285714285714,1.0,True,5.888095238095238
612,20.4,176.9523809523809,1.0,False,5.898412698412697
613,20.433333333333337,176.16666666666663,1.0,False,5.872222222222221
614,20.466666666666665,175.75238095238095,1.0,False,5.858412698412699
615,20.5,177.05714285714285,1.0,False,5.9019047619047615
616,20.53333333333333,177.42857142857142,1.0,False,5.914285714285714
617,20.566666666666663,176.847619047619,1.0,False,5.894920634920633
618,20.6,176.07619047619045,1.0,False,5.869206349206348
619,20.633333333333333,176.73333333333332,1.0,False,5.89111111111111
620,20.666666666666668,177.09523809523805,1.0,False,5.903174603174603
621,20.7,177.57142857142856,1.0,False,5.919047619047618
622,20.733333333333334,176.9523809523809,1.0,False,5.898412698412698
623,20.766666666666666,177.17619047619044,1.0,False,5.905873015873015
624,20.8,177.42857142857142,1.0,False,5.914285714285713
625,20.833333333333332,178.0333333333333,1.0,True,5.934444444444443
626,20.866666666666667,177.55238095238096,1.0,False,5.918412698412698
627,20.9,176.98571428571427,1.0,False,5.899523809523809
628,20.933333333333337,176.89523809523808,1.0,False,5.896507936507936
629,20.966666666666665,177.60952380952378,1.0,False,5.9203174603174595
630,21.0,178.24761904761905,1.0,False,5.941587301587301
631,21.03333333333333,177.29523809523806,1.0,False,5.9098412698412695
632,21.066666666666663,176.38095238095235,1.0,False,5.879365079365078
633,21.1,176.2380952380952,1.0,False,5.874603174603173
634,21.133333333333333,176.69523809523807,1.0,False,5.889841269841269
635,21.166666666666668,176.8095238095238,1.0,False,5.893650793650793
636,21.2,177.23333333333332,1.0,False,5.907777777777778
637,21.233333333333334,177.66666666666663,1.0,False,5.922222222222222
638,21.266666666666666,177.86190476190473,1.0,True,5.928730158730158
639,21.3,177.97142857142853,1.0,False,5.932380952380952
640,21.333333333333332,178.01428571428568,1.0,False,5.933809523809523
641,21.366666666666667,178.1142857142857,1.0,True,5.937142857142857
642,21.4,177.59999999999997,1.0,False,5.92
643,21.433333333333337,177.2952380952381,1.0,False,5.9098412698412695
644,21.466666666666665,176.59047619047615,1.0,False,5.886349206349206
645,21.5,176.79999999999998,1.0,False,5.8933333333333335
646,21.53333333333333,176.67619047619044,1.0,False,5.88920634920635
647,21.566666666666663,177.03809523809522,1.0,False,5.9012698412698406
648,21.6,176.88571428571424,1.0,False,5.896190476190474
649,21.633333333333333,176.9428571428571,1.0,False,5.8980952380952365
650,21.666666666666668,176.69523809523807,1.0,False,5.889841269841269
651,21.7,176.66666666666666,1.0,False,5.888888888888888
652,21.733333333333334,177.73333333333332,1.0,False,5.924444444444444
653,21.766666666666666,178.37142857142854,1.0,False,5.945714285714285
654,21.8,177.36190476190473,1.0,False,5.912063492063492
655,21.833333333333332,175.77619047619046,1.0,False,5.859206349206348
656,21.866666666666667,175.4380952380952,1.0,False,5.847936507936508
657,21.9,175.74761904761903,1.0,True,5.858253968253967
658,21.933333333333337,176.37142857142854,1.0,False,5.879047619047619
659,21.966666666666665,176.86190476190475,1.0,False,5.895396825396825
660,22.0,176.80952380952377,1.0,False,5.893650793650792
661,22.03333333333333,176.61904761904756,1.0,False,5.887301587301586
662,22.066666666666663,176.59999999999997,1.0,False,5.886666666666666
663,22.1,176.19999999999996,1.0,False,5.873333333333333
664,22.133333333333333,175.21904761904761,1.0,False,5.84063492063492
665,22.166666666666668,174.8095238095238,1.0,False,5.826984126984127
666,22.2,174.8857142857143,1.0,False,5.82952380952381
667,22.233333333333334,176.0095238095238,1.0,False,5.866984126984127
668,22.266666666666666,176.84761904761905,1.0,False,5.894920634920635
669,22.3,176.8095238095238,1.0,False,5.893650793650793
670,22.333333333333332,176.11428571428567,1.0,False,5.87047619047619
671,22.366666666666667,175.88571428571427,1.0,True,5.862857142857143
672,22.4,176.34285714285713,1.0,False,5.878095238095238
673,22.433333333333337,175.86666666666667,1.0,False,5.862222222222222
674,22.466666666666665,175.75238095238095,1.0,False,5.858412698412699
675,22.5,174.88571428571427,1.0,False,5.82952380952381
676,22.53333333333333,174.79999999999998,1.0,False,5.826666666666666
677,22.566666666666663,174.88571428571427,1.0,False,5.829523809523809
678,22.6,175.6285714285714,1.0,False,5.854285714285714
679,22.633333333333333,175.647619047619,1.0,False,5.854920634920634
680,22.666666666666668,175.66666666666663,1.0,False,5.855555555555555
681,22.7,175.6,1.0,False,5.853333333333333
682,22.733333333333334,176.04761904761904,1.0,False,5.868253968253968
683,22.766666666666666,176.76190476190476,1.0,False,5.8920634920634924
684,22.8,177.50476190476192,0.9629629651705424,True,5.916825396825397
685,22.833333333333332,177.34761904761908,1.0,True,5.911587301587302
686,22.866666666666667,177.3047619047619,1.0,False,5.91015873015873
687,22.9,177.16666666666663,1.0,True,5.905555555555554
688,22.933333333333337,177.02857142857138,1.0,False,5.900952380952379
689,22.966666666666665,176.8428571428571,0.9722222288449606,True,5.8947619047619035
690,23.0,177.45714285714283,1.0,False,5.915238095238094
691,23.03333333333333,178.18095238095236,1.0,False,5.939365079365079
692,23.066666666666663,178.56190476190477,0.9722222288449606,True,5.952063492063492
693,23.1,177.85714285714283,1.0,False,5.928571428571429
694,23.133333333333333,176.88571428571424,1.0,False,5.896190476190474
695,23.166666666666668,176.90476190476187,1.0,False,5.896825396825396
696,23.2,177.86190476190475,1.0,False,5.928730158730159
697,23.233333333333334,178.72380952380954,1.0,False,5.957460317460318
698,23.266666666666666,178.5857142857143,1.0,True,5.952857142857141
699,23.3,178.27619047619044,1.0,False,5.942539682539681
700,23.333333333333332,177.56666666666666,1.0,False,5.918888888888888
701,23.366666666666667,176.83809523809524,1.0,False,5.894603174603174
702,23.4,176.63809523809522,1.0,False,5.887936507936507
703,23.433333333333337,176.92857142857142,1.0,True,5.897619047619047
704,23.466666666666665,177.4190476190476,1.0,False,5.913968253968254
705,23.5,178.19523809523807,0.9629629651705424,True,5.939841269841269
706,23.53333333333333,178.8571428571428,1.0,False,5.961904761904761
707,23.566666666666663,179.07142857142853,1.0,True,5.969047619047617
708,23.6,178.99999999999994,1.0,True,5.966666666666666
709,23.633333333333333,178.8571428571428,1.0,True,5.961904761904761
710,23.666666666666668,179.59999999999994,1.0,False,5.9866666666666655
711,23.7,179.89523809523806,1.0,False,5.9965079365079355
712,23.733333333333334,178.78095238095233,0.9629629651705424,True,5.959365079365079
713,23.766666666666666,177.06666666666663,1.0,False,5.902222222222222
714,23.8,176.78571428571428,1.0,False,5.892857142857143
715,23.833333333333332,177.36190476190475,1.0,False,5.912063492063492
716,23.866666666666667,177.80476190476193,0.9714285731315612,True,5.926825396825397
717,23.9,176.7047619047619,1.0,False,5.89015873015873
718,23.933333333333337,185.7285714285714,1.0,False,6.190952380952381
719,23.966666666666665,188.77142857142854,0.9722222288449606,False,6.2923809523809515
720,24.0,185.91428571428568,1.0,False,6.197142857142856
721,24.03333333333333,177.14285714285708,1.0,False,5.904761904761903
722,24.066666666666663,178.49047619047616,1.0,False,5.949682539682539
723,24.1,177.88571428571427,1.0,False,5.9295238095238085
724,24.133333333333333,177.10952380952378,1.0,True,5.903650793650793
725,24.166666666666668,176.57619047619045,1.0,False,5.885873015873015
726,24.2,176.48095238095235,1.0,False,5.882698412698412
727,24.233333333333334,176.44285714285712,1.0,True,5.881428571428571
728,24.266666666666666,176.64761904761903,1.0,False,5.888253968253967
729,24.3,177.00476190476186,1.0,False,5.900158730158729
730,24.333333333333332,177.1142857142857,1.0,False,5.903809523809523
731,24.366666666666667,176.5238095238095,1.0,False,5.884126984126983
732,24.4,176.76190476190473,1.0,False,5.892063492063491
733,24.433333333333337,177.12380952380948,1.0,False,5.904126984126983
734,24.466666666666665,177.76190476190476,1.0,False,5.925396825396825
735,24.5,178.1428571428571,1.0,False,5.938095238095237
736,24.53333333333333,178.64761904761903,1.0,False,5.954920634920634
737,24.566666666666663,178.5936507936508,1.0,True,5.953121693121693
738,24.6,178.32063492063492,0.9722222288449606,True,5.944021164021163
739,24.633333333333333,179.06666666666666,1.0,False,5.968888888888888
740,24.666666666666668,178.0285714285714,1.0,False,5.934285714285714
741,24.7,176.99047619047616,1.0,False,5.89968253968254
742,24.733333333333334,176.84761904761905,1.0,False,5.894920634920635
743,24.766666666666666,177.8190476190476,1.0,False,5.927301587301588
744,24.8,177.1809523809524,1.0,False,5.906031746031745
745,24.833333333333332,176.52380952380952,1.0,False,5.884126984126984
746,24.866666666666667,176.66666666666666,1.0,True,5.888888888888888
747,24.9,176.55238095238096,1.0,True,5.885079365079364
748,24.933333333333337,177.06666666666663,1.0,False,5.902222222222221
749,24.966666666666665,177.42857142857142,1.0,False,5.914285714285715
750,25.0,177.76190476190476,1.0,False,5.925396825396826
751,25.03333333333333,177.82857142857142,1.0,False,5.927619047619047
752,25.066666666666663,178.3904761904762,1.0,False,5.946349206349206
753,25.1,178.60952380952384,1.0,False,5.953650793650794
754,25.133333333333333,178.6095238095238,1.0,True,5.953650793650793
755,25.166666666666668,178.90952380952382,1.0,False,5.963650793650793
756,25.2,179.43809523809523,1.0,False,5.9812698412698415
757,25.233333333333334,180.03333333333333,1.0,True,6.001111111111112
758,25.266666666666666,179.79999999999998,1.0,False,5.993333333333333
759,25.3,178.48809523809524,1.0,False,5.949603174603174
760,25.333333333333332,177.10952380952384,1.0,False,5.903650793650793
761,25.366666666666667,176.7238095238095,1.0,True,5.8907936507936505
762,25.4,177.16666666666666,0.990740736325582,True,5.905555555555554
763,25.433333333333337,177.45238095238096,1.0,True,5.915079365079364
764,25.466666666666665,177.59523809523807,1.0,False,5.919841269841269
765,25.5,177.54999999999998,1.0,True,5.918333333333332
766,25.53333333333333,177.3190476190476,1.0,False,5.91063492063492
767,25.566666666666663,176.98571428571427,1.0,False,5.899523809523808
768,25.6,176.4142857142857,1.0,True,5.880476190476189
769,25.633333333333333,176.1142857142857,1.0,False,5.87047619047619
770,25.666666666666668,176.96666666666667,1.0,False,5.898888888888889
771,25.7,177.7047619047619,1.0,False,5.923492063492064
772,25.733333333333334,177.61904761904762,1.0,False,5.920634920634921
773,25.766666666666666,177.70476190476188,1.0,False,5.923492063492064
774,25.8,177.83809523809524,1.0,False,5.927936507936508
775,25.833333333333332,178.36190476190473,1.0,False,5.945396825396824
776,25.866666666666667,178.04285714285712,1.0,False,5.9347619047619045
777,25.9,177.87619047619046,1.0,False,5.929206349206349
778,25.933333333333337,176.93809523809523,0.9629629651705424,True,5.8979365079365085
779,25.966666666666665,177.2857142857143,1.0,False,5.90952380952381
780,26.0,177.71904761904761,1.0,False,5.923968253968253
781,26.03333333333333,178.10476190476186,1.0,False,5.936825396825396
782,26.066666666666663,178.10158730158727,1.0,True,5.936719576719576
783,26.1,178.34603174603174,1.0,True,5.944867724867725
784,26.133333333333333,178.02857142857147,1.0,False,5.934285714285715
785,26.166666666666668,177.15238095238095,1.0,False,5.905079365079366
786,26.2,176.44761904761899,1.0,False,5.8815873015873015
787,26.233333333333334,176.49523809523805,1.0,True,5.883174603174602
788,26.266666666666666,177.37142857142854,1.0,False,5.912380952380951
789,26.3,177.84761904761902,1.0,False,5.928253968253967
790,26.333333333333332,177.3047619047619,1.0,False,5.91015873015873
791,26.366666666666667,177.10476190476186,1.0,False,5.903492063492063
792,26.4,176.91428571428568,1.0,False,5.897142857142856
793,26.433333333333337,176.65714285714282,1.0,False,5.888571428571428
794,26.466666666666665,176.92380952380952,1.0,False,5.897460317460317
795,26.5,177.88095238095238,1.0,False,5.929365079365079
796,26.53333333333333,178.23809523809524,1.0,False,5.941269841269841
797,26.566666666666663,178.67142857142855,0.9904761910438538,True,5.955714285714285
798,26.6,178.04761904761904,1.0,False,5.934920634920634
799,26.633333333333333,178.34761904761902,1.0,False,5.944920634920634
800,26.666666666666668,179.29523809523806,1.0,False,5.976507936507936
801,26.7,179.95714285714283,1.0,False,5.998571428571428
802,26.733333333333334,178.6,1.0,False,5.953333333333333
803,26.766666666666666,178.64285714285714,0.9814814726511636,True,5.954761904761905
804,26.8,179.56190476190477,1.0,False,5.985396825396826
805,26.833333333333332,179.94126984126984,0.9722222288449606,True,5.998042328042328
806,26.866666666666667,180.27301587301585,1.0,True,6.009100529100528
807,26.9,179.95238095238093,1.0,False,5.9984126984126975
808,26.933333333333337,178.84285714285713,1.0,False,5.96142857142857
809,26.966666666666665,177.8095238095238,1.0,False,5.926984126984126
810,27.0,177.77619047619044,1.0,True,5.925873015873015
811,27.03333333333333,177.85714285714283,1.0,False,5.928571428571427
812,27.066666666666663,177.88095238095235,1.0,False,5.929365079365079
813,27.1,177.79999999999998,1.0,False,5.926666666666666
814,27.133333333333333,177.75238095238092,1.0,False,5.925079365079364
815,27.166666666666668,177.75238095238092,1.0,False,5.925079365079364
816,27.2,177.8285714285714,1.0,False,5.9276190476190465
817,27.233333333333334,177.78095238095236,1.0,False,5.926031746031745
818,27.266666666666666,177.65714285714284,1.0,True,5.921904761904761
819,27.3,177.6285714285714,1.0,False,5.92095238095238
820,27.333333333333332,177.46349206349205,0.9722222288449606,True,5.915449735449735
821,27.366666666666667,177.20317460317457,0.9722222288449606,True,5.906772486772486
822,27.4,177.0380952380952,1.0,False,5.9012698412698406
823,27.433333333333337,176.98095238095235,1.0,False,5.8993650793650785
824,27.466666666666665,176.98571428571427,1.0,True,5.899523809523809
825,27.5,177.02857142857144,1.0,False,5.900952380952382
826,27.53333333333333,177.15238095238095,1.0,True,5.905079365079366
827,27.566666666666663,177.33333333333331,1.0,False,5.911111111111111
828,27.6,177.5142857142857,1.0,True,5.9171428571428555
829,27.633333333333333,177.7238095238095,1.0,False,5.924126984126983
830,27.666666666666668,177.26666666666665,1.0,False,5.908888888888888
831,27.7,177.2380952380952,1.0,False,5.9079365079365065
832,27.733333333333334,178.5285714285714,0.9722222288449606,True,5.95095238095238
833,27.766666666666666,179.70476190476188,1.0,False,5.990158730158728
834,27.8,177.01428571428568,1.0,False,5.900476190476189
835,27.833333333333332,185.69523809523807,1.0,False,6.189841269841269
836,27.866666666666667,199.89523809523806,0.990740736325582,False,6.6631746031746015
837,27.9,210.2619047619047,0.9629629651705424,False,7.008730158730158
838,27.933333333333337,208.1428571428571,0.9722222288449606,False,6.938095238095237
839,27.966666666666665,207.55142857142857,1.0,True,6.918380952380953
840,28.0,206.9257142857143,0.9722222288449606,False,6.89752380952381
841,28.03333333333333,206.10380952380956,0.9814814726511636,True,6.870126984126985
842,28.066666666666663,205.13333333333335,1.0,True,6.837777777777778
843,28.1,204.20000000000002,1.0,True,6.806666666666667
844,28.133333333333333,205.04380952380956,1.0,True,6.83479365079365
845,28.166666666666668,197.29333333333332,0.9629629651705424,False,6.576444444444444
846,28.2,184.9580952380952,1.0,False,6.165269841269841
847,28.233333333333334,175.86190476190473,1.0,False,5.862063492063491
848,28.266666666666666,176.67619047619047,1.0,False,5.88920634920635
849,28.3,176.9952380952381,1.0,True,5.8998412698412706
850,28.333333333333332,177.94285714285715,1.0,False,5.9314285714285715
851,28.366666666666667,178.81428571428572,1.0,False,5.960476190476191
852,28.4,178.9047619047619,1.0,False,5.963492063492064
853,28.433333333333337,177.99999999999997,1.0,False,5.933333333333333
854,28.466666666666665,178.27619047619044,0.9629629651705424,True,5.942539682539682
855,28.5,178.72380952380945,0.9722222288449606,True,5.957460317460316
856,28.53333333333333,178.88571428571424,1.0,False,5.962857142857142
857,28.566666666666663,178.6952380952381,1.0,False,5.956507936507936
858,28.6,178.3904761904762,1.0,False,5.946349206349207
859,28.633333333333333,178.19047619047618,1.0,True,5.939682539682539
860,28.666666666666668,178.90476190476187,1.0,False,5.963492063492063
861,28.7,178.53809523809525,1.0,False,5.951269841269841
862,28.733333333333334,178.00000000000003,1.0,False,5.9333333333333345
863,28.766666666666666,175.5095238095238,0.9714285731315612,True,5.850317460317461
864,28.8,186.27619047619046,1.0,False,6.209206349206348
865,28.833333333333332,201.88095238095238,0.9814814726511636,False,6.7293650793650786
866,28.866666666666667,210.13333333333333,0.9629629651705424,False,7.004444444444444
867,28.9,195.94285714285715,0.9722222288449606,False,6.531428571428571
868,28.933333333333337,182.11428571428567,1.0,False,6.07047619047619
869,28.966666666666665,175.88095238095235,1.0,True,5.862698412698412
870,29.0,177.53333333333333,1.0,False,5.917777777777777
871,29.03333333333333,178.10952380952378,0.9607843160629272,True,5.936984126984126
872,29.066666666666663,178.91428571428568,1.0,False,5.963809523809522
873,29.1,179.4333333333333,0.9629629651705424,True,5.981111111111111
874,29.133333333333333,179.55238095238093,1.0,False,5.985079365079366
875,29.166666666666668,179.30476190476188,1.0,True,5.976825396825396
876,29.2,179.17142857142852,1.0,False,5.972380952380952
877,29.233333333333334,179.8380952380952,1.0,False,5.994603174603174
878,29.266666666666666,179.59047619047618,1.0,False,5.986349206349206
879,29.3,178.77142857142857,1.0,False,5.9590476190476185
880,29.333333333333332,177.96190476190478,1.0,False,5.9320634920634925
881,29.366666666666667,178.1142857142857,1.0,False,5.937142857142857
882,29.4,177.91428571428568,1.0,True,5.93047619047619
883,29.433333333333337,178.1142857142857,1.0,False,5.937142857142857
884,29.466666666666665,178.66666666666666,1.0,False,5.955555555555555
885,29.5,179.21904761904761,1.0,False,5.973968253968254
886,29.53333333333333,179.33333333333334,0.9722222288449606,True,5.977777777777778
887,29.566666666666663,179.50476190476192,1.0,False,5.983492063492063
888,29.6,178.22857142857143,1.0,False,5.94095238095238
889,29.633333333333333,185.65714285714284,1.0,False,6.188571428571429
890,29.666666666666668,192.26666666666668,1.0,False,6.408888888888889
891,29.7,190.96190476190475,1.0,True,6.365396825396825
892,29.733333333333334,181.6285714285714,1.0,False,6.054285714285713
893,29.766666666666666,178.6095238095238,1.0,False,5.9536507936507945
894,29.8,178.64761904761906,1.0,False,5.954920634920635
895,29.833333333333332,178.21904761904761,1.0,True,5.9406349206349205
896,29.866666666666667,178.33333333333331,1.0,False,5.944444444444444
897,29.9,178.33333333333331,1.0,True,5.944444444444444
898,29.933333333333337,178.2761904761905,1.0,True,5.942539682539683
899,29.966666666666665,178.2761904761905,1.0,False,5.942539682539683
900,30.0,179.65714285714284,1.0,False,5.988571428571428
901,30.03333333333333,180.59523809523807,1.0,False,6.019841269841269
902,30.066666666666663,180.68571428571428,1.0,False,6.022857142857142
903,30.1,180.0380952380952,0.990740736325582,True,6.00126984126984
904,30.133333333333333,180.27619047619044,1.0,False,6.009206349206347
905,30.166666666666668,180.2380952380952,1.0,True,6.007936507936506
906,30.2,179.79999999999998,1.0,False,5.993333333333332
907,30.233333333333334,179.8047619047619,1.0,False,5.993492063492063
908,30.266666666666666,179.3714285714286,1.0,False,5.979047619047619
909,30.3,178.64761904761906,1.0,False,5.954920634920635
910,30.333333333333332,178.17142857142858,1.0,False,5.939047619047619
911,30.366666666666667,178.79999999999998,1.0,False,5.959999999999999
912,30.4,179.33333333333331,1.0,False,5.977777777777777
913,30.433333333333337,179.4190476190476,1.0,False,5.9806349206349205
914,30.466666666666665,179.17619047619044,1.0,False,5.972539682539682
915,30.5,178.8095238095238,1.0,False,5.96031746031746
916,30.53333333333333,178.44285714285712,1.0,True,5.948095238095236
917,30.566666666666663,178.44761904761904,1.0,False,5.948253968253968
918,30.6,177.8047619047619,1.0,False,5.9268253968253966
919,30.633333333333333,178.5047619047619,1.0,False,5.95015873015873
920,30.666666666666668,178.90476190476187,1.0,False,5.963492063492063
921,30.7,179.83809523809524,1.0,False,5.994603174603173
922,30.733333333333334,179.6761904761905,1.0,False,5.989206349206349
923,30.766666666666666,179.72380952380954,1.0,False,5.990793650793651
924,30.8,178.86666666666667,1.0,False,5.962222222222222
925,30.833333333333332,178.46666666666667,0.9629629651705424,True,5.948888888888888
926,30.866666666666667,179.06666666666666,1.0,False,5.9688888888888885
927,30.9,179.6,1.0,False,5.986666666666666
928,30.933333333333337,179.30476190476188,1.0,False,5.976825396825396
929,30.966666666666665,178.07142857142856,1.0,False,5.935714285714285
930,31.0,177.89523809523806,1.0,False,5.929841269841269
931,31.03333333333333,178.62380952380946,1.0,True,5.954126984126983
932,31.066666666666663,182.1523809523809,1.0,False,6.071746031746031
933,31.1,184.85238095238088,0.990740736325582,False,6.1617460317460315
934,31.133333333333333,185.047619047619,0.9351851940155028,True,6.1682539682539685
935,31.166666666666668,181.82857142857142,1.0,True,6.060952380952382
936,31.2,179.9809523809524,1.0,False,5.999365079365079
937,31.233333333333334,179.24761904761905,1.0,False,5.974920634920635
938,31.266666666666666,179.23333333333332,1.0,False,5.974444444444444
939,31.3,179.05714285714282,1.0,False,5.968571428571428
940,31.333333333333332,178.86190476190473,1.0,True,5.962063492063491
941,31.366666666666667,178.18095238095233,1.0,False,5.9393650793650785
942,31.4,179.38571428571427,1.0,False,5.979523809523808
943,31.433333333333337,180.3142857142857,1.0,False,6.01047619047619
944,31.466666666666665,180.58095238095237,1.0,False,6.019365079365079
945,31.5,179.5238095238095,1.0,False,5.984126984126983
946,31.53333333333333,179.9428571428571,0.990740736325582,True,5.998095238095236
947,31.566666666666663,180.73333333333332,1.0,False,6.024444444444444
948,31.6,180.14285714285714,1.0,False,6.004761904761904
949,31.633333333333333,178.09523809523807,1.0,False,5.936507936507937
950,31.666666666666668,176.11428571428567,1.0,False,5.8704761904761895
951,31.7,176.98095238095237,1.0,False,5.8993650793650785
952,31.733333333333334,178.34285714285713,1.0,False,5.944761904761904
953,31.766666666666666,179.03809523809522,1.0,False,5.967936507936507
954,31.8,178.8428571428571,1.0,False,5.96142857142857
955,31.833333333333332,179.11428571428567,1.0,False,5.970476190476189
956,31.866666666666667,179.6142857142857,0.990740736325582,True,5.987142857142856
957,31.9,179.42857142857142,1.0,False,5.98095238095238
958,31.933333333333337,179.52380952380952,1.0,False,5.984126984126983
959,31.966666666666665,179.70476190476188,1.0,False,5.990158730158728
960,32.0,179.91904761904757,0.9629629651705424,True,5.997301587301586
961,32.03333333333333,179.84761904761905,1.0,False,5.994920634920635
962,32.06666666666666,178.92857142857142,1.0,False,5.9642857142857135
963,32.1,177.99999999999997,1.0,False,5.933333333333333
964,32.13333333333333,177.71428571428567,1.0,True,5.923809523809522
965,32.166666666666664,178.88571428571422,1.0,False,5.962857142857142
966,32.2,179.5333333333333,0.9722222288449606,True,5.984444444444445
967,32.233333333333334,179.2095238095238,1.0,False,5.973650793650793
968,32.266666666666666,178.93333333333328,1.0,False,5.964444444444443
969,32.3,178.49999999999997,1.0,False,5.949999999999999
970,32.333333333333336,178.64761904761906,1.0,False,5.954920634920635
971,32.36666666666667,178.80476190476193,0.9904761910438538,True,5.960158730158731
972,32.4,179.23333333333335,1.0,False,5.974444444444444
973,32.43333333333333,178.98571428571424,1.0,False,5.966190476190475
974,32.46666666666667,178.05238095238093,0.9629629651705424,True,5.935079365079364
975,32.5,177.7904761904762,1.0,False,5.926349206349206
976,32.53333333333333,177.7190476190476,1.0,False,5.923968253968253
977,32.56666666666666,178.29523809523806,1.0,False,5.943174603174602
978,32.6,178.5285714285714,1.0,False,5.95095238095238
979,32.63333333333333,178.83809523809524,1.0,False,5.96126984126984
980,32.666666666666664,178.38571428571427,1.0,True,5.946190476190475
981,32.7,178.6190476190476,1.0,False,5.953968253968253
982,32.733333333333334,179.14761904761903,1.0,False,5.9715873015873004
983,32.766666666666666,179.27619047619046,1.0,False,5.975873015873015
984,32.8,177.99047619047616,1.0,False,5.933015873015871
985,32.833333333333336,178.08571428571426,1.0,False,5.9361904761904745
986,32.86666666666667,178.97142857142856,1.0,False,5.965714285714284
987,32.9,179.67619047619047,1.0,False,5.9892063492063485
988,32.93333333333333,177.57142857142853,1.0,False,5.919047619047618
989,32.96666666666667,184.79999999999995,1.0,False,6.159999999999999
990,33.0,187.25714285714284,1.0,False,6.241904761904761
991,33.03333333333333,184.85714285714283,1.0,False,6.161904761904761
992,33.06666666666666,177.4285714285714,1.0,False,5.914285714285713
993,33.1,178.95238095238093,1.0,False,5.965079365079364
994,33.13333333333333,178.5142857142857,1.0,False,5.95047619047619
995,33.166666666666664,178.12380952380948,1.0,False,5.937460317460316
996,33.2,177.7428571428571,1.0,False,5.924761904761904
997,33.233333333333334,178.19999999999996,1.0,False,5.9399999999999995
998,33.266666666666666,178.48571428571427,1.0,False,5.949523809523809
999,33.3,178.74285714285713,1.0,False,5.958095238095237
1000,33.333333333333336,178.76825396825396,1.0,True,5.958941798941798
1001,33.36666666666667,179.04126984126984,1.0,True,5.968042328042326
1002,33.4,178.4666666666666,1.0,False,5.948888888888888
1003,33.43333333333333,178.0142857142857,1.0,False,5.933809523809524
1004,33.46666666666667,177.96190476190478,1.0,False,5.9320634920634925
1005,33.5,178.55714285714288,1.0,True,5.951904761904763
1006,33.53333333333333,178.63809523809522,1.0,False,5.954603174603174
1007,33.56666666666666,179.09999999999997,1.0,False,5.969999999999999
1008,33.6,180.25714285714284,1.0,False,6.008571428571428
1009,33.63333333333333,180.02857142857144,1.0,False,6.0009523809523815
1010,33.666666666666664,179.36190476190478,1.0,False,5.978730158730159
1011,33.7,179.1809523809524,1.0,False,5.9726984126984135
1012,33.733333333333334,181.12380952380948,1.0,False,6.037460317460318
1013,33.766666666666666,182.12380952380946,1.0,False,6.070793650793649
1014,33.8,181.68095238095233,1.0,False,6.056031746031745
1015,33.833333333333336,180.31428571428572,1.0,False,6.01047619047619
1016,33.86666666666667,179.66190476190476,1.0,True,5.98873015873016
1017,33.9,179.75238095238097,1.0,False,5.9917460317460325
1018,33.93333333333333,179.98571428571427,1.0,True,5.999523809523809
1019,33.96666666666667,180.27619047619044,1.0,False,6.009206349206347
1020,34.0,180.47619047619045,1.0,True,6.015873015873014
1021,34.03333333333333,180.01904761904757,1.0,False,6.000634920634919
1022,34.06666666666666,179.27142857142854,1.0,False,5.975714285714284
1023,34.1,178.6095238095238,1.0,False,5.953650793650794
1024,34.13333333333333,178.4714285714286,1.0,True,5.94904761904762
1025,34.166666666666664,178.36190476190478,1.0,False,5.945396825396826
1026,34.2,178.31904761904764,1.0,False,5.9439682539682535
1027,34.233333333333334,178.13333333333333,1.0,True,5.937777777777777
1028,34.266666666666666,179.047619047619,1.0,False,5.9682539682539675
1029,34.3,179.66666666666663,1.0,False,5.988888888888888
1030,34.333333333333336,179.87619047619046,1.0,False,5.995873015873015
1031,34.36666666666667,180.31428571428572,1.0,False,6.01047619047619
1032,34.4,181.37142857142857,1.0,False,6.0457142857142845
1033,34.43333333333333,181.3142857142857,0.9722222288449606,True,6.043809523809523
1034,34.46666666666667,179.74285714285713,1.0,False,5.991428571428571
1035,34.5,178.6761904761905,1.0,False,5.955873015873015
1036,34.53333333333333,178.19047619047618,1.0,True,5.939682539682539
1037,34.56666666666666,178.047619047619,1.0,False,5.934920634920634
1038,34.6,179.6190476190476,1.0,False,5.9873015873015865
1039,34.63333333333333,179.2952380952381,1.0,False,5.976507936507936
1040,34.666666666666664,178.92380952380952,1.0,False,5.964126984126984
1041,34.7,178.21904761904761,1.0,False,5.9406349206349205
1042,34.733333333333334,179.56190476190474,1.0,True,5.985396825396825
1043,34.766666666666666,179.2190476190476,1.0,False,5.973968253968253
1044,34.8,179.96190476190475,1.0,False,5.998730158730158
1045,34.833333333333336,179.2380952380952,1.0,False,5.974603174603174
1046,34.86666666666667,179.4190476190476,1.0,False,5.9806349206349205
1047,34.9,177.25714285714287,1.0,False,5.9085714285714275
1048,34.93333333333333,178.2,1.0,False,5.9399999999999995
1049,34.96666666666667,176.29523809523806,1.0,False,5.876507936507935
1050,35.0,183.59999999999997,1.0,False,6.119999999999999
1051,35.03333333333333,196.6285714285714,1.0,False,6.554285714285713
1052,35.06666666666666,210.447619047619,0.9904761910438538,False,7.014920634920633
1053,35.1,201.4190476190476,0.9814814726511636,False,6.713968253968253
1054,35.13333333333333,186.85714285714283,1.0,False,6.228571428571428
1055,35.166666666666664,178.98095238095232,1.0,False,5.966031746031745
1056,35.2,181.8238095238095,1.0,True,6.06079365079365
1057,35.233333333333334,181.62023809523808,0.9722222288449606,False,6.054007936507936
1058,35.266666666666666,181.55,1.0,False,6.051666666666666
1059,35.3,181.52380952380952,0.9814814726511636,True,6.05079365079365
1060,35.333333333333336,181.58333333333334,0.9166666666666666,True,6.052777777777778
1061,35.36666666666667,181.6190476190476,1.0,True,6.053968253968254
1062,35.4,181.67857142857142,1.0,False,6.055952380952381
1063,35.43333333333333,181.77182539682542,1.0,True,6.059060846560847
1064,35.46666666666667,181.75555555555556,1.0,True,6.058518518518518
1065,35.5,182.63809523809525,1.0,False,6.087936507936507
1066,35.53333333333333,182.4190476190476,1.0,False,6.080634920634921
1067,35.56666666666666,182.54285714285714,1.0,False,6.084761904761905
1068,35.6,180.98095238095237,1.0,False,6.032698412698413
1069,35.63333333333333,180.83333333333331,1.0,False,6.027777777777778
1070,35.666666666666664,180.56190476190474,1.0,False,6.018730158730158
1071,35.7,181.7571428571428,1.0,True,6.058571428571427
1072,35.733333333333334,181.35238095238088,1.0,False,6.0450793650793635
1073,35.766666666666666,181.0380952380952,1.0,False,6.034603174603174
1074,35.8,180.79999999999998,1.0,False,6.026666666666667
1075,35.833333333333336,180.97619047619045,1.0,True,6.032539682539682
1076,35.86666666666667,180.20952380952377,1.0,False,6.006984126984126
1077,35.9,180.09047619047618,1.0,False,6.0030158730158725
1078,35.93333333333333,180.45714285714286,1.0,False,6.015238095238096
1079,35.96666666666667,181.0857142857143,1.0,False,6.036190476190477
1080,36.0,181.15714285714284,1.0,False,6.038571428571428
1081,36.03333333333333,181.5238095238095,1.0,False,6.05079365079365
1082,36.06666666666666,181.947619047619,1.0,True,6.064920634920633
1083,36.1,181.88571428571427,1.0,False,6.062857142857141
1084,36.13333333333333,181.25238095238092,1.0,False,6.0417460317460305
1085,36.166666666666664,180.5523809523809,1.0,False,6.018412698412697
1086,36.2,180.34920634920633,1.0,True,6.011640211640211
1087,36.233333333333334,180.53650793650792,1.0,True,6.017883597883597
1088,36.266666666666666,180.7333333333333,1.0,False,6.024444444444444
1089,36.3,180.86666666666665,1.0,False,6.02888888888889
1090,36.333333333333336,181.14285714285717,1.0,False,6.038095238095238
1091,36.36666666666667,181.86666666666667,1.0,True,6.062222222222222
1092,36.4,181.60476190476192,1.0,False,6.053492063492064
1093,36.43333333333333,180.68571428571428,1.0,False,6.022857142857142
1094,36.46666666666667,179.96666666666664,1.0,True,5.998888888888887
1095,36.5,180.30476190476188,1.0,False,6.010158730158729
1096,36.53333333333333,180.17619047619044,1.0,True,6.005873015873014
1097,36.56666666666666,180.79047619047617,1.0,False,6.026349206349205
1098,36.6,182.04761904761907,1.0,False,6.068253968253968
1099,36.63333333333333,182.88571428571433,1.0,False,6.096190476190476
1100,36.666666666666664,182.3904761904762,1.0,False,6.07968253968254
1101,36.7,181.78095238095233,1.0,False,6.059365079365078
1102,36.733333333333334,181.5523809523809,0.990740736325582,True,6.051746031746031
1103,36.766666666666666,181.92380952380952,1.0,False,6.064126984126984
1104,36.8,182.13333333333333,1.0,False,6.071111111111112
1105,36.833333333333336,180.9047619047619,1.0,False,6.03015873015873
1106,36.86666666666667,179.3238095238095,1.0,False,5.9774603174603165
1107,36.9,179.44761904761904,1.0,False,5.981587301587301
1108,36.93333333333333,179.76666666666662,1.0,False,5.992222222222222
1109,36.96666666666667,179.49523809523808,1.0,False,5.983174603174603
1110,37.0,179.54761904761907,0.9814814726511636,True,5.984920634920636
1111,37.03333333333333,181.3714285714286,1.0,False,6.045714285714285
1112,37.06666666666666,181.34761904761908,1.0,False,6.0449206349206355
1113,37.1,180.5809523809524,1.0,False,6.0193650793650795
1114,37.13333333333333,180.04761904761904,1.0,False,6.001587301587301
1115,37.166666666666664,180.99999999999997,1.0,False,6.033333333333332
1116,37.2,181.78095238095236,1.0,False,6.059365079365079
1117,37.233333333333334,182.10476190476192,1.0,False,6.07015873015873
1118,37.266666666666666,181.75238095238097,0.9814814726511636,True,6.058412698412699
1119,37.3,181.0095238095238,1.0,False,6.033650793650794
1120,37.333333333333336,180.73333333333332,1.0,False,6.024444444444444
1121,37.36666666666667,180.8412698412698,0.9814814726511636,True,6.028042328042328
1122,37.4,181.15873015873012,1.0,True,6.038624338624338
1123,37.43333333333333,181.2285714285714,1.0,False,6.04095238095238
1124,37.46666666666667,181.06666666666666,1.0,False,6.035555555555556
1125,37.5,180.76825396825396,0.9722222288449606,True,6.025608465608465
1126,37.53333333333333,180.36507936507934,0.9814814726511636,True,6.012169312169311
1127,37.56666666666666,180.91428571428568,1.0,False,6.030476190476189
1128,37.6,181.74285714285716,1.0,False,6.0580952380952375
1129,37.63333333333333,182.25714285714287,1.0,True,6.075238095238094
1130,37.666666666666664,181.60952380952375,1.0,False,6.053650793650792
1131,37.7,180.30952380952377,1.0,False,6.010317460317459
1132,37.733333333333334,179.65714285714282,1.0,False,5.9885714285714275
1133,37.766666666666666,180.77619047619046,0.9814814726511636,True,6.025873015873015
1134,37.8,182.0380952380952,1.0,False,6.067936507936507
1135,37.833333333333336,182.50952380952378,1.0,False,6.083650793650793
1136,37.86666666666667,181.27619047619046,1.0,False,6.042539682539681
1137,37.9,180.16190476190476,1.0,False,6.005396825396826
1138,37.93333333333333,179.52380952380952,1.0,False,5.984126984126984
1139,37.96666666666667,180.7238095238095,1.0,False,6.024126984126984
1140,38.0,180.7333333333333,1.0,False,6.024444444444444
1141,38.03333333333333,180.97142857142856,1.0,False,6.032380952380952
1142,38.06666666666666,181.0857142857143,1.0,False,6.036190476190475
1143,38.1,182.1333333333333,1.0,False,6.071111111111111
1144,38.13333333333333,181.86666666666662,1.0,False,6.062222222222221
1145,38.166666666666664,181.99047619047616,1.0,False,6.066349206349205
1146,38.2,181.62857142857143,1.0,False,6.054285714285714
1147,38.233333333333334,181.75238095238092,1.0,False,6.058412698412697
1148,38.266666666666666,181.75238095238092,1.0,False,6.058412698412697
1149,38.3,182.27619047619044,0.990740736325582,True,6.075873015873015
1150,38.333333333333336,183.22857142857143,1.0,True,6.107619047619047
1151,38.36666666666667,183.03809523809522,1.0,False,6.101269841269841
1152,38.4,182.20952380952377,1.0,False,6.073650793650792
1153,38.43333333333333,181.5523809523809,1.0,False,6.051746031746029
1154,38.46666666666667,182.17142857142858,1.0,False,6.072380952380952
1155,38.5,181.76190476190476,1.0,False,6.0587301587301585
1156,38.53333333333333,180.9333333333333,1.0,False,6.03111111111111
1157,38.56666666666666,180.047619047619,1.0,False,6.0015873015873
1158,38.6,179.5523809523809,0.9814814726511636,True,5.985079365079364
1159,38.63333333333333,179.3428571428571,1.0,False,5.978095238095237
1160,38.666666666666664,180.447619047619,1.0,False,6.0149206349206334
1161,38.7,180.98095238095232,1.0,False,6.032698412698411
1162,38.733333333333334,180.18095238095233,1.0,False,6.006031746031745
1163,38.766666666666666,178.57142857142856,1.0,True,5.9523809523809526
1164,38.8,179.22857142857143,1.0,False,5.974285714285714
1165,38.833333333333336,180.48571428571427,1.0,False,6.016190476190476
1166,38.86666666666667,181.48888888888888,1.0,True,6.04962962962963
1167,38.9,181.0825396825397,0.9629629651705424,True,6.036084656084657
1168,38.93333333333333,181.05714285714288,1.0,False,6.035238095238095
1169,38.96666666666667,181.1936507936508,1.0,True,6.03978835978836
1170,39.0,181.4706349206349,0.9814814726511636,True,6.049021164021163
1171,39.03333333333333,181.61428571428564,1.0,False,6.053809523809522
1172,39.06666666666666,181.60952380952378,1.0,True,6.053650793650792
1173,39.1,181.49999999999997,0.9809523820877076,True,6.049999999999999
1174,39.13333333333333,181.58095238095234,0.9629629651705424,True,6.052698412698412
1175,39.166666666666664,180.97619047619045,1.0,False,6.0325396825396815
1176,39.2,179.01190476190476,1.0,False,5.967063492063491
1177,39.233333333333334,179.13809523809525,1.0,False,5.971269841269841
1178,39.266666666666666,180.96190476190478,1.0,False,6.032063492063492
1179,39.3,182.62380952380954,1.0,True,6.087460317460318
1180,39.333333333333336,181.88571428571427,1.0,False,6.062857142857142
1181,39.36666666666667,181.4333333333333,1.0,False,6.047777777777777
1182,39.4,180.97142857142853,0.9722222288449606,True,6.032380952380952
1183,39.43333333333333,180.6380952380952,0.9629629651705424,True,6.021269841269841
1184,39.46666666666667,180.39047619047616,1.0,False,6.013015873015871
1185,39.5,180.34761904761902,1.0,False,6.0115873015873
1186,39.53333333333333,180.24761904761903,1.0,False,6.008253968253967
1187,39.56666666666666,179.89047619047614,0.9809523820877076,True,5.996349206349205
1188,39.6,179.3047619047619,1.0,False,5.976825396825396
1189,39.63333333333333,178.4809523809524,1.0,False,5.949365079365079
1190,39.666666666666664,178.48571428571427,1.0,False,5.949523809523809
1191,39.7,179.60952380952378,1.0,False,5.986984126984125
1192,39.733333333333334,179.36190476190473,1.0,False,5.978730158730157
1193,39.766666666666666,178.59047619047618,1.0,False,5.953015873015873
1194,39.8,178.8190476190476,1.0,False,5.96063492063492
1195,39.833333333333336,180.16190476190474,1.0,False,6.005396825396824
1196,39.86666666666667,180.84761904761902,1.0,False,6.028253968253966
1197,39.9,180.41904761904757,1.0,False,6.013968253968253
1198,39.93333333333333,180.44761904761907,1.0,False,6.014920634920635
1199,39.96666666666667,180.11428571428573,1.0,False,6.003809523809524
1200,40.0,180.45714285714286,1.0,False,6.015238095238095
1201,40.03333333333333,180.24761904761903,1.0,False,6.008253968253967
1202,40.06666666666666,180.60952380952375,1.0,False,6.020317460317459
1203,40.1,180.6380952380952,1.0,True,6.021269841269841
1204,40.13333333333333,180.82380952380947,1.0,False,6.027460317460317
1205,40.166666666666664,181.19047619047615,1.0,False,6.039682539682539
1206,40.2,181.69999999999996,0.9814814726511636,True,6.056666666666665
1207,40.233333333333334,181.12380952380948,1.0,False,6.037460317460316
1208,40.266666666666666,178.5785714285714,1.0,False,5.952619047619047
1209,40.3,184.84285714285713,1.0,False,6.161428571428571
1210,40.333333333333336,206.3928571428571,0.9411764740943908,True,6.879761904761905
1211,40.36666666666667,225.87142857142857,0.9444444477558136,False,7.529047619047619
1212,40.4,226.30714285714285,0.9583333432674408,False,7.543571428571427
1213,40.43333333333333,205.1428571428571,0.9607843160629272,False,6.838095238095237
1214,40.46666666666667,187.247619047619,1.0,False,6.241587301587301
1215,40.5,179.56190476190477,0.9722222288449606,True,5.985396825396826
1216,40.53333333333333,182.04761904761907,1.0,False,6.068253968253969
1217,40.56666666666666,181.1809523809524,0.961904764175415,True,6.039365079365079
1218,40.6,180.31428571428572,1.0,False,6.01047619047619
1219,40.63333333333333,180.09047619047618,1.0,False,6.0030158730158725
1220,40.666666666666664,180.17142857142858,1.0,False,6.005714285714285
1221,40.7,179.1809523809524,1.0,False,5.972698412698413
1222,40.733333333333334,178.6285714285714,1.0,False,5.954285714285715
1223,40.766666666666666,179.2190476190476,0.9722222288449606,True,5.973968253968254
1224,40.8,180.49523809523805,1.0,False,6.016507936507935
1225,40.833333333333336,180.1047619047619,1.0,False,6.003492063492063
1226,40.86666666666667,179.06666666666666,1.0,False,5.968888888888888
1227,40.9,178.38095238095238,1.0,True,5.946031746031745
1228,40.93333333333333,179.1238095238095,1.0,False,5.97079365079365
1229,40.96666666666667,179.84761904761902,1.0,False,5.994920634920634
1230,41.0,180.2285714285714,0.9714285731315612,True,6.0076190476190465
1231,41.03333333333333,179.38095238095238,1.0,False,5.979365079365079
1232,41.06666666666666,179.15238095238095,1.0,False,5.971746031746031
1233,41.1,179.32380952380953,1.0,False,5.977460317460318
1234,41.13333333333333,179.80952380952382,0.9714285731315612,True,5.993650793650795
1235,41.166666666666664,179.46666666666664,1.0,False,5.982222222222222
1236,41.2,179.3142857142857,1.0,False,5.977142857142857
1237,41.233333333333334,179.07619047619045,1.0,False,5.969206349206348
1238,41.266666666666666,178.55238095238096,1.0,False,5.951746031746032
1239,41.3,178.34285714285713,1.0,False,5.944761904761905
1240,41.333333333333336,179.83809523809524,1.0,False,5.994603174603174
1241,41.36666666666667,181.6,1.0,False,6.053333333333333
1242,41.4,180.96190476190475,1.0,False,6.032063492063491
1243,41.43333333333333,179.4095238095238,1.0,False,5.98031746031746
1244,41.46666666666667,179.13333333333333,1.0,False,5.971111111111111
1245,41.5,179.82857142857142,1.0,False,5.994285714285715
1246,41.53333333333333,179.75238095238095,1.0,False,5.991746031746032
1247,41.56666666666666,179.3333333333333,0.9629629651705424,True,5.977777777777778
1248,41.6,178.99999999999997,1.0,False,5.966666666666666
1249,41.63333333333333,178.46666666666667,1.0,True,5.948888888888889
1250,41.666666666666664,178.84761904761905,1.0,False,5.961587301587301
1251,41.7,180.0190476190476,1.0,False,6.00063492063492
1252,41.733333333333334,180.88571428571427,1.0,False,6.029523809523809
1253,41.766666666666666,180.3714285714286,0.9629629651705424,True,6.012380952380953
1254,41.8,179.81904761904764,1.0,False,5.993968253968255
1255,41.833333333333336,179.8126984126984,1.0,True,5.993756613756614
1256,41.86666666666667,180.05873015873019,0.9629629651705424,True,6.001957671957673
1257,41.9,180.43809523809526,1.0,False,6.014603174603175
1258,41.93333333333333,181.3,0.9803921580314636,True,6.043333333333333
1259,41.96666666666667,181.68571428571425,1.0,False,6.0561904761904755
1260,42.0,180.4238095238095,1.0,False,6.0141269841269835
1261,42.03333333333333,179.55238095238093,1.0,False,5.985079365079364
1262,42.06666666666666,179.44761904761904,1.0,False,5.981587301587301
1263,42.1,180.26666666666668,1.0,False,6.0088888888888885
1264,42.13333333333333,181.0285714285714,1.0,False,6.034285714285715
1265,42.166666666666664,180.89523809523808,1.0,False,6.02984126984127
1266,42.2,179.3238095238095,1.0,False,5.977460317460316
1267,42.233333333333334,177.9142857142857,1.0,False,5.93047619047619
1268,42.266666666666666,177.54285714285714,0.9814814726511636,True,5.918095238095238
1269,42.3,179.59999999999997,1.0,False,5.986666666666666
1270,42.333333333333336,180.19523809523807,1.0,False,6.006507936507936
1271,42.36666666666667,179.74285714285713,1.0,False,5.991428571428571
1272,42.4,178.57619047619048,1.0,True,5.952539682539683
1273,42.43333333333333,179.0095238095238,1.0,False,5.966984126984127
1274,42.46666666666667,178.61428571428567,1.0,False,5.9538095238095226
1275,42.5,179.2571428571428,1.0,False,5.975238095238095
1276,42.53333333333333,179.5523809523809,1.0,False,5.985079365079364
1277,42.56666666666666,178.99999999999994,1.0,False,5.966666666666666
1278,42.6,178.78571428571428,0.990740736325582,True,5.95952380952381
1279,42.63333333333333,179.8,1.0,False,5.993333333333333
1280,42.666666666666664,180.03333333333333,1.0,True,6.001111111111112
1281,42.7,179.32380952380956,1.0,False,5.977460317460318
1282,42.733333333333334,178.63333333333335,1.0,False,5.954444444444445
1283,42.766666666666666,178.80952380952382,1.0,False,5.9603174603174605
1284,42.8,179.7142857142857,1.0,False,5.99047619047619
1285,42.833333333333336,180.1142857142857,1.0,False,6.003809523809524
1286,42.86666666666667,179.5809523809524,1.0,False,5.986031746031746
1287,42.9,178.5095238095238,1.0,False,5.95031746031746
1288,42.93333333333333,178.09523809523807,1.0,False,5.936507936507936
1289,42.96666666666667,179.2809523809523,0.961904764175415,True,5.976031746031745
1290,43.0,179.72380952380948,1.0,False,5.990793650793651
1291,43.03333333333333,179.26190476190476,1.0,False,5.9753968253968255
1292,43.06666666666666,178.9904761904762,1.0,False,5.966349206349205
1293,43.1,180.0285714285714,0.970588227113088,True,6.00095238095238
1294,43.13333333333333,180.66666666666666,0.9629629651705424,True,6.022222222222222
1295,43.166666666666664,181.46190476190472,1.0,True,6.048730158730158
1296,43.2,181.74285714285713,1.0,False,6.058095238095237
1297,43.233333333333334,181.4238095238095,0.9629629651705424,True,6.047460317460316
1298,43.266666666666666,179.7333333333333,1.0,False,5.99111111111111
1299,43.3,179.04285714285712,1.0,False,5.968095238095238
1300,43.333333333333336,178.75238095238095,1.0,False,5.958412698412698
1301,43.36666666666667,179.09523809523807,1.0,False,5.969841269841269
1302,43.4,179.02142857142854,1.0,False,5.967380952380952
1303,43.43333333333333,179.48095238095237,1.0,False,5.982698412698412
1304,43.46666666666667,179.4952380952381,0.9629629651705424,True,5.983174603174603
1305,43.5,179.16666666666669,1.0,True,5.972222222222222
1306,43.53333333333333,178.8952380952381,1.0,True,5.963174603174603
1307,43.56666666666666,178.73809523809524,1.0,False,5.957936507936507
1308,43.6,178.4452380952381,1.0,False,5.9481746031746034
1309,43.63333333333333,178.8190476190476,1.0,False,5.96063492063492
1310,43.666666666666664,178.98095238095237,1.0,False,5.966031746031745
1311,43.7,179.6571428571428,1.0,False,5.988571428571427
1312,43.733333333333334,180.32380952380947,1.0,False,6.01079365079365
1313,43.766666666666666,181.47619047619045,1.0,False,6.049206349206349
1314,43.8,181.38095238095235,1.0,False,6.046031746031746
1315,43.833333333333336,180.9523809523809,1.0,False,6.031746031746032
1316,43.86666666666667,180.5809523809523,1.0,False,6.019365079365079
1317,43.9,181.00952380952376,0.9814814726511636,True,6.033650793650793
1318,43.93333333333333,179.52380952380946,1.0,False,5.984126984126984
1319,43.96666666666667,177.9238095238095,1.0,False,5.93079365079365
1320,44.0,177.7142857142857,1.0,True,5.923809523809523
1321,44.03333333333333,178.81904761904764,1.0,False,5.96063492063492
1322,44.06666666666666,179.38095238095238,1.0,False,5.9793650793650786
1323,44.1,179.3285714285714,1.0,False,5.977619047619046
1324,44.13333333333333,179.39999999999995,1.0,False,5.979999999999999
1325,44.166666666666664,179.08095238095234,1.0,True,5.969365079365078
1326,44.2,179.34761904761905,1.0,False,5.978253968253967
1327,44.233333333333334,179.2619047619048,1.0,False,5.9753968253968255
1328,44.266666666666666,178.77619047619052,0.9509803851445516,True,5.95920634920635
1329,44.3,178.53333333333336,1.0,False,5.9511111111111115
1330,44.333333333333336,178.9,1.0,True,5.963333333333334
1331,44.36666666666667,179.66666666666669,1.0,False,5.988888888888889
1332,44.4,180.30476190476193,0.970588227113088,True,6.0101587301587305
1333,44.43333333333333,181.20000000000002,1.0,False,6.04
1334,44.46666666666667,181.6857142857143,1.0,False,6.056190476190476
1335,44.5,181.4761904761905,0.9722222288449606,True,6.049206349206349
1336,44.53333333333333,180.5952380952381,0.990740736325582,True,6.019841269841269
1337,44.56666666666666,180.14285714285714,1.0,False,6.004761904761904
1338,44.6,179.9095238095238,0.9814814726511636,True,5.996984126984126
1339,44.63333333333333,181.19047619047615,1.0,False,6.039682539682538
1340,44.666666666666664,181.08095238095234,1.0,False,6.036031746031745
1341,44.7,181.0190476190476,1.0,False,6.033968253968254
1342,44.733333333333334,179.6,1.0,False,5.986666666666666
1343,44.766666666666666,179.60952380952384,1.0,False,5.986984126984127
1344,44.8,179.43809523809523,1.0,False,5.981269841269841
1345,44.833333333333336,179.9904761904762,1.0,False,5.999682539682539
1346,44.86666666666667,180.15238095238095,1.0,False,6.005079365079365
1347,44.9,180.35238095238094,1.0,False,6.011746031746033
1348,44.93333333333333,180.9238095238095,1.0,False,6.03079365079365
1349,44.96666666666667,180.0666666666666,1.0,False,6.002222222222222
1350,45.0,179.3523809523809,1.0,False,5.978412698412698
1351,45.03333333333333,179.53809523809522,0.9814814726511636,True,5.9846031746031745
1352,45.06666666666666,180.40952380952376,1.0,False,6.013650793650793
1353,45.1,180.13809523809522,1.0,True,6.004603174603175
1354,45.13333333333333,179.92380952380952,1.0,False,5.997460317460319
1355,45.166666666666664,181.2285714285714,1.0,False,6.040952380952381
1356,45.2,182.39999999999998,1.0,False,6.079999999999999
1357,45.233333333333334,181.97619047619042,0.9814814726511636,True,6.065873015873014
1358,45.266666666666666,181.03809523809522,1.0,False,6.034603174603174
1359,45.3,180.44285714285712,1.0,False,6.0147619047619045
1360,45.333333333333336,180.51428571428573,1.0,False,6.017142857142857
1361,45.36666666666667,181.39047619047614,1.0,True,6.0463492063492055
1362,45.4,182.03809523809522,1.0,False,6.0679365079365075
1363,45.43333333333333,181.48571428571427,1.0,False,6.0495238095238095
1364,45.46666666666667,180.63809523809525,1.0,True,6.021269841269841
1365,45.5,180.07619047619042,1.0,False,6.00253968253968
1366,45.53333333333333,179.1428571428571,1.0,False,5.97142857142857
1367,45.56666666666666,178.78095238095236,1.0,False,5.959365079365079
1368,45.6,179.72380952380954,1.0,False,5.990793650793651
1369,45.63333333333333,180.9714285714286,1.0,False,6.032380952380953
1370,45.666666666666664,180.34285714285716,1.0,False,6.011428571428572
1371,45.7,179.1904761904762,1.0,False,5.973015873015874
1372,45.733333333333334,178.93333333333334,0.9814814726511636,True,5.964444444444444
1373,45.766666666666666,180.76190476190476,1.0,False,6.025396825396824
1374,45.8,181.59047619047618,1.0,False,6.053015873015872
1375,45.833333333333336,181.8190476190476,1.0,False,6.060634920634921
1376,45.86666666666667,182.1428571428571,1.0,False,6.07142857142857
1377,45.9,182.93333333333328,1.0,False,6.097777777777777
1378,45.93333333333333,182.98095238095235,0.9814814726511636,True,6.099365079365079
1379,45.96666666666667,181.45714285714286,1.0,False,6.048571428571428
1380,46.0,180.32380952380953,1.0,False,6.0107936507936515
1381,46.03333333333333,180.19047619047623,0.9722222288449606,True,6.006349206349207
1382,46.06666666666666,180.85714285714286,1.0,False,6.0285714285714285
1383,46.1,179.8190476190476,1.0,False,5.993968253968253
1384,46.13333333333333,180.02380952380952,1.0,False,6.00079365079365
1385,46.166666666666664,181.16190476190476,1.0,False,6.038730158730159
1386,46.2,182.2047619047619,0.990740736325582,True,6.073492063492064
1387,46.233333333333334,181.30476190476188,1.0,False,6.043492063492063
1388,46.266666666666666,180.53809523809522,0.961904764175415,True,6.017936507936508
1389,46.3,180.34285714285716,1.0,False,6.011428571428572
1390,46.333333333333336,180.74285714285713,1.0,False,6.024761904761905
1391,46.36666666666667,181.39047619047614,1.0,True,6.0463492063492055
1392,46.4,181.83809523809518,1.0,False,6.06126984126984
1393,46.43333333333333,181.49523809523808,1.0,False,6.049841269841269
1394,46.46666666666667,180.82857142857145,1.0,False,6.027619047619047
1395,46.5,180.39365079365083,0.961904764175415,True,6.013121693121693
1396,46.53333333333333,180.91111111111115,0.990740736325582,True,6.030370370370371
1397,46.56666666666666,180.44761904761907,1.0,False,6.014920634920635
1398,46.6,180.3714285714286,1.0,False,6.012380952380953
1399,46.63333333333333,181.66666666666666,0.990740736325582,True,6.055555555555555
1400,46.666666666666664,183.0952380952381,1.0,False,6.103174603174603
1401,46.7,182.53333333333336,1.0,True,6.084444444444444
1402,46.733333333333334,181.0857142857143,1.0,False,6.036190476190477
1403,46.766666666666666,180.69523809523807,1.0,False,6.023174603174604
1404,46.8,181.61904761904756,1.0,False,6.053968253968253
1405,46.833333333333336,181.86666666666665,1.0,False,6.062222222222222
1406,46.86666666666667,181.84761904761902,1.0,False,6.061587301587301
1407,46.9,181.5047619047619,1.0,False,6.05015873015873
1408,46.93333333333333,181.57777777777775,0.990740736325582,True,6.052592592592592
1409,46.96666666666667,180.84126984126982,0.9722222288449606,True,6.028042328042327
1410,47.0,180.4285714285714,1.0,False,6.0142857142857125
1411,47.03333333333333,180.3142857142857,1.0,True,6.010476190476189
1412,47.06666666666666,180.27619047619044,1.0,False,6.009206349206347
1413,47.1,179.94285714285712,1.0,False,5.998095238095237
1414,47.13333333333333,179.83809523809524,1.0,False,5.994603174603175
1415,47.166666666666664,180.39047619047622,1.0,True,6.013015873015873
1416,47.2,180.6,1.0,False,6.0200000000000005
1417,47.233333333333334,180.37142857142857,1.0,False,6.012380952380951
1418,47.266666666666666,180.39047619047616,1.0,True,6.013015873015872
1419,47.3,180.10952380952375,1.0,False,6.0036507936507935
1420,47.333333333333336,179.59999999999997,1.0,False,5.9866666666666655
1421,47.36666666666667,179.6190476190476,0.9814814726511636,True,5.987301587301586
1422,47.4,180.66666666666663,1.0,False,6.022222222222222
1423,47.43333333333333,181.65714285714284,0.9814814726511636,True,6.055238095238096
1424,47.46666666666667,181.96190476190478,1.0,False,6.065396825396825
1425,47.5,181.4047619047619,1.0,False,6.046825396825397
1426,47.53333333333333,181.34285714285713,1.0,False,6.044761904761905
1427,47.56666666666666,183.14285714285714,0.9722222288449606,True,6.104761904761905
1428,47.6,184.37142857142857,1.0,False,6.145714285714285
1429,47.63333333333333,182.98571428571424,1.0,False,6.0995238095238085
1430,47.666666666666664,180.87619047619043,1.0,False,6.029206349206347
1431,47.7,180.28571428571425,0.9722222288449606,True,6.009523809523808
1432,47.733333333333334,180.60952380952375,1.0,False,6.020317460317459
1433,47.766666666666666,180.45714285714283,0.9722222288449606,True,6.015238095238094
1434,47.8,180.70476190476188,1.0,False,6.023492063492063
1435,47.833333333333336,180.29999999999998,1.0,False,6.01
1436,47.86666666666667,179.57142857142853,1.0,False,5.985714285714285
1437,47.9,178.84285714285707,1.0,True,5.96142857142857
1438,47.93333333333333,178.9714285714285,1.0,False,5.965714285714285
1439,47.96666666666667,178.7190476190476,1.0,True,5.957301587301586
1440,48.0,179.03809523809522,1.0,False,5.967936507936507
1441,48.03333333333333,179.67142857142858,1.0,False,5.989047619047619
1442,48.06666666666666,180.05714285714285,1.0,False,6.001904761904762
1443,48.1,179.66666666666669,1.0,False,5.988888888888889
1444,48.13333333333333,179.33333333333331,1.0,False,5.977777777777778
1445,48.166666666666664,177.9047619047619,1.0,False,5.9301587301587295
1446,48.2,186.11428571428573,1.0,False,6.2038095238095226
1447,48.233333333333334,188.96190476190475,1.0,False,6.298730158730159
1448,48.266666666666666,186.28571428571428,1.0,False,6.209523809523809
1449,48.3,178.48571428571427,1.0,True,5.949523809523809
1450,48.333333333333336,179.85714285714286,1.0,False,5.995238095238095
1451,48.36666666666667,179.27619047619046,1.0,False,5.975873015873015
1452,48.4,179.39999999999998,1.0,False,5.9799999999999995
1453,48.43333333333333,180.5523809523809,1.0,False,6.018412698412697
1454,48.46666666666667,180.5333333333333,1.0,False,6.017777777777777
1455,48.5,180.84761904761905,1.0,False,6.028253968253969
1456,48.53333333333333,180.9047619047619,1.0,False,6.030158730158729
1457,48.56666666666666,181.0047619047619,1.0,False,6.033492063492063
1458,48.6,179.94285714285712,1.0,False,5.998095238095237
1459,48.63333333333333,180.1238095238095,1.0,True,6.004126984126984
1460,48.666666666666664,180.6690476190476,1.0,True,6.022301587301587
1461,48.7,179.82857142857142,1.0,False,5.994285714285714
1462,48.733333333333334,176.30714285714285,0.9629629651705424,True,5.876904761904761
1463,48.766666666666666,174.98571428571427,0.9895833333333334,False,5.832857142857142
1464,48.8,176.697619047619,0.990740736325582,False,5.8899206349206334
1465,48.833333333333336,178.92380952380947,0.990740736325582,True,5.964126984126983
1466,48.86666666666667,179.54999999999995,1.0,False,5.984999999999999
1467,48.9,180.74761904761903,1.0,False,6.024920634920634
1468,48.93333333333333,181.45714285714286,0.9722222288449606,True,6.048571428571429
1469,48.96666666666667,181.16666666666669,1.0,True,6.038888888888889
1470,49.0,181.10476190476194,1.0,True,6.036825396825397
1471,49.03333333333333,180.92857142857142,1.0,False,6.030952380952381
1472,49.06666666666666,180.54523809523803,1.0,False,6.018174603174603
1473,49.1,181.4380952380952,1.0,False,6.047936507936508
1474,49.13333333333333,181.82857142857142,1.0,False,6.060952380952381
1475,49.166666666666664,181.38095238095238,1.0,False,6.046031746031746
1476,49.2,180.2190476190476,1.0,False,6.007301587301585
1477,49.233333333333334,180.29047619047617,1.0,True,6.009682539682538
1478,49.266666666666666,180.36190476190473,1.0,False,6.012063492063491
1479,49.3,180.48571428571427,0.990740736325582,True,6.016190476190475
1480,49.333333333333336,180.66666666666666,1.0,True,6.022222222222222
1481,49.36666666666667,180.79047619047623,0.990740736325582,True,6.026349206349206
1482,49.4,181.2857142857143,1.0,False,6.042857142857143
1483,49.43333333333333,181.1952380952381,1.0,False,6.03984126984127
1484,49.46666666666667,180.0857142857143,1.0,False,6.002857142857143
1485,49.5,178.98095238095237,1.0,False,5.966031746031746
1486,49.53333333333333,179.16190476190476,0.9904761910438538,True,5.972063492063492
1487,49.56666666666666,180.2285714285714,1.0,True,6.0076190476190465
1488,49.6,180.03809523809522,1.0,False,6.001269841269841
1489,49.63333333333333,179.15238095238092,1.0,False,5.971746031746031
1490,49.666666666666664,178.66666666666669,1.0,False,5.955555555555556
1491,49.7,179.5809523809524,1.0,False,5.986031746031746
1492,49.733333333333334,180.66666666666666,0.9722222288449606,True,6.022222222222222
1493,49.766666666666666,181.86666666666662,1.0,True,6.062222222222221
1494,49.8,182.26666666666662,1.0,False,6.075555555555555
1495,49.833333333333336,181.447619047619,0.990740736325582,True,6.0482539682539675
1496,49.86666666666667,180.0857142857143,1.0,False,6.002857142857143
1497,49.9,179.75238095238095,1.0,False,5.9917460317460325
1498,49.93333333333333,180.41904761904766,1.0,True,6.013968253968254
1499,49.96666666666667,180.54285714285714,1.0,False,6.018095238095238
1500,50.0,180.0666666666667,1.0,False,6.002222222222223
1501,50.03333333333333,179.5809523809524,1.0,True,5.986031746031746
1502,50.06666666666666,179.46666666666667,1.0,False,5.982222222222223
1503,50.1,179.73333333333332,1.0,False,5.9911111111111115
1504,50.13333333333333,180.3523809523809,1.0,False,6.011746031746031
1505,50.166666666666664,181.28571428571422,1.0,True,6.042857142857143
1506,50.2,180.76190476190473,1.0,False,6.025396825396824
1507,50.233333333333334,179.83333333333331,1.0,False,5.9944444444444445
1508,50.266666666666666,179.24761904761903,1.0,False,5.974920634920634
1509,50.3,179.79047619047614,0.9629629651705424,True,5.993015873015872
1510,50.333333333333336,180.33333333333331,1.0,False,6.011111111111109
1511,50.36666666666667,180.89047619047616,0.9722222288449606,True,6.029682539682538
1512,50.4,181.2190476190476,1.0,False,6.04063492063492
1513,50.43333333333333,181.29523809523812,1.0,True,6.043174603174603
1514,50.46666666666667,180.64285714285714,1.0,False,6.021428571428571
1515,50.5,180.5,1.0,False,6.016666666666666
1516,50.53333333333333,181.48095238095237,1.0,True,6.049365079365078
1517,50.56666666666666,182.60952380952378,1.0,False,6.086984126984126
1518,50.6,182.41746031746027,0.9722222288449606,True,6.080582010582009
1519,50.63333333333333,181.3492063492063,1.0,True,6.044973544973543
1520,50.666666666666664,180.88571428571424,1.0,False,6.029523809523809
1521,50.7,180.84761904761902,1.0,False,6.028253968253969
1522,50.733333333333334,181.05714285714288,1.0,True,6.035238095238096
1523,50.766666666666666,180.94285714285715,1.0,False,6.031428571428572
1524,50.8,180.6952380952381,0.9814814726511636,True,6.023174603174603
1525,50.833333333333336,180.3190476190476,0.9722222288449606,True,6.01063492063492
1526,50.86666666666667,180.0285714285714,1.0,False,6.000952380952381
1527,50.9,179.74761904761905,1.0,True,5.991587301587303
1528,50.93333333333333,179.86666666666665,1.0,False,5.995555555555556
1529,50.96666666666667,179.947619047619,1.0,False,5.998253968253967
1530,51.0,181.27619047619044,1.0,False,6.04253968253968
1531,51.03333333333333,181.18095238095233,1.0,False,6.039365079365078
1532,51.06666666666666,180.33333333333331,1.0,False,6.011111111111111
1533,51.1,179.76666666666665,1.0,False,5.992222222222222
1534,51.13333333333333,180.84761904761902,1.0,False,6.028253968253968
1535,51.166666666666664,180.97619047619045,0.9722222288449606,True,6.032539682539681
1536,51.2,180.447619047619,1.0,False,6.0149206349206334
1537,51.233333333333334,180.1190476190476,1.0,False,6.003968253968252
1538,51.266666666666666,180.4,1.0,False,6.013333333333333
1539,51.3,180.6,1.0,False,6.0200000000000005
1540,51.333333333333336,180.41904761904757,0.9809523820877076,True,6.013968253968253
1541,51.36666666666667,179.78095238095233,1.0,False,5.992698412698411
1542,51.4,179.60952380952378,1.0,True,5.986984126984127
1543,51.43333333333333,179.6952380952381,1.0,False,5.98984126984127
1544,51.46666666666667,179.58095238095237,1.0,False,5.986031746031746
1545,51.5,179.59047619047618,1.0,False,5.986349206349207
1546,51.53333333333333,178.8190476190476,1.0,False,5.96063492063492
1547,51.56666666666666,177.7904761904762,1.0,False,5.926349206349206
1548,51.6,176.77142857142854,1.0,True,5.892380952380952
1549,51.63333333333333,176.75238095238097,1.0,False,5.891746031746032
1550,51.666666666666664,177.70476190476188,1.0,False,5.923492063492063
1551,51.7,178.1428571428571,1.0,False,5.938095238095237
1552,51.733333333333334,178.13333333333333,1.0,False,5.937777777777777
1553,51.766666666666666,177.55714285714285,1.0,False,5.918571428571428
1554,51.8,177.47619047619048,1.0,False,5.915873015873015
1555,51.833333333333336,176.49047619047616,0.9722222288449606,True,5.883015873015872
1556,51.86666666666667,177.39047619047614,1.0,False,5.913015873015873
1557,51.9,178.4523809523809,1.0,False,5.948412698412697
1558,51.93333333333333,178.8333333333333,1.0,False,5.9611111111111095
1559,51.96666666666667,178.05714285714285,1.0,False,5.935238095238094
1560,52.0,178.47142857142856,0.9722222288449606,True,5.949047619047618
1561,52.03333333333333,178.91428571428568,1.0,False,5.963809523809522
1562,52.06666666666666,179.01428571428565,0.9814814726511636,True,5.967142857142856
1563,52.1,179.0571428571428,1.0,False,5.968571428571427
1564,52.13333333333333,179.34761904761902,0.9722222288449606,True,5.978253968253968
1565,52.166666666666664,179.58095238095237,1.0,False,5.986031746031746
1566,52.2,179.6142857142857,0.9629629651705424,True,5.9871428571428575
1567,52.233333333333334,178.8761904761905,1.0,False,5.962539682539683
1568,52.266666666666666,179.51904761904763,0.9166666666666666,False,5.9839682539682535
1569,52.3,179.5,1.0,False,5.983333333333333
1570,52.333333333333336,178.91428571428568,1.0,False,5.963809523809523
1571,52.36666666666667,176.98571428571427,1.0,True,5.899523809523809
1572,52.4,177.89999999999998,1.0,False,5.93
1573,52.43333333333333,178.84285714285713,1.0,False,5.961428571428571
1574,52.46666666666667,181.47142857142856,1.0,False,6.049047619047618
1575,52.5,178.26666666666665,1.0,False,5.942222222222221
1576,52.53333333333333,174.48095238095235,0.9537037014961244,False,5.816031746031745
1577,52.56666666666666,172.39365079365078,0.9351851940155028,True,5.746455026455026
1578,52.6,176.10158730158733,0.9351851940155028,True,5.87005291005291
1579,52.63333333333333,178.94285714285715,1.0,False,5.964761904761904
1580,52.666666666666664,180.6952380952381,1.0,False,6.023174603174604
1581,52.7,181.74285714285713,1.0,False,6.058095238095238
1582,52.733333333333334,181.31428571428572,1.0,False,6.043809523809523
1583,52.766666666666666,180.25714285714284,1.0,False,6.008571428571428
1584,52.8,178.75238095238095,1.0,False,5.9584126984126975
1585,52.833333333333336,178.6952380952381,1.0,False,5.956507936507936
1586,52.86666666666667,179.63809523809525,1.0,False,5.987936507936508
1587,52.9,181.4,1.0,True,6.046666666666667
1588,52.93333333333333,181.0476190476191,1.0,False,6.034920634920636
1589,52.96666666666667,179.98095238095237,1.0,False,5.999365079365079
1590,53.0,179.4857142857143,1.0,False,5.982857142857143
1591,53.03333333333333,181.25714285714287,1.0,False,6.041904761904762
1592,53.06666666666666,181.9047619047619,1.0,False,6.063492063492063
1593,53.1,181.98095238095235,1.0,False,6.0660317460317446
1594,53.13333333333333,181.53809523809517,1.0,False,6.051269841269839
1595,53.166666666666664,181.39047619047616,1.0,False,6.0463492063492055
1596,53.2,181.16666666666669,1.0,True,6.03888888888889
1597,53.233333333333334,180.85714285714286,1.0,False,6.028571428571429
1598,53.266666666666666,181.0238095238095,1.0,False,6.034126984126984
1599,53.3,181.32380952380947,1.0,False,6.044126984126983
1600,53.333333333333336,181.36190476190473,0.9351851940155028,True,6.045396825396825
1601,53.36666666666667,181.08571428571426,1.0,False,6.036190476190475
1602,53.4,182.03809523809522,1.0,False,6.0679365079365075
1603,53.43333333333333,182.47619047619045,1.0,False,6.082539682539681
1604,53.46666666666667,182.55238095238093,1.0,False,6.085079365079364
1605,53.5,181.53333333333333,1.0,False,6.051111111111111
1606,53.53333333333333,181.26666666666668,1.0,False,6.042222222222223
1607,53.56666666666666,181.04761904761904,1.0,True,6.034920634920634
1608,53.6,182.6285714285714,1.0,False,6.0876190476190475
1609,53.63333333333333,182.18095238095236,1.0,False,6.072698412698412
1610,53.666666666666664,181.74285714285716,1.0,False,6.058095238095238
1611,53.7,180.71428571428572,1.0,False,6.023809523809523
1612,53.733333333333334,180.9904761904762,1.0,False,6.033015873015872
1613,53.766666666666666,180.38095238095238,1.0,True,6.012698412698413
1614,53.8,181.39999999999998,1.0,False,6.046666666666667
1615,53.833333333333336,182.18095238095236,1.0,False,6.072698412698412
1616,53.86666666666667,182.56190476190477,1.0,False,6.085396825396826
1617,53.9,182.3619047619048,1.0,True,6.078730158730159
1618,53.93333333333333,182.1619047619048,1.0,False,6.072063492063492
1619,53.96666666666667,181.83809523809524,1.0,False,6.061269841269841
1620,54.0,181.58095238095234,1.0,True,6.052698412698412
1621,54.03333333333333,181.77142857142854,1.0,False,6.059047619047618
1622,54.06666666666666,181.8761904761905,1.0,False,6.062539682539682
1623,54.1,181.8253968253968,0.9444444378217062,True,6.060846560846562
1624,54.13333333333333,181.50793650793648,1.0,True,6.050264550264551
1625,54.166666666666664,181.48571428571424,1.0,False,6.049523809523809
1626,54.2,181.47619047619042,1.0,False,6.049206349206348
1627,54.233333333333334,181.447619047619,1.0,False,6.048253968253967
1628,54.266666666666666,181.247619047619,1.0,False,6.041587301587301
1629,54.3,181.44761904761899,1.0,False,6.0482539682539675
1630,54.333333333333336,181.98571428571424,1.0,True,6.066190476190475
1631,54.36666666666667,182.58095238095234,1.0,False,6.086031746031745
1632,54.4,183.0333333333333,1.0,True,6.101111111111109
1633,54.43333333333333,182.7428571428571,1.0,False,6.09142857142857
1634,54.46666666666667,181.17619047619044,1.0,False,6.039206349206348
1635,54.5,179.28571428571422,1.0,False,5.9761904761904745
1636,54.53333333333333,179.11428571428567,1.0,False,5.97047619047619
1637,54.56666666666666,181.37142857142854,1.0,False,6.045714285714285
1638,54.6,181.9333333333333,1.0,False,6.064444444444444
1639,54.63333333333333,181.3142857142857,1.0,False,6.043809523809523
1640,54.666666666666664,180.9904761904762,1.0,False,6.033015873015873
1641,54.7,182.13333333333335,1.0,False,6.071111111111111
1642,54.733333333333334,182.01428571428573,1.0,True,6.067142857142857
1643,54.766666666666666,181.86666666666667,1.0,False,6.062222222222222
1644,54.8,182.3857142857143,0.9814814726511636,True,6.07952380952381
1645,54.833333333333336,183.64761904761906,1.0,False,6.121587301587301
1646,54.86666666666667,183.71904761904764,1.0,False,6.123968253968254
1647,54.9,182.22857142857143,1.0,False,6.074285714285714
1648,54.93333333333333,179.87142857142857,0.990740736325582,False,5.995714285714285
1649,54.96666666666667,180.1547619047619,0.9904761910438538,False,6.00515873015873
1650,55.0,181.6142857142857,1.0,False,6.053809523809523
1651,55.03333333333333,182.9452380952381,0.9904761910438538,True,6.098174603174603
1652,55.06666666666666,181.56190476190477,1.0,False,6.052063492063493
1653,55.1,180.1261904761905,0.9509803851445516,False,6.004206349206348
1654,55.13333333333333,179.23333333333332,0.9629629651705424,True,5.974444444444443
1655,55.166666666666664,179.65714285714282,1.0,False,5.988571428571427
1656,55.2,179.78253968253966,1.0,True,5.992751322751322
1657,55.233333333333334,179.86984126984123,1.0,True,5.995661375661375
1658,55.266666666666666,180.03809523809522,1.0,False,6.00126984126984
1659,55.3,180.31428571428572,1.0,True,6.01047619047619
1660,55.333333333333336,180.66666666666669,1.0,False,6.022222222222222
1661,55.36666666666667,181.17142857142855,0.9537037014961244,True,6.0390476190476186
1662,55.4,180.9190476190476,1.0,False,6.0306349206349195
1663,55.43333333333333,179.98095238095237,1.0,False,5.99936507936508
1664,55.46666666666667,178.51904761904763,1.0,True,5.950634920634921
1665,55.5,178.4,1.0,False,5.946666666666666
1666,55.53333333333333,179.92857142857142,1.0,False,5.997619047619047
1667,55.56666666666666,184.22857142857143,0.9714285731315612,True,6.14095238095238
1668,55.6,182.19999999999996,0.990740736325582,False,6.073333333333333
1669,55.63333333333333,177.49523809523808,1.0,False,5.916507936507935
1670,55.666666666666664,173.47142857142856,1.0,False,5.782380952380952
1671,55.7,174.53333333333333,1.0,False,5.817777777777777
1672,55.733333333333334,173.81904761904758,1.0,True,5.793968253968253
1673,55.766666666666666,173.3333333333333,1.0,True,5.777777777777777
1674,55.8,172.87619047619043,1.0,True,5.762539682539682
1675,55.833333333333336,171.84761904761902,1.0,False,5.728253968253967
1676,55.86666666666667,172.40476190476193,1.0,False,5.746825396825396
1677,55.9,174.34285714285716,1.0,False,5.811428571428571
1678,55.93333333333333,175.74285714285713,1.0,False,5.858095238095237
1679,55.96666666666667,175.03809523809525,1.0,False,5.834603174603175
1680,56.0,174.07619047619048,1.0,True,5.802539682539683
1681,56.03333333333333,174.5142857142857,1.0,False,5.817142857142857
1682,56.06666666666666,175.08095238095237,1.0,False,5.836031746031746
1683,56.1,175.64761904761903,1.0,False,5.854920634920634
1684,56.13333333333333,175.547619047619,1.0,True,5.8515873015873
1685,56.166666666666664,177.10476190476186,1.0,False,5.903492063492062
1686,56.2,178.3190476190476,1.0,False,5.9439682539682535
1687,56.233333333333334,179.07619047619048,1.0,False,5.969206349206349
1688,56.266666666666666,178.06666666666666,1.0,False,5.935555555555555
1689,56.3,177.45714285714283,1.0,False,5.915238095238094
1690,56.333333333333336,176.7428571428571,1.0,True,5.89142857142857
1691,56.36666666666667,177.25714285714284,1.0,False,5.908571428571428
1692,56.4,178.3047619047619,1.0,False,5.943492063492063
1693,56.43333333333333,178.79047619047623,1.0,False,5.95968253968254
1694,56.46666666666667,179.58095238095237,1.0,False,5.986031746031745
1695,56.5,180.9333333333333,1.0,False,6.03111111111111
1696,56.53333333333333,180.98095238095235,1.0,False,6.032698412698411
1697,56.56666666666666,179.6952380952381,1.0,False,5.989841269841269
1698,56.6,178.61904761904762,1.0,False,5.953968253968254
1699,56.63333333333333,179.1809523809524,1.0,False,5.972698412698412
1700,56.666666666666664,179.8142857142857,1.0,False,5.9938095238095235
1701,56.7,180.5238095238095,1.0,False,6.017460317460317
1702,56.733333333333334,180.19523809523807,1.0,True,6.006507936507937
1703,56.766666666666666,179.89523809523808,1.0,False,5.996507936507936
1704,56.8,179.5857142857143,1.0,False,5.986190476190476
1705,56.833333333333336,179.87619047619046,1.0,False,5.995873015873015
1706,56.86666666666667,180.26666666666662,1.0,False,6.0088888888888885
1707,56.9,180.98095238095232,1.0,True,6.032698412698412
1708,56.93333333333333,179.86666666666662,1.0,False,5.995555555555555
1709,56.96666666666667,179.53333333333327,1.0,False,5.984444444444444
1710,57.0,179.98095238095232,1.0,False,5.999365079365078
1711,57.03333333333333,180.29523809523806,1.0,False,6.009841269841269
1712,57.06666666666666,180.37619047619046,1.0,False,6.012539682539682
1713,57.1,181.17142857142855,1.0,False,6.0390476190476186
1714,57.13333333333333,182.0333333333333,1.0,True,6.067777777777776
1715,57.166666666666664,181.83809523809518,1.0,False,6.06126984126984
1716,57.2,181.75714285714284,1.0,False,6.058571428571427
1717,57.233333333333334,181.39047619047616,1.0,False,6.046349206349206
1718,57.266666666666666,181.45714285714286,1.0,False,6.048571428571429
1719,57.3,180.62380952380954,1.0,False,6.020793650793651
1720,57.333333333333336,179.63809523809522,1.0,False,5.9879365079365074
1721,57.36666666666667,179.24285714285713,1.0,True,5.974761904761904
1722,57.4,180.1190476190476,1.0,False,6.003968253968252
1723,57.43333333333333,180.54761904761904,1.0,False,6.018253968253966
1724,57.46666666666667,181.13809523809522,1.0,True,6.037936507936506
1725,57.5,181.9142857142857,1.0,False,6.063809523809524
1726,57.53333333333333,182.63333333333333,1.0,False,6.087777777777777
1727,57.56666666666666,181.85714285714283,1.0,False,6.061904761904762
1728,57.6,180.84761904761905,1.0,False,6.028253968253967
1729,57.63333333333333,180.48253968253968,0.9722222288449606,True,6.016084656084656
1730,57.666666666666664,181.65079365079367,0.9722222288449606,True,6.055026455026455
1731,57.7,182.14285714285714,1.0,False,6.071428571428571
1732,57.733333333333334,182.3095238095238,0.9722222288449606,True,6.076984126984126
1733,57.766666666666666,181.23809523809518,1.0,False,6.041269841269839
1734,57.8,179.00476190476186,0.9814814726511636,True,5.966825396825396
1735,57.833333333333336,175.91428571428568,1.0,False,5.863809523809524
1736,57.86666666666667,174.05238095238093,1.0,False,5.801746031746031
1737,57.9,173.19047619047618,1.0,False,5.773015873015873
1738,57.93333333333333,171.31428571428572,1.0,False,5.71047619047619
1739,57.96666666666667,169.27619047619044,1.0,False,5.642539682539682
1740,58.0,168.62857142857143,0.9722222288449606,True,5.62095238095238
1741,58.03333333333333,169.95238095238093,0.990740736325582,True,5.665079365079364
1742,58.06666666666666,169.50476190476186,1.0,False,5.650158730158729
1743,58.1,168.46666666666664,1.0,False,5.615555555555555
1744,58.13333333333333,167.74285714285713,1.0,False,5.591428571428571
1745,58.166666666666664,168.30476190476193,0.990740736325582,True,5.61015873015873
1746,58.2,168.8952380952381,1.0,False,5.62984126984127
1747,58.233333333333334,168.8190476190476,1.0,False,5.627301587301587
1748,58.266666666666666,168.4571428571428,1.0,False,5.6152380952380945
1749,58.3,168.19047619047615,0.990740736325582,True,5.606349206349205
1750,58.333333333333336,168.72380952380954,1.0,False,5.624126984126984
1751,58.36666666666667,168.8857142857143,1.0,False,5.629523809523809
1752,58.4,168.65238095238095,1.0,True,5.621746031746031
1753,58.43333333333333,168.47619047619048,1.0,False,5.6158730158730155
1754,58.46666666666667,168.40476190476187,1.0,True,5.613492063492062
1755,58.5,170.27619047619044,1.0,False,5.675873015873014
1756,58.53333333333333,173.6428571428571,1.0,False,5.788095238095237
1757,58.56666666666666,175.2285714285714,1.0,False,5.840952380952381
1758,58.6,173.03809523809522,1.0,False,5.767936507936508
1759,58.63333333333333,170.76190476190473,1.0,False,5.692063492063491
1760,58.666666666666664,170.7428571428571,1.0,False,5.69142857142857
1761,58.7,171.46666666666664,1.0,False,5.715555555555555
1762,58.733333333333334,172.81904761904758,1.0,False,5.76063492063492
1763,58.766666666666666,175.19047619047618,1.0,False,5.8396825396825385
1764,58.8,177.01904761904763,1.0,False,5.9006349206349205
1765,58.833333333333336,176.58095238095237,1.0,False,5.886031746031746
1766,58.86666666666667,175.9333333333333,1.0,False,5.864444444444444
1767,58.9,175.9333333333333,1.0,False,5.864444444444444
1768,58.93333333333333,175.46666666666664,1.0,False,5.848888888888888
1769,58.96666666666667,174.34285714285713,1.0,False,5.8114285714285705
1770,59.0,174.41904761904763,1.0,False,5.813968253968254
1771,59.03333333333333,175.40952380952382,1.0,False,5.846984126984127
1772,59.06666666666666,176.1142857142857,1.0,True,5.87047619047619
1773,59.1,176.27619047619044,1.0,False,5.875873015873015
1774,59.13333333333333,176.3333333333333,1.0,False,5.877777777777776
1775,59.166666666666664,176.33333333333331,1.0,False,5.877777777777776
1776,59.2,177.03809523809522,1.0,False,5.9012698412698406
1777,59.233333333333334,176.8095238095238,1.0,False,5.893650793650792
1778,59.266666666666666,176.047619047619,1.0,False,5.868253968253967
1779,59.3,175.3380952380952,1.0,False,5.844603174603174
1780,59.333333333333336,176.6190476190476,1.0,False,5.887301587301587
1781,59.36666666666667,179.37619047619043,0.990740736325582,True,5.979206349206348
1782,59.4,179.447619047619,1.0,False,5.981587301587301
1783,59.43333333333333,177.3238095238095,1.0,False,5.91079365079365
1784,59.46666666666667,175.2095238095238,1.0,False,5.8403174603174595
1785,59.5,175.77619047619044,0.9595959583918252,True,5.859206349206349
1786,59.53333333333333,176.17142857142855,1.0,False,5.8723809523809525
1787,59.56666666666666,176.45238095238093,1.0,False,5.881746031746031
1788,59.6,176.39047619047614,1.0,True,5.879682539682539
1789,59.63333333333333,176.05714285714282,1.0,False,5.868571428571428
1790,59.666666666666664,175.94285714285712,1.0,True,5.864761904761905
1791,59.7,176.0285714285714,1.0,False,5.867619047619047
1792,59.733333333333334,176.33333333333331,1.0,False,5.877777777777778
1793,59.766666666666666,177.17142857142855,1.0,False,5.905714285714285
1794,59.8,177.65714285714284,1.0,False,5.921904761904762
1795,59.833333333333336,177.73333333333332,1.0,False,5.924444444444445
1796,59.86666666666667,176.31428571428575,1.0,False,5.877142857142858
1797,59.9,174.99047619047622,1.0,False,5.833015873015874
1798,59.93333333333333,174.63809523809527,1.0,False,5.821269841269842
1799,59.96666666666667,175.32380952380953,1.0,False,5.8441269841269845
1800,60.0,175.56190476190474,1.0,False,5.8520634920634915
1801,60.03333333333333,175.4380952380952,1.0,True,5.847936507936508
1802,60.06666666666666,176.56571428571425,1.0,False,5.88552380952381
1803,60.1,177.7161904761905,1.0,False,5.923873015873016
1804,60.13333333333333,178.28952380952384,1.0,True,5.942984126984127
1805,60.166666666666664,177.79999999999998,0.990740736325582,True,5.926666666666667
1806,60.2,177.5333333333333,1.0,True,5.917777777777777
1807,60.233333333333334,177.58666666666664,0.9814814726511636,True,5.919555555555555
1808,60.266666666666666,175.93142857142854,1.0,False,5.864380952380952
1809,60.3,174.17714285714285,0.9722222288449606,False,5.8059047619047615
1810,60.333333333333336,173.75714285714287,0.9444444378217062,True,5.791904761904761
1811,60.36666666666667,174.6285714285714,1.0,False,5.820952380952381
1812,60.4,173.89047619047616,0.9714285731315612,True,5.7963492063492055
1813,60.43333333333333,172.9238095238095,1.0,False,5.7641269841269835
1814,60.46666666666667,172.87142857142857,0.9722222089767456,True,5.762380952380952
1815,60.5,173.50476190476186,0.96875,True,5.783492063492063
1816,60.53333333333333,173.3238095238095,1.0,False,5.777460317460316
1817,60.56666666666666,172.17142857142855,1.0,True,5.739047619047619
1818,60.6,170.33333333333331,0.9803921580314636,True,5.677777777777777
1819,60.63333333333333,168.66666666666669,1.0,True,5.622222222222222
1820,60.666666666666664,164.60000000000002,0.9537037014961244,True,5.486666666666667
1821,60.7,173.25714285714287,1.0,False,5.775238095238095
1822,60.733333333333334,183.01904761904763,0.990740736325582,False,6.100634920634921
1823,60.766666666666666,184.67936507936508,0.9803921580314636,True,6.155978835978836
1824,60.8,170.17777777777778,0.9259259303410848,True,5.672592592592593
1825,60.833333333333336,164.7238095238095,1.0,False,5.490793650793649
1826,60.86666666666667,162.30476190476188,1.0,False,5.410158730158729
1827,60.9,163.29523809523806,1.0,False,5.443174603174602
1828,60.93333333333333,162.2952380952381,1.0,False,5.4098412698412695
1829,60.96666666666667,162.84761904761902,1.0,False,5.428253968253967
1830,61.0,161.57142857142856,1.0,False,5.385714285714284
1831,61.03333333333333,161.1174603174603,0.9722222288449606,True,5.37058201058201
1832,61.06666666666666,160.95873015873013,0.990740736325582,True,5.365291005291005
1833,61.1,161.51428571428573,1.0,False,5.383809523809524
1834,61.13333333333333,162.0952380952381,1.0,False,5.4031746031746035
1835,61.166666666666664,162.09841269841272,0.9629629651705424,True,5.403280423280424
1836,61.2,161.04444444444442,0.9166666666666666,True,5.368148148148148
1837,61.233333333333334,160.46666666666664,1.0,False,5.348888888888888
1838,61.266666666666666,160.26666666666665,1.0,False,5.342222222222222
1839,61.3,160.33333333333334,0.9861111044883728,True,5.344444444444445
1840,61.333333333333336,160.3047619047619,0.9814814726511636,True,5.3434920634920635
1841,61.36666666666667,160.39047619047616,0.9814814726511636,False,5.346349206349206
1842,61.4,160.66666666666669,0.9537037014961244,True,5.355555555555556
1843,61.43333333333333,161.22857142857143,0.9722222288449606,False,5.3742857142857146
1844,61.46666666666667,158.39999999999998,0.9814814726511636,False,5.28
1845,61.5,164.7238095238095,1.0,False,5.49079365079365
1846,61.53333333333333,171.23333333333332,0.9814814726511636,False,5.707777777777777
1847,61.56666666666666,169.0,0.9537037014961244,False,5.633333333333334
1848,61.6,156.82857142857142,1.0,False,5.227619047619048
1849,61.63333333333333,153.27142857142854,1.0,False,5.109047619047619
1850,61.666666666666664,155.4142857142857,1.0,False,5.18047619047619
1851,61.7,156.15714285714284,1.0,False,5.205238095238095
1852,61.733333333333334,155.68571428571425,1.0,False,5.189523809523809
1853,61.766666666666666,154.55714285714285,0.9305555522441864,False,5.151904761904761
1854,61.8,156.71904761904761,0.990740736325582,False,5.223968253968254
1855,61.833333333333336,160.8,1.0,False,5.359999999999999
1856,61.86666666666667,164.64761904761906,0.9814814726511636,False,5.488253968253969
1857,61.9,165.4095238095238,1.0,False,5.513650793650793
1858,61.93333333333333,166.09523809523807,1.0,False,5.536507936507936
1859,61.96666666666667,166.71428571428572,1.0,False,5.557142857142857
1860,62.0,167.47619047619048,1.0,True,5.582539682539682
1861,62.03333333333333,167.29523809523806,1.0,False,5.5765079365079355
1862,62.06666666666666,168.21904761904756,1.0,False,5.607301587301587
1863,62.1,169.11428571428567,1.0,False,5.637142857142856
1864,62.13333333333333,169.2,0.961904764175415,True,5.64
1865,62.166666666666664,168.2285714285714,1.0,False,5.607619047619046
1866,62.2,168.2190476190476,0.9722222288449606,True,5.607301587301587
1867,62.233333333333334,168.66666666666666,1.0,False,5.622222222222222
1868,62.266666666666666,168.92857142857142,1.0,False,5.630952380952381
1869,62.3,169.47619047619045,1.0,False,5.649206349206349
1870,62.333333333333336,170.64285714285714,0.9629629651705424,True,5.688095238095237
1871,62.36666666666667,171.0095238095238,1.0,False,5.70031746031746
1872,62.4,171.26190476190476,1.0,False,5.708730158730158
1873,62.43333333333333,170.83809523809524,1.0,False,5.6946031746031744
1874,62.46666666666667,170.08571428571426,1.0,False,5.66952380952381
1875,62.5,170.27619047619046,1.0,False,5.675873015873016
1876,62.53333333333333,171.63809523809522,1.0,False,5.721269841269841
1877,62.56666666666666,172.17142857142855,0.9814814726511636,True,5.739047619047619
1878,62.6,171.8190476190476,1.0,False,5.727301587301587
1879,62.63333333333333,172.20952380952377,1.0,False,5.74031746031746
1880,62.666666666666664,172.39047619047616,0.9537037014961244,True,5.746349206349206
1881,62.7,172.05714285714285,1.0,False,5.735238095238095
1882,62.733333333333334,173.09523809523807,1.0,False,5.76984126984127
1883,62.766666666666666,174.03809523809522,1.0,False,5.801269841269841
1884,62.8,173.20476190476188,1.0,False,5.773492063492063
1885,62.833333333333336,171.99047619047616,1.0,False,5.733015873015872
1886,62.86666666666667,172.89047619047616,0.990740736325582,True,5.763015873015872
1887,62.9,173.30476190476188,1.0,False,5.776825396825397
1888,62.93333333333333,172.76666666666665,1.0,False,5.7588888888888885
1889,62.96666666666667,172.06666666666666,1.0,False,5.735555555555555
1890,63.0,172.59047619047618,1.0,False,5.7530158730158725
1891,63.03333333333333,172.58095238095237,1.0,False,5.752698412698412
1892,63.06666666666666,172.46666666666664,1.0,False,5.748888888888889
1893,63.1,172.76190476190473,1.0,False,5.758730158730159
1894,63.13333333333333,173.94285714285715,1.0,False,5.798095238095238
1895,63.166666666666664,174.44285714285715,1.0,False,5.814761904761904
1896,63.2,173.87619047619046,1.0,False,5.795873015873015
1897,63.233333333333334,173.32857142857142,1.0,True,5.777619047619047
1898,63.266666666666666,173.7380952380952,1.0,False,5.79126984126984
1899,63.3,173.9,1.0,False,5.796666666666666
1900,63.333333333333336,173.8333333333333,1.0,True,5.794444444444443
1901,63.36666666666667,173.75238095238092,1.0,False,5.791746031746031
1902,63.4,174.04285714285714,1.0,True,5.801428571428571
1903,63.43333333333333,174.16190476190474,1.0,False,5.805396825396825
1904,63.46666666666667,173.69523809523807,0.9629629651705424,True,5.789841269841269
1905,63.5,172.99999999999997,1.0,False,5.766666666666666
1906,63.53333333333333,173.2571428571428,1.0,False,5.775238095238095
1907,63.56666666666666,174.1333333333333,1.0,False,5.804444444444444
1908,63.6,174.49523809523808,1.0,False,5.816507936507937
1909,63.63333333333333,174.29999999999998,1.0,False,5.81
1910,63.666666666666664,174.16190476190474,1.0,False,5.805396825396825
1911,63.7,174.05238095238093,1.0,True,5.801746031746031
1912,63.733333333333334,174.6285714285714,1.0,False,5.820952380952381
1913,63.766666666666666,174.59523809523807,1.0,False,5.81984126984127
1914,63.8,174.60952380952378,1.0,False,5.82031746031746
1915,63.833333333333336,174.7142857142857,1.0,False,5.823809523809523
1916,63.86666666666667,175.4095238095238,1.0,False,5.846984126984126
1917,63.9,175.28571428571428,1.0,False,5.842857142857142
1918,63.93333333333333,175.24761904761903,1.0,True,5.8415873015873006
1919,63.96666666666667,175.7238095238095,1.0,False,5.857460317460317
1920,64.0,175.84285714285713,1.0,False,5.861428571428571
1921,64.03333333333333,175.8095238095238,1.0,False,5.86031746031746
1922,64.06666666666666,175.89047619047616,1.0,True,5.863015873015872
1923,64.1,175.7,1.0,False,5.856666666666666
1924,64.13333333333333,175.29999999999998,1.0,False,5.843333333333333
1925,64.16666666666667,175.06666666666666,1.0,True,5.835555555555555
1926,64.2,175.3333333333333,0.9814814726511636,True,5.844444444444443
1927,64.23333333333333,175.4857142857143,1.0,True,5.8495238095238085
1928,64.26666666666667,175.75238095238092,1.0,False,5.858412698412698
1929,64.3,176.1285714285714,1.0,False,5.870952380952381
1930,64.33333333333333,174.7238095238095,1.0,False,5.824126984126983
1931,64.36666666666666,173.73333333333332,1.0,False,5.79111111111111
1932,64.4,173.95238095238096,1.0,False,5.798412698412698
1933,64.43333333333334,174.84285714285713,1.0,False,5.828095238095237
1934,64.46666666666667,174.3142857142857,1.0,False,5.81047619047619
1935,64.5,174.06666666666666,1.0,True,5.8022222222222215
1936,64.53333333333333,174.33333333333331,1.0,True,5.811111111111111
1937,64.56666666666666,174.49999999999997,1.0,True,5.8166666666666655
1938,64.6,174.66666666666666,1.0,True,5.822222222222221
1939,64.63333333333333,172.81904761904758,1.0,True,5.76063492063492
1940,64.66666666666667,183.0857142857143,1.0,False,6.102857142857142
1941,64.7,186.5095238095238,0.9814814726511636,False,6.216984126984126
1942,64.73333333333333,183.05714285714285,1.0,False,6.101904761904762
1943,64.76666666666667,173.08571428571426,1.0,False,5.769523809523808
1944,64.8,175.8380952380952,0.9895833333333334,True,5.8612698412698405
1945,64.83333333333333,175.6190476190476,1.0,False,5.853968253968253
1946,64.86666666666666,175.047619047619,1.0,False,5.834920634920634
1947,64.9,175.3047619047619,1.0,False,5.843492063492063
1948,64.93333333333334,176.29523809523812,1.0,False,5.876507936507936
1949,64.96666666666667,176.17142857142855,1.0,False,5.8723809523809525
1950,65.0,175.21904761904761,1.0,True,5.840634920634921
1951,65.03333333333333,174.96666666666667,1.0,False,5.832222222222223
1952,65.06666666666666,175.07619047619048,1.0,False,5.835873015873015
1953,65.1,175.16666666666666,1.0,True,5.838888888888888
1954,65.13333333333333,175.25714285714287,1.0,False,5.84190476190476
1955,65.16666666666667,175.25238095238092,1.0,False,5.841746031746031
1956,65.2,175.28571428571428,1.0,False,5.842857142857142
1957,65.23333333333333,175.89523809523808,1.0,False,5.863174603174603
1958,65.26666666666667,176.25714285714284,1.0,False,5.875238095238094
1959,65.3,176.46666666666664,1.0,False,5.882222222222222
1960,65.33333333333333,176.69999999999996,1.0,False,5.889999999999999
1961,65.36666666666666,176.79999999999995,1.0,False,5.893333333333332
1962,65.4,175.16666666666669,1.0,True,5.838888888888888
1963,65.43333333333334,173.64761904761906,1.0,False,5.788253968253968
1964,65.46666666666667,173.1761904761905,1.0,False,5.772539682539683
1965,65.5,173.33333333333331,1.0,True,5.777777777777777
1966,65.53333333333333,173.33333333333334,1.0,False,5.777777777777778
1967,65.56666666666666,173.13333333333335,1.0,True,5.771111111111112
1968,65.6,173.9047619047619,1.0,False,5.796825396825397
1969,65.63333333333333,175.2380952380952,1.0,False,5.841269841269841
1970,65.66666666666667,175.8285714285714,1.0,False,5.860952380952381
1971,65.7,175.45714285714283,1.0,False,5.848571428571428
1972,65.73333333333333,174.70476190476188,1.0,False,5.823492063492062
1973,65.76666666666667,175.27619047619046,1.0,False,5.842539682539682
1974,65.8,175.86666666666667,1.0,False,5.862222222222221
1975,65.83333333333333,176.1142857142857,0.9444444378217062,True,5.87047619047619
1976,65.86666666666666,175.73333333333332,1.0,False,5.857777777777777
1977,65.9,175.87619047619046,1.0,False,5.862539682539682
1978,65.93333333333334,176.34285714285713,1.0,False,5.878095238095238
1979,65.96666666666667,176.46666666666664,1.0,False,5.8822222222222225
1980,66.0,176.72380952380954,1.0,False,5.89079365079365
1981,66.03333333333333,176.66666666666669,1.0,True,5.888888888888888
1982,66.06666666666666,176.66666666666669,1.0,True,5.888888888888888
1983,66.1,176.66666666666669,1.0,False,5.888888888888888
1984,66.13333333333333,176.83809523809524,1.0,True,5.894603174603175
1985,66.16666666666667,176.03809523809525,1.0,False,5.867936507936507
1986,66.2,175.46666666666667,1.0,False,5.848888888888889
1987,66.23333333333333,175.77142857142857,1.0,False,5.859047619047619
1988,66.26666666666667,176.0952380952381,1.0,False,5.869841269841269
1989,66.3,176.26190476190473,1.0,False,5.875396825396825
1990,66.33333333333333,176.67619047619047,1.0,False,5.889206349206349
1991,66.36666666666666,177.36666666666665,1.0,True,5.912222222222221
1992,66.4,176.97142857142853,1.0,False,5.899047619047618
1993,66.43333333333334,176.4523809523809,1.0,True,5.88174603174603
1994,66.46666666666667,177.27619047619044,1.0,False,5.9092063492063485
1995,66.5,177.18095238095236,1.0,False,5.906031746031745
1996,66.53333333333333,176.3904761904762,1.0,False,5.879682539682539
1997,66.56666666666666,175.07619047619045,1.0,True,5.835873015873016
1998,66.6,175.1333333333333,1.0,False,5.837777777777776
1999,66.63333333333333,175.37142857142854,1.0,False,5.845714285714285
2000,66.66666666666667,176.047619047619,1.0,False,5.868253968253967
2001,66.7,177.51428571428568,1.0,False,5.9171428571428555
2002,66.73333333333333,176.68571428571425,1.0,False,5.8895238095238085
2003,66.76666666666667,175.81904761904758,1.0,False,5.8606349206349195
2004,66.8,175.7761904761904,1.0,False,5.859206349206348
2005,66.83333333333333,176.79999999999995,1.0,False,5.893333333333332
2006,66.86666666666666,175.86190476190473,0.9722222288449606,True,5.862063492063491
2007,66.9,174.95238095238093,1.0,False,5.831746031746031
2008,66.93333333333334,174.75714285714287,1.0,False,5.825238095238094
2009,66.96666666666667,175.1428571428571,1.0,False,5.838095238095237
2010,67.0,175.69523809523807,1.0,True,5.856507936507936
2011,67.03333333333333,176.247619047619,1.0,False,5.874920634920634
2012,67.06666666666666,175.6285714285714,1.0,False,5.854285714285713
2013,67.1,175.58095238095237,1.0,False,5.8526984126984125
2014,67.13333333333333,175.83809523809524,1.0,False,5.8612698412698405
2015,67.16666666666667,175.8095238095238,1.0,False,5.86031746031746
2016,67.2,175.45714285714286,1.0,False,5.848571428571427
2017,67.23333333333333,175.87619047619046,1.0,False,5.862539682539682
2018,67.26666666666667,176.1428571428571,0.990740736325582,True,5.87142857142857
2019,67.3,175.55238095238096,1.0,False,5.851746031746032
2020,67.33333333333333,175.59047619047618,1.0,False,5.853015873015872
2021,67.36666666666666,176.27619047619044,1.0,False,5.875873015873015
2022,67.4,176.62857142857138,1.0,False,5.887619047619046
2023,67.43333333333334,176.96190476190472,1.0,False,5.8987301587301575
2024,67.46666666666667,176.89523809523808,1.0,False,5.896507936507936
2025,67.5,178.17142857142858,1.0,False,5.939047619047619
2026,67.53333333333333,177.7904761904762,1.0,False,5.926349206349206
2027,67.56666666666666,177.25714285714284,1.0,False,5.9085714285714275
2028,67.6,175.36190476190473,1.0,False,5.845396825396825
2029,67.63333333333333,176.37142857142854,1.0,False,5.8790476190476175
2030,67.66666666666667,176.0857142857143,1.0,False,5.869523809523809
2031,67.7,177.41904761904763,1.0,False,5.913968253968254
2032,67.73333333333333,177.8761904761905,1.0,False,5.929206349206349
2033,67.76666666666667,178.08571428571426,1.0,False,5.936190476190475
2034,67.8,177.27619047619044,1.0,False,5.9092063492063485
2035,67.83333333333333,177.41904761904757,1.0,False,5.913968253968252
2036,67.86666666666666,177.25714285714284,1.0,False,5.9085714285714275
2037,67.9,176.1428571428571,1.0,False,5.871428571428571
2038,67.93333333333334,175.92857142857142,1.0,True,5.864285714285715
2039,67.96666666666667,175.97142857142856,1.0,False,5.865714285714286
2040,68.0,175.74761904761903,1.0,True,5.858253968253967
2041,68.03333333333333,175.8095238095238,1.0,False,5.86031746031746
2042,68.06666666666666,176.90952380952382,1.0,False,5.896984126984127
2043,68.1,177.8190476190476,1.0,False,5.927301587301588
2044,68.13333333333333,177.39047619047616,1.0,False,5.913015873015873
2045,68.16666666666667,176.70476190476185,1.0,False,5.890158730158729
2046,68.2,177.2190476190476,1.0,False,5.907301587301586
2047,68.23333333333333,177.85714285714283,1.0,False,5.928571428571428
2048,68.26666666666667,176.9904761904762,1.0,False,5.89968253968254
2049,68.3,177.22857142857143,1.0,False,5.907619047619048
2050,68.33333333333333,176.98095238095235,1.0,False,5.8993650793650785
2051,68.36666666666666,177.0380952380952,1.0,False,5.9012698412698406
2052,68.4,176.28571428571425,1.0,False,5.876190476190475
2053,68.43333333333334,176.8380952380952,1.0,False,5.894603174603174
2054,68.46666666666667,177.2,1.0,False,5.906666666666665
2055,68.5,178.047619047619,1.0,False,5.934920634920633
2056,68.53333333333333,178.89523809523808,1.0,False,5.963174603174602
2057,68.56666666666666,179.13333333333333,1.0,False,5.971111111111111
2058,68.6,179.07142857142856,1.0,True,5.969047619047619
2059,68.63333333333333,178.6952380952381,1.0,False,5.956507936507935
2060,68.66666666666667,178.38571428571427,1.0,True,5.946190476190475
2061,68.7,178.59047619047618,1.0,False,5.953015873015872
2062,68.73333333333333,179.11904761904762,1.0,False,5.970634920634921
2063,68.76666666666667,179.8952380952381,1.0,True,5.996507936507936
2064,68.8,179.49999999999997,1.0,False,5.9833333333333325
2065,68.83333333333333,178.81904761904758,1.0,False,5.960634920634919
2066,68.86666666666666,178.35714285714283,1.0,True,5.945238095238094
2067,68.9,178.58095238095237,1.0,False,5.952698412698412
2068,68.93333333333334,178.8595238095238,1.0,False,5.9619841269841265
2069,68.96666666666667,179.14761904761903,1.0,False,5.971587301587301
2070,69.0,179.3142857142857,1.0,True,5.977142857142856
2071,69.03333333333333,179.16666666666663,1.0,True,5.9722222222222205
2072,69.06666666666666,179.06666666666663,1.0,True,5.968888888888888
2073,69.1,179.0333333333333,1.0,False,5.967777777777776
2074,69.13333333333333,179.09444444444443,1.0,True,5.969814814814814
2075,69.16666666666667,179.231746031746,1.0,True,5.9743915343915335
2076,69.2,179.31428571428572,1.0,False,5.977142857142857
2077,69.23333333333333,179.4,1.0,True,5.9799999999999995
2078,69.26666666666667,179.13333333333333,1.0,False,5.971111111111111
2079,69.3,179.00952380952378,1.0,False,5.9669841269841255
2080,69.33333333333333,178.54285714285712,1.0,False,5.951428571428571
2081,69.36666666666666,178.37142857142854,1.0,False,5.945714285714285
2082,69.4,178.66666666666666,1.0,False,5.955555555555556
2083,69.43333333333334,179.46666666666667,1.0,False,5.982222222222223
2084,69.46666666666667,179.75238095238095,1.0,True,5.991746031746032
2085,69.5,179.66666666666663,0.990740736325582,True,5.988888888888888
2086,69.53333333333333,179.66666666666663,1.0,False,5.988888888888888
2087,69.56666666666666,179.6952380952381,1.0,False,5.9898412698412695
2088,69.6,179.46666666666667,1.0,False,5.982222222222223
2089,69.63333333333333,179.9904761904762,1.0,False,5.9996825396825395
2090,69.66666666666667,179.60952380952378,1.0,False,5.986984126984127
2091,69.7,178.79999999999995,1.0,False,5.959999999999999
2092,69.73333333333333,177.77142857142857,1.0,False,5.925714285714285
2093,69.76666666666667,177.94285714285712,1.0,True,5.9314285714285715
2094,69.8,178.1142857142857,1.0,False,5.937142857142857
2095,69.83333333333333,178.75238095238095,1.0,True,5.9584126984126975
2096,69.86666666666666,178.96190476190478,1.0,False,5.965396825396826
2097,69.9,178.64761904761903,1.0,False,5.954920634920635
2098,69.93333333333334,178.24761904761903,1.0,False,5.941587301587301
2099,69.96666666666667,178.3333333333333,1.0,True,5.944444444444443
2100,70.0,178.39047619047616,1.0,True,5.946349206349205
2101,70.03333333333333,178.2190476190476,1.0,False,5.94063492063492
2102,70.06666666666666,177.5666666666666,0.9814814726511636,True,5.918888888888888
2103,70.1,177.31428571428566,1.0,False,5.9104761904761896
2104,70.13333333333333,178.1238095238095,1.0,True,5.937460317460316
2105,70.16666666666667,179.1047619047619,1.0,False,5.9701587301587296
2106,70.2,179.19523809523807,1.0,True,5.973174603174602
2107,70.23333333333333,179.17142857142852,1.0,False,5.972380952380951
2108,70.26666666666667,179.81904761904758,1.0,True,5.993968253968252
2109,70.3,180.5238095238095,1.0,False,6.0174603174603165
2110,70.33333333333333,180.76666666666665,1.0,True,6.025555555555555
2111,70.36666666666666,180.75238095238095,1.0,False,6.025079365079364
2112,70.4,179.93333333333334,1.0,False,5.997777777777777
2113,70.43333333333334,178.7333333333333,1.0,False,5.957777777777777
2114,70.46666666666667,177.85714285714283,1.0,False,5.928571428571429
2115,70.5,178.1428571428571,1.0,False,5.938095238095237
2116,70.53333333333333,178.35238095238094,1.0,False,5.945079365079365
2117,70.56666666666666,179.1809523809524,1.0,False,5.972698412698413
2118,70.6,179.84761904761905,1.0,False,5.994920634920635
2119,70.63333333333333,180.2,1.0,True,6.006666666666666
2120,70.66666666666667,179.63809523809522,1.0,False,5.9879365079365074
2121,70.7,178.77142857142854,1.0,False,5.9590476190476185
2122,70.73333333333333,178.65714285714284,1.0,False,5.955238095238095
2123,70.76666666666667,178.33333333333334,1.0,False,5.944444444444444
2124,70.8,179.25714285714284,1.0,False,5.975238095238095
2125,70.83333333333333,179.7238095238095,1.0,False,5.990793650793651
2126,70.86666666666666,179.13333333333333,1.0,False,5.97111111111111
2127,70.9,178.1428571428571,1.0,False,5.9380952380952365
2128,70.93333333333334,177.79999999999995,1.0,False,5.926666666666666
2129,70.96666666666667,177.87619047619046,1.0,False,5.929206349206349
2130,71.0,178.48571428571427,1.0,False,5.949523809523809
2131,71.03333333333333,179.75238095238095,1.0,False,5.991746031746032
2132,71.06666666666666,179.67619047619047,1.0,False,5.9892063492063485
2133,71.1,179.03809523809525,1.0,False,5.967936507936508
2134,71.13333333333333,178.5904761904762,1.0,False,5.953015873015872
2135,71.16666666666667,178.4095238095238,1.0,False,5.946984126984126
2136,71.2,178.35238095238097,1.0,False,5.945079365079364
2137,71.23333333333333,178.46666666666667,1.0,False,5.948888888888888
2138,71.26666666666667,177.98095238095237,1.0,False,5.932698412698412
2139,71.3,178.05714285714285,1.0,True,5.935238095238094
2140,71.33333333333333,177.67619047619044,1.0,False,5.922539682539681
2141,71.36666666666666,177.6095238095238,1.0,False,5.920317460317459
2142,71.4,178.2095238095238,1.0,False,5.940317460317459
2143,71.43333333333334,178.7142857142857,1.0,False,5.957142857142856
2144,71.46666666666667,178.09523809523807,1.0,False,5.936507936507935
2145,71.5,177.82857142857142,1.0,True,5.9276190476190465
2146,71.53333333333333,178.5047619047619,1.0,False,5.950158730158728
2147,71.56666666666666,178.69999999999996,1.0,False,5.956666666666666
2148,71.6,178.53333333333333,1.0,False,5.9511111111111115
2149,71.63333333333333,178.0809523809524,1.0,True,5.936031746031747
2150,71.66666666666667,178.2285714285714,1.0,False,5.94095238095238
2151,71.7,177.6333333333333,1.0,False,5.921111111111109
2152,71.73333333333333,178.19999999999996,1.0,False,5.939999999999999
2153,71.76666666666667,178.95714285714283,1.0,False,5.965238095238094
2154,71.8,179.73333333333332,1.0,False,5.991111111111111
2155,71.83333333333333,179.08095238095234,1.0,True,5.969365079365078
2156,71.86666666666666,179.3142857142857,1.0,False,5.977142857142856
2157,71.9,178.63333333333333,1.0,False,5.9544444444444435
2158,71.93333333333334,177.51428571428568,1.0,False,5.9171428571428555
2159,71.96666666666667,176.94285714285712,1.0,False,5.898095238095237
2160,72.0,178.84761904761905,1.0,False,5.9615873015873015
2161,72.03333333333333,179.3095238095238,1.0,False,5.976984126984127
2162,72.06666666666666,178.8380952380952,1.0,False,5.96126984126984
2163,72.1,178.6333333333333,1.0,True,5.954444444444443
2164,72.13333333333333,179.6285714285714,1.0,False,5.987619047619047
2165,72.16666666666667,179.54761904761907,1.0,False,5.984920634920635
2166,72.2,179.61904761904762,1.0,False,5.987301587301587
2167,72.23333333333333,179.22857142857143,1.0,False,5.974285714285714
2168,72.26666666666667,178.88571428571427,1.0,False,5.962857142857142
2169,72.3,178.37142857142854,1.0,False,5.945714285714285
2170,72.33333333333333,178.59047619047615,1.0,False,5.953015873015872
2171,72.36666666666666,178.79523809523806,1.0,False,5.959841269841268
2172,72.4,179.4095238095238,1.0,False,5.980317460317459
2173,72.43333333333334,179.6142857142857,1.0,True,5.987142857142856
2174,72.46666666666667,179.24761904761905,1.0,False,5.974920634920634
2175,72.5,179.07142857142856,1.0,False,5.969047619047618
2176,72.53333333333333,179.5333333333333,1.0,False,5.984444444444444
2177,72.56666666666666,179.96190476190475,1.0,False,5.998730158730157
2178,72.6,179.78095238095233,1.0,False,5.992698412698411
2179,72.63333333333333,179.64761904761903,1.0,False,5.988253968253967
2180,72.66666666666667,179.39999999999998,1.0,False,5.9799999999999995
2181,72.7,179.2095238095238,1.0,False,5.973650793650793
2182,72.73333333333333,179.16190476190476,1.0,False,5.9720634920634925
2183,72.76666666666667,179.40952380952382,1.0,False,5.98031746031746
2184,72.8,179.99047619047622,1.0,False,5.9996825396825395
2185,72.83333333333333,180.31428571428572,1.0,False,6.01047619047619
2186,72.86666666666666,179.86666666666667,0.9722222288449606,True,5.995555555555555
2187,72.9,178.39047619047616,1.0,False,5.946349206349206
2188,72.93333333333334,177.63809523809522,1.0,False,5.92126984126984
2189,72.96666666666667,177.89523809523808,1.0,False,5.929841269841269
2190,73.0,178.32380952380953,1.0,False,5.944126984126983
2191,73.03333333333333,178.5047619047619,1.0,False,5.95015873015873
2192,73.06666666666666,178.3047619047619,1.0,False,5.943492063492063
2193,73.1,178.33333333333337,1.0,True,5.944444444444445
2194,73.13333333333333,178.3047619047619,1.0,True,5.943492063492063
2195,73.16666666666667,178.2190476190476,1.0,False,5.94063492063492
2196,73.2,179.23809523809524,1.0,False,5.974603174603174
2197,73.23333333333333,180.34285714285713,1.0,False,6.011428571428571
2198,73.26666666666667,180.5047619047619,1.0,False,6.016825396825396
2199,73.3,179.33333333333331,1.0,False,5.977777777777777
2200,73.33333333333333,178.83809523809524,1.0,False,5.96126984126984
2201,73.36666666666666,178.85714285714283,1.0,False,5.961904761904761
2202,73.4,179.02857142857138,1.0,True,5.9676190476190465
2203,73.43333333333334,178.98571428571427,1.0,True,5.966190476190476
2204,73.46666666666667,179.02857142857138,1.0,False,5.9676190476190465
2205,73.5,179.1523809523809,0.990740736325582,True,5.97174603174603
2206,73.53333333333333,179.33333333333331,1.0,True,5.977777777777776
2207,73.56666666666666,179.4285714285714,1.0,True,5.980952380952379
2208,73.6,179.89523809523806,1.0,False,5.9965079365079355
2209,73.63333333333333,180.4523809523809,1.0,False,6.015079365079364
2210,73.66666666666667,180.69523809523804,1.0,False,6.023174603174603
2211,73.7,180.30476190476188,1.0,True,6.01015873015873
2212,73.73333333333333,180.25714285714284,1.0,False,6.008571428571428
2213,73.76666666666667,179.67619047619044,1.0,False,5.989206349206348
2214,73.8,179.99999999999994,1.0,False,5.999999999999998
2215,73.83333333333333,180.7333333333333,1.0,False,6.024444444444444
2216,73.86666666666666,180.62857142857143,1.0,False,6.020952380952381
2217,73.9,179.40952380952382,1.0,False,5.98031746031746
2218,73.93333333333334,178.96190476190475,1.0,False,5.965396825396825
2219,73.96666666666667,179.3761904761905,1.0,False,5.979206349206349
2220,74.0,179.36190476190478,1.0,False,5.9787301587301585
2221,74.03333333333333,179.47142857142856,1.0,True,5.982380952380953
2222,74.06666666666666,179.66666666666666,1.0,False,5.988888888888889
2223,74.1,180.0142857142857,1.0,False,6.00047619047619
2224,74.13333333333333,180.80952380952377,1.0,False,6.026984126984127
2225,74.16666666666667,181.4095238095238,1.0,False,6.0469841269841265
2226,74.2,181.4761904761905,1.0,True,6.04920634920635
2227,74.23333333333333,180.94285714285715,1.0,False,6.031428571428571
2228,74.26666666666667,180.3047619047619,1.0,False,6.01015873015873
2229,74.3,179.78095238095239,1.0,False,5.992698412698413
2230,74.33333333333333,179.60952380952378,1.0,True,5.986984126984127
2231,74.36666666666666,179.66666666666663,1.0,False,5.988888888888888
2232,74.4,179.60952380952378,1.0,True,5.986984126984127
2233,74.43333333333334,179.98095238095237,1.0,False,5.999365079365079
2234,74.46666666666667,179.5047619047619,1.0,False,5.983492063492063
2235,74.5,179.8380952380952,1.0,False,5.994603174603173
2236,74.53333333333333,180.67619047619044,1.0,False,6.022539682539682
2237,74.56666666666666,181.1333333333333,1.0,False,6.037777777777777
2238,74.6,179.67619047619047,1.0,False,5.989206349206349
2239,74.63333333333333,177.96190476190478,1.0,False,5.932063492063492
2240,74.66666666666667,178.1904761904762,1.0,False,5.93968253968254
2241,74.7,178.63809523809525,1.0,False,5.954603174603175
2242,74.73333333333333,179.2952380952381,1.0,False,5.976507936507936
2243,74.76666666666667,179.5809523809524,0.990740736325582,True,5.986031746031745
2244,74.8,180.49523809523808,1.0,False,6.016507936507937
2245,74.83333333333333,180.75238095238092,1.0,False,6.025079365079365
2246,74.86666666666666,180.68095238095233,1.0,True,6.022698412698412
2247,74.9,180.6380952380952,1.0,False,6.021269841269841
2248,74.93333333333334,180.38571428571424,1.0,True,6.012857142857142
2249,74.96666666666667,181.0190476190476,1.0,False,6.0339682539682515
2250,75.0,180.19523809523804,1.0,False,6.006507936507935
2251,75.03333333333333,179.7142857142857,1.0,False,5.99047619047619
2252,75.06666666666666,178.4857142857143,1.0,False,5.94952380952381
2253,75.1,179.7904761904762,1.0,False,5.993015873015873
2254,75.13333333333333,180.2190476190476,1.0,False,6.007301587301587
2255,75.16666666666667,180.67619047619047,1.0,False,6.022539682539682
2256,75.2,179.75238095238095,1.0,False,5.991746031746031
2257,75.23333333333333,179.60952380952378,1.0,False,5.986984126984126
2258,75.26666666666667,179.66666666666663,1.0,True,5.988888888888888
2259,75.3,179.52380952380955,1.0,True,5.984126984126984
2260,75.33333333333333,180.1809523809524,1.0,False,6.006031746031746
2261,75.36666666666666,180.647619047619,1.0,False,6.021587301587301
2262,75.4,180.7333333333333,1.0,False,6.024444444444443
2263,75.43333333333334,180.27619047619044,1.0,True,6.009206349206347
2264,75.46666666666667,180.47619047619045,1.0,False,6.015873015873014
2265,75.5,179.39999999999998,1.0,False,5.979999999999999
2266,75.53333333333333,178.01904761904763,1.0,False,5.933968253968254
2267,75.56666666666666,177.03333333333333,1.0,False,5.901111111111111
2268,75.6,177.05714285714282,1.0,False,5.901904761904761
2269,75.63333333333333,176.747619047619,1.0,True,5.8915873015873
2270,75.66666666666667,176.8095238095238,1.0,False,5.893650793650793
2271,75.7,177.4047619047619,1.0,True,5.913492063492064
2272,75.73333333333333,177.54285714285712,1.0,False,5.918095238095237
2273,75.76666666666667,177.6285714285714,1.0,False,5.9209523809523805
2274,75.8,177.48571428571427,1.0,False,5.916190476190476
2275,75.83333333333333,177.3904761904762,1.0,False,5.9130158730158735
2276,75.86666666666666,178.07619047619048,1.0,False,5.935873015873015
2277,75.9,178.3095238095238,1.0,False,5.943650793650793
2278,75.93333333333334,178.44761904761904,1.0,False,5.948253968253968
2279,75.96666666666667,179.30952380952382,1.0,True,5.976984126984128
2280,76.0,179.48571428571427,1.0,False,5.982857142857143
2281,76.03333333333333,178.8142857142857,1.0,False,5.960476190476189
2282,76.06666666666666,177.8285714285714,1.0,False,5.9276190476190465
2283,76.1,177.9238095238095,1.0,False,5.93079365079365
2284,76.13333333333333,177.73333333333332,1.0,False,5.924444444444444
2285,76.16666666666667,179.19047619047618,1.0,False,5.973015873015872
2286,76.2,179.67619047619044,1.0,False,5.9892063492063485
2287,76.23333333333333,179.78095238095236,1.0,False,5.992698412698411
2288,76.26666666666667,179.36190476190475,1.0,False,5.9787301587301585
2289,76.3,178.47619047619045,1.0,False,5.9492063492063485
2290,76.33333333333333,177.54285714285714,1.0,False,5.918095238095237
2291,76.36666666666666,178.88571428571424,1.0,False,5.962857142857142
2292,76.4,180.1238095238095,1.0,False,6.004126984126985
2293,76.43333333333334,180.26666666666668,1.0,False,6.0088888888888885
2294,76.46666666666667,179.4857142857143,1.0,False,5.982857142857143
2295,76.5,179.15238095238095,1.0,False,5.971746031746031
2296,76.53333333333333,178.16666666666666,1.0,False,5.938888888888888
2297,76.56666666666666,177.76190476190476,1.0,False,5.925396825396825
2298,76.6,177.79047619047617,1.0,True,5.926349206349205
2299,76.63333333333333,178.1047619047619,1.0,False,5.9368253968253955
2300,76.66666666666667,177.39999999999998,1.0,True,5.913333333333332
2301,76.7,177.26666666666668,1.0,False,5.908888888888889
2302,76.73333333333333,177.7761904761905,1.0,False,5.925873015873016
2303,76.76666666666667,178.17142857142855,1.0,True,5.939047619047619
2304,76.8,177.52380952380952,1.0,False,5.917460317460317
2305,76.83333333333333,177.64761904761906,1.0,False,5.921587301587301
2306,76.86666666666666,178.63809523809522,1.0,False,5.954603174603175
2307,76.9,179.35238095238097,1.0,False,5.978412698412699
2308,76.93333333333334,178.6095238095238,1.0,False,5.953650793650793
2309,76.96666666666667,178.38095238095235,1.0,False,5.946031746031745
2310,77.0,178.39047619047616,1.0,False,5.946349206349206
2311,77.03333333333333,178.79999999999998,1.0,False,5.959999999999999
2312,77.06666666666666,178.37142857142854,1.0,False,5.945714285714286
2313,77.1,178.87619047619046,1.0,False,5.962539682539682
2314,77.13333333333333,178.96190476190478,1.0,False,5.965396825396825
2315,77.16666666666667,179.19999999999996,1.0,False,5.973333333333333
2316,77.2,178.35238095238094,1.0,False,5.945079365079364
2317,77.23333333333333,177.7047619047619,1.0,False,5.923492063492063
2318,77.26666666666667,177.55238095238093,1.0,False,5.9184126984126975
2319,77.3,177.9428571428571,1.0,False,5.931428571428571
2320,77.33333333333333,178.0285714285714,1.0,True,5.934285714285714
2321,77.36666666666666,178.0,1.0,True,5.933333333333333
2322,77.4,177.97142857142856,1.0,False,5.932380952380952
2323,77.43333333333334,178.0857142857143,1.0,False,5.936190476190477
2324,77.46666666666667,178.33333333333331,1.0,False,5.944444444444444
2325,77.5,177.96190476190475,1.0,False,5.932063492063492
2326,77.53333333333333,178.1619047619047,1.0,False,5.9387301587301575
2327,77.56666666666666,178.01428571428568,1.0,False,5.933809523809524
2328,77.6,177.99047619047616,1.0,False,5.933015873015872
2329,77.63333333333333,177.49047619047616,1.0,True,5.916349206349206
2330,77.66666666666667,179.047619047619,1.0,False,5.9682539682539675
2331,77.7,179.36666666666662,1.0,False,5.978888888888888
2332,77.73333333333333,179.79047619047617,1.0,False,5.993015873015872
2333,77.76666666666667,178.7142857142857,1.0,False,5.957142857142856
2334,77.8,177.9904761904762,1.0,False,5.933015873015874
2335,77.83333333333333,177.02857142857144,1.0,False,5.900952380952381
2336,77.86666666666666,177.97142857142856,1.0,False,5.932380952380952
2337,77.9,178.9428571428571,1.0,False,5.964761904761904
2338,77.93333333333334,178.65714285714282,1.0,False,5.955238095238094
2339,77.96666666666667,178.2380952380952,1.0,False,5.941269841269841
2340,78.0,178.43809523809523,1.0,False,5.947936507936507
2341,78.03333333333333,178.8285714285714,1.0,False,5.96095238095238
2342,78.06666666666666,178.5333333333333,1.0,False,5.95111111111111
2343,78.1,178.27619047619046,1.0,True,5.942539682539683
2344,78.13333333333333,178.33333333333331,1.0,False,5.944444444444445
2345,78.16666666666667,178.44761904761904,1.0,False,5.948253968253968
2346,78.2,177.96190476190472,1.0,False,5.932063492063492
2347,78.23333333333333,177.4,1.0,False,5.913333333333333
2348,78.26666666666667,177.16190476190474,1.0,False,5.905396825396824
2349,78.3,177.78095238095236,1.0,False,5.926031746031745
2350,78.33333333333333,178.19047619047615,1.0,False,5.939682539682539
2351,78.36666666666666,178.3904761904762,1.0,False,5.946349206349206
2352,78.4,178.33333333333337,1.0,False,5.944444444444445
2353,78.43333333333334,178.33333333333334,1.0,True,5.944444444444445
2354,78.46666666666667,178.21904761904761,1.0,True,5.94063492063492
2355,78.5,178.84761904761902,1.0,False,5.961587301587301
2356,78.53333333333333,178.78095238095239,1.0,False,5.959365079365079
2357,78.56666666666666,178.4095238095238,1.0,False,5.946984126984127
2358,78.6,177.5142857142857,1.0,False,5.917142857142856
2359,78.63333333333333,178.23809523809524,1.0,False,5.941269841269841
2360,78.66666666666667,178.8190476190476,1.0,False,5.96063492063492
2361,78.7,179.08571428571426,1.0,False,5.969523809523809
2362,78.73333333333333,178.9238095238095,1.0,False,5.964126984126983
2363,78.76666666666667,179.04761904761904,1.0,False,5.9682539682539675
2364,78.8,179.19999999999996,1.0,False,5.973333333333332
2365,78.83333333333333,178.8571428571428,1.0,False,5.961904761904761
2366,78.86666666666666,178.19047619047615,1.0,True,5.939682539682538
2367,78.9,178.2380952380952,1.0,False,5.941269841269841
2368,78.93333333333334,178.73333333333332,1.0,False,5.957777777777777
2369,78.96666666666667,179.34285714285713,1.0,False,5.9780952380952375
2370,79.0,179.1333333333333,1.0,False,5.97111111111111
2371,79.03333333333333,179.05714285714282,1.0,False,5.968571428571427
2372,79.06666666666666,179.19999999999996,1.0,False,5.973333333333333
2373,79.1,179.26666666666665,1.0,False,5.975555555555555
2374,79.13333333333333,179.48571428571427,1.0,False,5.982857142857143
2375,79.16666666666667,178.95238095238093,1.0,False,5.965079365079364
2376,79.2,179.6952380952381,1.0,False,5.9898412698412695
2377,79.23333333333333,180.50476190476186,1.0,False,6.016825396825396
2378,79.26666666666667,181.4571428571428,1.0,True,6.048571428571428
2379,79.3,179.98095238095235,1.0,False,5.999365079365079
2380,79.33333333333333,178.8285714285714,1.0,False,5.960952380952381
2381,79.36666666666666,178.2095238095238,1.0,False,5.94031746031746
2382,79.4,178.8095238095238,1.0,False,5.96031746031746
2383,79.43333333333334,179.4190476190476,1.0,False,5.98063492063492
2384,79.46666666666667,180.10476190476186,1.0,False,6.003492063492062
2385,79.5,180.47619047619045,1.0,False,6.015873015873014
2386,79.53333333333333,180.80952380952382,1.0,True,6.026984126984127
2387,79.56666666666666,180.57142857142856,1.0,False,6.019047619047619
2388,79.6,179.64761904761906,1.0,False,5.988253968253969
2389,79.63333333333333,178.58095238095234,1.0,False,5.952698412698411
2390,79.66666666666667,178.13333333333333,1.0,False,5.937777777777777
2391,79.7,179.63809523809525,1.0,False,5.9879365079365074
2392,79.73333333333333,181.07619047619048,1.0,False,6.035873015873016
2393,79.76666666666667,181.06666666666666,1.0,False,6.035555555555556
2394,79.8,180.18095238095236,1.0,False,6.006031746031746
2395,79.83333333333333,179.86666666666662,1.0,False,5.995555555555555
2396,79.86666666666666,179.68571428571425,1.0,False,5.989523809523809
2397,79.9,178.81904761904758,1.0,False,5.96063492063492
2398,79.93333333333334,178.67619047619044,1.0,False,5.955873015873015
2399,79.96666666666667,178.55238095238093,1.0,True,5.951746031746032
2400,80.0,178.99999999999997,1.0,True,5.966666666666667
2401,80.03333333333333,179.3047619047619,1.0,True,5.976825396825396
2402,80.06666666666666,179.78095238095236,1.0,False,5.992698412698412
2403,80.1,180.19047619047618,1.0,False,6.006349206349205
2404,80.13333333333333,180.50476190476186,1.0,True,6.0168253968253955
2405,80.16666666666667,179.96190476190472,1.0,False,5.998730158730157
2406,80.2,179.4571428571428,1.0,False,5.981904761904761
2407,80.23333333333333,179.06190476190474,1.0,False,5.968730158730158
2408,80.26666666666667,179.08571428571423,1.0,False,5.969523809523809
2409,80.3,178.80476190476188,1.0,True,5.960158730158729
2410,80.33333333333333,178.52380952380952,1.0,False,5.95079365079365
2411,80.36666666666666,179.2238095238095,1.0,False,5.9741269841269835
2412,80.4,179.95238095238093,1.0,False,5.998412698412698
2413,80.43333333333334,180.38571428571424,1.0,False,6.012857142857142
2414,80.46666666666667,180.27619047619046,1.0,False,6.009206349206348
2415,80.5,180.947619047619,1.0,True,6.0315873015873
2416,80.53333333333333,180.947619047619,1.0,False,6.031587301587301
2417,80.56666666666666,180.7190476190476,1.0,False,6.023968253968253
2418,80.6,180.80476190476188,1.0,True,6.026825396825395
2419,80.63333333333333,181.10476190476186,1.0,False,6.036825396825396
2420,80.66666666666667,180.82380952380947,1.0,False,6.027460317460317
2421,80.7,180.30476190476188,0.9814814726511636,True,6.01015873015873
2422,80.73333333333333,179.85714285714283,1.0,True,5.995238095238094
2423,80.76666666666667,179.98095238095237,1.0,False,5.99936507936508
2424,80.8,181.22857142857143,1.0,False,6.0409523809523815
2425,80.83333333333333,180.8142857142857,1.0,False,6.027142857142857
2426,80.86666666666666,179.1428571428571,1.0,False,5.971428571428571
2427,80.9,177.79523809523806,0.9722222288449606,True,5.926507936507935
2428,80.93333333333334,178.16190476190476,1.0,False,5.9387301587301575
2429,80.96666666666667,179.45238095238093,1.0,False,5.981746031746031
2430,81.0,180.17619047619044,1.0,False,6.005873015873015
2431,81.03333333333333,180.04761904761904,1.0,False,6.001587301587301
2432,81.06666666666666,178.99523809523808,1.0,True,5.966507936507935
2433,81.1,178.91428571428565,1.0,False,5.963809523809522
2434,81.13333333333333,179.21428571428567,1.0,False,5.973809523809523
2435,81.16666666666667,180.5333333333333,1.0,False,6.017777777777776
2436,81.2,180.78095238095233,1.0,False,6.0260317460317445
2437,81.23333333333333,180.27619047619046,1.0,False,6.009206349206348
2438,81.26666666666667,179.6,1.0,False,5.986666666666666
2439,81.3,178.96190476190475,1.0,False,5.965396825396824
2440,81.33333333333333,178.69523809523807,1.0,False,5.956507936507936
2441,81.36666666666666,178.52380952380952,1.0,False,5.95079365079365
2442,81.4,178.94285714285715,1.0,False,5.964761904761905
2443,81.43333333333334,177.49523809523808,1.0,False,5.916507936507936
2444,81.46666666666667,178.49523809523808,1.0,False,5.9498412698412695
2445,81.5,178.69523809523807,1.0,False,5.956507936507936
2446,81.53333333333333,179.3428571428571,1.0,False,5.9780952380952375
2447,81.56666666666666,178.2571428571428,1.0,False,5.941904761904761
2448,81.6,178.84761904761902,1.0,False,5.9615873015873
2449,81.63333333333333,179.0190476190476,1.0,False,5.967301587301587
2450,81.66666666666667,179.3904761904762,1.0,True,5.979682539682539
2451,81.7,179.4190476190476,1.0,False,5.9806349206349205
2452,81.73333333333333,179.66666666666666,1.0,False,5.98888888888889
2453,81.76666666666667,179.43809523809526,1.0,False,5.9812698412698415
2454,81.8,178.95238095238096,1.0,False,5.965079365079365
2455,81.83333333333333,178.4095238095238,1.0,False,5.946984126984126
2456,81.86666666666666,178.7333333333333,1.0,False,5.9577777777777765
2457,81.9,178.84761904761905,1.0,False,5.961587301587301
2458,81.93333333333334,178.95238095238093,1.0,False,5.965079365079364
2459,81.96666666666667,178.94285714285712,1.0,False,5.964761904761905
2460,82.0,180.00952380952378,1.0,False,6.00031746031746
2461,82.03333333333333,179.78095238095233,1.0,False,5.992698412698412
2462,82.06666666666666,178.7428571428571,1.0,False,5.958095238095237
2463,82.1,177.68571428571428,1.0,False,5.922857142857143
2464,82.13333333333333,178.70476190476188,1.0,False,5.956825396825396
2465,82.16666666666667,180.1047619047619,1.0,False,6.003492063492063
2466,82.2,180.82857142857142,1.0,False,6.027619047619047
2467,82.23333333333333,179.88571428571427,1.0,False,5.996190476190476
2468,82.26666666666667,179.79999999999995,1.0,False,5.993333333333333
2469,82.3,180.05714285714285,1.0,False,6.001904761904762
2470,82.33333333333333,180.12380952380954,1.0,False,6.004126984126985
2471,82.36666666666666,179.8095238095238,1.0,False,5.993650793650794
2472,82.4,179.90476190476187,1.0,False,5.996825396825396
2473,82.43333333333334,179.56190476190474,1.0,False,5.985396825396824
2474,82.46666666666667,179.56190476190474,1.0,False,5.985396825396824
2475,82.5,179.87619047619046,1.0,False,5.995873015873015
2476,82.53333333333333,180.03809523809522,1.0,False,6.00126984126984
2477,82.56666666666666,179.78571428571428,1.0,False,5.992857142857143
2478,82.6,179.75238095238095,1.0,False,5.991746031746032
2479,82.63333333333333,179.49999999999997,1.0,True,5.983333333333334
2480,82.66666666666667,179.36190476190475,1.0,False,5.978730158730158
2481,82.7,178.6428571428571,1.0,False,5.954761904761904
2482,82.73333333333333,178.68571428571425,1.0,False,5.956190476190475
2483,82.76666666666667,179.65714285714284,1.0,False,5.988571428571428
2484,82.8,180.3523809523809,1.0,False,6.011746031746032
2485,82.83333333333333,180.18095238095236,1.0,False,6.006031746031745
2486,82.86666666666666,180.0190476190476,1.0,False,6.00063492063492
2487,82.9,180.08571428571426,1.0,False,6.002857142857142
2488,82.93333333333334,179.80952380952382,1.0,True,5.993650793650794
2489,82.96666666666667,178.73333333333332,1.0,False,5.957777777777777
2490,83.0,178.16190476190474,1.0,False,5.938730158730158
2491,83.03333333333333,178.65714285714284,1.0,False,5.955238095238094
2492,83.06666666666666,179.88571428571427,1.0,False,5.996190476190475
2493,83.1,179.94285714285712,1.0,False,5.998095238095238
2494,83.13333333333333,180.48571428571427,1.0,False,6.0161904761904745
2495,83.16666666666667,181.20952380952377,1.0,False,6.04031746031746
2496,83.2,180.82857142857142,1.0,False,6.027619047619047
2497,83.23333333333333,179.81904761904764,1.0,False,5.993968253968254
2498,83.26666666666667,179.84285714285713,1.0,False,5.994761904761904
2499,83.3,180.58095238095234,1.0,False,6.0193650793650795
2500,83.33333333333333,180.91904761904757,1.0,True,6.030634920634921
2501,83.36666666666666,180.9142857142857,1.0,False,6.0304761904761905
2502,83.4,180.7095238095238,0.9814814726511636,True,6.023650793650794
2503,83.43333333333334,180.36190476190475,1.0,True,6.012063492063491
2504,83.46666666666667,179.91428571428574,1.0,False,5.997142857142857
2505,83.5,179.3904761904762,1.0,False,5.979682539682539
2506,83.53333333333333,179.0285714285714,1.0,False,5.967619047619047
2507,83.56666666666666,178.88571428571422,1.0,True,5.962857142857142
2508,83.6,179.2571428571428,1.0,False,5.975238095238094
2509,83.63333333333333,179.74285714285713,1.0,False,5.99142857142857
2510,83.66666666666667,180.14285714285714,1.0,True,6.004761904761905
2511,83.7,179.9142857142857,1.0,False,5.997142857142856
2512,83.73333333333333,179.10476190476192,1.0,False,5.97015873015873
2513,83.76666666666667,179.07619047619048,1.0,False,5.969206349206349
2514,83.8,179.0857142857143,1.0,False,5.9695238095238095
2515,83.83333333333333,179.46666666666667,1.0,False,5.982222222222221
2516,83.86666666666666,178.47619047619048,1.0,False,5.9492063492063485
2517,83.9,178.66666666666666,1.0,False,5.955555555555555
2518,83.93333333333334,178.27619047619046,1.0,False,5.942539682539683
2519,83.96666666666667,179.44761904761907,1.0,False,5.981587301587302
2520,84.0,180.22857142857143,1.0,False,6.007619047619048
2521,84.03333333333333,180.6952380952381,1.0,False,6.023174603174604
2522,84.06666666666666,180.03809523809522,1.0,False,6.001269841269841
2523,84.1,179.57142857142856,1.0,False,5.985714285714286
2524,84.13333333333333,179.84761904761905,1.0,False,5.994920634920634
2525,84.16666666666667,179.87619047619046,1.0,False,5.995873015873015
2526,84.2,179.35238095238094,1.0,False,5.978412698412698
2527,84.23333333333333,181.04761904761907,1.0,False,6.034920634920635
2528,84.26666666666667,183.05714285714285,1.0,False,6.101904761904762
2529,84.3,182.8190476190476,1.0,True,6.093968253968254
2530,84.33333333333333,180.1238095238095,1.0,False,6.004126984126985
2531,84.36666666666666,179.43809523809526,1.0,False,5.9812698412698415
2532,84.4,179.6095238095238,1.0,False,5.986984126984128
2533,84.43333333333334,179.92380952380952,1.0,False,5.997460317460317
2534,84.46666666666667,179.9333333333333,1.0,False,5.997777777777777
2535,84.5,179.36190476190473,1.0,False,5.978730158730158
2536,84.53333333333333,179.65714285714282,1.0,False,5.9885714285714275
2537,84.56666666666666,180.51428571428568,1.0,False,6.017142857142856
2538,84.6,181.07619047619042,1.0,False,6.035873015873015
2539,84.63333333333333,180.81269841269838,1.0,True,6.027089947089946
2540,84.66666666666667,181.18730158730156,1.0,True,6.0395767195767185
2541,84.7,181.1523809523809,1.0,False,6.038412698412698
2542,84.73333333333333,180.9428571428571,1.0,False,6.03142857142857
2543,84.76666666666667,179.81904761904758,1.0,False,5.993968253968252
2544,84.8,178.59047619047615,1.0,False,5.953015873015872
2545,84.83333333333333,179.4952380952381,1.0,False,5.983174603174603
2546,84.86666666666666,180.9904761904762,1.0,False,6.033015873015873
2547,84.9,181.4095238095238,1.0,False,6.046984126984127
2548,84.93333333333334,180.55238095238093,1.0,False,6.018412698412698
2549,84.96666666666667,180.60952380952378,1.0,False,6.02031746031746
2550,85.0,180.30476190476188,1.0,True,6.01015873015873
2551,85.03333333333333,180.08571428571426,1.0,False,6.002857142857142
2552,85.06666666666666,180.44761904761904,1.0,False,6.014920634920634
2553,85.1,180.54285714285712,1.0,False,6.0180952380952375
2554,85.13333333333333,181.0047619047619,1.0,False,6.033492063492063
2555,85.16666666666667,181.48571428571427,1.0,False,6.049523809523809
2556,85.2,181.97619047619048,1.0,True,6.0658730158730165
2557,85.23333333333333,181.78095238095239,1.0,False,6.0593650793650795
2558,85.26666666666667,181.33809523809524,1.0,False,6.044603174603175
2559,85.3,181.0380952380952,1.0,False,6.034603174603174
2560,85.33333333333333,181.3333333333333,1.0,True,6.044444444444443
2561,85.36666666666666,181.7142857142857,1.0,False,6.057142857142856
2562,85.4,181.04285714285712,1.0,True,6.034761904761904
2563,85.43333333333334,180.2,1.0,False,6.006666666666666
2564,85.46666666666667,180.08095238095237,1.0,True,6.002698412698411
2565,85.5,180.33333333333331,1.0,False,6.011111111111109
2566,85.53333333333333,180.14761904761903,1.0,False,6.004920634920633
2567,85.56666666666666,180.48571428571427,1.0,False,6.016190476190475
2568,85.6,180.84761904761902,1.0,False,6.028253968253968
2569,85.63333333333333,180.78095238095236,1.0,True,6.026031746031745
2570,85.66666666666667,180.1428571428571,1.0,False,6.004761904761904
2571,85.7,179.45714285714286,1.0,False,5.981904761904762
2572,85.73333333333333,181.10952380952384,1.0,False,6.036984126984128
2573,85.76666666666667,182.7904761904762,1.0,False,6.093015873015873
2574,85.8,182.9,1.0,True,6.096666666666667
2575,85.83333333333333,180.95238095238093,1.0,False,6.031746031746032
2576,85.86666666666666,180.48095238095237,1.0,False,6.0160317460317465
2577,85.9,181.27142857142857,1.0,False,6.042380952380952
2578,85.93333333333334,181.99047619047624,1.0,False,6.066349206349207
2579,85.96666666666667,182.25238095238095,1.0,True,6.0750793650793655
2580,86.0,182.21428571428572,1.0,False,6.073809523809524
2581,86.03333333333333,182.03333333333336,1.0,False,6.067777777777779
2582,86.06666666666666,180.90952380952382,0.990740736325582,True,6.030317460317461
2583,86.1,181.22857142857143,1.0,False,6.040952380952381
2584,86.13333333333333,182.03333333333336,1.0,False,6.067777777777778
2585,86.16666666666667,181.61904761904765,1.0,True,6.053968253968253
2586,86.2,179.64761904761906,1.0,False,5.988253968253968
2587,86.23333333333333,179.04761904761904,1.0,False,5.968253968253968
2588,86.26666666666667,180.20952380952383,1.0,False,6.006984126984126
2589,86.3,181.2857142857143,1.0,False,6.042857142857143
2590,86.33333333333333,182.15238095238095,1.0,False,6.071746031746032
2591,86.36666666666666,182.13333333333335,1.0,False,6.071111111111112
2592,86.4,181.88571428571427,1.0,False,6.062857142857142
2593,86.43333333333334,181.31428571428572,1.0,False,6.043809523809524
2594,86.46666666666667,180.57142857142858,1.0,False,6.019047619047619
2595,86.5,180.65714285714284,1.0,False,6.021904761904762
2596,86.53333333333333,180.14285714285714,1.0,False,6.004761904761905
2597,86.56666666666666,180.04761904761907,1.0,False,6.001587301587301
2598,86.6,180.33333333333331,1.0,False,6.01111111111111
2599,86.63333333333333,180.17142857142858,1.0,False,6.005714285714286
2600,86.66666666666667,179.26190476190476,1.0,False,5.9753968253968255
2601,86.7,178.57142857142853,1.0,False,5.952380952380952
2602,86.73333333333333,178.86190476190473,1.0,True,5.962063492063491
2603,86.76666666666667,178.75238095238092,1.0,False,5.9584126984126975
2604,86.8,178.95714285714283,1.0,False,5.965238095238095
2605,86.83333333333333,179.24761904761903,1.0,False,5.974920634920633
2606,86.86666666666666,180.03809523809522,1.0,False,6.001269841269841
2607,86.9,180.5142857142857,1.0,False,6.017142857142857
2608,86.93333333333334,180.0285714285714,0.9814814726511636,True,6.000952380952381
2609,86.96666666666667,179.48571428571424,1.0,False,5.982857142857142
2610,87.0,179.48571428571427,1.0,False,5.982857142857141
2611,87.03333333333333,179.5904761904762,1.0,False,5.986349206349206
2612,87.06666666666666,179.27619047619046,1.0,False,5.975873015873016
2613,87.1,179.3190476190476,1.0,False,5.977301587301587
2614,87.13333333333333,179.36190476190478,1.0,False,5.9787301587301585
2615,87.16666666666667,179.41428571428568,1.0,True,5.980476190476191
2616,87.2,179.92380952380952,1.0,False,5.997460317460318
2617,87.23333333333333,180.36666666666662,1.0,False,6.0122222222222215
2618,87.26666666666667,180.47619047619045,1.0,False,6.015873015873014
2619,87.3,179.85714285714283,1.0,False,5.9952380952380935
2620,87.33333333333333,179.51904761904763,1.0,False,5.983968253968254
2621,87.36666666666666,179.6095238095238,1.0,False,5.986984126984127
2622,87.4,180.28095238095236,0.990740736325582,True,6.009365079365081
2623,87.43333333333334,180.29523809523803,1.0,False,6.009841269841269
2624,87.46666666666667,180.08095238095234,1.0,False,6.002698412698411
2625,87.5,179.82857142857142,1.0,False,5.994285714285714
2626,87.53333333333333,179.26666666666668,1.0,False,5.975555555555555
2627,87.56666666666666,179.76666666666668,1.0,False,5.992222222222222
2628,87.6,180.6095238095238,1.0,False,6.02031746031746
2629,87.63333333333333,180.78571428571428,1.0,True,6.026190476190477
2630,87.66666666666667,179.36190476190475,1.0,False,5.9787301587301585
2631,87.7,179.24285714285713,1.0,False,5.9747619047619045
2632,87.73333333333333,179.7142857142857,1.0,False,5.99047619047619
2633,87.76666666666667,180.14285714285714,1.0,False,6.004761904761905
2634,87.8,179.81428571428572,1.0,False,5.9938095238095235
2635,87.83333333333333,179.53333333333333,1.0,False,5.984444444444444
2636,87.86666666666666,179.5285714285714,1.0,True,5.984285714285715
2637,87.9,179.30952380952382,1.0,False,5.976984126984127
2638,87.93333333333334,179.08095238095237,1.0,False,5.969365079365079
2639,87.96666666666667,179.47142857142856,1.0,True,5.982380952380951
2640,88.0,180.04761904761904,1.0,False,6.0015873015873
2641,88.03333333333333,179.85238095238094,1.0,False,5.995079365079365
2642,88.06666666666666,179.29047619047617,1.0,False,5.976349206349206
2643,88.1,179.02857142857138,1.0,False,5.9676190476190465
2644,88.13333333333333,178.7190476190476,1.0,True,5.957301587301585
2645,88.16666666666667,178.75238095238095,1.0,False,5.9584126984126975
2646,88.2,179.9952380952381,1.0,False,5.999841269841269
2647,88.23333333333333,181.74285714285716,1.0,False,6.0580952380952375
2648,88.26666666666667,181.2857142857143,1.0,False,6.042857142857142
2649,88.3,180.2571428571428,1.0,False,6.008571428571428
2650,88.33333333333333,179.86666666666662,1.0,False,5.995555555555555
2651,88.36666666666666,180.2,1.0,False,6.006666666666666
2652,88.4,179.01904761904763,0.9814814726511636,True,5.967301587301587
2653,88.43333333333334,179.49523809523808,1.0,False,5.983174603174602
2654,88.46666666666667,181.2380952380952,1.0,False,6.041269841269841
2655,88.5,181.67619047619047,1.0,False,6.055873015873015
2656,88.53333333333333,180.52380952380952,1.0,False,6.0174603174603165
2657,88.56666666666666,180.047619047619,1.0,False,6.001587301587301
2658,88.6,181.2,1.0,False,6.039999999999999
2659,88.63333333333333,180.89523809523806,1.0,False,6.02984126984127
2660,88.66666666666667,181.19999999999996,1.0,False,6.039999999999998
2661,88.7,181.78095238095236,1.0,False,6.059365079365079
2662,88.73333333333333,182.59047619047615,1.0,True,6.0863492063492055
2663,88.76666666666667,182.0,1.0,False,6.0666666666666655
2664,88.8,181.60952380952378,1.0,True,6.053650793650793
2665,88.83333333333333,181.50476190476184,1.0,False,6.05015873015873
2666,88.86666666666666,181.49523809523805,1.0,False,6.049841269841268
2667,88.9,181.31904761904758,0.990740736325582,True,6.043968253968253
2668,88.93333333333334,181.14285714285717,1.0,False,6.038095238095238
2669,88.96666666666667,181.50000000000003,1.0,True,6.050000000000001
2670,89.0,181.82857142857142,1.0,False,6.06095238095238
2671,89.03333333333333,181.79523809523803,1.0,False,6.059841269841269
2672,89.06666666666666,181.7809523809523,1.0,True,6.059365079365078
2673,89.1,181.18095238095233,1.0,False,6.039365079365078
2674,89.13333333333333,180.58571428571426,1.0,False,6.019523809523808
2675,89.16666666666667,180.38095238095235,1.0,False,6.012698412698413
2676,89.2,180.9190476190476,1.0,True,6.030634920634921
2677,89.23333333333333,180.9142857142857,1.0,False,6.0304761904761905
2678,89.26666666666667,180.68095238095236,1.0,False,6.022698412698412
2679,89.3,180.39047619047614,1.0,False,6.013015873015871
2680,89.33333333333333,180.447619047619,1.0,True,6.0149206349206334
2681,89.36666666666666,179.81904761904758,1.0,False,5.993968253968252
2682,89.4,179.3238095238095,1.0,False,5.9774603174603165
2683,89.43333333333334,179.32380952380953,1.0,False,5.977460317460317
2684,89.46666666666667,180.1142857142857,1.0,True,6.003809523809523
2685,89.5,180.24761904761903,1.0,False,6.008253968253967
2686,89.53333333333333,179.88571428571424,1.0,False,5.996190476190475
2687,89.56666666666666,179.62619047619046,1.0,False,5.9875396825396825
2688,89.6,179.81428571428572,1.0,False,5.9938095238095235
2689,89.63333333333333,180.26428571428568,1.0,True,6.008809523809523
2690,89.66666666666667,180.49999999999997,1.0,False,6.016666666666666
2691,89.7,181.17142857142855,1.0,False,6.0390476190476186
2692,89.73333333333333,181.74285714285713,1.0,False,6.0580952380952375
2693,89.76666666666667,181.84642857142856,0.9444444378217062,True,6.061547619047619
2694,89.8,181.52142857142857,1.0,False,6.050714285714285
2695,89.83333333333333,181.3642857142857,0.9722222288449606,True,6.04547619047619
2696,89.86666666666666,181.25,0.990740736325582,True,6.041666666666667
2697,89.9,181.13571428571427,1.0,True,6.037857142857143
2698,89.93333333333334,180.97857142857143,1.0,False,6.032619047619048
2699,89.96666666666667,180.825,1.0,True,6.0275
2700,90.0,180.37142857142854,1.0,False,6.012380952380951
2701,90.03333333333333,179.43571428571425,0.9583333432674408,True,5.981190476190475
2702,90.06666666666666,178.88571428571427,1.0,False,5.962857142857143
2703,90.1,179.04285714285712,1.0,False,5.968095238095238
2704,90.13333333333333,176.5285714285714,1.0,False,5.8842857142857135
2705,90.16666666666669,173.97142857142856,1.0,False,5.799047619047619
2706,90.2,173.9238095238095,1.0,False,5.797460317460317
2707,90.23333333333332,176.49523809523808,1.0,False,5.883174603174602
2708,90.26666666666668,177.447619047619,1.0,True,5.914920634920635
2709,90.3,178.05714285714285,0.9629629651705424,True,5.935238095238095
2710,90.33333333333331,178.55238095238096,1.0,False,5.951746031746031
2711,90.36666666666666,178.78095238095239,1.0,True,5.959365079365079
2712,90.4,178.38095238095238,1.0,False,5.946031746031745
2713,90.43333333333334,178.39999999999998,1.0,False,5.946666666666666
2714,90.46666666666668,179.30476190476188,0.9629629651705424,True,5.976825396825396
2715,90.5,180.38095238095232,1.0,False,6.012698412698413
2716,90.53333333333332,180.447619047619,1.0,True,6.014920634920634
2717,90.56666666666666,180.08571428571426,1.0,False,6.002857142857142
2718,90.6,179.77142857142857,1.0,False,5.992380952380953
2719,90.63333333333333,180.32380952380953,1.0,False,6.0107936507936515
2720,90.66666666666669,179.8,1.0,False,5.993333333333334
2721,90.7,179.59047619047618,1.0,False,5.986349206349207
2722,90.73333333333332,179.25714285714287,1.0,False,5.975238095238096
2723,90.76666666666668,179.89523809523808,1.0,False,5.9965079365079355
2724,90.8,179.63809523809522,1.0,False,5.9879365079365074
2725,90.83333333333331,179.66666666666666,1.0,False,5.988888888888889
2726,90.86666666666666,179.65714285714287,1.0,True,5.988571428571429
2727,90.9,179.68571428571428,1.0,False,5.98952380952381
2728,90.93333333333334,179.768253968254,1.0,True,5.992275132275133
2729,90.96666666666668,179.91269841269843,1.0,True,5.997089947089947
2730,91.0,179.95238095238096,1.0,False,5.998412698412698
2731,91.03333333333332,179.8357142857143,1.0,True,5.99452380952381
2732,91.06666666666666,179.70952380952383,1.0,False,5.990317460317461
2733,91.1,179.7285714285714,1.0,True,5.990952380952381
2734,91.13333333333333,179.83333333333331,1.0,True,5.994444444444445
2735,91.16666666666669,179.86666666666667,1.0,True,5.995555555555556
2736,91.2,180.35714285714283,1.0,False,6.011904761904762
2737,91.23333333333332,179.84523809523807,1.0,False,5.99484126984127
2738,91.26666666666668,178.9333333333333,1.0,False,5.964444444444444
2739,91.3,179.45714285714283,1.0,False,5.981904761904762
2740,91.33333333333331,180.69523809523804,1.0,False,6.023174603174602
2741,91.36666666666666,180.37142857142854,1.0,False,6.012380952380951
2742,91.4,179.2285714285714,1.0,False,5.974285714285713
2743,91.43333333333334,179.1047619047619,1.0,False,5.9701587301587296
2744,91.46666666666668,179.1142857142857,1.0,True,5.97047619047619
2745,91.5,178.2380952380952,1.0,False,5.941269841269841
2746,91.53333333333332,178.66666666666666,1.0,False,5.955555555555554
2747,91.56666666666666,179.07619047619045,1.0,False,5.969206349206347
2748,91.6,180.73333333333335,1.0,False,6.024444444444444
2749,91.63333333333333,180.42857142857144,1.0,False,6.014285714285714
2750,91.66666666666669,180.84761904761902,1.0,False,6.028253968253968
2751,91.7,179.15238095238092,1.0,False,5.971746031746031
2752,91.73333333333332,178.96666666666664,1.0,False,5.9655555555555555
2753,91.76666666666668,179.0952380952381,1.0,False,5.969841269841269
2754,91.8,180.8047619047619,0.9814814726511636,True,6.026825396825397
2755,91.83333333333331,182.7714285714286,1.0,False,6.092380952380952
2756,91.86666666666666,182.57619047619048,1.0,False,6.085873015873016
2757,91.9,181.82857142857142,1.0,False,6.06095238095238
2758,91.93333333333334,180.4666666666666,1.0,False,6.015555555555554
2759,91.96666666666668,181.58095238095234,1.0,False,6.052698412698412
2760,92.0,181.56190476190474,1.0,False,6.052063492063493
2761,92.03333333333332,182.0190476190476,1.0,False,6.067301587301587
2762,92.06666666666666,180.29047619047614,1.0,False,6.009682539682539
2763,92.1,179.05714285714285,1.0,False,5.968571428571428
2764,92.13333333333333,178.92380952380952,0.9722222288449606,True,5.964126984126985
2765,92.16666666666669,180.04761904761907,1.0,False,6.001587301587302
2766,92.2,179.8761904761905,1.0,True,5.995873015873016
2767,92.23333333333332,179.56190476190477,1.0,False,5.985396825396825
2768,92.26666666666668,179.84285714285713,1.0,False,5.994761904761904
2769,92.3,180.247619047619,1.0,True,6.0082539682539675
2770,92.33333333333331,181.1238095238095,1.0,False,6.037460317460317
2771,92.36666666666666,181.79047619047617,1.0,False,6.05968253968254
2772,92.4,181.3904761904762,1.0,False,6.046349206349206
2773,92.43333333333334,180.2,1.0,False,6.006666666666666
2774,92.46666666666668,180.0285714285714,1.0,False,6.000952380952381
2775,92.5,180.55238095238093,1.0,False,6.018412698412698
2776,92.53333333333332,181.08571428571423,0.9722222288449606,True,6.036190476190476
2777,92.56666666666666,181.2190476190476,1.0,False,6.04063492063492
2778,92.6,180.97142857142853,1.0,True,6.032380952380952
2779,92.63333333333333,180.89523809523803,1.0,False,6.02984126984127
2780,92.66666666666669,180.96190476190472,1.0,False,6.032063492063491
2781,92.7,182.07619047619045,1.0,False,6.069206349206349
2782,92.73333333333332,182.21904761904761,1.0,False,6.073968253968253
2783,92.76666666666668,182.19047619047618,1.0,False,6.073015873015873
2784,92.8,182.04761904761904,0.990740736325582,True,6.068253968253967
2785,92.83333333333331,183.7904761904762,1.0,False,6.126349206349206
2786,92.86666666666666,183.66666666666666,1.0,False,6.122222222222222
2787,92.9,181.67619047619044,1.0,False,6.055873015873015
2788,92.93333333333334,180.9142857142857,1.0,False,6.03047619047619
2789,92.96666666666668,182.36190476190478,1.0,False,6.078730158730158
2790,93.0,183.6476190476191,1.0,True,6.121587301587302
2791,93.03333333333332,183.33333333333334,1.0,False,6.111111111111112
2792,93.06666666666666,182.85714285714286,1.0,False,6.095238095238095
2793,93.1,182.20000000000002,1.0,False,6.073333333333333
2794,93.13333333333333,181.3238095238095,1.0,False,6.044126984126985
2795,93.16666666666669,181.65714285714284,1.0,False,6.055238095238095
2796,93.2,182.42857142857142,1.0,False,6.080952380952381
2797,93.23333333333332,183.17142857142858,1.0,False,6.105714285714285
2798,93.26666666666668,182.9142857142857,1.0,True,6.097142857142856
2799,93.3,183.42857142857142,1.0,False,6.114285714285713
2800,93.33333333333331,183.39999999999998,1.0,False,6.113333333333332
2801,93.36666666666666,182.0285714285714,1.0,False,6.067619047619047
2802,93.4,180.28571428571425,1.0,False,6.009523809523809
2803,93.43333333333334,181.00952380952376,1.0,False,6.033650793650794
2804,93.46666666666668,182.847619047619,1.0,False,6.094920634920634
2805,93.5,183.247619047619,1.0,False,6.108253968253967
2806,93.53333333333332,181.5523809523809,1.0,False,6.051746031746029
2807,93.56666666666666,181.1619047619047,1.0,False,6.038730158730156
2808,93.6,181.89523809523808,1.0,False,6.063174603174603
2809,93.63333333333333,182.54761904761904,1.0,False,6.084920634920635
2810,93.66666666666669,182.02857142857144,1.0,False,6.067619047619047
2811,93.7,181.86190476190475,0.990740736325582,True,6.062063492063492
2812,93.73333333333332,181.46666666666667,1.0,False,6.0488888888888885
2813,93.76666666666668,181.38571428571427,1.0,False,6.046190476190476
2814,93.8,181.15238095238092,1.0,False,6.038412698412698
2815,93.83333333333331,181.74285714285713,1.0,False,6.0580952380952375
2816,93.86666666666666,181.33333333333334,1.0,False,6.044444444444444
2817,93.9,181.33333333333331,1.0,False,6.044444444444443
2818,93.93333333333334,180.59047619047615,1.0,False,6.019682539682538
2819,93.96666666666668,180.37142857142857,1.0,False,6.012380952380952
2820,94.0,179.46666666666667,0.9814814726511636,True,5.982222222222222
2821,94.03333333333332,179.69047619047618,1.0,False,5.989682539682539
2822,94.06666666666666,179.96190476190472,1.0,False,5.998730158730157
2823,94.1,179.80476190476185,1.0,True,5.993492063492062
2824,94.13333333333333,179.8190476190476,1.0,False,5.993968253968253
2825,94.16666666666669,180.13809523809522,1.0,False,6.004603174603174
2826,94.2,180.2,1.0,False,6.006666666666667
2827,94.23333333333332,179.6952380952381,1.0,False,5.98984126984127
2828,94.26666666666668,179.63809523809525,1.0,True,5.987936507936508
2829,94.3,179.66666666666669,1.0,True,5.988888888888889
2830,94.33333333333331,179.40952380952382,1.0,True,5.980317460317461
2831,94.36666666666666,180.6095238095238,1.0,False,6.020317460317461
2832,94.4,181.3238095238095,1.0,False,6.044126984126984
2833,94.43333333333334,181.62380952380946,1.0,False,6.054126984126984
2834,94.46666666666668,180.96190476190472,1.0,False,6.032063492063491
2835,94.5,181.13809523809525,1.0,True,6.037936507936508
2836,94.53333333333332,181.2857142857143,1.0,False,6.042857142857144
2837,94.56666666666666,181.71428571428572,1.0,False,6.057142857142857
2838,94.6,182.11428571428573,1.0,False,6.07047619047619
2839,94.63333333333333,182.30952380952382,1.0,True,6.076984126984127
2840,94.66666666666669,181.8190476190476,1.0,False,6.060634920634921
2841,94.7,181.29523809523806,1.0,False,6.043174603174603
2842,94.73333333333332,180.99047619047616,1.0,False,6.033015873015873
2843,94.76666666666668,181.1952380952381,1.0,True,6.03984126984127
2844,94.8,181.08571428571432,1.0,False,6.036190476190477
2845,94.83333333333331,181.2904761904762,1.0,True,6.043015873015873
2846,94.86666666666666,181.72380952380954,1.0,False,6.057460317460317
2847,94.9,181.94285714285712,1.0,False,6.064761904761904
2848,94.93333333333334,181.49523809523802,1.0,False,6.049841269841268
2849,94.96666666666668,181.09523809523805,1.0,False,6.036507936507936
2850,95.0,180.47142857142856,1.0,False,6.015714285714285
2851,95.03333333333332,180.06666666666666,1.0,False,6.002222222222222
2852,95.06666666666666,179.6619047619047,1.0,True,5.988730158730157
2853,95.1,180.1428571428571,1.0,False,6.004761904761904
2854,95.13333333333333,180.56666666666663,1.0,False,6.018888888888888
2855,95.16666666666669,180.4380952380952,1.0,False,6.014603174603174
2856,95.2,180.6285714285714,1.0,False,6.02095238095238
2857,95.23333333333332,180.47619047619045,1.0,False,6.015873015873016
2858,95.26666666666668,180.79999999999998,1.0,False,6.026666666666666
2859,95.3,180.9333333333333,1.0,False,6.031111111111111
2860,95.33333333333331,181.13333333333327,1.0,False,6.037777777777777
2861,95.36666666666666,181.35238095238094,1.0,False,6.045079365079365
2862,95.4,181.61904761904762,1.0,False,6.053968253968254
2863,95.43333333333334,181.67619047619047,1.0,False,6.055873015873015
2864,95.46666666666668,180.79999999999995,1.0,True,6.026666666666666
2865,95.5,181.06666666666663,1.0,False,6.035555555555555
2866,95.53333333333332,181.74285714285713,1.0,False,6.0580952380952375
2867,95.56666666666666,181.77142857142854,1.0,False,6.059047619047618
2868,95.6,181.00952380952376,1.0,False,6.033650793650793
2869,95.63333333333333,180.5523809523809,1.0,True,6.018412698412698
2870,95.66666666666669,180.69523809523804,1.0,True,6.023174603174603
2871,95.7,180.49523809523805,1.0,False,6.016507936507936
2872,95.73333333333332,180.7333333333333,1.0,False,6.024444444444443
2873,95.76666666666668,180.93333333333328,1.0,False,6.03111111111111
2874,95.8,180.72380952380948,1.0,False,6.024126984126984
2875,95.83333333333331,180.25714285714284,1.0,False,6.008571428571427
2876,95.86666666666666,180.16190476190474,1.0,False,6.005396825396825
2877,95.9,179.1238095238095,1.0,False,5.9707936507936505
2878,95.93333333333334,179.39999999999998,1.0,False,5.9799999999999995
2879,95.96666666666668,180.30952380952377,1.0,False,6.010317460317459
2880,96.0,181.26666666666662,1.0,False,6.042222222222221
2881,96.03333333333332,180.7190476190476,1.0,True,6.023968253968254
2882,96.06666666666666,181.1142857142857,1.0,False,6.037142857142857
2883,96.1,181.17619047619044,1.0,False,6.039206349206349
2884,96.13333333333333,180.55238095238093,1.0,False,6.018412698412699
2885,96.16666666666669,180.03809523809522,1.0,False,6.001269841269841
2886,96.2,180.07619047619045,1.0,False,6.002539682539681
2887,96.23333333333332,180.1619047619047,1.0,False,6.005396825396824
2888,96.26666666666668,181.3904761904762,1.0,False,6.0463492063492055
2889,96.3,180.9142857142857,1.0,False,6.03047619047619
2890,96.33333333333331,180.8952380952381,1.0,False,6.02984126984127
2891,96.36666666666666,180.8857142857143,1.0,False,6.02952380952381
2892,96.4,181.38095238095238,1.0,False,6.046031746031746
2893,96.43333333333334,180.10476190476192,1.0,False,6.003492063492064
2894,96.46666666666668,179.53333333333333,1.0,False,5.984444444444444
2895,96.5,179.82857142857145,1.0,False,5.994285714285715
2896,96.53333333333332,179.73968253968255,1.0,True,5.991322751322752
2897,96.56666666666666,179.95555555555558,1.0,True,5.998518518518519
2898,96.6,179.66666666666666,1.0,False,5.988888888888888
2899,96.63333333333333,179.94285714285715,1.0,False,5.998095238095238
2900,96.66666666666669,180.45714285714286,1.0,False,6.015238095238096
2901,96.7,181.34285714285713,1.0,False,6.044761904761905
2902,96.73333333333332,181.49523809523808,1.0,False,6.049841269841269
2903,96.76666666666668,181.3333333333333,1.0,False,6.044444444444443
2904,96.8,179.96190476190472,1.0,False,5.998730158730157
2905,96.83333333333331,180.08571428571426,1.0,False,6.002857142857142
2906,96.86666666666666,180.94285714285712,1.0,False,6.03142857142857
2907,96.9,181.81904761904758,1.0,False,6.060634920634921
2908,96.93333333333334,181.047619047619,1.0,False,6.034920634920634
2909,96.96666666666668,180.9523809523809,1.0,False,6.031746031746032
2910,97.0,181.36190476190473,1.0,True,6.045396825396825
2911,97.03333333333332,181.57142857142858,1.0,False,6.052380952380952
2912,97.06666666666666,181.42857142857144,1.0,False,6.047619047619048
2913,97.1,181.63809523809525,1.0,False,6.054603174603175
2914,97.13333333333333,182.1904761904762,1.0,False,6.073015873015874
2915,97.16666666666669,181.35238095238097,1.0,False,6.045079365079365
2916,97.2,180.94285714285712,1.0,False,6.031428571428571
2917,97.23333333333332,180.1047619047619,1.0,False,6.003492063492063
2918,97.26666666666668,179.58095238095237,1.0,False,5.986031746031745
2919,97.3,179.06190476190477,1.0,True,5.968730158730159
2920,97.33333333333331,179.97142857142856,1.0,False,5.9990476190476185
2921,97.36666666666666,180.55714285714282,1.0,True,6.018571428571429
2922,97.4,180.8857142857143,1.0,False,6.02952380952381
2923,97.43333333333334,181.21428571428572,1.0,False,6.040476190476191
2924,97.46666666666668,180.96190476190475,1.0,False,6.032063492063491
2925,97.5,180.7333333333333,1.0,False,6.024444444444443
2926,97.53333333333332,180.4380952380952,1.0,False,6.014603174603174
2927,97.56666666666666,180.3333333333333,1.0,False,6.01111111111111
2928,97.6,180.1142857142857,1.0,False,6.003809523809523
2929,97.63333333333333,180.36190476190475,1.0,False,6.012063492063492
2930,97.66666666666669,180.4095238095238,1.0,False,6.013650793650794
2931,97.7,180.3428571428571,1.0,False,6.01142857142857
2932,97.73333333333332,180.07619047619045,1.0,False,6.002539682539682
2933,97.76666666666668,179.69523809523807,1.0,False,5.9898412698412695
2934,97.8,178.9428571428571,1.0,False,5.964761904761904
2935,97.83333333333331,179.4571428571428,1.0,False,5.981904761904761
2936,97.86666666666666,180.42857142857142,1.0,False,6.014285714285714
2937,97.9,181.39999999999998,1.0,False,6.046666666666667
2938,97.93333333333334,181.30952380952377,1.0,False,6.043650793650793
2939,97.96666666666668,181.25714285714284,1.0,False,6.041904761904762
2940,98.0,181.12380952380954,1.0,True,6.037460317460318
2941,98.03333333333332,181.27619047619046,1.0,False,6.042539682539682
2942,98.06666666666666,181.23809523809524,1.0,True,6.041269841269841
2943,98.1,180.77142857142857,1.0,False,6.025714285714286
2944,98.13333333333333,180.83333333333331,1.0,False,6.027777777777777
2945,98.16666666666669,180.90476190476187,1.0,False,6.030158730158729
2946,98.2,180.17619047619044,1.0,False,6.005873015873014
2947,98.23333333333332,179.15238095238095,1.0,False,5.971746031746031
2948,98.26666666666668,179.32857142857145,0.9814814726511636,True,5.977619047619048
2949,98.3,180.24761904761908,1.0,False,6.008253968253968
2950,98.33333333333331,180.73809523809524,1.0,True,6.024603174603175
2951,98.36666666666666,181.02857142857144,1.0,False,6.034285714285715
2952,98.4,180.68571428571428,1.0,False,6.022857142857143
2953,98.43333333333334,180.4,1.0,False,6.013333333333334
2954,98.46666666666668,181.3714285714286,1.0,False,6.045714285714286
2955,98.5,180.7904761904762,1.0,False,6.026349206349207
2956,98.53333333333332,179.77142857142857,1.0,False,5.992380952380953
2957,98.56666666666666,178.97142857142853,1.0,False,5.965714285714284
2958,98.6,180.06666666666663,1.0,False,6.002222222222221
2959,98.63333333333333,180.19047619047615,1.0,False,6.0063492063492046
2960,98.66666666666669,180.79523809523806,1.0,False,6.026507936507936
2961,98.7,180.79999999999998,1.0,False,6.026666666666667
2962,98.73333333333332,180.1095238095238,1.0,True,6.003650793650794
2963,98.76666666666668,179.79047619047617,1.0,False,5.993015873015872
2964,98.8,179.66190476190474,1.0,False,5.988730158730158
2965,98.83333333333331,180.49523809523808,1.0,False,6.016507936507936
2966,98.86666666666666,180.89523809523808,1.0,False,6.02984126984127
2967,98.9,181.54285714285712,1.0,False,6.051428571428571
2968,98.93333333333334,180.8190476190476,1.0,False,6.027301587301587
2969,98.96666666666668,180.4285714285714,1.0,False,6.014285714285713
2970,99.0,180.19047619047618,1.0,False,6.0063492063492046
2971,99.03333333333332,180.75238095238095,1.0,True,6.025079365079365
2972,99.06666666666666,180.77142857142857,1.0,False,6.025714285714285
2973,99.1,180.4190476190476,1.0,False,6.013968253968253
2974,99.13333333333333,180.67619047619044,1.0,False,6.022539682539681
2975,99.16666666666669,181.20952380952377,1.0,False,6.04031746031746
2976,99.2,181.17142857142855,1.0,False,6.0390476190476186
2977,99.23333333333332,180.24761904761905,1.0,False,6.0082539682539675
2978,99.26666666666668,179.83809523809524,1.0,False,5.994603174603174
2979,99.3,180.08571428571426,1.0,False,6.002857142857143
2980,99.33333333333331,179.76190476190473,1.0,False,5.992063492063491
2981,99.36666666666666,179.58095238095237,1.0,False,5.986031746031745
2982,99.4,178.40952380952382,1.0,False,5.946984126984128
2983,99.43333333333334,179.0190476190476,1.0,False,5.967301587301588
2984,99.46666666666668,178.79047619047617,1.0,False,5.959682539682538
2985,99.5,178.29523809523806,1.0,False,5.943174603174602
2986,99.53333333333332,176.3333333333333,1.0,False,5.877777777777776
2987,99.56666666666666,175.94285714285712,1.0,False,5.864761904761904
2988,99.6,176.447619047619,1.0,False,5.881587301587301
2989,99.63333333333333,177.7523809523809,0.990740736325582,True,5.925079365079364
2990,99.66666666666669,178.59999999999994,1.0,False,5.953333333333332
2991,99.7,178.41904761904757,1.0,False,5.9473015873015855
2992,99.73333333333332,179.27619047619044,1.0,False,5.975873015873015
2993,99.76666666666668,178.43809523809523,1.0,False,5.947936507936507
2994,99.8,178.85714285714286,1.0,False,5.961904761904762
2995,99.83333333333331,178.9142857142857,1.0,False,5.963809523809523
2996,99.86666666666666,179.48571428571427,1.0,False,5.982857142857142
2997,99.9,178.0380952380952,1.0,False,5.934603174603173
2998,99.93333333333334,178.99999999999994,1.0,False,5.966666666666666
2999,99.96666666666668,180.40952380952376,1.0,False,6.013650793650793
3000,100.0,180.047619047619,1.0,False,6.001587301587301
3001,100.03333333333332,179.2238095238095,1.0,False,5.9741269841269835
3002,100.06666666666666,179.46666666666667,1.0,False,5.982222222222222
3003,100.1,181.0904761904762,1.0,True,6.036349206349207
3004,100.13333333333333,181.3714285714286,1.0,False,6.045714285714285
3005,100.16666666666669,180.44285714285712,1.0,False,6.0147619047619045
3006,100.2,178.59999999999997,1.0,False,5.953333333333332
3007,100.23333333333332,178.97142857142853,1.0,False,5.965714285714284
3008,100.26666666666668,179.52380952380952,1.0,False,5.984126984126984
3009,100.3,179.9333333333333,1.0,False,5.9977777777777765
3010,100.33333333333331,179.72380952380948,1.0,False,5.990793650793649
3011,100.36666666666666,179.90476190476187,1.0,False,5.996825396825395
3012,100.4,179.76190476190476,1.0,False,5.992063492063492
3013,100.43333333333334,179.38095238095238,1.0,False,5.979365079365079
3014,100.46666666666668,179.56190476190477,1.0,False,5.985396825396825
3015,100.5,179.23809523809524,1.0,False,5.974603174603175
3016,100.53333333333332,180.21904761904764,1.0,False,6.007301587301587
3017,100.56666666666666,181.02857142857144,1.0,False,6.034285714285715
3018,100.6,181.50000000000003,1.0,False,6.050000000000001
3019,100.63333333333333,180.8857142857143,1.0,False,6.02952380952381
3020,100.66666666666669,180.91904761904757,1.0,True,6.03063492063492
3021,100.7,180.4380952380952,1.0,False,6.014603174603175
3022,100.73333333333332,179.93809523809523,1.0,False,5.997936507936508
3023,100.76666666666668,179.49523809523808,1.0,False,5.983174603174604
3024,100.8,179.36190476190475,1.0,False,5.9787301587301585
3025,100.83333333333331,179.3904761904762,1.0,False,5.979682539682539
3026,100.86666666666666,180.14285714285714,1.0,False,6.004761904761905
3027,100.9,180.54285714285714,1.0,False,6.0180952380952375
3028,100.93333333333334,181.07619047619048,1.0,False,6.035873015873015
3029,100.96666666666668,180.19047619047615,1.0,False,6.006349206349205
3030,101.0,179.88095238095235,1.0,False,5.996031746031745
3031,101.03333333333332,179.64761904761903,1.0,False,5.988253968253967
3032,101.06666666666666,180.30952380952377,1.0,True,6.0103174603174585
3033,101.1,179.91428571428568,1.0,False,5.997142857142856
3034,101.13333333333333,180.55714285714285,1.0,False,6.018571428571428
3035,101.16666666666669,180.30476190476188,1.0,False,6.01015873015873
3036,101.2,179.23809523809524,1.0,False,5.974603174603174
3037,101.23333333333332,179.18095238095236,1.0,False,5.972698412698412
3038,101.26666666666668,180.47619047619045,1.0,False,6.015873015873015
3039,101.3,181.00952380952376,1.0,False,6.033650793650793
3040,101.33333333333331,180.83809523809518,1.0,False,6.0279365079365075
3041,101.36666666666666,181.047619047619,1.0,False,6.034920634920634
3042,101.4,180.78095238095233,1.0,False,6.026031746031745
3043,101.43333333333334,179.82857142857142,1.0,True,5.994285714285714
3044,101.46666666666668,179.73333333333332,1.0,False,5.991111111111111
3045,101.5,180.5523809523809,1.0,False,6.018412698412698
3046,101.53333333333332,181.10476190476186,1.0,False,6.036825396825396
3047,101.56666666666666,179.57142857142853,1.0,False,5.985714285714285
3048,101.6,179.28571428571428,1.0,False,5.976190476190475
3049,101.63333333333333,180.92380952380952,1.0,False,6.03079365079365
3050,101.66666666666669,181.7619047619048,1.0,False,6.058730158730159
3051,101.7,181.0857142857143,1.0,False,6.036190476190476
3052,101.73333333333332,180.59047619047615,1.0,False,6.019682539682538
3053,101.76666666666668,180.4190476190476,1.0,False,6.013968253968253
3054,101.8,180.1809523809524,1.0,False,6.006031746031746
3055,101.83333333333331,180.34285714285716,1.0,False,6.0114285714285725
3056,101.86666666666666,180.37142857142857,1.0,False,6.012380952380952
3057,101.9,179.94285714285712,1.0,True,5.998095238095237
3058,101.93333333333334,179.94285714285712,1.0,False,5.998095238095237
3059,101.96666666666668,179.58095238095237,1.0,False,5.986031746031745
3060,102.0,179.59047619047618,1.0,False,5.986349206349205
3061,102.03333333333332,180.21904761904761,1.0,False,6.007301587301587
3062,102.06666666666666,180.94285714285715,1.0,False,6.031428571428571
3063,102.1,180.9142857142857,1.0,False,6.030476190476191
3064,102.13333333333333,181.00952380952378,1.0,False,6.033650793650794
3065,102.16666666666669,180.90476190476187,1.0,False,6.030158730158729
3066,102.2,180.56190476190474,1.0,False,6.018730158730158
3067,102.23333333333332,179.91428571428568,1.0,False,5.9971428571428556
3068,102.26666666666668,180.28571428571428,1.0,False,6.0095238095238095
3069,102.3,180.54285714285714,1.0,False,6.018095238095238
3070,102.33333333333331,180.8190476190476,1.0,False,6.027301587301587
3071,102.36666666666666,180.00952380952378,1.0,False,6.00031746031746
3072,102.4,179.71428571428567,1.0,False,5.99047619047619
3073,102.43333333333334,179.6,1.0,False,5.9866666666666655
3074,102.46666666666668,179.82857142857142,1.0,False,5.994285714285714
3075,102.5,180.85714285714283,1.0,False,6.028571428571428
3076,102.53333333333332,182.08571428571426,1.0,False,6.069523809523808
3077,102.56666666666666,182.22857142857143,1.0,False,6.074285714285713
3078,102.6,180.75238095238092,1.0,False,6.025079365079365
3079,102.63333333333333,180.08571428571426,1.0,False,6.002857142857142
3080,102.66666666666669,179.77142857142857,1.0,False,5.992380952380953
3081,102.7,179.89523809523808,1.0,False,5.996507936507936
3082,102.73333333333332,180.98095238095235,1.0,False,6.032698412698413
3083,102.76666666666668,180.77142857142854,1.0,False,6.025714285714284
3084,102.8,180.28571428571425,1.0,False,6.009523809523809
3085,102.83333333333331,181.27619047619044,1.0,True,6.042539682539682
3086,102.86666666666666,182.7238095238095,1.0,False,6.090793650793651
3087,102.9,181.96190476190472,1.0,False,6.065396825396825
3088,102.93333333333334,180.6380952380952,1.0,False,6.021269841269841
3089,102.96666666666668,180.52380952380946,1.0,False,6.0174603174603165
3090,103.0,180.8380952380952,1.0,False,6.027936507936508
3091,103.03333333333332,181.69523809523807,1.0,False,6.056507936507936
3092,103.06666666666666,182.4095238095238,1.0,False,6.08031746031746
3093,103.1,182.50476190476192,1.0,False,6.083492063492064
3094,103.13333333333333,182.4761904761905,1.0,True,6.082539682539683
3095,103.16666666666669,181.81904761904764,1.0,False,6.060634920634921
3096,103.2,180.84761904761902,1.0,False,6.028253968253967
3097,103.23333333333332,180.19047619047615,1.0,True,6.0063492063492046
3098,103.26666666666668,180.2190476190476,1.0,False,6.007301587301586
3099,103.3,180.14285714285714,1.0,False,6.004761904761904
3100,103.33333333333331,180.39047619047616,1.0,False,6.013015873015871
3101,103.36666666666666,180.36666666666662,1.0,False,6.0122222222222215
3102,103.4,179.92380952380952,1.0,False,5.997460317460318
3103,103.43333333333334,179.38571428571427,1.0,True,5.97952380952381
3104,103.46666666666668,179.4190476190476,1.0,False,5.980634920634921
3105,103.5,179.62380952380954,1.0,False,5.987460317460317
3106,103.53333333333332,180.05714285714288,0.9814814726511636,True,6.001904761904762
3107,103.56666666666666,180.2047619047619,1.0,False,6.006825396825397
3108,103.6,180.0857142857143,1.0,False,6.002857142857143
3109,103.63333333333333,179.83333333333331,1.0,True,5.994444444444445
3110,103.66666666666669,179.66666666666666,1.0,False,5.988888888888889
3111,103.7,179.3761904761905,1.0,False,5.97920634920635
3112,103.73333333333332,178.26666666666665,1.0,False,5.942222222222221
3113,103.76666666666668,177.48571428571427,1.0,False,5.916190476190475
3114,103.8,178.36190476190473,1.0,False,5.945396825396824
3115,103.83333333333331,181.25714285714287,1.0,False,6.041904761904762
3116,103.86666666666666,181.6857142857143,1.0,False,6.056190476190476
3117,103.9,180.67619047619047,1.0,False,6.022539682539682
3118,103.93333333333334,179.83333333333331,1.0,False,5.994444444444444
3119,103.96666666666668,180.6952380952381,1.0,False,6.023174603174603
3120,104.0,180.86190476190478,1.0,True,6.028730158730159
3121,104.03333333333332,181.20000000000002,1.0,False,6.040000000000001
3122,104.06666666666666,180.24285714285713,1.0,False,6.008095238095238
3123,104.1,179.24761904761903,1.0,False,5.974920634920634
3124,104.13333333333333,178.96190476190472,1.0,False,5.965396825396824
3125,104.16666666666669,179.4380952380952,1.0,False,5.981269841269841
3126,104.2,179.86190476190475,1.0,False,5.995396825396825
3127,104.23333333333332,180.57142857142858,1.0,False,6.019047619047619
3128,104.26666666666668,181.30952380952382,0.9901960690816244,True,6.0436507936507935
3129,104.3,181.30476190476188,1.0,False,6.043492063492063
3130,104.33333333333331,181.6333333333333,1.0,True,6.054444444444444
3131,104.36666666666666,180.41904761904757,1.0,False,6.013968253968254
3132,104.4,178.94285714285712,1.0,False,5.964761904761904
3133,104.43333333333334,178.46666666666664,1.0,False,5.948888888888889
3134,104.46666666666668,179.35238095238094,1.0,False,5.978412698412698
3135,104.5,180.03809523809522,1.0,False,6.001269841269841
3136,104.53333333333332,180.77142857142857,1.0,False,6.025714285714286
3137,104.56666666666666,181.86666666666667,1.0,True,6.062222222222222
3138,104.6,182.07619047619048,1.0,False,6.0692063492063495
3139,104.63333333333333,181.27619047619046,1.0,False,6.042539682539682
3140,104.66666666666669,180.3142857142857,1.0,False,6.010476190476189
3141,104.7,180.19047619047618,1.0,False,6.0063492063492046
3142,104.73333333333332,180.63809523809525,1.0,False,6.0212698412698415
3143,104.76666666666668,181.2,1.0,False,6.04
3144,104.8,181.23809523809518,1.0,False,6.04126984126984
3145,104.83333333333331,181.0380952380952,1.0,False,6.034603174603174
3146,104.86666666666666,180.9428571428571,1.0,True,6.031428571428571
3147,104.9,181.2190476190476,1.0,False,6.04063492063492
3148,104.93333333333334,181.05714285714285,1.0,False,6.035238095238095
3149,104.96666666666668,180.55238095238096,1.0,True,6.018412698412699
3150,105.0,180.67619047619047,1.0,False,6.022539682539682
3151,105.03333333333332,180.98476190476188,1.0,False,6.032825396825396
3152,105.06666666666666,181.12571428571428,1.0,False,6.03752380952381
3153,105.1,180.72761904761904,1.0,True,6.024253968253969
3154,105.13333333333333,180.46666666666667,1.0,True,6.015555555555556
3155,105.16666666666669,180.20000000000002,1.0,True,6.006666666666667
3156,105.2,180.05333333333334,1.0,True,6.001777777777779
3157,105.23333333333332,179.1695238095238,1.0,False,5.972317460317461
3158,105.26666666666668,178.6342857142857,1.0,False,5.954476190476191
3159,105.3,179.2190476190476,0.990740736325582,True,5.973968253968254
3160,105.33333333333331,180.38095238095232,1.0,False,6.012698412698413
3161,105.36666666666666,180.59047619047615,1.0,True,6.019682539682539
3162,105.4,179.45714285714283,1.0,False,5.981904761904762
3163,105.43333333333334,179.33333333333331,1.0,False,5.977777777777776
3164,105.46666666666668,179.30476190476188,1.0,False,5.9768253968253955
3165,105.5,180.09047619047618,1.0,False,6.0030158730158725
3166,105.53333333333332,180.26666666666668,1.0,False,6.008888888888889
3167,105.56666666666666,181.0904761904762,1.0,True,6.036349206349207
3168,105.6,180.51428571428573,1.0,False,6.017142857142858
3169,105.63333333333333,179.8190476190476,1.0,False,5.993968253968253
3170,105.66666666666669,179.5238095238095,1.0,False,5.984126984126983
3171,105.7,180.25238095238092,1.0,True,6.008412698412698
3172,105.73333333333332,180.52380952380952,1.0,False,6.017460317460318
3173,105.76666666666668,179.85714285714286,1.0,False,5.995238095238095
3174,105.8,178.98095238095237,1.0,False,5.966031746031745
3175,105.83333333333331,178.7190476190476,1.0,True,5.957301587301586
3176,105.86666666666666,178.97142857142853,1.0,False,5.965714285714284
3177,105.9,179.1,1.0,True,5.97
3178,105.93333333333334,178.72857142857143,1.0,False,5.957619047619048
3179,105.96666666666668,178.28571428571428,1.0,False,5.942857142857142
3180,106.0,178.05238095238093,1.0,True,5.935079365079364
3181,106.03333333333332,178.3047619047619,1.0,False,5.943492063492062
3182,106.06666666666666,178.85238095238094,1.0,False,5.961746031746031
3183,106.1,179.43809523809523,1.0,False,5.981269841269841
3184,106.13333333333333,179.8380952380952,1.0,False,5.994603174603174
3185,106.16666666666669,179.33809523809524,1.0,False,5.977936507936508
3186,106.2,179.06666666666666,1.0,False,5.9688888888888885
3187,106.23333333333332,179.47142857142856,0.990740736325582,True,5.982380952380951
3188,106.26666666666668,179.96190476190472,1.0,False,5.998730158730157
3189,106.3,180.10952380952378,1.0,False,6.003650793650793
3190,106.33333333333331,179.99047619047616,1.0,False,5.999682539682538
3191,106.36666666666666,180.2,1.0,False,6.006666666666666
3192,106.4,180.27619047619044,1.0,True,6.009206349206348
3193,106.43333333333334,180.78095238095236,1.0,False,6.026031746031745
3194,106.46666666666668,180.5142857142857,1.0,False,6.017142857142857
3195,106.5,180.82857142857145,1.0,False,6.027619047619048
3196,106.53333333333332,181.25714285714284,1.0,False,6.041904761904761
3197,106.56666666666666,182.26666666666662,1.0,False,6.075555555555555
3198,106.6,181.1904761904762,1.0,False,6.0396825396825395
3199,106.63333333333333,182.33333333333334,1.0,False,6.0777777777777775
3200,106.66666666666669,183.59047619047615,1.0,False,6.119682539682539
3201,106.7,184.23809523809518,0.9537037014961244,True,6.14126984126984
3202,106.73333333333332,181.85714285714283,1.0,True,6.06190476190476
3203,106.76666666666668,180.53333333333333,1.0,False,6.017777777777776
3204,106.8,180.4190476190476,1.0,False,6.013968253968253
3205,106.83333333333331,181.13333333333333,1.0,False,6.0377777777777775
3206,106.86666666666666,181.83809523809524,1.0,True,6.061269841269841
3207,106.9,181.71428571428575,1.0,False,6.057142857142857
3208,106.93333333333334,181.2,1.0,False,6.04
3209,106.96666666666668,180.78095238095233,1.0,False,6.026031746031746
3210,107.0,180.09523809523805,1.0,False,6.003174603174603
3211,107.03333333333332,180.27619047619046,1.0,False,6.009206349206349
3212,107.06666666666666,180.93809523809523,1.0,False,6.031269841269841
3213,107.1,181.8952380952381,1.0,False,6.063174603174603
3214,107.13333333333333,181.8809523809524,1.0,True,6.062698412698413
3215,107.16666666666669,181.8761904761905,1.0,False,6.062539682539683
3216,107.2,181.5063492063492,0.9523809552192688,True,6.050211640211639
3217,107.23333333333332,180.9269841269841,0.9722222288449606,True,6.030899470899469
3218,107.26666666666668,180.2285714285714,1.0,False,6.007619047619046
3219,107.3,179.05714285714285,1.0,False,5.968571428571428
3220,107.33333333333331,179.83809523809526,1.0,False,5.994603174603174
3221,107.36666666666666,180.87619047619046,1.0,False,6.0292063492063495
3222,107.4,181.46666666666664,1.0,False,6.0488888888888885
3223,107.43333333333334,180.79999999999998,1.0,False,6.026666666666666
3224,107.46666666666668,181.61904761904762,1.0,False,6.053968253968254
3225,107.5,181.14285714285714,1.0,False,6.038095238095238
3226,107.53333333333332,181.34285714285716,1.0,False,6.044761904761905
3227,107.56666666666666,181.21904761904761,1.0,False,6.04063492063492
3228,107.6,180.44761904761904,1.0,False,6.014920634920634
3229,107.63333333333333,178.64761904761903,1.0,False,5.954920634920634
3230,107.66666666666669,179.9047619047619,1.0,False,5.996825396825397
3231,107.7,181.55238095238093,1.0,False,6.051746031746032
3232,107.73333333333332,181.39999999999998,1.0,False,6.046666666666667
3233,107.76666666666668,180.34285714285716,1.0,False,6.011428571428572
3234,107.8,180.18095238095236,1.0,False,6.006031746031746
3235,107.83333333333331,180.4142857142857,1.0,False,6.013809523809523
3236,107.86666666666666,180.40952380952376,1.0,False,6.013650793650793
3237,107.9,180.54285714285712,1.0,True,6.018095238095238
3238,107.93333333333334,180.3904761904762,1.0,False,6.013015873015873
3239,107.96666666666668,180.5142857142857,1.0,True,6.017142857142858
3240,108.0,180.60952380952378,1.0,False,6.02031746031746
3241,108.03333333333332,180.1190476190476,1.0,False,6.003968253968253
3242,108.06666666666666,180.26666666666665,1.0,False,6.0088888888888885
3243,108.1,180.77619047619046,1.0,False,6.025873015873016
3244,108.13333333333333,181.2,1.0,False,6.04
3245,108.16666666666669,180.80476190476188,1.0,True,6.026825396825397
3246,108.2,180.78095238095233,1.0,False,6.026031746031745
3247,108.23333333333332,180.36666666666662,1.0,False,6.012222222222222
3248,108.26666666666668,180.03809523809522,1.0,False,6.001269841269841
3249,108.3,179.74285714285713,1.0,False,5.991428571428571
3250,108.33333333333331,179.78095238095239,1.0,False,5.992698412698413
3251,108.36666666666666,179.52380952380955,1.0,False,5.984126984126984
3252,108.4,180.12380952380954,1.0,False,6.004126984126985
3253,108.43333333333334,180.4,1.0,False,6.013333333333334
3254,108.46666666666668,179.8666666666667,1.0,False,5.995555555555556
3255,108.5,178.8095238095238,1.0,False,5.9603174603174605
3256,108.53333333333332,178.46666666666667,1.0,False,5.948888888888888
3257,108.56666666666666,179.03809523809522,1.0,False,5.967936507936507
3258,108.6,179.5142857142857,1.0,False,5.983809523809524
3259,108.63333333333333,180.02380952380952,1.0,False,6.00079365079365
3260,108.66666666666669,180.16190476190474,1.0,False,6.005396825396825
3261,108.7,180.58571428571423,1.0,True,6.0195238095238075
3262,108.73333333333332,180.5380952380952,1.0,False,6.017936507936507
3263,108.76666666666668,180.46190476190472,1.0,False,6.015396825396824
3264,108.8,180.6428571428571,1.0,True,6.02142857142857
3265,108.83333333333331,179.80952380952377,1.0,False,5.993650793650793
3266,108.86666666666666,180.2238095238095,1.0,False,6.007460317460318
3267,108.9,180.96190476190478,1.0,False,6.032063492063492
3268,108.93333333333334,181.89523809523808,1.0,False,6.063174603174603
3269,108.96666666666668,181.26666666666662,1.0,False,6.042222222222222
3270,109.0,181.43492063492062,1.0,True,6.047830687830687
3271,109.03333333333332,181.7365079365079,1.0,True,6.057883597883597
3272,109.06666666666666,181.1619047619047,1.0,False,6.038730158730157
3273,109.1,180.047619047619,1.0,False,6.0015873015873
3274,109.13333333333333,179.44761904761904,1.0,False,5.9815873015873
3275,109.16666666666669,179.79999999999998,1.0,False,5.993333333333333
3276,109.2,179.6952380952381,1.0,False,5.98984126984127
3277,109.23333333333332,178.4095238095238,1.0,False,5.946984126984127
3278,109.26666666666668,177.5142857142857,1.0,False,5.9171428571428555
3279,109.3,177.26666666666662,1.0,False,5.908888888888888
3280,109.33333333333331,177.75238095238095,1.0,False,5.925079365079364
3281,109.36666666666666,179.00952380952378,1.0,False,5.9669841269841255
3282,109.4,181.27619047619046,1.0,False,6.042539682539682
3283,109.43333333333334,181.61904761904762,1.0,False,6.053968253968254
3284,109.46666666666668,179.3142857142857,1.0,False,5.977142857142857
3285,109.5,177.4571428571428,1.0,False,5.915238095238093
3286,109.53333333333332,178.247619047619,1.0,False,5.941587301587301
3287,109.56666666666666,179.0095238095238,1.0,False,5.966984126984126
3288,109.6,179.56666666666666,1.0,False,5.985555555555556
3289,109.63333333333333,180.0380952380952,1.0,False,6.00126984126984
3290,109.66666666666669,180.6428571428571,1.0,True,6.02142857142857
3291,109.7,180.41904761904757,1.0,False,6.013968253968253
3292,109.73333333333332,180.65238095238095,1.0,True,6.021746031746031
3293,109.76666666666668,181.17142857142858,1.0,False,6.039047619047619
3294,109.8,180.37142857142857,1.0,False,6.012380952380953
3295,109.83333333333331,178.79047619047617,1.0,False,5.95968253968254
3296,109.86666666666666,178.22857142857143,1.0,False,5.940952380952381
3297,109.9,179.46666666666664,1.0,False,5.982222222222221
3298,109.93333333333334,179.97619047619045,1.0,False,5.999206349206348
3299,109.96666666666668,179.79047619047617,1.0,False,5.993015873015872
3300,110.0,180.13809523809525,1.0,True,6.004603174603175
3301,110.03333333333332,180.65714285714287,1.0,False,6.0219047619047625
3302,110.06666666666666,180.63333333333333,1.0,False,6.021111111111111
3303,110.1,180.60952380952378,1.0,False,6.02031746031746
3304,110.13333333333333,180.9333333333333,1.0,False,6.0311111111111115
3305,110.16666666666669,181.04761904761907,1.0,False,6.034920634920636
3306,110.2,181.10158730158733,1.0,True,6.036719576719578
3307,110.23333333333332,181.43174603174603,1.0,True,6.047724867724868
3308,110.26666666666668,180.91428571428568,1.0,False,6.03047619047619
3309,110.3,178.9238095238095,1.0,True,5.964126984126984
3310,110.33333333333331,177.29523809523806,1.0,False,5.909841269841269
3311,110.36666666666666,177.06666666666663,1.0,False,5.902222222222221
3312,110.4,178.65714285714284,1.0,False,5.955238095238094
3313,110.43333333333334,180.23809523809524,1.0,False,6.007936507936509
3314,110.46666666666668,180.77142857142857,1.0,False,6.025714285714286
3315,110.5,179.44761904761907,1.0,False,5.981587301587302
3316,110.53333333333332,179.19523809523807,1.0,False,5.973174603174602
3317,110.56666666666666,180.12380952380948,1.0,False,6.004126984126984
3318,110.6,181.17619047619044,1.0,True,6.039206349206349
3319,110.63333333333333,180.77142857142852,1.0,False,6.025714285714281
3320,110.66666666666669,179.05714285714282,1.0,False,5.96857142857142
