frame_id,timestamp,diameter,confidence,is_bad_data,diameter_mm
0,0.0,180.0,1.0,False,6.0
1,0.0333333333333333,182.66666666666663,1.0,False,6.088888888888889
2,0.0666666666666666,181.83333333333331,0.9722222288449606,True,6.061111111111112
3,0.1,181.00000000000003,1.0,False,6.033333333333334
4,0.1333333333333333,182.99999999999997,1.0,False,6.099999999999999
5,0.1666666666666666,180.33333333333337,1.0,False,6.011111111111112
6,0.2,179.33333333333334,1.0,False,5.977777777777778
7,0.2333333333333333,180.33333333333331,0.9722222288449606,True,6.011111111111111
8,0.2666666666666666,181.33333333333331,1.0,False,6.044444444444444
9,0.3,182.66666666666663,1.0,False,6.088888888888889
10,0.3333333333333333,180.49999999999997,0.9166666666666666,True,6.016666666666666
11,0.3666666666666666,178.33333333333331,1.0,False,5.944444444444444
12,0.4,179.66666666666669,1.0,False,5.98888888888889
13,0.4333333333333333,179.83333333333334,1.0,True,5.994444444444445
14,0.4666666666666667,180.0,1.0,False,6.0
15,0.5,180.33333333333337,1.0,False,6.011111111111112
16,0.5333333333333333,180.0,1.0,False,6.0
17,0.5666666666666667,177.5,1.0,True,5.916666666666666
18,0.6,175.0,1.0,False,5.833333333333333
19,0.6333333333333333,173.66666666666666,1.0,False,5.788888888888889
20,0.6666666666666666,172.99999999999997,1.0,False,5.766666666666666
21,0.7,173.66666666666666,1.0,False,5.788888888888889
22,0.7333333333333333,171.0,1.0,False,5.7
23,0.7666666666666666,171.0,1.0,False,5.7
24,0.8,170.66666666666669,1.0,False,5.68888888888889
25,0.8333333333333334,171.0,1.0,False,5.7
26,0.8666666666666667,171.0,1.0,False,5.7
27,0.9,171.33333333333334,1.0,False,5.711111111111111
28,0.9333333333333332,172.99999999999997,1.0,False,5.766666666666666
29,0.9666666666666668,173.0,1.0,True,5.766666666666666
30,1.0,173.0,1.0,False,5.766666666666667
31,1.0333333333333332,173.0,1.0,True,5.766666666666666
32,1.0666666666666669,172.99999999999997,1.0,False,5.766666666666666
33,1.1,176.33333333333331,1.0,False,5.877777777777777
34,1.1333333333333333,175.33333333333331,1.0,False,5.844444444444444
35,1.1666666666666667,176.66666666666669,1.0,False,5.888888888888889
36,1.2,176.0,1.0,False,5.866666666666667
37,1.2333333333333334,175.66666666666666,1.0,False,5.855555555555555
38,1.2666666666666666,175.77777777777777,1.0,True,5.859259259259259
39,1.3,175.88888888888889,1.0,True,5.862962962962963
40,1.3333333333333333,176.0,1.0,False,5.866666666666667
41,1.3666666666666667,177.33333333333334,1.0,False,5.911111111111111
42,1.4,177.00000000000003,1.0,False,5.900000000000001
43,1.4333333333333331,177.16666666666669,1.0,True,5.905555555555557
44,1.4666666666666666,177.33333333333334,1.0,False,5.911111111111111
45,1.5,177.5,1.0,True,5.916666666666666
46,1.5333333333333332,177.66666666666666,1.0,False,5.922222222222222
47,1.5666666666666669,177.33333333333334,1.0,False,5.911111111111111
48,1.6,176.0,1.0,False,5.866666666666667
49,1.6333333333333333,179.33333333333334,1.0,False,5.977777777777778
50,1.6666666666666667,176.99999999999997,1.0,False,5.8999999999999995
51,1.7,178.33333333333331,1.0,False,5.944444444444444
52,1.7333333333333334,179.66666666666669,1.0,False,5.98888888888889
53,1.7666666666666666,177.33333333333334,1.0,False,5.911111111111111
54,1.8,176.83333333333331,1.0,True,5.894444444444444
55,1.8333333333333333,176.33333333333331,1.0,False,5.877777777777777
56,1.8666666666666667,176.83333333333331,1.0,True,5.894444444444444
57,1.9,177.33333333333334,1.0,False,5.911111111111111
58,1.9333333333333331,177.16666666666666,1.0,True,5.905555555555555
59,1.9666666666666663,176.99999999999997,1.0,False,5.8999999999999995
60,2.0,177.66666666666666,1.0,False,5.922222222222222
61,2.033333333333333,176.0,1.0,False,5.866666666666667
62,2.0666666666666664,176.16666666666666,0.990740736325582,True,5.872222222222222
63,2.1,176.33333333333331,1.0,False,5.877777777777777
64,2.1333333333333333,176.66666666666669,1.0,False,5.888888888888889
65,2.1666666666666665,178.66666666666669,1.0,False,5.955555555555556
66,2.2,177.33333333333334,1.0,False,5.911111111111111
67,2.2333333333333334,177.66666666666666,1.0,False,5.922222222222222
68,2.2666666666666666,177.66666666666666,1.0,True,5.922222222222222
69,2.3,177.66666666666666,1.0,False,5.922222222222222
70,2.3333333333333335,176.33333333333331,1.0,False,5.877777777777777
71,2.3666666666666667,178.66666666666669,1.0,False,5.955555555555556
72,2.4,177.00000000000003,1.0,False,5.900000000000001
73,2.433333333333333,177.33333333333334,1.0,False,5.911111111111111
74,2.466666666666667,177.99999999999997,1.0,False,5.933333333333333
75,2.5,176.66666666666666,1.0,False,5.888888888888888
76,2.533333333333333,177.0,0.9629629651705424,True,5.9
77,2.5666666666666664,177.33333333333334,1.0,False,5.911111111111111
78,2.6,176.0,1.0,False,5.866666666666667
79,2.6333333333333333,174.33333333333331,1.0,False,5.811111111111111
80,2.6666666666666665,174.66666666666669,1.0,False,5.822222222222223
81,2.7,172.66666666666666,1.0,False,5.7555555555555555
82,2.7333333333333334,166.33333333333331,0.990740736325582,False,5.544444444444444
83,2.7666666666666666,170.5,1.0,False,5.683333333333334
84,2.8,166.41666666666669,0.9166666666666666,True,5.5472222222222225
85,2.8333333333333335,162.33333333333334,1.0,False,5.411111111111111
86,2.8666666666666667,164.33333333333334,1.0,False,5.477777777777778
87,2.9,157.0,1.0,False,5.233333333333333
88,2.933333333333333,156.66666666666666,1.0,False,5.222222222222222
89,2.966666666666667,155.33333333333334,1.0,False,5.177777777777778
90,3.0,154.0,1.0,False,5.133333333333334
91,3.033333333333333,152.66666666666669,1.0,False,5.0888888888888895
92,3.0666666666666664,152.0,1.0,False,5.066666666666666
93,3.1,150.66666666666666,1.0,False,5.022222222222222
94,3.1333333333333333,147.33333333333334,1.0,False,4.911111111111111
95,3.1666666666666665,145.66666666666666,1.0,False,4.855555555555555
96,3.2,146.0,1.0,False,4.866666666666666
97,3.2333333333333334,143.0,1.0,False,4.766666666666667
98,3.2666666666666666,141.33333333333334,1.0,False,4.711111111111111
99,3.3,139.33333333333334,1.0,False,4.644444444444445
100,3.3333333333333335,139.0,1.0,False,4.633333333333334
101,3.3666666666666667,136.66666666666666,1.0,False,4.555555555555555
102,3.4,137.66666666666669,1.0,False,4.5888888888888895
103,3.433333333333333,137.00000000000003,1.0,False,4.566666666666667
104,3.466666666666667,136.33333333333331,1.0,False,4.544444444444444
105,3.5,136.00000000000003,1.0,False,4.533333333333334
106,3.533333333333333,137.0,1.0,False,4.566666666666666
107,3.5666666666666664,135.0,1.0,False,4.5
108,3.6,135.66666666666666,1.0,False,4.522222222222222
109,3.6333333333333337,136.66666666666666,1.0,False,4.555555555555555
110,3.6666666666666665,134.33333333333331,1.0,False,4.477777777777777
111,3.7,134.0,1.0,False,4.466666666666667
112,3.7333333333333334,134.33333333333334,1.0,False,4.477777777777778
113,3.7666666666666666,136.00000000000003,1.0,False,4.533333333333334
114,3.8,137.66666666666666,1.0,False,4.588888888888889
115,3.8333333333333335,135.66666666666666,1.0,False,4.522222222222222
116,3.8666666666666663,136.66666666666663,1.0,False,4.5555555555555545
117,3.9,135.66666666666666,0.9809523820877076,False,4.522222222222222
118,3.933333333333333,136.33333333333331,1.0,True,4.544444444444444
119,3.966666666666667,137.0,0.9814814726511636,False,4.566666666666666
120,4.0,137.0,1.0,False,4.566666666666666
121,4.033333333333333,139.0,0.990740736325582,False,4.633333333333334
122,4.066666666666666,142.25,1.0,True,4.741666666666667
123,4.1,145.5,1.0,False,4.85
124,4.133333333333333,138.66666666666669,0.9803921580314636,False,4.622222222222223
125,4.166666666666667,139.29166666666669,1.0,True,4.643055555555557
126,4.2,139.91666666666669,0.990740736325582,True,4.663888888888889
127,4.233333333333333,140.54166666666669,1.0,True,4.684722222222223
128,4.266666666666667,141.16666666666669,1.0,True,4.705555555555556
129,4.3,141.79166666666666,0.9814814726511636,True,4.726388888888889
130,4.333333333333333,142.41666666666669,1.0,True,4.747222222222223
131,4.366666666666666,143.04166666666666,1.0,True,4.768055555555555
132,4.4,143.66666666666666,0.9814814726511636,False,4.788888888888889
133,4.433333333333334,142.33333333333334,1.0,False,4.7444444444444445
134,4.466666666666667,141.33333333333334,0.990740736325582,False,4.711111111111111
135,4.5,142.0,0.9629629651705424,False,4.733333333333333
136,4.533333333333333,140.66666666666669,0.9351851940155028,False,4.688888888888889
137,4.566666666666666,145.33333333333331,1.0,False,4.844444444444444
138,4.6,145.5,1.0,True,4.85
139,4.633333333333333,145.66666666666666,1.0,False,4.855555555555555
140,4.666666666666667,145.66666666666666,1.0,False,4.855555555555555
141,4.7,146.0,1.0,False,4.866666666666666
142,4.733333333333333,148.66666666666666,1.0,False,4.955555555555555
143,4.766666666666667,147.99999999999997,1.0,False,4.933333333333333
144,4.8,149.33333333333334,1.0,False,4.977777777777778
145,4.833333333333333,148.99999999999997,1.0,False,4.966666666666666
146,4.866666666666666,149.0,1.0,False,4.966666666666667
147,4.9,150.33333333333337,1.0,False,5.011111111111112
148,4.933333333333334,150.66666666666666,1.0,False,5.022222222222222
149,4.966666666666667,150.33333333333331,1.0,False,5.01111111111111
150,5.0,153.00000000000003,1.0,False,5.1000000000000005
151,5.033333333333333,151.66666666666669,1.0,False,5.055555555555556
152,5.066666666666666,153.66666666666669,1.0,False,5.122222222222223
153,5.1,154.33333333333334,1.0,False,5.144444444444445
154,5.133333333333333,154.33333333333334,1.0,True,5.144444444444445
155,5.166666666666667,154.33333333333334,1.0,False,5.144444444444445
156,5.2,156.0,1.0,False,5.2
157,5.233333333333333,154.33333333333334,1.0,False,5.144444444444445
158,5.266666666666667,154.33333333333334,1.0,False,5.144444444444445
159,5.3,155.33333333333334,1.0,False,5.177777777777778
160,5.333333333333333,154.66666666666669,1.0,False,5.155555555555556
161,5.366666666666666,155.0,1.0,False,5.166666666666667
162,5.4,154.66666666666669,1.0,False,5.155555555555556
163,5.433333333333334,156.33333333333334,1.0,False,5.211111111111111
164,5.466666666666667,158.33333333333334,1.0,False,5.277777777777778
165,5.5,156.33333333333334,1.0,False,5.211111111111111
166,5.533333333333333,156.33333333333334,1.0,False,5.211111111111111
167,5.566666666666666,159.33333333333331,1.0,False,5.311111111111111
168,5.6,159.00000000000003,1.0,False,5.300000000000001
169,5.633333333333333,159.33333333333331,1.0,False,5.311111111111111
170,5.666666666666667,158.66666666666666,1.0,False,5.288888888888889
171,5.7,158.66666666666666,1.0,False,5.288888888888889
172,5.733333333333333,158.66666666666666,1.0,False,5.288888888888889
173,5.766666666666667,159.66666666666666,1.0,False,5.322222222222222
174,5.8,160.0,1.0,False,5.333333333333333
175,5.833333333333333,160.0,1.0,True,5.333333333333333
176,5.866666666666666,160.0,1.0,False,5.333333333333333
177,5.9,159.0,1.0,False,5.3
178,5.933333333333334,160.0,1.0,False,5.333333333333333
179,5.966666666666667,159.00000000000003,1.0,False,5.300000000000001
180,6.0,160.66666666666666,1.0,False,5.355555555555555
181,6.033333333333333,159.66666666666669,1.0,False,5.322222222222223
182,6.066666666666666,161.66666666666669,1.0,False,5.388888888888889
183,6.1,162.66666666666666,1.0,False,5.422222222222222
184,6.133333333333333,161.99999999999997,1.0,False,5.3999999999999995
185,6.166666666666667,162.16666666666666,1.0,True,5.405555555555555
186,6.2,162.33333333333334,1.0,False,5.411111111111111
187,6.233333333333333,161.99999999999997,1.0,False,5.3999999999999995
188,6.266666666666667,162.66666666666666,1.0,False,5.422222222222222
189,6.3,161.66666666666669,1.0,False,5.388888888888889
190,6.333333333333333,163.33333333333331,1.0,False,5.444444444444444
191,6.366666666666666,163.16666666666663,1.0,True,5.438888888888888
192,6.4,162.99999999999997,1.0,False,5.433333333333333
193,6.433333333333334,162.66666666666666,1.0,False,5.422222222222222
194,6.466666666666667,163.66666666666669,1.0,False,5.455555555555556
195,6.5,163.99999999999997,1.0,False,5.466666666666666
196,6.533333333333333,163.99999999999997,1.0,False,5.466666666666666
197,6.566666666666666,164.0,1.0,True,5.466666666666667
198,6.6,164.0,1.0,True,5.466666666666667
199,6.633333333333333,164.00000000000003,1.0,False,5.466666666666668
200,6.666666666666667,166.00000000000003,1.0,False,5.533333333333334
201,6.7,165.33333333333337,1.0,False,5.511111111111112
202,6.733333333333333,167.00000000000003,1.0,False,5.566666666666667
203,6.766666666666667,166.33333333333337,1.0,True,5.544444444444445
204,6.8,165.66666666666669,1.0,False,5.522222222222223
205,6.833333333333333,165.33333333333331,1.0,False,5.51111111111111
206,6.866666666666666,166.00000000000003,1.0,False,5.533333333333334
207,6.8999999999999995,167.66666666666666,1.0,False,5.588888888888889
208,6.933333333333334,167.66666666666666,1.0,False,5.588888888888889
209,6.966666666666667,165.33333333333337,1.0,False,5.511111111111112
210,7.0,166.16666666666669,1.0,True,5.53888888888889
211,7.033333333333333,167.0,1.0,False,5.566666666666666
212,7.066666666666666,166.66666666666669,1.0,False,5.555555555555556
213,7.1,170.33333333333334,1.0,False,5.677777777777778
214,7.133333333333333,166.66666666666669,1.0,False,5.555555555555556
215,7.166666666666667,166.66666666666669,1.0,False,5.555555555555556
216,7.2,166.83333333333334,1.0,True,5.561111111111112
217,7.233333333333333,167.0,1.0,False,5.566666666666666
218,7.266666666666667,167.00000000000003,1.0,False,5.566666666666667
219,7.3,166.33333333333331,1.0,False,5.544444444444444
220,7.333333333333333,167.66666666666666,1.0,False,5.588888888888889
221,7.366666666666666,167.33333333333334,1.0,False,5.577777777777778
222,7.4,167.00000000000003,1.0,False,5.566666666666667
223,7.433333333333334,167.00000000000003,0.9901960690816244,False,5.566666666666667
224,7.466666666666667,167.00000000000003,1.0,True,5.566666666666667
225,7.5,167.0,1.0,True,5.566666666666666
226,7.533333333333333,167.0,1.0,True,5.566666666666666
227,7.566666666666666,167.0,1.0,False,5.566666666666666
228,7.6,167.0,1.0,False,5.566666666666666
229,7.633333333333333,167.33333333333334,1.0,False,5.577777777777778
230,7.666666666666667,169.66666666666666,1.0,False,5.655555555555555
231,7.7,167.33333333333334,1.0,False,5.577777777777778
232,7.733333333333333,167.33333333333334,1.0,False,5.577777777777778
233,7.766666666666667,168.33333333333331,1.0,False,5.611111111111111
234,7.8,167.66666666666666,1.0,False,5.588888888888889
235,7.833333333333333,167.33333333333334,1.0,False,5.577777777777778
236,7.866666666666666,167.66666666666666,1.0,False,5.588888888888889
237,7.9,168.16666666666669,1.0,True,5.605555555555556
238,7.933333333333334,168.66666666666669,1.0,False,5.622222222222223
239,7.966666666666667,168.33333333333331,1.0,False,5.611111111111111
240,8.0,167.66666666666666,1.0,False,5.588888888888889
241,8.033333333333333,167.33333333333334,1.0,False,5.577777777777778
242,8.066666666666666,168.33333333333331,1.0,False,5.611111111111111
243,8.1,169.0,1.0,False,5.633333333333333
244,8.133333333333333,168.66666666666669,1.0,False,5.622222222222223
245,8.166666666666666,169.0,1.0,False,5.633333333333333
246,8.2,169.0,1.0,True,5.633333333333333
247,8.233333333333333,169.0,1.0,False,5.633333333333333
248,8.266666666666666,168.33333333333331,1.0,True,5.611111111111111
249,8.3,167.66666666666666,1.0,False,5.588888888888889
250,8.333333333333334,169.33333333333334,1.0,False,5.644444444444445
251,8.366666666666667,167.33333333333334,1.0,False,5.577777777777778
252,8.4,168.66666666666669,1.0,False,5.622222222222223
253,8.433333333333334,169.3333333333333,1.0,False,5.644444444444443
254,8.466666666666667,168.33333333333334,1.0,False,5.611111111111112
255,8.5,167.99999999999997,1.0,False,5.599999999999999
256,8.533333333333333,168.00000000000003,1.0,False,5.6000000000000005
257,8.566666666666666,169.0,1.0,False,5.633333333333333
258,8.6,169.0,1.0,True,5.633333333333333
259,8.633333333333333,169.0,1.0,False,5.633333333333333
260,8.666666666666666,169.16666666666669,1.0,True,5.638888888888889
261,8.7,169.33333333333334,1.0,False,5.644444444444445
262,8.733333333333333,169.66666666666669,1.0,False,5.655555555555556
263,8.766666666666666,169.58333333333334,1.0,True,5.652777777777779
264,8.8,169.5,1.0,True,5.65
265,8.833333333333334,169.41666666666669,1.0,True,5.647222222222222
266,8.866666666666667,169.33333333333334,1.0,False,5.644444444444445
267,8.9,169.5,1.0,True,5.65
268,8.933333333333334,169.66666666666666,1.0,False,5.655555555555555
269,8.966666666666667,169.5,1.0,True,5.65
270,9.0,169.33333333333334,1.0,False,5.644444444444445
271,9.033333333333331,169.66666666666669,1.0,False,5.655555555555556
272,9.066666666666666,169.66666666666669,1.0,True,5.655555555555555
273,9.1,169.66666666666666,1.0,False,5.655555555555555
274,9.133333333333333,170.5,1.0,True,5.683333333333334
275,9.166666666666666,171.33333333333334,1.0,False,5.711111111111111
276,9.2,170.66666666666663,1.0,False,5.688888888888887
277,9.233333333333333,170.0,1.0,False,5.666666666666667
278,9.266666666666666,169.0,1.0,False,5.633333333333334
279,9.3,171.33333333333334,1.0,False,5.711111111111111
280,9.333333333333334,170.0,1.0,False,5.666666666666667
281,9.366666666666667,172.66666666666666,1.0,False,5.7555555555555555
282,9.4,171.33333333333334,1.0,False,5.711111111111111
283,9.433333333333334,171.0,1.0,False,5.7
284,9.466666666666669,171.66666666666666,1.0,False,5.722222222222222
285,9.5,171.33333333333334,1.0,False,5.711111111111111
286,9.533333333333331,171.16666666666669,1.0,True,5.705555555555556
287,9.566666666666666,171.0,1.0,False,5.7
288,9.6,171.0,1.0,False,5.7
289,9.633333333333333,172.33333333333334,1.0,False,5.7444444444444445
290,9.666666666666666,172.33333333333334,1.0,True,5.7444444444444445
291,9.7,172.33333333333334,1.0,False,5.7444444444444445
292,9.733333333333333,171.66666666666666,1.0,False,5.722222222222222
293,9.766666666666666,170.66666666666669,1.0,False,5.688888888888889
294,9.8,171.33333333333334,1.0,False,5.711111111111111
295,9.833333333333334,169.33333333333334,1.0,False,5.644444444444445
296,9.866666666666667,170.66666666666669,1.0,False,5.688888888888889
297,9.9,172.33333333333334,1.0,False,5.7444444444444445
298,9.933333333333334,170.33333333333331,1.0,False,5.677777777777777
299,9.966666666666669,173.0,1.0,False,5.766666666666667
300,10.0,170.66666666666669,1.0,False,5.688888888888889
301,10.033333333333331,171.33333333333334,1.0,False,5.711111111111111
302,10.066666666666666,172.66666666666666,1.0,False,5.7555555555555555
303,10.1,172.0,1.0,False,5.733333333333333
304,10.133333333333333,171.5,1.0,True,5.716666666666667
305,10.166666666666666,171.0,1.0,False,5.7
306,10.2,172.33333333333334,1.0,False,5.7444444444444445
307,10.233333333333333,172.33333333333334,1.0,False,5.7444444444444445
308,10.266666666666666,173.33333333333334,1.0,False,5.777777777777778
309,10.3,173.33333333333334,1.0,False,5.777777777777778
310,10.333333333333334,171.33333333333334,1.0,False,5.711111111111111
311,10.366666666666667,172.0,1.0,False,5.733333333333333
312,10.4,172.66666666666666,1.0,False,5.7555555555555555
313,10.433333333333334,172.33333333333334,1.0,False,5.7444444444444445
314,10.466666666666669,172.33333333333334,1.0,False,5.7444444444444445
315,10.5,171.0,1.0,False,5.7
316,10.533333333333331,172.0,1.0,True,5.733333333333333
317,10.566666666666666,173.0,1.0,False,5.766666666666667
318,10.6,172.33333333333331,1.0,True,5.744444444444444
319,10.633333333333333,171.66666666666663,1.0,False,5.722222222222221
320,10.666666666666666,172.33333333333334,1.0,False,5.7444444444444445
321,10.7,173.66666666666666,1.0,False,5.788888888888889
322,10.733333333333333,173.33333333333334,1.0,False,5.777777777777778
323,10.766666666666666,173.0,1.0,False,5.766666666666667
324,10.8,173.33333333333334,1.0,False,5.777777777777778
325,10.833333333333334,174.33333333333331,1.0,False,5.811111111111111
326,10.866666666666667,174.33333333333331,1.0,False,5.811111111111111
327,10.9,172.66666666666666,1.0,False,5.7555555555555555
328,10.933333333333334,173.66666666666666,1.0,False,5.788888888888889
329,10.966666666666669,173.33333333333334,1.0,False,5.777777777777778
330,11.0,174.0,1.0,True,5.8
331,11.033333333333331,174.66666666666666,1.0,False,5.822222222222222
332,11.066666666666666,174.5,1.0,True,5.816666666666666
333,11.1,174.33333333333331,1.0,False,5.811111111111111
334,11.133333333333333,175.66666666666666,1.0,False,5.855555555555555
335,11.166666666666666,173.33333333333334,1.0,False,5.777777777777778
336,11.2,174.66666666666669,1.0,False,5.822222222222223
337,11.233333333333333,174.66666666666666,1.0,False,5.822222222222222
338,11.266666666666666,180.66666666666663,1.0,False,6.022222222222222
339,11.3,170.66666666666669,1.0,False,5.688888888888889
340,11.333333333333334,173.0,1.0,False,5.766666666666667
341,11.366666666666667,172.66666666666666,1.0,False,5.7555555555555555
342,11.4,173.66666666666666,1.0,False,5.788888888888889
343,11.433333333333334,173.33333333333334,1.0,False,5.777777777777778
344,11.466666666666669,172.83333333333334,0.9537037014961244,True,5.761111111111111
345,11.5,172.33333333333334,1.0,False,5.7444444444444445
346,11.533333333333331,171.0,1.0,False,5.7
347,11.566666666666666,170.99999999999997,1.0,False,5.699999999999999
348,11.6,171.5,1.0,False,5.716666666666667
349,11.633333333333333,169.5,1.0,False,5.65
350,11.666666666666666,169.75,1.0,True,5.658333333333333
351,11.7,169.99999999999997,1.0,False,5.666666666666666
352,11.733333333333333,172.33333333333331,1.0,True,5.744444444444444
353,11.766666666666666,174.66666666666666,1.0,False,5.822222222222222
354,11.8,174.33333333333331,0.9814814726511636,True,5.811111111111111
355,11.833333333333334,174.0,1.0,False,5.8
356,11.866666666666667,174.00000000000003,1.0,False,5.800000000000001
357,11.9,174.16666666666669,1.0,True,5.805555555555555
358,11.933333333333334,174.33333333333331,1.0,False,5.811111111111111
359,11.966666666666669,173.66666666666666,1.0,False,5.788888888888889
360,12.0,173.0,1.0,False,5.766666666666667
361,12.033333333333331,173.66666666666666,1.0,False,5.788888888888889
362,12.066666666666666,172.0,1.0,False,5.733333333333333
363,12.1,172.66666666666666,1.0,False,5.7555555555555555
364,12.133333333333333,174.33333333333331,1.0,False,5.811111111111111
365,12.166666666666666,173.33333333333334,1.0,False,5.777777777777778
366,12.2,171.66666666666666,1.0,False,5.722222222222222
367,12.233333333333333,174.0,1.0,False,5.8
368,12.266666666666666,174.33333333333334,1.0,True,5.811111111111112
369,12.3,174.66666666666669,1.0,False,5.822222222222223
370,12.333333333333334,172.33333333333334,1.0,False,5.7444444444444445
371,12.366666666666667,173.66666666666666,1.0,False,5.788888888888889
372,12.4,174.0,0.9537037014961244,True,5.8
373,12.433333333333334,174.33333333333331,1.0,False,5.811111111111111
374,12.466666666666669,174.5,1.0,True,5.816666666666666
375,12.5,174.66666666666669,1.0,False,5.822222222222223
376,12.533333333333331,173.66666666666666,1.0,False,5.788888888888889
377,12.566666666666666,173.66666666666666,1.0,False,5.788888888888889
378,12.6,174.0,1.0,False,5.8
379,12.633333333333333,174.0,1.0,False,5.8
380,12.666666666666666,173.33333333333334,1.0,False,5.777777777777778
381,12.7,173.33333333333334,1.0,False,5.777777777777778
382,12.733333333333333,173.33333333333334,1.0,False,5.777777777777778
383,12.766666666666666,174.0,1.0,False,5.8
384,12.8,173.66666666666666,1.0,False,5.788888888888889
385,12.833333333333334,172.66666666666666,1.0,False,5.7555555555555555
386,12.866666666666667,172.33333333333334,1.0,False,5.7444444444444445
387,12.9,173.66666666666666,1.0,False,5.788888888888889
388,12.933333333333334,174.0,1.0,False,5.8
389,12.966666666666669,173.16666666666669,1.0,True,5.772222222222222
390,13.0,172.33333333333334,1.0,False,5.7444444444444445
391,13.033333333333331,173.0,1.0,False,5.766666666666667
392,13.066666666666666,171.66666666666666,1.0,False,5.722222222222222
393,13.1,175.0,1.0,False,5.833333333333333
394,13.133333333333333,174.33333333333331,1.0,False,5.811111111111111
395,13.166666666666666,171.33333333333334,1.0,False,5.711111111111111
396,13.2,172.66666666666666,1.0,False,5.7555555555555555
397,13.233333333333333,173.0,1.0,False,5.766666666666667
398,13.266666666666666,172.66666666666666,1.0,False,5.7555555555555555
399,13.3,173.66666666666666,1.0,False,5.788888888888889
400,13.333333333333334,173.33333333333334,1.0,False,5.777777777777778
401,13.366666666666667,173.5,1.0,True,5.783333333333333
402,13.4,173.66666666666666,1.0,False,5.788888888888889
403,13.433333333333334,173.33333333333331,1.0,True,5.777777777777778
404,13.466666666666669,173.0,1.0,False,5.766666666666667
405,13.5,174.33333333333331,1.0,False,5.811111111111111
406,13.533333333333331,175.66666666666666,1.0,False,5.855555555555555
407,13.566666666666666,173.0,1.0,False,5.766666666666667
408,13.6,171.33333333333334,1.0,False,5.711111111111111
409,13.633333333333333,173.0,1.0,False,5.766666666666667
410,13.666666666666666,176.0,1.0,False,5.866666666666667
411,13.7,174.83333333333331,0.9537037014961244,True,5.8277777777777775
412,13.733333333333333,173.66666666666666,1.0,False,5.788888888888889
413,13.766666666666666,173.83333333333331,1.0,True,5.794444444444444
414,13.8,174.0,1.0,False,5.8
415,13.833333333333334,173.55555555555557,0.9629629651705424,True,5.785185185185186
416,13.866666666666667,173.11111111111111,1.0,True,5.770370370370371
417,13.9,172.66666666666666,1.0,False,5.7555555555555555
418,13.933333333333334,172.66666666666666,1.0,False,5.7555555555555555
419,13.966666666666669,172.0,1.0,False,5.733333333333333
420,14.0,172.0,1.0,False,5.733333333333333
421,14.033333333333331,171.66666666666666,1.0,False,5.722222222222222
422,14.066666666666666,170.99999999999997,1.0,False,5.699999999999999
423,14.1,174.33333333333331,1.0,False,5.811111111111111
424,14.133333333333333,174.66666666666666,1.0,False,5.822222222222222
425,14.166666666666666,172.66666666666666,1.0,False,5.7555555555555555
426,14.2,173.0,1.0,False,5.766666666666667
427,14.233333333333333,173.66666666666666,1.0,False,5.788888888888889
428,14.266666666666666,174.0,1.0,False,5.8
429,14.3,174.0,1.0,False,5.8
430,14.333333333333334,173.33333333333334,1.0,False,5.777777777777778
431,14.366666666666667,173.33333333333334,1.0,False,5.777777777777778
432,14.4,173.33333333333334,1.0,False,5.777777777777778
433,14.433333333333334,174.66666666666669,1.0,False,5.822222222222223
434,14.466666666666669,174.66666666666669,0.9814814726511636,True,5.822222222222223
435,14.5,174.66666666666669,1.0,False,5.822222222222223
436,14.533333333333331,175.33333333333331,1.0,False,5.844444444444444
437,14.566666666666666,173.33333333333334,1.0,False,5.777777777777778
438,14.6,174.33333333333331,1.0,False,5.811111111111111
439,14.633333333333333,174.0,0.9722222288449606,True,5.8
440,14.666666666666666,173.66666666666666,1.0,False,5.788888888888889
441,14.7,174.33333333333331,1.0,False,5.811111111111111
442,14.733333333333333,173.66666666666666,1.0,False,5.788888888888889
443,14.766666666666666,173.83333333333331,1.0,True,5.794444444444444
444,14.8,174.0,1.0,False,5.8
445,14.833333333333334,172.33333333333334,1.0,False,5.7444444444444445
446,14.866666666666667,173.0,1.0,False,5.766666666666667
447,14.9,174.66666666666669,1.0,False,5.822222222222223
448,14.933333333333334,174.0,1.0,False,5.8
449,14.966666666666669,173.33333333333334,1.0,False,5.777777777777778
450,15.0,173.5,1.0,True,5.783333333333333
451,15.033333333333331,173.66666666666666,1.0,False,5.788888888888889
452,15.066666666666666,174.0,1.0,False,5.8
453,15.1,173.66666666666669,1.0,True,5.788888888888889
454,15.133333333333333,173.33333333333334,1.0,False,5.777777777777778
455,15.166666666666666,174.66666666666666,1.0,False,5.822222222222222
456,15.2,174.33333333333331,1.0,True,5.811111111111111
457,15.233333333333333,174.0,1.0,False,5.8
458,15.266666666666666,175.33333333333331,1.0,False,5.844444444444444
459,15.3,174.66666666666669,1.0,False,5.822222222222223
460,15.333333333333334,174.33333333333331,1.0,False,5.811111111111111
461,15.366666666666667,173.66666666666666,1.0,False,5.788888888888889
462,15.4,173.33333333333334,1.0,False,5.777777777777778
463,15.433333333333334,173.0,1.0,False,5.766666666666667
464,15.466666666666669,172.33333333333334,1.0,False,5.7444444444444445
465,15.5,171.66666666666666,1.0,False,5.722222222222222
466,15.533333333333331,172.66666666666666,1.0,False,5.7555555555555555
467,15.566666666666666,173.0,1.0,False,5.766666666666667
468,15.6,173.16666666666669,1.0,True,5.772222222222222
469,15.633333333333333,173.33333333333334,1.0,False,5.777777777777778
470,15.666666666666666,172.0,1.0,False,5.733333333333333
471,15.7,174.0,1.0,False,5.8
472,15.733333333333333,174.33333333333331,1.0,False,5.811111111111111
473,15.766666666666666,174.33333333333331,1.0,True,5.811111111111111
474,15.8,174.33333333333331,1.0,False,5.811111111111111
475,15.833333333333334,175.33333333333334,1.0,False,5.844444444444445
476,15.866666666666667,175.0,1.0,False,5.833333333333333
477,15.9,175.66666666666666,1.0,False,5.855555555555555
478,15.933333333333334,172.66666666666666,1.0,False,5.7555555555555555
479,15.966666666666669,172.83333333333331,1.0,True,5.761111111111111
480,16.0,173.0,1.0,False,5.766666666666667
481,16.03333333333333,173.33333333333331,0.9722222288449606,True,5.777777777777778
482,16.066666666666666,173.66666666666666,1.0,False,5.788888888888889
483,16.1,174.0,1.0,False,5.8
484,16.133333333333333,173.66666666666669,1.0,True,5.788888888888889
485,16.166666666666668,173.33333333333334,1.0,False,5.777777777777778
486,16.2,174.33333333333331,1.0,False,5.811111111111111
487,16.233333333333334,175.0,0.9722222288449606,True,5.833333333333334
488,16.266666666666666,175.6666666666667,1.0,False,5.855555555555557
489,16.3,175.16666666666669,1.0,True,5.8388888888888895
490,16.333333333333332,174.66666666666666,1.0,False,5.822222222222222
491,16.366666666666667,174.33333333333331,1.0,False,5.811111111111111
492,16.4,174.33333333333331,1.0,False,5.811111111111111
493,16.433333333333334,174.66666666666669,1.0,False,5.822222222222223
494,16.466666666666665,176.0,1.0,False,5.866666666666666
495,16.5,176.33333333333331,1.0,False,5.877777777777777
496,16.53333333333333,176.33333333333331,1.0,True,5.877777777777777
497,16.566666666666666,176.33333333333331,1.0,False,5.877777777777777
498,16.6,205.0,0.9722222288449606,False,6.833333333333333
499,16.633333333333333,222.99999999999997,0.9803921580314636,False,7.433333333333333
500,16.666666666666668,207.33333333333337,0.9814814726511636,False,6.911111111111111
501,16.7,190.83333333333334,1.0,True,6.361111111111111
502,16.733333333333334,174.33333333333331,1.0,False,5.811111111111111
503,16.766666666666666,175.0,1.0,False,5.833333333333333
504,16.8,175.16666666666666,1.0,True,5.838888888888889
505,16.833333333333332,175.33333333333331,1.0,False,5.844444444444444
506,16.866666666666667,175.33333333333331,1.0,False,5.844444444444444
507,16.9,174.33333333333331,1.0,False,5.811111111111111
508,16.933333333333334,174.33333333333331,1.0,False,5.811111111111111
509,16.966666666666665,174.16666666666666,1.0,True,5.805555555555555
510,17.0,174.0,1.0,False,5.8
511,17.03333333333333,175.66666666666666,1.0,False,5.855555555555555
512,17.066666666666666,176.33333333333331,1.0,False,5.877777777777777
513,17.1,174.0,1.0,False,5.8
514,17.133333333333333,174.16666666666666,1.0,True,5.805555555555555
515,17.166666666666668,174.33333333333331,1.0,False,5.811111111111111
516,17.2,174.16666666666666,0.9809523820877076,True,5.805555555555555
517,17.233333333333334,174.0,1.0,False,5.8
518,17.266666666666666,176.33333333333331,1.0,False,5.877777777777777
519,17.3,176.0,1.0,False,5.866666666666667
520,17.333333333333332,176.16666666666666,1.0,True,5.872222222222222
521,17.366666666666667,176.33333333333331,1.0,False,5.877777777777777
522,17.4,173.66666666666666,1.0,False,5.788888888888889
523,17.433333333333334,175.0,1.0,False,5.833333333333333
524,17.466666666666665,174.33333333333331,1.0,False,5.811111111111111
525,17.5,175.66666666666666,1.0,False,5.855555555555555
526,17.53333333333333,174.83333333333331,1.0,True,5.8277777777777775
527,17.566666666666666,174.0,1.0,False,5.8
528,17.6,177.66666666666666,1.0,False,5.922222222222222
529,17.633333333333333,176.33333333333331,1.0,False,5.877777777777777
530,17.666666666666668,178.66666666666669,1.0,False,5.955555555555556
531,17.7,177.33333333333334,1.0,True,5.911111111111111
532,17.733333333333334,176.0,1.0,False,5.866666666666667
533,17.766666666666666,174.66666666666666,1.0,False,5.822222222222222
534,17.8,175.66666666666666,1.0,False,5.855555555555555
535,17.833333333333332,177.33333333333334,1.0,False,5.911111111111111
536,17.866666666666667,177.0,1.0,True,5.9
537,17.9,176.66666666666666,1.0,False,5.888888888888888
538,17.933333333333334,175.66666666666666,1.0,False,5.855555555555555
539,17.966666666666665,176.0,1.0,False,5.866666666666667
540,18.0,176.33333333333331,0.9722222288449606,True,5.877777777777778
541,18.03333333333333,176.66666666666666,1.0,False,5.888888888888888
542,18.066666666666663,176.16666666666666,1.0,True,5.872222222222222
543,18.1,175.66666666666666,1.0,False,5.855555555555555
544,18.133333333333333,175.33333333333331,1.0,False,5.844444444444444
545,18.166666666666668,175.16666666666666,0.9722222288449606,True,5.838888888888889
546,18.2,175.0,1.0,False,5.833333333333333
547,18.233333333333334,174.66666666666669,1.0,False,5.822222222222223
548,18.266666666666666,175.0,1.0,False,5.833333333333333
549,18.3,174.66666666666666,1.0,True,5.822222222222222
550,18.333333333333332,174.33333333333331,1.0,False,5.811111111111111
551,18.366666666666667,177.33333333333334,1.0,False,5.911111111111111
552,18.4,175.66666666666666,1.0,False,5.855555555555555
553,18.433333333333337,190.33333333333331,0.9809523820877076,False,6.344444444444444
554,18.466666666666665,175.66666666666666,1.0,False,5.855555555555555
555,18.5,175.66666666666666,1.0,False,5.855555555555555
556,18.53333333333333,175.83333333333331,1.0,True,5.861111111111111
557,18.566666666666663,176.0,1.0,False,5.866666666666667
558,18.6,175.0,1.0,False,5.833333333333333
559,18.633333333333333,174.33333333333331,1.0,False,5.811111111111111
560,18.666666666666668,176.33333333333331,1.0,False,5.877777777777777
561,18.7,176.66666666666666,1.0,False,5.888888888888888
562,18.733333333333334,175.0,1.0,False,5.833333333333333
563,18.766666666666666,174.66666666666666,1.0,False,5.822222222222222
564,18.8,175.16666666666666,1.0,True,5.838888888888889
565,18.833333333333332,175.66666666666666,1.0,False,5.855555555555555
566,18.866666666666667,174.66666666666669,1.0,False,5.822222222222223
567,18.9,176.66666666666669,1.0,False,5.888888888888889
568,18.933333333333337,175.33333333333331,1.0,False,5.844444444444444
569,18.966666666666665,176.0,1.0,True,5.866666666666666
570,19.0,176.66666666666666,1.0,False,5.888888888888888
571,19.03333333333333,176.66666666666666,1.0,False,5.888888888888888
572,19.066666666666663,176.5,1.0,True,5.883333333333333
573,19.1,176.33333333333331,1.0,False,5.877777777777777
574,19.133333333333333,175.66666666666666,1.0,False,5.855555555555555
575,19.166666666666668,174.66666666666666,1.0,False,5.822222222222222
576,19.2,176.66666666666666,1.0,False,5.888888888888888
577,19.233333333333334,175.33333333333334,1.0,False,5.844444444444445
578,19.266666666666666,175.66666666666669,1.0,True,5.855555555555556
579,19.3,176.0,1.0,False,5.866666666666667
580,19.333333333333332,175.66666666666666,1.0,False,5.855555555555555
581,19.366666666666667,176.0,1.0,False,5.866666666666667
582,19.4,174.66666666666666,1.0,False,5.822222222222222
583,19.433333333333337,175.0,1.0,False,5.833333333333333
584,19.466666666666665,176.0,1.0,False,5.866666666666667
585,19.5,175.66666666666666,1.0,False,5.855555555555555
586,19.53333333333333,174.83333333333334,0.9722222288449606,True,5.8277777777777775
587,19.566666666666663,174.00000000000003,1.0,False,5.800000000000001
588,19.6,174.0,1.0,False,5.8
589,19.633333333333333,175.0,1.0,False,5.833333333333333
590,19.666666666666668,178.66666666666669,1.0,False,5.955555555555556
591,19.7,178.33333333333337,1.0,False,5.9444444444444455
592,19.733333333333334,176.33333333333331,1.0,False,5.877777777777777
593,19.766666666666666,175.66666666666666,1.0,False,5.855555555555555
594,19.8,176.66666666666666,1.0,False,5.888888888888888
595,19.833333333333332,176.0,1.0,False,5.866666666666667
596,19.866666666666667,174.33333333333331,1.0,False,5.811111111111111
597,19.9,176.99999999999997,1.0,False,5.8999999999999995
598,19.933333333333337,175.6666666666667,1.0,False,5.855555555555557
599,19.966666666666665,175.66666666666669,0.9629629651705424,True,5.855555555555556
600,20.0,175.66666666666666,1.0,False,5.855555555555555
601,20.03333333333333,176.0,1.0,False,5.866666666666666
602,20.066666666666663,176.0,1.0,False,5.866666666666667
603,20.1,176.33333333333331,1.0,False,5.877777777777777
604,20.133333333333333,175.6666666666667,1.0,False,5.855555555555557
605,20.166666666666668,175.66666666666666,1.0,False,5.855555555555555
606,20.2,175.66666666666666,1.0,False,5.855555555555555
607,20.233333333333334,175.33333333333331,1.0,False,5.844444444444444
608,20.266666666666666,175.66666666666666,1.0,False,5.855555555555555
609,20.3,175.66666666666666,1.0,False,5.855555555555555
610,20.333333333333332,175.33333333333331,1.0,False,5.844444444444444
611,20.366666666666667,176.5,1.0,True,5.883333333333333
612,20.4,177.66666666666666,1.0,False,5.922222222222222
613,20.433333333333337,175.66666666666666,1.0,False,5.855555555555555
614,20.466666666666665,175.66666666666666,1.0,False,5.855555555555555
615,20.5,177.00000000000003,1.0,False,5.900000000000001
616,20.53333333333333,177.99999999999997,1.0,False,5.933333333333333
617,20.566666666666663,176.33333333333331,1.0,False,5.877777777777777
618,20.6,176.33333333333331,1.0,False,5.877777777777777
619,20.633333333333333,176.33333333333331,1.0,False,5.877777777777777
620,20.666666666666668,177.66666666666666,1.0,False,5.922222222222222
621,20.7,176.99999999999997,1.0,False,5.8999999999999995
622,20.733333333333334,177.66666666666666,1.0,False,5.922222222222222
623,20.766666666666666,176.33333333333331,1.0,False,5.877777777777777
624,20.8,178.0,1.0,False,5.933333333333334
625,20.833333333333332,177.83333333333331,1.0,True,5.927777777777777
626,20.866666666666667,177.66666666666666,1.0,False,5.922222222222222
627,20.9,177.00000000000003,1.0,False,5.900000000000001
628,20.933333333333337,176.66666666666666,1.0,False,5.888888888888888
629,20.966666666666665,177.66666666666666,1.0,False,5.922222222222222
630,21.0,178.33333333333337,1.0,False,5.9444444444444455
631,21.03333333333333,177.66666666666666,1.0,False,5.922222222222222
632,21.066666666666663,175.66666666666666,1.0,False,5.855555555555555
633,21.1,176.66666666666666,1.0,False,5.888888888888888
634,21.133333333333333,176.66666666666666,1.0,False,5.888888888888888
635,21.166666666666668,176.66666666666666,1.0,False,5.888888888888888
636,21.2,177.33333333333334,1.0,False,5.911111111111111
637,21.233333333333334,177.66666666666666,1.0,False,5.922222222222222
638,21.266666666666666,177.83333333333331,1.0,True,5.927777777777777
639,21.3,178.0,1.0,False,5.933333333333334
640,21.333333333333332,177.99999999999997,1.0,False,5.933333333333333
641,21.366666666666667,178.0,1.0,True,5.933333333333334
642,21.4,178.0,1.0,False,5.933333333333334
643,21.433333333333337,176.66666666666666,1.0,False,5.888888888888888
644,21.466666666666665,177.33333333333334,1.0,False,5.911111111111111
645,21.5,176.0,1.0,False,5.866666666666667
646,21.53333333333333,177.33333333333334,1.0,False,5.911111111111111
647,21.566666666666663,176.66666666666666,1.0,False,5.888888888888888
648,21.6,176.99999999999997,1.0,False,5.8999999999999995
649,21.633333333333333,176.99999999999997,1.0,False,5.8999999999999995
650,21.666666666666668,176.66666666666666,1.0,False,5.888888888888888
651,21.7,176.66666666666666,1.0,False,5.888888888888888
652,21.733333333333334,177.33333333333334,1.0,False,5.911111111111111
653,21.766666666666666,178.99999999999997,1.0,False,5.966666666666666
654,21.8,177.33333333333334,1.0,False,5.911111111111111
655,21.833333333333332,175.33333333333331,1.0,False,5.844444444444444
656,21.866666666666667,175.66666666666666,1.0,False,5.855555555555555
657,21.9,175.83333333333331,1.0,True,5.861111111111111
658,21.933333333333337,176.0,1.0,False,5.866666666666667
659,21.966666666666665,177.33333333333334,1.0,False,5.911111111111111
660,22.0,176.66666666666666,1.0,False,5.888888888888888
661,22.03333333333333,176.33333333333331,1.0,False,5.877777777777777
662,22.066666666666663,176.99999999999997,1.0,False,5.8999999999999995
663,22.1,176.0,1.0,False,5.866666666666667
664,22.133333333333333,175.33333333333331,1.0,False,5.844444444444444
665,22.166666666666668,174.66666666666669,1.0,False,5.822222222222223
666,22.2,175.0,1.0,False,5.833333333333333
667,22.233333333333334,175.6666666666667,1.0,False,5.855555555555557
668,22.266666666666666,177.33333333333334,1.0,False,5.911111111111111
669,22.3,176.66666666666666,1.0,False,5.888888888888888
670,22.333333333333332,176.0,1.0,False,5.866666666666667
671,22.366666666666667,176.0,1.0,True,5.866666666666667
672,22.4,176.0,1.0,False,5.866666666666667
673,22.433333333333337,176.66666666666669,1.0,False,5.888888888888889
674,22.466666666666665,174.66666666666669,1.0,False,5.822222222222223
675,22.5,176.0,1.0,False,5.866666666666667
676,22.53333333333333,174.0,1.0,False,5.8
677,22.566666666666663,175.0,1.0,False,5.833333333333333
678,22.6,176.0,1.0,False,5.866666666666667
679,22.633333333333333,175.33333333333331,1.0,False,5.844444444444444
680,22.666666666666668,175.66666666666666,1.0,False,5.855555555555555
681,22.7,176.0,1.0,False,5.866666666666667
682,22.733333333333334,175.33333333333331,1.0,False,5.844444444444444
683,22.766666666666666,177.33333333333334,1.0,False,5.911111111111111
684,22.8,177.33333333333337,0.9629629651705424,True,5.911111111111111
685,22.833333333333332,177.33333333333334,1.0,True,5.911111111111111
686,22.866666666666667,177.33333333333334,1.0,False,5.911111111111111
687,22.9,177.16666666666666,1.0,True,5.905555555555555
688,22.933333333333337,176.99999999999997,1.0,False,5.8999999999999995
689,22.966666666666665,176.99999999999997,0.9722222288449606,True,5.8999999999999995
690,23.0,176.99999999999997,1.0,False,5.8999999999999995
691,23.03333333333333,178.66666666666669,1.0,False,5.955555555555556
692,23.066666666666663,178.33333333333334,0.9722222288449606,True,5.944444444444445
693,23.1,178.0,1.0,False,5.933333333333334
694,23.133333333333333,176.99999999999997,1.0,False,5.8999999999999995
695,23.166666666666668,176.33333333333331,1.0,False,5.877777777777777
696,23.2,178.33333333333337,1.0,False,5.9444444444444455
697,23.233333333333334,178.66666666666669,1.0,False,5.955555555555556
698,23.266666666666666,178.5,1.0,True,5.949999999999999
699,23.3,178.33333333333331,1.0,False,5.944444444444444
700,23.333333333333332,177.66666666666666,1.0,False,5.922222222222222
701,23.366666666666667,176.66666666666666,1.0,False,5.888888888888888
702,23.4,176.66666666666669,1.0,False,5.888888888888889
703,23.433333333333337,177.0,1.0,True,5.9
704,23.466666666666665,177.33333333333334,1.0,False,5.911111111111111
705,23.5,178.16666666666666,0.9629629651705424,True,5.938888888888888
706,23.53333333333333,178.99999999999997,1.0,False,5.966666666666666
707,23.566666666666663,178.99999999999997,1.0,True,5.966666666666666
708,23.6,178.99999999999997,1.0,True,5.966666666666666
709,23.633333333333333,178.99999999999997,1.0,True,5.966666666666666
710,23.666666666666668,178.99999999999997,1.0,False,5.966666666666666
711,23.7,180.66666666666663,1.0,False,6.022222222222222
712,23.733333333333334,178.66666666666663,0.9629629651705424,True,5.955555555555556
713,23.766666666666666,176.66666666666666,1.0,False,5.888888888888888
714,23.8,177.00000000000003,1.0,False,5.900000000000001
715,23.833333333333332,177.33333333333334,1.0,False,5.911111111111111
716,23.866666666666667,177.83333333333337,0.9714285731315612,True,5.927777777777779
717,23.9,178.33333333333337,1.0,False,5.9444444444444455
718,23.933333333333337,178.99999999999997,1.0,False,5.966666666666666
719,23.966666666666665,199.0,0.9722222288449606,False,6.633333333333333
720,24.0,178.99999999999997,1.0,False,5.966666666666666
721,24.03333333333333,178.99999999999997,1.0,False,5.966666666666666
722,24.066666666666663,178.33333333333331,1.0,False,5.944444444444444
723,24.1,178.0,1.0,False,5.933333333333334
724,24.133333333333333,177.16666666666666,1.0,True,5.905555555555555
725,24.166666666666668,176.33333333333331,1.0,False,5.877777777777777
726,24.2,176.66666666666666,1.0,False,5.888888888888888
727,24.233333333333334,176.5,1.0,True,5.883333333333333
728,24.266666666666666,176.33333333333331,1.0,False,5.877777777777777
729,24.3,177.33333333333334,1.0,False,5.911111111111111
730,24.333333333333332,176.99999999999997,1.0,False,5.8999999999999995
731,24.366666666666667,176.66666666666666,1.0,False,5.888888888888888
732,24.4,176.33333333333331,1.0,False,5.877777777777777
733,24.433333333333337,177.66666666666666,1.0,False,5.922222222222222
734,24.466666666666665,177.33333333333334,1.0,False,5.911111111111111
735,24.5,178.33333333333331,1.0,False,5.944444444444444
736,24.53333333333333,178.66666666666669,1.0,False,5.955555555555556
737,24.566666666666663,178.55555555555557,1.0,True,5.951851851851852
738,24.6,178.44444444444446,0.9722222288449606,True,5.948148148148148
739,24.633333333333333,178.33333333333331,1.0,False,5.944444444444444
740,24.666666666666668,179.66666666666669,1.0,False,5.98888888888889
741,24.7,175.33333333333331,1.0,False,5.844444444444444
742,24.733333333333334,177.33333333333334,1.0,False,5.911111111111111
743,24.766666666666666,178.33333333333337,1.0,False,5.9444444444444455
744,24.8,176.66666666666669,1.0,False,5.888888888888889
745,24.833333333333332,176.66666666666666,1.0,False,5.888888888888888
746,24.866666666666667,176.66666666666669,1.0,True,5.888888888888889
747,24.9,176.66666666666666,1.0,True,5.888888888888888
748,24.933333333333337,176.66666666666666,1.0,False,5.888888888888888
749,24.966666666666665,178.0,1.0,False,5.933333333333334
750,25.0,177.33333333333334,1.0,False,5.911111111111111
751,25.03333333333333,177.99999999999997,1.0,False,5.933333333333333
752,25.066666666666663,178.33333333333337,1.0,False,5.9444444444444455
753,25.1,178.66666666666669,1.0,False,5.955555555555556
754,25.133333333333333,178.66666666666669,1.0,True,5.955555555555556
755,25.166666666666668,178.66666666666669,1.0,False,5.955555555555556
756,25.2,179.66666666666669,1.0,False,5.98888888888889
757,25.233333333333334,179.83333333333334,1.0,True,5.994444444444445
758,25.266666666666666,180.0,1.0,False,6.0
759,25.3,178.66666666666669,1.0,False,5.955555555555556
760,25.333333333333332,176.66666666666669,1.0,False,5.888888888888889
761,25.366666666666667,176.91666666666666,1.0,True,5.897222222222222
762,25.4,177.16666666666669,0.990740736325582,True,5.905555555555555
763,25.433333333333337,177.41666666666669,1.0,True,5.913888888888889
764,25.466666666666665,177.66666666666666,1.0,False,5.922222222222222
765,25.5,177.5,1.0,True,5.916666666666666
766,25.53333333333333,177.33333333333334,1.0,False,5.911111111111111
767,25.566666666666663,176.99999999999997,1.0,False,5.8999999999999995
768,25.6,176.5,1.0,True,5.883333333333333
769,25.633333333333333,176.0,1.0,False,5.866666666666667
770,25.666666666666668,176.66666666666669,1.0,False,5.888888888888889
771,25.7,178.33333333333337,1.0,False,5.9444444444444455
772,25.733333333333334,177.33333333333334,1.0,False,5.911111111111111
773,25.766666666666666,177.33333333333334,1.0,False,5.911111111111111
774,25.8,178.66666666666669,1.0,False,5.955555555555556
775,25.833333333333332,177.33333333333334,1.0,False,5.911111111111111
776,25.866666666666667,178.99999999999997,1.0,False,5.966666666666666
777,25.9,177.33333333333334,1.0,False,5.911111111111111
778,25.933333333333337,177.16666666666669,0.9629629651705424,True,5.905555555555557
779,25.966666666666665,177.00000000000003,1.0,False,5.900000000000001
780,26.0,178.0,1.0,False,5.933333333333334
781,26.03333333333333,177.99999999999997,1.0,False,5.933333333333333
782,26.066666666666663,178.11111111111111,1.0,True,5.937037037037038
783,26.1,178.22222222222223,1.0,True,5.9407407407407415
784,26.133333333333333,178.33333333333337,1.0,False,5.9444444444444455
785,26.166666666666668,177.00000000000003,1.0,False,5.900000000000001
786,26.2,176.33333333333331,1.0,False,5.877777777777777
787,26.233333333333334,176.66666666666663,1.0,True,5.888888888888888
788,26.266666666666666,176.99999999999997,1.0,False,5.8999999999999995
789,26.3,178.33333333333331,1.0,False,5.944444444444444
790,26.333333333333332,177.33333333333334,1.0,False,5.911111111111111
791,26.366666666666667,176.33333333333331,1.0,False,5.877777777777777
792,26.4,177.99999999999997,1.0,False,5.933333333333333
793,26.433333333333337,176.0,1.0,False,5.866666666666666
794,26.466666666666665,176.66666666666669,1.0,False,5.888888888888889
795,26.5,178.66666666666669,1.0,False,5.955555555555556
796,26.53333333333333,177.66666666666666,1.0,False,5.922222222222222
797,26.566666666666663,178.5,0.9904761910438538,True,5.949999999999999
798,26.6,179.33333333333334,1.0,False,5.977777777777778
799,26.633333333333333,176.33333333333331,1.0,False,5.877777777777777
800,26.666666666666668,180.66666666666663,1.0,False,6.022222222222222
801,26.7,180.0,1.0,False,6.0
802,26.733333333333334,178.0,1.0,False,5.933333333333334
803,26.766666666666666,178.83333333333334,0.9814814726511636,True,5.961111111111112
804,26.8,179.66666666666669,1.0,False,5.98888888888889
805,26.833333333333332,179.8888888888889,0.9722222288449606,True,5.996296296296297
806,26.866666666666667,180.1111111111111,1.0,True,6.003703703703703
807,26.9,180.33333333333331,1.0,False,6.01111111111111
808,26.933333333333337,178.66666666666669,1.0,False,5.955555555555556
809,26.966666666666665,177.66666666666666,1.0,False,5.922222222222222
810,27.0,177.83333333333331,1.0,True,5.927777777777777
811,27.03333333333333,177.99999999999997,1.0,False,5.933333333333333
812,27.066666666666663,177.66666666666666,1.0,False,5.922222222222222
813,27.1,177.99999999999997,1.0,False,5.933333333333333
814,27.133333333333333,177.66666666666666,1.0,False,5.922222222222222
815,27.166666666666668,177.66666666666666,1.0,False,5.922222222222222
816,27.2,177.99999999999997,1.0,False,5.933333333333333
817,27.233333333333334,177.66666666666666,1.0,False,5.922222222222222
818,27.266666666666666,177.66666666666666,1.0,True,5.922222222222222
819,27.3,177.66666666666666,1.0,False,5.922222222222222
820,27.333333333333332,177.44444444444446,0.9722222288449606,True,5.9148148148148145
821,27.366666666666667,177.2222222222222,0.9722222288449606,True,5.9074074074074066
822,27.4,176.99999999999997,1.0,False,5.8999999999999995
823,27.433333333333337,176.99999999999997,1.0,False,5.8999999999999995
824,27.466666666666665,177.0,1.0,True,5.9
825,27.5,177.00000000000003,1.0,False,5.900000000000001
826,27.53333333333333,177.16666666666669,1.0,True,5.905555555555557
827,27.566666666666663,177.33333333333334,1.0,False,5.911111111111111
828,27.6,177.5,1.0,True,5.916666666666666
829,27.633333333333333,177.66666666666666,1.0,False,5.922222222222222
830,27.666666666666668,177.66666666666666,1.0,False,5.922222222222222
831,27.7,176.66666666666666,1.0,False,5.888888888888888
832,27.733333333333334,178.5,0.9722222288449606,True,5.949999999999999
833,27.766666666666666,180.33333333333331,1.0,False,6.01111111111111
834,27.8,178.99999999999997,1.0,False,5.966666666666666
835,27.833333333333332,178.66666666666669,1.0,False,5.955555555555556
836,27.866666666666667,206.66666666666663,0.990740736325582,False,6.888888888888888
837,27.9,208.33333333333331,0.9629629651705424,False,6.944444444444444
838,27.933333333333337,208.0,0.9722222288449606,False,6.933333333333334
839,27.966666666666665,207.5,1.0,True,6.916666666666668
840,28.0,207.00000000000003,0.9722222288449606,False,6.900000000000001
841,28.03333333333333,206.0666666666667,0.9814814726511636,True,6.868888888888891
842,28.066666666666663,205.13333333333338,1.0,True,6.837777777777779
843,28.1,204.20000000000005,1.0,True,6.8066666666666675
844,28.133333333333333,203.2666666666667,1.0,True,6.775555555555556
845,28.166666666666668,202.33333333333337,0.9629629651705424,False,6.7444444444444445
846,28.2,180.66666666666663,1.0,False,6.022222222222222
847,28.233333333333334,176.33333333333331,1.0,False,5.877777777777777
848,28.266666666666666,177.33333333333334,1.0,False,5.911111111111111
849,28.3,177.16666666666669,1.0,True,5.905555555555557
850,28.333333333333332,177.00000000000003,1.0,False,5.900000000000001
851,28.366666666666667,180.0,1.0,False,6.0
852,28.4,178.33333333333337,1.0,False,5.9444444444444455
853,28.433333333333337,177.99999999999997,1.0,False,5.933333333333333
854,28.466666666666665,178.33333333333331,0.9629629651705424,True,5.944444444444445
855,28.5,178.66666666666663,0.9722222288449606,True,5.955555555555555
856,28.53333333333333,178.99999999999997,1.0,False,5.966666666666666
857,28.566666666666663,178.66666666666669,1.0,False,5.955555555555556
858,28.6,178.33333333333337,1.0,False,5.9444444444444455
859,28.633333333333333,178.33333333333334,1.0,True,5.944444444444445
860,28.666666666666668,178.33333333333331,1.0,False,5.944444444444444
861,28.7,179.66666666666669,1.0,False,5.98888888888889
862,28.733333333333334,177.00000000000003,1.0,False,5.900000000000001
863,28.766666666666666,178.16666666666669,0.9714285731315612,True,5.93888888888889
864,28.8,179.33333333333334,1.0,False,5.977777777777778
865,28.833333333333332,207.66666666666663,0.9814814726511636,False,6.922222222222222
866,28.866666666666667,209.33333333333337,0.9629629651705424,False,6.977777777777778
867,28.9,198.00000000000003,0.9722222288449606,False,6.6000000000000005
868,28.933333333333337,177.99999999999997,1.0,False,5.933333333333333
869,28.966666666666665,177.66666666666666,1.0,True,5.9222222222222225
870,29.0,177.33333333333334,1.0,False,5.911111111111111
871,29.03333333333333,178.16666666666666,0.9607843160629272,True,5.938888888888888
872,29.066666666666663,178.99999999999997,1.0,False,5.966666666666666
873,29.1,179.33333333333331,0.9629629651705424,True,5.977777777777778
874,29.133333333333333,179.66666666666669,1.0,False,5.98888888888889
875,29.166666666666668,179.33333333333331,1.0,True,5.977777777777778
876,29.2,178.99999999999997,1.0,False,5.966666666666666
877,29.233333333333334,179.66666666666669,1.0,False,5.98888888888889
878,29.266666666666666,180.33333333333331,1.0,False,6.01111111111111
879,29.3,178.0,1.0,False,5.933333333333334
880,29.333333333333332,178.33333333333337,1.0,False,5.9444444444444455
881,29.366666666666667,177.99999999999997,1.0,False,5.933333333333333
882,29.4,178.0,1.0,True,5.933333333333334
883,29.433333333333337,178.0,1.0,False,5.933333333333334
884,29.466666666666665,178.66666666666669,1.0,False,5.955555555555556
885,29.5,179.33333333333334,1.0,False,5.977777777777778
886,29.53333333333333,179.33333333333334,0.9722222288449606,True,5.977777777777778
887,29.566666666666663,179.33333333333334,1.0,False,5.977777777777778
888,29.6,180.0,1.0,False,6.0
889,29.633333333333333,180.0,1.0,False,6.0
890,29.666666666666668,198.66666666666669,1.0,False,6.622222222222223
891,29.7,189.33333333333334,1.0,True,6.311111111111112
892,29.733333333333334,180.0,1.0,False,6.0
893,29.766666666666666,179.66666666666669,1.0,False,5.98888888888889
894,29.8,178.33333333333337,1.0,False,5.9444444444444455
895,29.833333333333332,178.33333333333334,1.0,True,5.944444444444445
896,29.866666666666667,178.33333333333331,1.0,False,5.944444444444444
897,29.9,178.33333333333334,1.0,True,5.944444444444445
898,29.933333333333337,178.33333333333337,1.0,True,5.944444444444445
899,29.966666666666665,178.33333333333337,1.0,False,5.9444444444444455
900,30.0,178.99999999999997,1.0,False,5.966666666666666
901,30.03333333333333,181.66666666666669,1.0,False,6.055555555555556
902,30.066666666666663,180.0,1.0,False,6.0
903,30.1,180.16666666666666,0.990740736325582,True,6.005555555555555
904,30.133333333333333,180.33333333333331,1.0,False,6.01111111111111
905,30.166666666666668,180.16666666666666,1.0,True,6.005555555555555
906,30.2,180.0,1.0,False,6.0
907,30.233333333333334,179.33333333333334,1.0,False,5.977777777777778
908,30.266666666666666,180.0,1.0,False,6.0
909,30.3,178.33333333333337,1.0,False,5.9444444444444455
910,30.333333333333332,178.0,1.0,False,5.933333333333334
911,30.366666666666667,178.99999999999997,1.0,False,5.966666666666666
912,30.4,179.33333333333334,1.0,False,5.977777777777778
913,30.433333333333337,179.33333333333334,1.0,False,5.977777777777778
914,30.466666666666665,179.33333333333331,1.0,False,5.977777777777777
915,30.5,178.66666666666669,1.0,False,5.955555555555556
916,30.53333333333333,178.5,1.0,True,5.949999999999999
917,30.566666666666663,178.33333333333331,1.0,False,5.944444444444444
918,30.6,178.33333333333337,1.0,False,5.9444444444444455
919,30.633333333333333,177.33333333333334,1.0,False,5.911111111111111
920,30.666666666666668,180.33333333333331,1.0,False,6.01111111111111
921,30.7,178.66666666666669,1.0,False,5.955555555555556
922,30.733333333333334,180.33333333333337,1.0,False,6.011111111111112
923,30.766666666666666,179.66666666666669,1.0,False,5.98888888888889
924,30.8,178.66666666666669,1.0,False,5.955555555555556
925,30.833333333333332,178.66666666666669,0.9629629651705424,True,5.955555555555556
926,30.866666666666667,178.66666666666669,1.0,False,5.955555555555556
927,30.9,180.0,1.0,False,6.0
928,30.933333333333337,179.33333333333331,1.0,False,5.977777777777777
929,30.966666666666665,178.0,1.0,False,5.933333333333334
930,31.0,177.66666666666666,1.0,False,5.922222222222222
931,31.03333333333333,179.16666666666663,1.0,True,5.972222222222221
932,31.066666666666663,180.66666666666663,1.0,False,6.022222222222222
933,31.1,186.66666666666663,0.990740736325582,False,6.222222222222222
934,31.133333333333333,184.33333333333331,0.9351851940155028,True,6.144444444444446
935,31.166666666666668,182.0,1.0,True,6.066666666666667
936,31.2,179.66666666666669,1.0,False,5.98888888888889
937,31.233333333333334,179.33333333333334,1.0,False,5.977777777777778
938,31.266666666666666,179.33333333333334,1.0,False,5.977777777777778
939,31.3,178.99999999999997,1.0,False,5.966666666666666
940,31.333333333333332,178.83333333333331,1.0,True,5.96111111111111
941,31.366666666666667,178.66666666666669,1.0,False,5.955555555555556
942,31.4,177.99999999999997,1.0,False,5.933333333333333
943,31.433333333333337,182.0,1.0,False,6.066666666666666
944,31.466666666666665,179.66666666666669,1.0,False,5.98888888888889
945,31.5,179.66666666666663,1.0,False,5.988888888888888
946,31.53333333333333,179.99999999999997,0.990740736325582,True,5.999999999999999
947,31.566666666666663,180.33333333333331,1.0,False,6.01111111111111
948,31.6,181.00000000000003,1.0,False,6.033333333333334
949,31.633333333333333,177.66666666666666,1.0,False,5.922222222222222
950,31.666666666666668,176.0,1.0,False,5.866666666666667
951,31.7,176.66666666666666,1.0,False,5.888888888888888
952,31.733333333333334,178.99999999999997,1.0,False,5.966666666666666
953,31.766666666666666,178.66666666666669,1.0,False,5.955555555555556
954,31.8,178.99999999999997,1.0,False,5.966666666666666
955,31.833333333333332,178.99999999999997,1.0,False,5.966666666666666
956,31.866666666666667,179.5,0.990740736325582,True,5.9833333333333325
957,31.9,180.0,1.0,False,6.0
958,31.933333333333337,178.66666666666669,1.0,False,5.955555555555556
959,31.966666666666665,180.33333333333331,1.0,False,6.01111111111111
960,32.0,179.83333333333331,0.9629629651705424,True,5.994444444444444
961,32.03333333333333,179.33333333333334,1.0,False,5.977777777777778
962,32.06666666666666,180.0,1.0,False,6.0
963,32.1,176.99999999999997,1.0,False,5.8999999999999995
964,32.13333333333333,177.99999999999997,1.0,True,5.933333333333333
965,32.166666666666664,178.99999999999997,1.0,False,5.966666666666666
966,32.2,179.33333333333331,0.9722222288449606,True,5.977777777777778
967,32.233333333333334,179.66666666666669,1.0,False,5.98888888888889
968,32.266666666666666,178.33333333333331,1.0,False,5.944444444444444
969,32.3,178.99999999999997,1.0,False,5.966666666666666
970,32.333333333333336,178.33333333333337,1.0,False,5.9444444444444455
971,32.36666666666667,178.83333333333337,0.9904761910438538,True,5.961111111111112
972,32.4,179.33333333333334,1.0,False,5.977777777777778
973,32.43333333333333,178.99999999999997,1.0,False,5.966666666666666
974,32.46666666666667,178.16666666666666,0.9629629651705424,True,5.938888888888888
975,32.5,177.33333333333334,1.0,False,5.911111111111111
976,32.53333333333333,178.33333333333331,1.0,False,5.944444444444444
977,32.56666666666666,177.66666666666666,1.0,False,5.922222222222222
978,32.6,178.99999999999997,1.0,False,5.966666666666666
979,32.63333333333333,178.66666666666669,1.0,False,5.955555555555556
980,32.666666666666664,178.5,1.0,True,5.949999999999999
981,32.7,178.33333333333331,1.0,False,5.944444444444444
982,32.733333333333334,179.33333333333331,1.0,False,5.977777777777777
983,32.766666666666666,179.33333333333334,1.0,False,5.977777777777778
984,32.8,178.33333333333331,1.0,False,5.944444444444444
985,32.833333333333336,176.99999999999997,1.0,False,5.8999999999999995
986,32.86666666666667,180.0,1.0,False,6.0
987,32.9,179.33333333333334,1.0,False,5.977777777777778
988,32.93333333333333,178.99999999999997,1.0,False,5.966666666666666
989,32.96666666666667,178.99999999999997,1.0,False,5.966666666666666
990,33.0,196.00000000000003,1.0,False,6.533333333333334
991,33.03333333333333,178.99999999999997,1.0,False,5.966666666666666
992,33.06666666666666,178.99999999999997,1.0,False,5.966666666666666
993,33.1,178.66666666666669,1.0,False,5.955555555555556
994,33.13333333333333,178.99999999999997,1.0,False,5.966666666666666
995,33.166666666666664,177.66666666666666,1.0,False,5.922222222222222
996,33.2,177.99999999999997,1.0,False,5.933333333333333
997,33.233333333333334,177.99999999999997,1.0,False,5.933333333333333
998,33.266666666666666,178.66666666666669,1.0,False,5.955555555555556
999,33.3,178.66666666666669,1.0,False,5.955555555555556
1000,33.333333333333336,178.7777777777778,1.0,True,5.959259259259259
1001,33.36666666666667,178.88888888888889,1.0,True,5.962962962962962
1002,33.4,178.99999999999997,1.0,False,5.966666666666666
1003,33.43333333333333,177.33333333333334,1.0,False,5.911111111111111
1004,33.46666666666667,178.33333333333337,1.0,False,5.9444444444444455
1005,33.5,178.50000000000003,1.0,True,5.950000000000001
1006,33.53333333333333,178.66666666666669,1.0,False,5.955555555555556
1007,33.56666666666666,178.99999999999997,1.0,False,5.966666666666666
1008,33.6,180.0,1.0,False,6.0
1009,33.63333333333333,181.00000000000003,1.0,False,6.033333333333334
1010,33.666666666666664,178.33333333333337,1.0,False,5.9444444444444455
1011,33.7,179.66666666666669,1.0,False,5.98888888888889
1012,33.733333333333334,180.66666666666663,1.0,False,6.022222222222222
1013,33.766666666666666,182.66666666666663,1.0,False,6.088888888888889
1014,33.8,181.66666666666663,1.0,False,6.0555555555555545
1015,33.833333333333336,180.0,1.0,False,6.0
1016,33.86666666666667,179.83333333333334,1.0,True,5.994444444444445
1017,33.9,179.66666666666669,1.0,False,5.98888888888889
1018,33.93333333333333,180.0,1.0,True,6.0
1019,33.96666666666667,180.33333333333331,1.0,False,6.01111111111111
1020,34.0,180.33333333333331,1.0,True,6.01111111111111
1021,34.03333333333333,180.33333333333331,1.0,False,6.01111111111111
1022,34.06666666666666,178.99999999999997,1.0,False,5.966666666666666
1023,34.1,178.66666666666669,1.0,False,5.955555555555556
1024,34.13333333333333,178.50000000000003,1.0,True,5.950000000000001
1025,34.166666666666664,178.33333333333337,1.0,False,5.9444444444444455
1026,34.2,178.33333333333337,1.0,False,5.9444444444444455
1027,34.233333333333334,178.33333333333334,1.0,True,5.944444444444445
1028,34.266666666666666,178.33333333333331,1.0,False,5.944444444444444
1029,34.3,180.66666666666663,1.0,False,6.022222222222222
1030,34.333333333333336,179.33333333333334,1.0,False,5.977777777777778
1031,34.36666666666667,180.0,1.0,False,6.0
1032,34.4,182.0,1.0,False,6.066666666666666
1033,34.43333333333333,181.0,0.9722222288449606,True,6.033333333333333
1034,34.46666666666667,180.0,1.0,False,6.0
1035,34.5,178.33333333333337,1.0,False,5.9444444444444455
1036,34.53333333333333,178.33333333333334,1.0,True,5.944444444444445
1037,34.56666666666666,178.33333333333331,1.0,False,5.944444444444444
1038,34.6,178.33333333333331,1.0,False,5.944444444444444
1039,34.63333333333333,181.66666666666669,1.0,False,6.055555555555556
1040,34.666666666666664,176.66666666666666,1.0,False,5.888888888888888
1041,34.7,179.33333333333334,1.0,False,5.977777777777778
1042,34.733333333333334,179.33333333333331,1.0,True,5.977777777777778
1043,34.766666666666666,179.33333333333331,1.0,False,5.977777777777777
1044,34.8,179.33333333333334,1.0,False,5.977777777777778
1045,34.833333333333336,180.66666666666663,1.0,False,6.022222222222222
1046,34.86666666666667,177.33333333333334,1.0,False,5.911111111111111
1047,34.9,180.0,1.0,False,6.0
1048,34.93333333333333,175.0,1.0,False,5.833333333333333
1049,34.96666666666667,180.66666666666663,1.0,False,6.022222222222222
1050,35.0,177.99999999999997,1.0,False,5.933333333333333
1051,35.03333333333333,199.0,1.0,False,6.633333333333333
1052,35.06666666666666,210.33333333333331,0.9904761910438538,False,7.01111111111111
1053,35.1,206.33333333333331,0.9814814726511636,False,6.877777777777777
1054,35.13333333333333,180.0,1.0,False,6.0
1055,35.166666666666664,181.66666666666663,1.0,False,6.0555555555555545
1056,35.2,181.66666666666666,1.0,True,6.055555555555555
1057,35.233333333333334,181.66666666666669,0.9722222288449606,False,6.055555555555556
1058,35.266666666666666,181.5,1.0,False,6.05
1059,35.3,181.54166666666669,0.9814814726511636,True,6.051388888888889
1060,35.333333333333336,181.58333333333334,0.9166666666666666,True,6.052777777777778
1061,35.36666666666667,181.625,1.0,True,6.054166666666667
1062,35.4,181.66666666666669,1.0,False,6.055555555555556
1063,35.43333333333333,181.7777777777778,1.0,True,6.05925925925926
1064,35.46666666666667,181.8888888888889,1.0,True,6.062962962962963
1065,35.5,182.0,1.0,False,6.066666666666666
1066,35.53333333333333,183.66666666666669,1.0,False,6.122222222222223
1067,35.56666666666666,181.00000000000003,1.0,False,6.033333333333334
1068,35.6,182.66666666666663,1.0,False,6.088888888888889
1069,35.63333333333333,179.33333333333334,1.0,False,5.977777777777778
1070,35.666666666666664,181.33333333333331,1.0,False,6.044444444444444
1071,35.7,181.49999999999997,1.0,True,6.049999999999999
1072,35.733333333333334,181.66666666666663,1.0,False,6.0555555555555545
1073,35.766666666666666,180.66666666666663,1.0,False,6.022222222222222
1074,35.8,181.00000000000003,1.0,False,6.033333333333334
1075,35.833333333333336,180.83333333333331,1.0,True,6.027777777777779
1076,35.86666666666667,180.66666666666663,1.0,False,6.022222222222222
1077,35.9,179.33333333333334,1.0,False,5.977777777777778
1078,35.93333333333333,181.00000000000003,1.0,False,6.033333333333334
1079,35.96666666666667,181.00000000000003,1.0,False,6.033333333333334
1080,36.0,181.00000000000003,1.0,False,6.033333333333334
1081,36.03333333333333,181.66666666666663,1.0,False,6.0555555555555545
1082,36.06666666666666,181.83333333333331,1.0,True,6.06111111111111
1083,36.1,182.0,1.0,False,6.066666666666666
1084,36.13333333333333,181.33333333333331,1.0,False,6.044444444444444
1085,36.166666666666664,180.33333333333331,1.0,False,6.01111111111111
1086,36.2,180.44444444444443,1.0,True,6.014814814814814
1087,36.233333333333334,180.55555555555554,1.0,True,6.018518518518517
1088,36.266666666666666,180.66666666666663,1.0,False,6.022222222222222
1089,36.3,181.00000000000003,1.0,False,6.033333333333334
1090,36.333333333333336,181.00000000000003,1.0,False,6.033333333333334
1091,36.36666666666667,181.66666666666669,1.0,True,6.055555555555556
1092,36.4,182.33333333333337,1.0,False,6.077777777777778
1093,36.43333333333333,180.0,1.0,False,6.0
1094,36.46666666666667,180.16666666666666,1.0,True,6.005555555555555
1095,36.5,180.33333333333331,1.0,False,6.01111111111111
1096,36.53333333333333,180.33333333333331,1.0,True,6.01111111111111
1097,36.56666666666666,180.33333333333331,1.0,False,6.01111111111111
1098,36.6,182.33333333333337,1.0,False,6.077777777777778
1099,36.63333333333333,183.00000000000003,1.0,False,6.1000000000000005
1100,36.666666666666664,182.33333333333337,1.0,False,6.077777777777778
1101,36.7,181.66666666666663,1.0,False,6.0555555555555545
1102,36.733333333333334,181.66666666666666,0.990740736325582,True,6.055555555555555
1103,36.766666666666666,181.66666666666669,1.0,False,6.055555555555556
1104,36.8,182.33333333333337,1.0,False,6.077777777777778
1105,36.833333333333336,181.33333333333331,1.0,False,6.044444444444444
1106,36.86666666666667,178.66666666666669,1.0,False,5.955555555555556
1107,36.9,179.33333333333334,1.0,False,5.977777777777778
1108,36.93333333333333,180.66666666666663,1.0,False,6.022222222222222
1109,36.96666666666667,178.66666666666669,1.0,False,5.955555555555556
1110,37.0,179.83333333333337,0.9814814726511636,True,5.994444444444445
1111,37.03333333333333,181.00000000000003,1.0,False,6.033333333333334
1112,37.06666666666666,182.33333333333337,1.0,False,6.077777777777778
1113,37.1,179.66666666666669,1.0,False,5.98888888888889
1114,37.13333333333333,180.33333333333331,1.0,False,6.01111111111111
1115,37.166666666666664,181.00000000000003,1.0,False,6.033333333333334
1116,37.2,181.66666666666663,1.0,False,6.0555555555555545
1117,37.233333333333334,182.33333333333337,1.0,False,6.077777777777778
1118,37.266666666666666,181.66666666666669,0.9814814726511636,True,6.055555555555556
1119,37.3,181.00000000000003,1.0,False,6.033333333333334
1120,37.333333333333336,180.66666666666663,1.0,False,6.022222222222222
1121,37.36666666666667,180.88888888888886,0.9814814726511636,True,6.02962962962963
1122,37.4,181.1111111111111,1.0,True,6.037037037037036
1123,37.43333333333333,181.33333333333331,1.0,False,6.044444444444444
1124,37.46666666666667,181.00000000000003,1.0,False,6.033333333333334
1125,37.5,180.7777777777778,0.9722222288449606,True,6.025925925925926
1126,37.53333333333333,180.55555555555554,0.9814814726511636,True,6.018518518518517
1127,37.56666666666666,180.33333333333331,1.0,False,6.01111111111111
1128,37.6,182.33333333333337,1.0,False,6.077777777777778
1129,37.63333333333333,182.0,1.0,True,6.066666666666666
1130,37.666666666666664,181.66666666666663,1.0,False,6.0555555555555545
1131,37.7,180.66666666666663,1.0,False,6.022222222222222
1132,37.733333333333334,178.99999999999997,1.0,False,5.966666666666666
1133,37.766666666666666,180.83333333333331,0.9814814726511636,True,6.027777777777777
1134,37.8,182.66666666666663,1.0,False,6.088888888888889
1135,37.833333333333336,181.66666666666663,1.0,False,6.0555555555555545
1136,37.86666666666667,182.33333333333337,1.0,False,6.077777777777778
1137,37.9,179.33333333333331,1.0,False,5.977777777777777
1138,37.93333333333333,179.66666666666669,1.0,False,5.98888888888889
1139,37.96666666666667,180.66666666666663,1.0,False,6.022222222222222
1140,38.0,181.33333333333331,1.0,False,6.044444444444444
1141,38.03333333333333,180.0,1.0,False,6.0
1142,38.06666666666666,182.0,1.0,False,6.066666666666666
1143,38.1,181.33333333333331,1.0,False,6.044444444444444
1144,38.13333333333333,182.66666666666663,1.0,False,6.088888888888889
1145,38.166666666666664,181.33333333333331,1.0,False,6.044444444444444
1146,38.2,182.0,1.0,False,6.066666666666666
1147,38.233333333333334,181.66666666666669,1.0,False,6.055555555555556
1148,38.266666666666666,181.66666666666663,1.0,False,6.0555555555555545
1149,38.3,182.33333333333331,0.990740736325582,True,6.0777777777777775
1150,38.333333333333336,183.0,1.0,True,6.1
1151,38.36666666666667,183.66666666666669,1.0,False,6.122222222222223
1152,38.4,181.66666666666663,1.0,False,6.0555555555555545
1153,38.43333333333333,181.66666666666663,1.0,False,6.0555555555555545
1154,38.46666666666667,182.0,1.0,False,6.066666666666666
1155,38.5,182.33333333333337,1.0,False,6.077777777777778
1156,38.53333333333333,180.33333333333331,1.0,False,6.01111111111111
1157,38.56666666666666,180.33333333333331,1.0,False,6.01111111111111
1158,38.6,179.66666666666663,0.9814814726511636,True,5.988888888888888
1159,38.63333333333333,178.99999999999997,1.0,False,5.966666666666666
1160,38.666666666666664,180.33333333333331,1.0,False,6.01111111111111
1161,38.7,181.66666666666663,1.0,False,6.0555555555555545
1162,38.733333333333334,179.66666666666663,1.0,False,5.988888888888888
1163,38.766666666666666,179.0,1.0,True,5.966666666666667
1164,38.8,178.33333333333337,1.0,False,5.9444444444444455
1165,38.833333333333336,181.33333333333331,1.0,False,6.044444444444444
1166,38.86666666666667,181.22222222222223,1.0,True,6.040740740740741
1167,38.9,181.11111111111114,0.9629629651705424,True,6.037037037037037
1168,38.93333333333333,181.00000000000003,1.0,False,6.033333333333334
1169,38.96666666666667,181.22222222222223,1.0,True,6.040740740740741
1170,39.0,181.44444444444443,0.9814814726511636,True,6.048148148148147
1171,39.03333333333333,181.66666666666663,1.0,False,6.0555555555555545
1172,39.06666666666666,181.58333333333331,1.0,True,6.052777777777777
1173,39.1,181.49999999999997,0.9809523820877076,True,6.049999999999999
1174,39.13333333333333,181.41666666666666,0.9629629651705424,True,6.047222222222222
1175,39.166666666666664,181.33333333333331,1.0,False,6.044444444444444
1176,39.2,179.33333333333334,1.0,False,5.977777777777778
1177,39.233333333333334,177.66666666666666,1.0,False,5.922222222222222
1178,39.266666666666666,182.33333333333337,1.0,False,6.077777777777778
1179,39.3,182.16666666666669,1.0,True,6.072222222222223
1180,39.333333333333336,182.0,1.0,False,6.066666666666666
1181,39.36666666666667,181.33333333333331,1.0,False,6.044444444444444
1182,39.4,181.0,0.9722222288449606,True,6.033333333333333
1183,39.43333333333333,180.66666666666663,0.9629629651705424,True,6.022222222222221
1184,39.46666666666667,180.33333333333331,1.0,False,6.01111111111111
1185,39.5,180.33333333333331,1.0,False,6.01111111111111
1186,39.53333333333333,180.33333333333331,1.0,False,6.01111111111111
1187,39.56666666666666,179.83333333333331,0.9809523820877076,True,5.994444444444444
1188,39.6,179.33333333333334,1.0,False,5.977777777777778
1189,39.63333333333333,178.66666666666669,1.0,False,5.955555555555556
1190,39.666666666666664,178.0,1.0,False,5.933333333333334
1191,39.7,179.66666666666663,1.0,False,5.988888888888888
1192,39.733333333333334,180.33333333333331,1.0,False,6.01111111111111
1193,39.766666666666666,177.33333333333334,1.0,False,5.911111111111111
1194,39.8,179.33333333333334,1.0,False,5.977777777777778
1195,39.833333333333336,180.33333333333331,1.0,False,6.01111111111111
1196,39.86666666666667,180.33333333333331,1.0,False,6.01111111111111
1197,39.9,181.33333333333331,1.0,False,6.044444444444444
1198,39.93333333333333,179.33333333333334,1.0,False,5.977777777777778
1199,39.96666666666667,181.00000000000003,1.0,False,6.033333333333334
1200,40.0,180.0,1.0,False,6.0
1201,40.03333333333333,180.33333333333331,1.0,False,6.01111111111111
1202,40.06666666666666,180.66666666666663,1.0,False,6.022222222222222
1203,40.1,180.66666666666663,1.0,True,6.022222222222222
1204,40.13333333333333,180.66666666666663,1.0,False,6.022222222222222
1205,40.166666666666664,181.33333333333331,1.0,False,6.044444444444444
1206,40.2,181.49999999999997,0.9814814726511636,True,6.049999999999999
1207,40.233333333333334,181.66666666666663,1.0,False,6.0555555555555545
1208,40.266666666666666,180.0,1.0,False,6.0
1209,40.3,181.0,1.0,False,6.033333333333333
1210,40.333333333333336,205.75,0.9411764740943908,True,6.858333333333333
1211,40.36666666666667,230.5,0.9444444477558136,False,7.683333333333334
1212,40.4,224.0,0.9583333432674408,False,7.466666666666667
1213,40.43333333333333,208.99999999999997,0.9607843160629272,False,6.966666666666666
1214,40.46666666666667,181.33333333333331,1.0,False,6.044444444444444
1215,40.5,181.83333333333334,0.9722222288449606,True,6.061111111111112
1216,40.53333333333333,182.33333333333337,1.0,False,6.077777777777778
1217,40.56666666666666,181.16666666666669,0.961904764175415,True,6.03888888888889
1218,40.6,180.0,1.0,False,6.0
1219,40.63333333333333,180.33333333333337,1.0,False,6.011111111111112
1220,40.666666666666664,180.0,1.0,False,6.0
1221,40.7,179.66666666666669,1.0,False,5.98888888888889
1222,40.733333333333334,178.0,1.0,False,5.933333333333334
1223,40.766666666666666,179.33333333333331,0.9722222288449606,True,5.977777777777778
1224,40.8,180.66666666666663,1.0,False,6.022222222222222
1225,40.833333333333336,180.33333333333331,1.0,False,6.01111111111111
1226,40.86666666666667,178.66666666666669,1.0,False,5.955555555555556
1227,40.9,178.66666666666669,1.0,True,5.955555555555556
1228,40.93333333333333,178.66666666666669,1.0,False,5.955555555555556
1229,40.96666666666667,180.33333333333331,1.0,False,6.01111111111111
1230,41.0,180.0,0.9714285731315612,True,6.0
1231,41.03333333333333,179.66666666666669,1.0,False,5.98888888888889
1232,41.06666666666666,178.66666666666669,1.0,False,5.955555555555556
1233,41.1,179.66666666666669,1.0,False,5.98888888888889
1234,41.13333333333333,179.66666666666669,0.9714285731315612,True,5.98888888888889
1235,41.166666666666664,179.66666666666669,1.0,False,5.98888888888889
1236,41.2,178.99999999999997,1.0,False,5.966666666666666
1237,41.233333333333334,179.33333333333334,1.0,False,5.977777777777778
1238,41.266666666666666,178.66666666666669,1.0,False,5.955555555555556
1239,41.3,178.0,1.0,False,5.933333333333334
1240,41.333333333333336,179.66666666666669,1.0,False,5.98888888888889
1241,41.36666666666667,182.0,1.0,False,6.066666666666666
1242,41.4,181.33333333333331,1.0,False,6.044444444444444
1243,41.43333333333333,178.66666666666669,1.0,False,5.955555555555556
1244,41.46666666666667,179.33333333333334,1.0,False,5.977777777777778
1245,41.5,180.0,1.0,False,6.0
1246,41.53333333333333,179.66666666666669,1.0,False,5.98888888888889
1247,41.56666666666666,179.33333333333331,0.9629629651705424,True,5.977777777777778
1248,41.6,178.99999999999997,1.0,False,5.966666666666666
1249,41.63333333333333,178.66666666666669,1.0,True,5.955555555555556
1250,41.666666666666664,178.33333333333337,1.0,False,5.9444444444444455
1251,41.7,180.33333333333331,1.0,False,6.01111111111111
1252,41.733333333333334,181.00000000000003,1.0,False,6.033333333333334
1253,41.766666666666666,180.33333333333337,0.9629629651705424,True,6.011111111111112
1254,41.8,179.66666666666669,1.0,False,5.98888888888889
1255,41.833333333333336,179.8888888888889,1.0,True,5.996296296296298
1256,41.86666666666667,180.11111111111114,0.9629629651705424,True,6.003703703703705
1257,41.9,180.33333333333337,1.0,False,6.011111111111112
1258,41.93333333333333,181.16666666666669,0.9803921580314636,True,6.03888888888889
1259,41.96666666666667,182.0,1.0,False,6.066666666666666
1260,42.0,180.66666666666663,1.0,False,6.022222222222222
1261,42.03333333333333,178.66666666666669,1.0,False,5.955555555555556
1262,42.06666666666666,180.33333333333331,1.0,False,6.01111111111111
1263,42.1,179.66666666666669,1.0,False,5.98888888888889
1264,42.13333333333333,181.00000000000003,1.0,False,6.033333333333334
1265,42.166666666666664,181.66666666666663,1.0,False,6.0555555555555545
1266,42.2,178.66666666666669,1.0,False,5.955555555555556
1267,42.233333333333334,178.0,1.0,False,5.933333333333334
1268,42.266666666666666,178.0,0.9814814726511636,True,5.933333333333334
1269,42.3,178.0,1.0,False,5.933333333333334
1270,42.333333333333336,182.66666666666663,1.0,False,6.088888888888889
1271,42.36666666666667,178.0,1.0,False,5.933333333333334
1272,42.4,178.83333333333334,1.0,True,5.961111111111112
1273,42.43333333333333,179.66666666666669,1.0,False,5.98888888888889
1274,42.46666666666667,177.99999999999997,1.0,False,5.933333333333333
1275,42.5,178.99999999999997,1.0,False,5.966666666666666
1276,42.53333333333333,180.66666666666663,1.0,False,6.022222222222222
1277,42.56666666666666,177.99999999999997,1.0,False,5.933333333333333
1278,42.6,179.0,0.990740736325582,True,5.966666666666667
1279,42.63333333333333,180.0,1.0,False,6.0
1280,42.666666666666664,179.83333333333334,1.0,True,5.994444444444445
1281,42.7,179.66666666666669,1.0,False,5.98888888888889
1282,42.733333333333334,178.33333333333337,1.0,False,5.9444444444444455
1283,42.766666666666666,178.66666666666669,1.0,False,5.955555555555556
1284,42.8,180.0,1.0,False,6.0
1285,42.833333333333336,180.0,1.0,False,6.0
1286,42.86666666666667,179.66666666666669,1.0,False,5.98888888888889
1287,42.9,178.66666666666669,1.0,False,5.955555555555556
1288,42.93333333333333,177.66666666666666,1.0,False,5.922222222222222
1289,42.96666666666667,179.16666666666663,0.961904764175415,True,5.972222222222221
1290,43.0,180.66666666666663,1.0,False,6.022222222222222
1291,43.03333333333333,178.33333333333337,1.0,False,5.9444444444444455
1292,43.06666666666666,179.33333333333331,1.0,False,5.977777777777777
1293,43.1,180.0,0.970588227113088,True,5.999999999999999
1294,43.13333333333333,180.66666666666666,0.9629629651705424,True,6.022222222222222
1295,43.166666666666664,181.33333333333331,1.0,True,6.044444444444444
1296,43.2,182.0,1.0,False,6.066666666666666
1297,43.233333333333334,181.16666666666666,0.9629629651705424,True,6.038888888888888
1298,43.266666666666666,180.33333333333331,1.0,False,6.01111111111111
1299,43.3,177.99999999999997,1.0,False,5.933333333333333
1300,43.333333333333336,179.66666666666669,1.0,False,5.98888888888889
1301,43.36666666666667,178.66666666666669,1.0,False,5.955555555555556
1302,43.4,178.99999999999997,1.0,False,5.966666666666666
1303,43.43333333333333,179.66666666666669,1.0,False,5.98888888888889
1304,43.46666666666667,179.41666666666669,0.9629629651705424,True,5.980555555555556
1305,43.5,179.16666666666669,1.0,True,5.972222222222223
1306,43.53333333333333,178.91666666666669,1.0,True,5.9638888888888895
1307,43.56666666666666,178.66666666666669,1.0,False,5.955555555555556
1308,43.6,178.66666666666669,1.0,False,5.955555555555556
1309,43.63333333333333,178.33333333333337,1.0,False,5.9444444444444455
1310,43.666666666666664,179.66666666666663,1.0,False,5.988888888888888
1311,43.7,178.99999999999997,1.0,False,5.966666666666666
1312,43.733333333333334,180.66666666666663,1.0,False,6.022222222222222
1313,43.766666666666666,181.33333333333331,1.0,False,6.044444444444444
1314,43.8,181.66666666666669,1.0,False,6.055555555555556
1315,43.833333333333336,180.66666666666663,1.0,False,6.022222222222222
1316,43.86666666666667,180.66666666666663,1.0,False,6.022222222222222
1317,43.9,180.66666666666663,0.9814814726511636,True,6.022222222222222
1318,43.93333333333333,180.66666666666663,1.0,False,6.022222222222222
1319,43.96666666666667,176.66666666666666,1.0,False,5.888888888888888
1320,44.0,178.0,1.0,True,5.933333333333334
1321,44.03333333333333,179.33333333333334,1.0,False,5.977777777777778
1322,44.06666666666666,178.66666666666669,1.0,False,5.955555555555556
1323,44.1,180.0,1.0,False,6.0
1324,44.13333333333333,178.99999999999997,1.0,False,5.966666666666666
1325,44.166666666666664,179.16666666666666,1.0,True,5.972222222222221
1326,44.2,179.33333333333334,1.0,False,5.977777777777778
1327,44.233333333333334,179.33333333333334,1.0,False,5.977777777777778
1328,44.266666666666666,178.83333333333337,0.9509803851445516,True,5.961111111111112
1329,44.3,178.33333333333337,1.0,False,5.9444444444444455
1330,44.333333333333336,179.00000000000003,1.0,True,5.966666666666668
1331,44.36666666666667,179.66666666666669,1.0,False,5.98888888888889
1332,44.4,180.33333333333337,0.970588227113088,True,6.011111111111112
1333,44.43333333333333,181.00000000000003,1.0,False,6.033333333333334
1334,44.46666666666667,182.00000000000003,1.0,False,6.066666666666667
1335,44.5,181.33333333333337,0.9722222288449606,True,6.044444444444445
1336,44.53333333333333,180.66666666666669,0.990740736325582,True,6.022222222222222
1337,44.56666666666666,180.0,1.0,False,6.0
1338,44.6,180.16666666666666,0.9814814726511636,True,6.005555555555555
1339,44.63333333333333,180.33333333333331,1.0,False,6.01111111111111
1340,44.666666666666664,182.66666666666663,1.0,False,6.088888888888889
1341,44.7,179.33333333333334,1.0,False,5.977777777777778
1342,44.733333333333334,181.00000000000003,1.0,False,6.033333333333334
1343,44.766666666666666,178.66666666666669,1.0,False,5.955555555555556
1344,44.8,179.66666666666669,1.0,False,5.98888888888889
1345,44.833333333333336,180.33333333333331,1.0,False,6.01111111111111
1346,44.86666666666667,179.66666666666669,1.0,False,5.98888888888889
1347,44.9,180.66666666666669,1.0,False,6.022222222222223
1348,44.93333333333333,180.66666666666663,1.0,False,6.022222222222222
1349,44.96666666666667,180.66666666666663,1.0,False,6.022222222222222
1350,45.0,178.66666666666669,1.0,False,5.955555555555556
1351,45.03333333333333,179.66666666666666,0.9814814726511636,True,5.988888888888889
1352,45.06666666666666,180.66666666666663,1.0,False,6.022222222222222
1353,45.1,180.16666666666666,1.0,True,6.005555555555556
1354,45.13333333333333,179.66666666666669,1.0,False,5.98888888888889
1355,45.166666666666664,181.00000000000003,1.0,False,6.033333333333334
1356,45.2,182.99999999999997,1.0,False,6.099999999999999
1357,45.233333333333334,181.83333333333331,0.9814814726511636,True,6.06111111111111
1358,45.266666666666666,180.66666666666663,1.0,False,6.022222222222222
1359,45.3,181.00000000000003,1.0,False,6.033333333333334
1360,45.333333333333336,180.0,1.0,False,6.0
1361,45.36666666666667,181.33333333333331,1.0,True,6.044444444444444
1362,45.4,182.66666666666663,1.0,False,6.088888888888889
1363,45.43333333333333,181.00000000000003,1.0,False,6.033333333333334
1364,45.46666666666667,180.66666666666669,1.0,True,6.022222222222222
1365,45.5,180.33333333333331,1.0,False,6.01111111111111
1366,45.53333333333333,178.99999999999997,1.0,False,5.966666666666666
1367,45.56666666666666,178.66666666666669,1.0,False,5.955555555555556
1368,45.6,179.66666666666669,1.0,False,5.98888888888889
1369,45.63333333333333,181.00000000000003,1.0,False,6.033333333333334
1370,45.666666666666664,181.00000000000003,1.0,False,6.033333333333334
1371,45.7,178.33333333333337,1.0,False,5.9444444444444455
1372,45.733333333333334,179.33333333333334,0.9814814726511636,True,5.977777777777778
1373,45.766666666666666,180.33333333333331,1.0,False,6.01111111111111
1374,45.8,182.33333333333337,1.0,False,6.077777777777778
1375,45.833333333333336,181.33333333333331,1.0,False,6.044444444444444
1376,45.86666666666667,182.0,1.0,False,6.066666666666666
1377,45.9,183.33333333333331,1.0,False,6.111111111111111
1378,45.93333333333333,182.66666666666666,0.9814814726511636,True,6.088888888888889
1379,45.96666666666667,182.0,1.0,False,6.066666666666666
1380,46.0,179.66666666666669,1.0,False,5.98888888888889
1381,46.03333333333333,180.33333333333337,0.9722222288449606,True,6.011111111111112
1382,46.06666666666666,181.00000000000003,1.0,False,6.033333333333334
1383,46.1,180.33333333333331,1.0,False,6.01111111111111
1384,46.13333333333333,178.66666666666669,1.0,False,5.955555555555556
1385,46.166666666666664,182.33333333333337,1.0,False,6.077777777777778
1386,46.2,181.83333333333334,0.990740736325582,True,6.061111111111112
1387,46.233333333333334,181.33333333333331,1.0,False,6.044444444444444
1388,46.266666666666666,180.66666666666666,0.961904764175415,True,6.022222222222222
1389,46.3,180.0,1.0,False,6.0
1390,46.333333333333336,181.00000000000003,1.0,False,6.033333333333334
1391,46.36666666666667,181.33333333333331,1.0,True,6.044444444444444
1392,46.4,181.66666666666663,1.0,False,6.0555555555555545
1393,46.43333333333333,182.0,1.0,False,6.066666666666666
1394,46.46666666666667,180.33333333333337,1.0,False,6.011111111111112
1395,46.5,180.5555555555556,0.961904764175415,True,6.01851851851852
1396,46.53333333333333,180.77777777777783,0.990740736325582,True,6.025925925925927
1397,46.56666666666666,181.00000000000003,1.0,False,6.033333333333334
1398,46.6,179.66666666666669,1.0,False,5.98888888888889
1399,46.63333333333333,181.66666666666669,0.990740736325582,True,6.055555555555556
1400,46.666666666666664,183.66666666666669,1.0,False,6.122222222222223
1401,46.7,182.33333333333337,1.0,True,6.077777777777778
1402,46.733333333333334,181.00000000000003,1.0,False,6.033333333333334
1403,46.766666666666666,180.66666666666663,1.0,False,6.022222222222222
1404,46.8,181.33333333333331,1.0,False,6.044444444444444
1405,46.833333333333336,182.66666666666663,1.0,False,6.088888888888889
1406,46.86666666666667,181.00000000000003,1.0,False,6.033333333333334
1407,46.9,182.0,1.0,False,6.066666666666666
1408,46.93333333333333,181.44444444444446,0.990740736325582,True,6.048148148148148
1409,46.96666666666667,180.88888888888886,0.9722222288449606,True,6.029629629629628
1410,47.0,180.33333333333331,1.0,False,6.01111111111111
1411,47.03333333333333,180.33333333333331,1.0,True,6.01111111111111
1412,47.06666666666666,180.33333333333331,1.0,False,6.01111111111111
1413,47.1,180.0,1.0,False,6.0
1414,47.13333333333333,179.66666666666669,1.0,False,5.98888888888889
1415,47.166666666666664,180.33333333333337,1.0,True,6.011111111111112
1416,47.2,181.00000000000003,1.0,False,6.033333333333334
1417,47.233333333333334,180.0,1.0,False,6.0
1418,47.266666666666666,180.33333333333331,1.0,True,6.011111111111111
1419,47.3,180.66666666666663,1.0,False,6.022222222222222
1420,47.333333333333336,178.99999999999997,1.0,False,5.966666666666666
1421,47.36666666666667,179.83333333333331,0.9814814726511636,True,5.994444444444444
1422,47.4,180.66666666666663,1.0,False,6.022222222222222
1423,47.43333333333333,181.5,0.9814814726511636,True,6.050000000000001
1424,47.46666666666667,182.33333333333337,1.0,False,6.077777777777778
1425,47.5,181.33333333333331,1.0,False,6.044444444444444
1426,47.53333333333333,181.00000000000003,1.0,False,6.033333333333334
1427,47.56666666666666,183.0,0.9722222288449606,True,6.1000000000000005
1428,47.6,185.0,1.0,False,6.166666666666667
1429,47.63333333333333,182.99999999999997,1.0,False,6.099999999999999
1430,47.666666666666664,180.33333333333331,1.0,False,6.01111111111111
1431,47.7,180.49999999999997,0.9722222288449606,True,6.016666666666666
1432,47.733333333333334,180.66666666666663,1.0,False,6.022222222222222
1433,47.766666666666666,180.49999999999997,0.9722222288449606,True,6.016666666666666
1434,47.8,180.33333333333331,1.0,False,6.01111111111111
1435,47.833333333333336,181.00000000000003,1.0,False,6.033333333333334
1436,47.86666666666667,178.99999999999997,1.0,False,5.966666666666666
1437,47.9,178.99999999999997,1.0,True,5.966666666666666
1438,47.93333333333333,178.99999999999997,1.0,False,5.966666666666666
1439,47.96666666666667,178.83333333333331,1.0,True,5.96111111111111
1440,48.0,178.66666666666669,1.0,False,5.955555555555556
1441,48.03333333333333,180.0,1.0,False,6.0
1442,48.06666666666666,180.0,1.0,False,6.0
1443,48.1,179.66666666666669,1.0,False,5.98888888888889
1444,48.13333333333333,179.33333333333334,1.0,False,5.977777777777778
1445,48.166666666666664,179.33333333333334,1.0,False,5.977777777777778
1446,48.2,180.0,1.0,False,6.0
1447,48.233333333333334,198.33333333333337,1.0,False,6.611111111111112
1448,48.266666666666666,180.0,1.0,False,6.0
1449,48.3,180.0,1.0,True,6.0
1450,48.333333333333336,180.0,1.0,False,6.0
1451,48.36666666666667,179.33333333333334,1.0,False,5.977777777777778
1452,48.4,178.99999999999997,1.0,False,5.966666666666666
1453,48.43333333333333,180.66666666666663,1.0,False,6.022222222222222
1454,48.46666666666667,181.33333333333331,1.0,False,6.044444444444444
1455,48.5,179.33333333333334,1.0,False,5.977777777777778
1456,48.53333333333333,182.33333333333337,1.0,False,6.077777777777778
1457,48.56666666666666,180.33333333333331,1.0,False,6.01111111111111
1458,48.6,180.0,1.0,False,6.0
1459,48.63333333333333,180.16666666666669,1.0,True,6.0055555555555555
1460,48.666666666666664,180.33333333333334,1.0,True,6.011111111111111
1461,48.7,180.5,1.0,False,6.016666666666667
1462,48.733333333333334,176.75,0.9629629651705424,True,5.891666666666667
1463,48.766666666666666,173.0,0.9895833333333334,False,5.766666666666667
1464,48.8,178.33333333333331,0.990740736325582,False,5.944444444444444
1465,48.833333333333336,178.66666666666663,0.990740736325582,True,5.955555555555555
1466,48.86666666666667,178.99999999999997,1.0,False,5.966666666666666
1467,48.9,181.33333333333331,1.0,False,6.044444444444444
1468,48.93333333333333,181.25,0.9722222288449606,True,6.041666666666667
1469,48.96666666666667,181.16666666666669,1.0,True,6.03888888888889
1470,49.0,181.08333333333337,1.0,True,6.036111111111111
1471,49.03333333333333,181.00000000000003,1.0,False,6.033333333333334
1472,49.06666666666666,180.66666666666663,1.0,False,6.022222222222222
1473,49.1,180.66666666666663,1.0,False,6.022222222222222
1474,49.13333333333333,183.00000000000003,1.0,False,6.1000000000000005
1475,49.166666666666664,180.66666666666663,1.0,False,6.022222222222222
1476,49.2,180.33333333333331,1.0,False,6.01111111111111
1477,49.233333333333334,180.33333333333331,1.0,True,6.01111111111111
1478,49.266666666666666,180.33333333333331,1.0,False,6.01111111111111
1479,49.3,180.5,0.990740736325582,True,6.016666666666667
1480,49.333333333333336,180.66666666666669,1.0,True,6.022222222222222
1481,49.36666666666667,180.83333333333337,0.990740736325582,True,6.027777777777778
1482,49.4,181.00000000000003,1.0,False,6.033333333333334
1483,49.43333333333333,181.66666666666669,1.0,False,6.055555555555556
1484,49.46666666666667,180.0,1.0,False,6.0
1485,49.5,178.66666666666669,1.0,False,5.955555555555556
1486,49.53333333333333,179.33333333333334,0.9904761910438538,True,5.977777777777778
1487,49.56666666666666,180.0,1.0,True,6.0
1488,49.6,180.66666666666663,1.0,False,6.022222222222222
1489,49.63333333333333,178.66666666666669,1.0,False,5.955555555555556
1490,49.666666666666664,178.66666666666669,1.0,False,5.955555555555556
1491,49.7,179.66666666666669,1.0,False,5.98888888888889
1492,49.733333333333334,180.66666666666669,0.9722222288449606,True,6.022222222222223
1493,49.766666666666666,181.66666666666663,1.0,True,6.055555555555555
1494,49.8,182.66666666666663,1.0,False,6.088888888888889
1495,49.833333333333336,181.33333333333331,0.990740736325582,True,6.044444444444444
1496,49.86666666666667,180.0,1.0,False,6.0
1497,49.9,179.66666666666669,1.0,False,5.98888888888889
1498,49.93333333333333,180.33333333333337,1.0,True,6.011111111111112
1499,49.96666666666667,181.00000000000003,1.0,False,6.033333333333334
1500,50.0,179.66666666666669,1.0,False,5.98888888888889
1501,50.03333333333333,179.66666666666669,1.0,True,5.98888888888889
1502,50.06666666666666,179.66666666666669,1.0,False,5.98888888888889
1503,50.1,179.33333333333334,1.0,False,5.977777777777778
1504,50.13333333333333,180.66666666666663,1.0,False,6.022222222222222
1505,50.166666666666664,180.99999999999997,1.0,True,6.033333333333333
1506,50.2,181.33333333333331,1.0,False,6.044444444444444
1507,50.233333333333334,179.33333333333334,1.0,False,5.977777777777778
1508,50.266666666666666,179.33333333333334,1.0,False,5.977777777777778
1509,50.3,179.83333333333331,0.9629629651705424,True,5.994444444444444
1510,50.333333333333336,180.33333333333331,1.0,False,6.01111111111111
1511,50.36666666666667,180.83333333333331,0.9722222288449606,True,6.027777777777777
1512,50.4,181.33333333333331,1.0,False,6.044444444444444
1513,50.43333333333333,181.16666666666669,1.0,True,6.03888888888889
1514,50.46666666666667,181.00000000000003,1.0,False,6.033333333333334
1515,50.5,180.0,1.0,False,6.0
1516,50.53333333333333,181.5,1.0,True,6.049999999999999
1517,50.56666666666666,182.99999999999997,1.0,False,6.099999999999999
1518,50.6,182.2222222222222,0.9722222288449606,True,6.0740740740740735
1519,50.63333333333333,181.4444444444444,1.0,True,6.048148148148147
1520,50.666666666666664,180.66666666666663,1.0,False,6.022222222222222
1521,50.7,181.00000000000003,1.0,False,6.033333333333334
1522,50.733333333333334,181.00000000000003,1.0,True,6.033333333333334
1523,50.766666666666666,181.00000000000003,1.0,False,6.033333333333334
1524,50.8,180.66666666666669,0.9814814726511636,True,6.022222222222223
1525,50.833333333333336,180.33333333333334,0.9722222288449606,True,6.011111111111111
1526,50.86666666666667,180.0,1.0,False,6.0
1527,50.9,179.83333333333334,1.0,True,5.994444444444445
1528,50.93333333333333,179.66666666666669,1.0,False,5.98888888888889
1529,50.96666666666667,180.33333333333331,1.0,False,6.01111111111111
1530,51.0,180.33333333333331,1.0,False,6.01111111111111
1531,51.03333333333333,182.66666666666663,1.0,False,6.088888888888889
1532,51.06666666666666,179.33333333333334,1.0,False,5.977777777777778
1533,51.1,179.66666666666669,1.0,False,5.98888888888889
1534,51.13333333333333,181.33333333333331,1.0,False,6.044444444444444
1535,51.166666666666664,180.83333333333331,0.9722222288449606,True,6.027777777777777
1536,51.2,180.33333333333331,1.0,False,6.01111111111111
1537,51.233333333333334,180.33333333333331,1.0,False,6.01111111111111
1538,51.266666666666666,180.0,1.0,False,6.0
1539,51.3,181.00000000000003,1.0,False,6.033333333333334
1540,51.333333333333336,180.33333333333331,0.9809523820877076,True,6.011111111111111
1541,51.36666666666667,179.66666666666663,1.0,False,5.988888888888888
1542,51.4,179.66666666666666,1.0,True,5.988888888888889
1543,51.43333333333333,179.66666666666669,1.0,False,5.98888888888889
1544,51.46666666666667,179.66666666666669,1.0,False,5.98888888888889
1545,51.5,179.33333333333334,1.0,False,5.977777777777778
1546,51.53333333333333,179.33333333333334,1.0,False,5.977777777777778
1547,51.56666666666666,177.33333333333334,1.0,False,5.911111111111111
1548,51.6,177.0,1.0,True,5.9
1549,51.63333333333333,176.66666666666669,1.0,False,5.888888888888889
1550,51.666666666666664,177.33333333333334,1.0,False,5.911111111111111
1551,51.7,178.99999999999997,1.0,False,5.966666666666666
1552,51.733333333333334,177.33333333333334,1.0,False,5.911111111111111
1553,51.766666666666666,178.0,1.0,False,5.933333333333334
1554,51.8,177.33333333333334,1.0,False,5.911111111111111
1555,51.833333333333336,176.83333333333331,0.9722222288449606,True,5.894444444444444
1556,51.86666666666667,176.33333333333331,1.0,False,5.877777777777777
1557,51.9,179.66666666666663,1.0,False,5.988888888888888
1558,51.93333333333333,178.33333333333331,1.0,False,5.944444444444444
1559,51.96666666666667,178.0,1.0,False,5.933333333333334
1560,52.0,178.5,0.9722222288449606,True,5.949999999999999
1561,52.03333333333333,178.99999999999997,1.0,False,5.966666666666666
1562,52.06666666666666,178.99999999999997,0.9814814726511636,True,5.966666666666666
1563,52.1,178.99999999999997,1.0,False,5.966666666666666
1564,52.13333333333333,179.33333333333331,0.9722222288449606,True,5.977777777777778
1565,52.166666666666664,179.66666666666669,1.0,False,5.98888888888889
1566,52.2,179.5,0.9629629651705424,True,5.983333333333334
1567,52.233333333333334,179.33333333333334,1.0,False,5.977777777777778
1568,52.266666666666666,178.33333333333337,0.9166666666666666,False,5.9444444444444455
1569,52.3,181.0,1.0,False,6.033333333333333
1570,52.333333333333336,178.0,1.0,False,5.933333333333334
1571,52.36666666666667,177.5,1.0,True,5.916666666666667
1572,52.4,177.0,1.0,False,5.9
1573,52.43333333333333,180.0,1.0,False,6.0
1574,52.46666666666667,179.5,1.0,False,5.983333333333333
1575,52.5,182.0,1.0,False,6.066666666666666
1576,52.53333333333333,171.0,0.9537037014961244,False,5.7
1577,52.56666666666666,173.55555555555557,0.9351851940155028,True,5.785185185185186
1578,52.6,176.11111111111111,0.9351851940155028,True,5.87037037037037
1579,52.63333333333333,178.66666666666669,1.0,False,5.955555555555556
1580,52.666666666666664,181.33333333333331,1.0,False,6.044444444444444
1581,52.7,181.00000000000003,1.0,False,6.033333333333334
1582,52.733333333333334,182.0,1.0,False,6.066666666666666
1583,52.766666666666666,180.0,1.0,False,6.0
1584,52.8,178.66666666666669,1.0,False,5.955555555555556
1585,52.833333333333336,178.66666666666669,1.0,False,5.955555555555556
1586,52.86666666666667,179.66666666666669,1.0,False,5.98888888888889
1587,52.9,181.00000000000003,1.0,True,6.033333333333334
1588,52.93333333333333,182.33333333333337,1.0,False,6.077777777777778
1589,52.96666666666667,178.66666666666669,1.0,False,5.955555555555556
1590,53.0,180.0,1.0,False,6.0
1591,53.03333333333333,181.00000000000003,1.0,False,6.033333333333334
1592,53.06666666666666,182.33333333333337,1.0,False,6.077777777777778
1593,53.1,181.66666666666663,1.0,False,6.0555555555555545
1594,53.13333333333333,181.66666666666663,1.0,False,6.0555555555555545
1595,53.166666666666664,181.33333333333331,1.0,False,6.044444444444444
1596,53.2,181.16666666666669,1.0,True,6.03888888888889
1597,53.233333333333334,181.00000000000003,1.0,False,6.033333333333334
1598,53.266666666666666,180.66666666666663,1.0,False,6.022222222222222
1599,53.3,181.66666666666663,1.0,False,6.0555555555555545
1600,53.333333333333336,181.33333333333331,0.9351851940155028,True,6.044444444444444
1601,53.36666666666667,181.00000000000003,1.0,False,6.033333333333334
1602,53.4,181.66666666666663,1.0,False,6.0555555555555545
1603,53.43333333333333,183.33333333333337,1.0,False,6.111111111111112
1604,53.46666666666667,181.66666666666663,1.0,False,6.0555555555555545
1605,53.5,182.33333333333337,1.0,False,6.077777777777778
1606,53.53333333333333,180.66666666666669,1.0,False,6.022222222222223
1607,53.56666666666666,181.33333333333334,1.0,True,6.044444444444444
1608,53.6,182.0,1.0,False,6.066666666666666
1609,53.63333333333333,183.66666666666669,1.0,False,6.122222222222223
1610,53.666666666666664,180.0,1.0,False,6.0
1611,53.7,182.00000000000003,1.0,False,6.066666666666667
1612,53.733333333333334,180.33333333333331,1.0,False,6.01111111111111
1613,53.766666666666666,180.66666666666669,1.0,True,6.022222222222222
1614,53.8,181.00000000000003,1.0,False,6.033333333333334
1615,53.833333333333336,182.66666666666663,1.0,False,6.088888888888889
1616,53.86666666666667,182.33333333333337,1.0,False,6.077777777777778
1617,53.9,182.33333333333337,1.0,True,6.077777777777778
1618,53.93333333333333,182.33333333333337,1.0,False,6.077777777777778
1619,53.96666666666667,181.66666666666669,1.0,False,6.055555555555556
1620,54.0,181.66666666666666,1.0,True,6.055555555555555
1621,54.03333333333333,181.66666666666663,1.0,False,6.0555555555555545
1622,54.06666666666666,182.00000000000003,1.0,False,6.066666666666667
1623,54.1,181.7777777777778,0.9444444378217062,True,6.05925925925926
1624,54.13333333333333,181.55555555555554,1.0,True,6.051851851851852
1625,54.166666666666664,181.33333333333331,1.0,False,6.044444444444444
1626,54.2,181.66666666666663,1.0,False,6.0555555555555545
1627,54.233333333333334,181.33333333333331,1.0,False,6.044444444444444
1628,54.266666666666666,181.33333333333331,1.0,False,6.044444444444444
1629,54.3,181.33333333333331,1.0,False,6.044444444444444
1630,54.333333333333336,181.99999999999997,1.0,True,6.066666666666666
1631,54.36666666666667,182.66666666666663,1.0,False,6.088888888888889
1632,54.4,182.83333333333331,1.0,True,6.094444444444443
1633,54.43333333333333,182.99999999999997,1.0,False,6.099999999999999
1634,54.46666666666667,181.33333333333331,1.0,False,6.044444444444444
1635,54.5,178.99999999999997,1.0,False,5.966666666666666
1636,54.53333333333333,178.99999999999997,1.0,False,5.966666666666666
1637,54.56666666666666,181.00000000000003,1.0,False,6.033333333333334
1638,54.6,183.33333333333331,1.0,False,6.111111111111111
1639,54.63333333333333,180.0,1.0,False,6.0
1640,54.666666666666664,181.33333333333331,1.0,False,6.044444444444444
1641,54.7,182.33333333333337,1.0,False,6.077777777777778
1642,54.733333333333334,182.00000000000003,1.0,True,6.066666666666667
1643,54.766666666666666,181.66666666666669,1.0,False,6.055555555555556
1644,54.8,182.50000000000003,0.9814814726511636,True,6.083333333333334
1645,54.833333333333336,183.33333333333337,1.0,False,6.111111111111112
1646,54.86666666666667,184.33333333333337,1.0,False,6.144444444444445
1647,54.9,182.00000000000003,1.0,False,6.066666666666667
1648,54.93333333333333,180.0,0.990740736325582,False,6.0
1649,54.96666666666667,179.33333333333334,0.9904761910438538,False,5.977777777777778
1650,55.0,182.50000000000003,1.0,False,6.083333333333334
1651,55.03333333333333,182.41666666666669,0.9904761910438538,True,6.080555555555556
1652,55.06666666666666,182.33333333333337,1.0,False,6.077777777777778
1653,55.1,179.33333333333334,0.9509803851445516,False,5.977777777777778
1654,55.13333333333333,179.5,0.9629629651705424,True,5.9833333333333325
1655,55.166666666666664,179.66666666666663,1.0,False,5.988888888888888
1656,55.2,179.77777777777777,1.0,True,5.992592592592592
1657,55.233333333333334,179.88888888888889,1.0,True,5.996296296296296
1658,55.266666666666666,180.0,1.0,False,6.0
1659,55.3,180.33333333333334,1.0,True,6.011111111111111
1660,55.333333333333336,180.66666666666669,1.0,False,6.022222222222223
1661,55.36666666666667,181.0,0.9537037014961244,True,6.033333333333333
1662,55.4,181.33333333333331,1.0,False,6.044444444444444
1663,55.43333333333333,179.66666666666669,1.0,False,5.98888888888889
1664,55.46666666666667,178.83333333333334,1.0,True,5.961111111111112
1665,55.5,178.0,1.0,False,5.933333333333334
1666,55.53333333333333,180.0,1.0,False,6.0
1667,55.56666666666666,183.0,0.9714285731315612,True,6.1
1668,55.6,186.0,0.990740736325582,False,6.2
1669,55.63333333333333,173.66666666666666,1.0,False,5.788888888888889
1670,55.666666666666664,175.0,1.0,False,5.833333333333333
1671,55.7,174.33333333333331,1.0,False,5.811111111111111
1672,55.733333333333334,173.83333333333334,1.0,True,5.794444444444444
1673,55.766666666666666,173.33333333333331,1.0,True,5.777777777777778
1674,55.8,172.83333333333331,1.0,True,5.761111111111111
1675,55.833333333333336,172.33333333333334,1.0,False,5.7444444444444445
1676,55.86666666666667,171.33333333333334,1.0,False,5.711111111111111
1677,55.9,175.0,1.0,False,5.833333333333333
1678,55.93333333333333,176.0,1.0,False,5.866666666666667
1679,55.96666666666667,174.66666666666669,1.0,False,5.822222222222223
1680,56.0,174.33333333333334,1.0,True,5.811111111111112
1681,56.03333333333333,174.0,1.0,False,5.8
1682,56.06666666666666,175.66666666666666,1.0,False,5.855555555555555
1683,56.1,175.33333333333334,1.0,False,5.844444444444445
1684,56.13333333333333,175.83333333333331,1.0,True,5.861111111111111
1685,56.166666666666664,176.33333333333331,1.0,False,5.877777777777777
1686,56.2,179.33333333333334,1.0,False,5.977777777777778
1687,56.233333333333334,178.33333333333337,1.0,False,5.9444444444444455
1688,56.266666666666666,178.66666666666669,1.0,False,5.955555555555556
1689,56.3,176.99999999999997,1.0,False,5.8999999999999995
1690,56.333333333333336,176.99999999999997,1.0,True,5.8999999999999995
1691,56.36666666666667,176.99999999999997,1.0,False,5.8999999999999995
1692,56.4,178.33333333333337,1.0,False,5.9444444444444455
1693,56.43333333333333,179.33333333333334,1.0,False,5.977777777777778
1694,56.46666666666667,178.66666666666669,1.0,False,5.955555555555556
1695,56.5,181.33333333333331,1.0,False,6.044444444444444
1696,56.53333333333333,181.66666666666663,1.0,False,6.0555555555555545
1697,56.56666666666666,178.66666666666669,1.0,False,5.955555555555556
1698,56.6,179.33333333333334,1.0,False,5.977777777777778
1699,56.63333333333333,178.66666666666669,1.0,False,5.955555555555556
1700,56.666666666666664,180.0,1.0,False,6.0
1701,56.7,180.66666666666663,1.0,False,6.022222222222222
1702,56.733333333333334,180.16666666666666,1.0,True,6.005555555555556
1703,56.766666666666666,179.66666666666669,1.0,False,5.98888888888889
1704,56.8,180.0,1.0,False,6.0
1705,56.833333333333336,179.33333333333334,1.0,False,5.977777777777778
1706,56.86666666666667,180.66666666666663,1.0,False,6.022222222222222
1707,56.9,180.66666666666663,1.0,True,6.022222222222222
1708,56.93333333333333,180.66666666666663,1.0,False,6.022222222222222
1709,56.96666666666667,178.33333333333331,1.0,False,5.944444444444444
1710,57.0,180.66666666666663,1.0,False,6.022222222222222
1711,57.03333333333333,180.66666666666663,1.0,False,6.022222222222222
1712,57.06666666666666,179.33333333333334,1.0,False,5.977777777777778
1713,57.1,182.0,1.0,False,6.066666666666666
1714,57.13333333333333,181.83333333333331,1.0,True,6.06111111111111
1715,57.166666666666664,181.66666666666663,1.0,False,6.0555555555555545
1716,57.2,182.0,1.0,False,6.066666666666666
1717,57.233333333333334,181.33333333333331,1.0,False,6.044444444444444
1718,57.266666666666666,181.00000000000003,1.0,False,6.033333333333334
1719,57.3,181.66666666666669,1.0,False,6.055555555555556
1720,57.333333333333336,178.66666666666669,1.0,False,5.955555555555556
1721,57.36666666666667,179.5,1.0,True,5.9833333333333325
1722,57.4,180.33333333333331,1.0,False,6.01111111111111
1723,57.43333333333333,180.33333333333331,1.0,False,6.01111111111111
1724,57.46666666666667,181.16666666666666,1.0,True,6.038888888888888
1725,57.5,182.0,1.0,False,6.066666666666666
1726,57.53333333333333,182.33333333333337,1.0,False,6.077777777777778
1727,57.56666666666666,182.66666666666663,1.0,False,6.088888888888889
1728,57.6,180.0,1.0,False,6.0
1729,57.63333333333333,180.7777777777778,0.9722222288449606,True,6.025925925925926
1730,57.666666666666664,181.55555555555557,0.9722222288449606,True,6.051851851851852
1731,57.7,182.33333333333337,1.0,False,6.077777777777778
1732,57.733333333333334,182.0,0.9722222288449606,True,6.066666666666666
1733,57.766666666666666,181.66666666666663,1.0,False,6.0555555555555545
1734,57.8,178.83333333333331,0.9814814726511636,True,5.96111111111111
1735,57.833333333333336,176.0,1.0,False,5.866666666666667
1736,57.86666666666667,173.66666666666666,1.0,False,5.788888888888889
1737,57.9,173.33333333333337,1.0,False,5.777777777777779
1738,57.93333333333333,172.0,1.0,False,5.733333333333333
1739,57.96666666666667,168.33333333333331,1.0,False,5.611111111111111
1740,58.0,169.0,0.9722222288449606,True,5.633333333333333
1741,58.03333333333333,169.66666666666666,0.990740736325582,True,5.655555555555555
1742,58.06666666666666,170.33333333333331,1.0,False,5.677777777777777
1743,58.1,167.66666666666666,1.0,False,5.588888888888889
1744,58.13333333333333,168.00000000000003,1.0,False,5.6000000000000005
1745,58.166666666666664,168.33333333333337,0.990740736325582,True,5.611111111111112
1746,58.2,168.66666666666669,1.0,False,5.622222222222223
1747,58.233333333333334,169.33333333333334,1.0,False,5.644444444444445
1748,58.266666666666666,167.99999999999997,1.0,False,5.599999999999999
1749,58.3,168.33333333333331,0.990740736325582,True,5.611111111111111
1750,58.333333333333336,168.66666666666669,1.0,False,5.622222222222223
1751,58.36666666666667,169.0,1.0,False,5.633333333333333
1752,58.4,168.66666666666669,1.0,True,5.622222222222222
1753,58.43333333333333,168.33333333333334,1.0,False,5.611111111111112
1754,58.46666666666667,168.83333333333331,1.0,True,5.627777777777777
1755,58.5,169.3333333333333,1.0,False,5.644444444444443
1756,58.53333333333333,174.0,1.0,False,5.8
1757,58.56666666666666,176.0,1.0,False,5.866666666666667
1758,58.6,172.66666666666666,1.0,False,5.7555555555555555
1759,58.63333333333333,170.33333333333331,1.0,False,5.677777777777777
1760,58.666666666666664,171.0,1.0,False,5.7
1761,58.7,171.66666666666663,1.0,False,5.722222222222221
1762,58.733333333333334,172.33333333333334,1.0,False,5.7444444444444445
1763,58.766666666666666,175.33333333333331,1.0,False,5.844444444444444
1764,58.8,177.33333333333334,1.0,False,5.911111111111111
1765,58.833333333333336,176.66666666666666,1.0,False,5.888888888888888
1766,58.86666666666667,175.33333333333331,1.0,False,5.844444444444444
1767,58.9,176.33333333333331,1.0,False,5.877777777777777
1768,58.93333333333333,175.66666666666666,1.0,False,5.855555555555555
1769,58.96666666666667,174.0,1.0,False,5.8
1770,59.0,174.33333333333331,1.0,False,5.811111111111111
1771,59.03333333333333,175.6666666666667,1.0,False,5.855555555555557
1772,59.06666666666666,176.0,1.0,True,5.866666666666667
1773,59.1,176.33333333333331,1.0,False,5.877777777777777
1774,59.13333333333333,176.33333333333331,1.0,False,5.877777777777777
1775,59.166666666666664,176.33333333333331,1.0,False,5.877777777777777
1776,59.2,176.66666666666666,1.0,False,5.888888888888888
1777,59.233333333333334,177.66666666666666,1.0,False,5.922222222222222
1778,59.266666666666666,175.33333333333331,1.0,False,5.844444444444444
1779,59.3,175.66666666666666,1.0,False,5.855555555555555
1780,59.333333333333336,176.33333333333331,1.0,False,5.877777777777777
1781,59.36666666666667,178.83333333333331,0.990740736325582,True,5.96111111111111
1782,59.4,181.33333333333331,1.0,False,6.044444444444444
1783,59.43333333333333,175.66666666666666,1.0,False,5.855555555555555
1784,59.46666666666667,175.66666666666666,1.0,False,5.855555555555555
1785,59.5,175.83333333333331,0.9595959583918252,True,5.861111111111111
1786,59.53333333333333,176.0,1.0,False,5.866666666666667
1787,59.56666666666666,176.66666666666666,1.0,False,5.888888888888888
1788,59.6,176.33333333333331,1.0,True,5.877777777777778
1789,59.63333333333333,176.0,1.0,False,5.866666666666667
1790,59.666666666666664,176.0,1.0,True,5.866666666666667
1791,59.7,176.0,1.0,False,5.866666666666667
1792,59.733333333333334,176.33333333333331,1.0,False,5.877777777777777
1793,59.766666666666666,177.00000000000003,1.0,False,5.900000000000001
1794,59.8,178.0,1.0,False,5.933333333333334
1795,59.833333333333336,177.33333333333334,1.0,False,5.911111111111111
1796,59.86666666666667,177.00000000000003,1.0,False,5.900000000000001
1797,59.9,174.33333333333337,1.0,False,5.811111111111113
1798,59.93333333333333,174.66666666666669,1.0,False,5.822222222222223
1799,59.96666666666667,175.6666666666667,1.0,False,5.855555555555557
1800,60.0,175.33333333333331,1.0,False,5.844444444444444
1801,60.03333333333333,175.66666666666666,1.0,True,5.855555555555556
1802,60.06666666666666,176.0,1.0,False,5.866666666666667
1803,60.1,178.33333333333337,1.0,False,5.9444444444444455
1804,60.13333333333333,178.06666666666672,1.0,True,5.935555555555556
1805,60.166666666666664,177.8,0.990740736325582,True,5.926666666666668
1806,60.2,177.53333333333333,1.0,True,5.917777777777777
1807,60.233333333333334,177.26666666666665,0.9814814726511636,True,5.908888888888889
1808,60.266666666666666,176.99999999999997,1.0,False,5.8999999999999995
1809,60.3,173.0,0.9722222288449606,False,5.766666666666667
1810,60.333333333333336,174.0,0.9444444378217062,True,5.8
1811,60.36666666666667,175.0,1.0,False,5.833333333333333
1812,60.4,173.83333333333331,0.9714285731315612,True,5.794444444444444
1813,60.43333333333333,172.66666666666666,1.0,False,5.7555555555555555
1814,60.46666666666667,173.0,0.9722222089767456,True,5.7666666666666675
1815,60.5,173.33333333333331,0.96875,True,5.777777777777778
1816,60.53333333333333,173.66666666666666,1.0,False,5.788888888888889
1817,60.56666666666666,172.0,1.0,True,5.733333333333333
1818,60.6,170.33333333333334,0.9803921580314636,True,5.677777777777778
1819,60.63333333333333,168.66666666666669,1.0,True,5.622222222222223
1820,60.666666666666664,167.00000000000003,0.9537037014961244,True,5.566666666666667
1821,60.7,165.33333333333337,1.0,False,5.511111111111112
1822,60.733333333333334,191.66666666666669,0.990740736325582,False,6.388888888888889
1823,60.766666666666666,181.55555555555557,0.9803921580314636,True,6.051851851851852
1824,60.8,171.44444444444446,0.9259259303410848,True,5.714814814814815
1825,60.833333333333336,161.33333333333331,1.0,False,5.377777777777777
1826,60.86666666666667,165.99999999999997,1.0,False,5.533333333333332
1827,60.9,160.66666666666666,1.0,False,5.355555555555555
1828,60.93333333333333,163.66666666666669,1.0,False,5.455555555555556
1829,60.96666666666667,162.66666666666666,1.0,False,5.422222222222222
1830,61.0,161.33333333333331,1.0,False,5.377777777777777
1831,61.03333333333333,161.22222222222223,0.9722222288449606,True,5.374074074074074
1832,61.06666666666666,161.11111111111111,0.990740736325582,True,5.37037037037037
1833,61.1,161.0,1.0,False,5.366666666666667
1834,61.13333333333333,162.6666666666667,1.0,False,5.422222222222223
1835,61.166666666666664,161.8888888888889,0.9629629651705424,True,5.396296296296297
1836,61.2,161.11111111111111,0.9166666666666666,True,5.37037037037037
1837,61.233333333333334,160.33333333333331,1.0,False,5.344444444444444
1838,61.266666666666666,160.33333333333334,1.0,False,5.344444444444445
1839,61.3,160.33333333333337,0.9861111044883728,True,5.344444444444445
1840,61.333333333333336,160.33333333333334,0.9814814726511636,True,5.344444444444445
1841,61.36666666666667,160.33333333333334,0.9814814726511636,False,5.344444444444445
1842,61.4,160.66666666666669,0.9537037014961244,True,5.355555555555556
1843,61.43333333333333,161.0,0.9722222288449606,False,5.366666666666667
1844,61.46666666666667,161.0,0.9814814726511636,False,5.366666666666667
1845,61.5,157.66666666666666,1.0,False,5.2555555555555555
1846,61.53333333333333,178.33333333333331,0.9814814726511636,False,5.944444444444444
1847,61.56666666666666,168.00000000000003,0.9537037014961244,False,5.6000000000000005
1848,61.6,154.5,1.0,False,5.15
1849,61.63333333333333,154.0,1.0,False,5.133333333333333
1850,61.666666666666664,155.5,1.0,False,5.183333333333334
1851,61.7,156.5,1.0,False,5.216666666666667
1852,61.733333333333334,155.5,1.0,False,5.183333333333334
1853,61.766666666666666,154.99999999999997,0.9305555522441864,False,5.166666666666666
1854,61.8,155.33333333333334,0.990740736325582,False,5.177777777777778
1855,61.833333333333336,162.00000000000003,1.0,False,5.400000000000001
1856,61.86666666666667,164.33333333333334,0.9814814726511636,False,5.477777777777778
1857,61.9,165.66666666666666,1.0,False,5.522222222222222
1858,61.93333333333333,165.66666666666666,1.0,False,5.522222222222222
1859,61.96666666666667,167.00000000000003,1.0,False,5.566666666666667
1860,62.0,167.33333333333334,1.0,True,5.5777777777777775
1861,62.03333333333333,167.66666666666666,1.0,False,5.588888888888889
1862,62.06666666666666,167.3333333333333,1.0,False,5.577777777777777
1863,62.1,170.0,1.0,False,5.666666666666667
1864,62.13333333333333,169.0,0.961904764175415,True,5.633333333333333
1865,62.166666666666664,167.99999999999997,1.0,False,5.599999999999999
1866,62.2,168.33333333333331,0.9722222288449606,True,5.611111111111111
1867,62.233333333333334,168.66666666666669,1.0,False,5.622222222222223
1868,62.266666666666666,169.0,1.0,False,5.633333333333334
1869,62.3,169.33333333333334,1.0,False,5.644444444444445
1870,62.333333333333336,170.5,0.9629629651705424,True,5.683333333333334
1871,62.36666666666667,171.66666666666666,1.0,False,5.722222222222222
1872,62.4,170.33333333333334,1.0,False,5.677777777777778
1873,62.43333333333333,171.66666666666666,1.0,False,5.722222222222222
1874,62.46666666666667,170.0,1.0,False,5.666666666666667
1875,62.5,169.33333333333334,1.0,False,5.644444444444445
1876,62.53333333333333,172.66666666666666,1.0,False,5.7555555555555555
1877,62.56666666666666,172.0,0.9814814726511636,True,5.733333333333333
1878,62.6,171.33333333333334,1.0,False,5.711111111111111
1879,62.63333333333333,172.66666666666666,1.0,False,5.7555555555555555
1880,62.666666666666664,172.33333333333331,0.9537037014961244,True,5.7444444444444445
1881,62.7,172.0,1.0,False,5.733333333333333
1882,62.733333333333334,172.66666666666666,1.0,False,5.7555555555555555
1883,62.766666666666666,174.66666666666666,1.0,False,5.822222222222222
1884,62.8,173.33333333333334,1.0,False,5.777777777777778
1885,62.833333333333336,171.33333333333334,1.0,False,5.711111111111111
1886,62.86666666666667,172.83333333333331,0.990740736325582,True,5.761111111111111
1887,62.9,174.33333333333331,1.0,False,5.811111111111111
1888,62.93333333333333,171.66666666666666,1.0,False,5.722222222222222
1889,62.96666666666667,172.66666666666666,1.0,False,5.7555555555555555
1890,63.0,172.33333333333334,1.0,False,5.7444444444444445
1891,63.03333333333333,172.66666666666666,1.0,False,5.7555555555555555
1892,63.06666666666666,172.66666666666666,1.0,False,5.7555555555555555
1893,63.1,172.33333333333334,1.0,False,5.7444444444444445
1894,63.13333333333333,174.0,1.0,False,5.8
1895,63.166666666666664,175.0,1.0,False,5.833333333333333
1896,63.2,173.33333333333334,1.0,False,5.777777777777778
1897,63.233333333333334,173.5,1.0,True,5.783333333333333
1898,63.266666666666666,173.66666666666666,1.0,False,5.788888888888889
1899,63.3,174.0,1.0,False,5.8
1900,63.333333333333336,173.83333333333331,1.0,True,5.794444444444444
1901,63.36666666666667,173.66666666666666,1.0,False,5.788888888888889
1902,63.4,174.0,1.0,True,5.8
1903,63.43333333333333,174.33333333333331,1.0,False,5.811111111111111
1904,63.46666666666667,173.66666666666666,0.9629629651705424,True,5.788888888888889
1905,63.5,173.0,1.0,False,5.766666666666667
1906,63.53333333333333,172.99999999999997,1.0,False,5.766666666666666
1907,63.56666666666666,174.33333333333331,1.0,False,5.811111111111111
1908,63.6,174.66666666666669,1.0,False,5.822222222222223
1909,63.63333333333333,174.0,1.0,False,5.8
1910,63.666666666666664,174.33333333333331,1.0,False,5.811111111111111
1911,63.7,174.16666666666666,1.0,True,5.805555555555555
1912,63.733333333333334,174.0,1.0,False,5.8
1913,63.766666666666666,175.66666666666666,1.0,False,5.855555555555555
1914,63.8,173.66666666666666,1.0,False,5.788888888888889
1915,63.833333333333336,175.0,1.0,False,5.833333333333333
1916,63.86666666666667,175.66666666666666,1.0,False,5.855555555555555
1917,63.9,175.0,1.0,False,5.833333333333333
1918,63.93333333333333,175.33333333333331,1.0,True,5.844444444444444
1919,63.96666666666667,175.66666666666666,1.0,False,5.855555555555555
1920,64.0,176.0,1.0,False,5.866666666666667
1921,64.03333333333333,175.66666666666666,1.0,False,5.855555555555555
1922,64.06666666666666,175.83333333333331,1.0,True,5.861111111111111
1923,64.1,176.0,1.0,False,5.866666666666667
1924,64.13333333333333,175.0,1.0,False,5.833333333333333
1925,64.16666666666667,175.16666666666666,1.0,True,5.838888888888889
1926,64.2,175.33333333333331,0.9814814726511636,True,5.844444444444444
1927,64.23333333333333,175.5,1.0,True,5.85
1928,64.26666666666667,175.66666666666666,1.0,False,5.855555555555555
1929,64.3,176.0,1.0,False,5.866666666666667
1930,64.33333333333333,175.66666666666666,1.0,False,5.855555555555555
1931,64.36666666666666,172.33333333333334,1.0,False,5.7444444444444445
1932,64.4,174.66666666666666,1.0,False,5.822222222222222
1933,64.43333333333334,175.0,1.0,False,5.833333333333333
1934,64.46666666666667,174.0,1.0,False,5.8
1935,64.5,174.16666666666666,1.0,True,5.805555555555555
1936,64.53333333333333,174.33333333333334,1.0,True,5.811111111111112
1937,64.56666666666666,174.5,1.0,True,5.816666666666666
1938,64.6,174.66666666666666,1.0,True,5.822222222222222
1939,64.63333333333333,174.83333333333334,1.0,True,5.8277777777777775
1940,64.66666666666667,175.0,1.0,False,5.833333333333333
1941,64.7,198.66666666666669,0.9814814726511636,False,6.622222222222223
1942,64.73333333333333,175.0,1.0,False,5.833333333333333
1943,64.76666666666667,175.0,1.0,False,5.833333333333333
1944,64.8,175.66666666666666,0.9895833333333334,True,5.855555555555555
1945,64.83333333333333,176.33333333333331,1.0,False,5.877777777777777
1946,64.86666666666666,174.33333333333331,1.0,False,5.81111111111111
1947,64.9,175.33333333333334,1.0,False,5.844444444444445
1948,64.93333333333334,176.66666666666669,1.0,False,5.888888888888889
1949,64.96666666666667,176.0,1.0,False,5.866666666666667
1950,65.0,175.33333333333334,1.0,True,5.844444444444445
1951,65.03333333333333,174.66666666666669,1.0,False,5.822222222222223
1952,65.06666666666666,175.33333333333334,1.0,False,5.844444444444445
1953,65.1,175.16666666666669,1.0,True,5.838888888888889
1954,65.13333333333333,175.0,1.0,False,5.833333333333333
1955,65.16666666666667,175.66666666666666,1.0,False,5.855555555555555
1956,65.2,175.0,1.0,False,5.833333333333333
1957,65.23333333333333,175.66666666666666,1.0,False,5.855555555555555
1958,65.26666666666667,176.99999999999997,1.0,False,5.8999999999999995
1959,65.3,175.66666666666666,1.0,False,5.855555555555555
1960,65.33333333333333,176.99999999999997,1.0,False,5.8999999999999995
1961,65.36666666666666,176.99999999999997,1.0,False,5.8999999999999995
1962,65.4,175.16666666666669,1.0,True,5.838888888888889
1963,65.43333333333334,173.33333333333337,1.0,False,5.777777777777779
1964,65.46666666666667,173.33333333333334,1.0,False,5.777777777777778
1965,65.5,173.33333333333334,1.0,True,5.777777777777778
1966,65.53333333333333,173.33333333333334,1.0,False,5.777777777777778
1967,65.56666666666666,173.33333333333337,1.0,True,5.777777777777779
1968,65.6,173.33333333333337,1.0,False,5.777777777777779
1969,65.63333333333333,175.66666666666666,1.0,False,5.855555555555555
1970,65.66666666666667,176.0,1.0,False,5.866666666666667
1971,65.7,175.0,1.0,False,5.833333333333333
1972,65.73333333333333,175.33333333333331,1.0,False,5.844444444444444
1973,65.76666666666667,174.33333333333331,1.0,False,5.811111111111111
1974,65.8,176.66666666666669,1.0,False,5.888888888888889
1975,65.83333333333333,176.0,0.9444444378217062,True,5.866666666666667
1976,65.86666666666666,175.33333333333334,1.0,False,5.844444444444445
1977,65.9,176.33333333333331,1.0,False,5.877777777777777
1978,65.93333333333334,176.0,1.0,False,5.866666666666667
1979,65.96666666666667,176.66666666666669,1.0,False,5.888888888888889
1980,66.0,176.66666666666666,1.0,False,5.888888888888888
1981,66.03333333333333,176.66666666666669,1.0,True,5.888888888888889
1982,66.06666666666666,176.66666666666669,1.0,True,5.888888888888889
1983,66.1,176.66666666666669,1.0,False,5.888888888888889
1984,66.13333333333333,176.66666666666669,1.0,True,5.888888888888889
1985,66.16666666666667,176.66666666666669,1.0,False,5.888888888888889
1986,66.2,174.66666666666669,1.0,False,5.822222222222223
1987,66.23333333333333,176.0,1.0,False,5.866666666666667
1988,66.26666666666667,176.66666666666669,1.0,False,5.888888888888889
1989,66.3,175.33333333333331,1.0,False,5.844444444444444
1990,66.33333333333333,177.33333333333334,1.0,False,5.911111111111111
1991,66.36666666666666,177.16666666666666,1.0,True,5.905555555555555
1992,66.4,176.99999999999997,1.0,False,5.8999999999999995
1993,66.43333333333334,176.66666666666663,1.0,True,5.888888888888888
1994,66.46666666666667,176.33333333333331,1.0,False,5.877777777777777
1995,66.5,178.66666666666669,1.0,False,5.955555555555556
1996,66.53333333333333,175.33333333333334,1.0,False,5.844444444444445
1997,66.56666666666666,175.33333333333331,1.0,True,5.844444444444445
1998,66.6,175.33333333333331,1.0,False,5.844444444444444
1999,66.63333333333333,175.0,1.0,False,5.833333333333333
2000,66.66666666666667,176.33333333333331,1.0,False,5.877777777777777
2001,66.7,176.99999999999997,1.0,False,5.8999999999999995
2002,66.73333333333333,178.0,1.0,False,5.933333333333334
2003,66.76666666666667,174.33333333333331,1.0,False,5.811111111111111
2004,66.8,176.33333333333331,1.0,False,5.877777777777777
2005,66.83333333333333,176.99999999999997,1.0,False,5.8999999999999995
2006,66.86666666666666,175.83333333333331,0.9722222288449606,True,5.861111111111111
2007,66.9,174.66666666666669,1.0,False,5.822222222222223
2008,66.93333333333334,175.0,1.0,False,5.833333333333333
2009,66.96666666666667,175.0,1.0,False,5.833333333333333
2010,67.0,175.66666666666666,1.0,True,5.855555555555555
2011,67.03333333333333,176.33333333333331,1.0,False,5.877777777777777
2012,67.06666666666666,176.0,1.0,False,5.866666666666666
2013,67.1,174.66666666666666,1.0,False,5.822222222222222
2014,67.13333333333333,176.66666666666669,1.0,False,5.888888888888889
2015,67.16666666666667,175.66666666666666,1.0,False,5.855555555555555
2016,67.2,175.0,1.0,False,5.833333333333333
2017,67.23333333333333,176.33333333333331,1.0,False,5.877777777777777
2018,67.26666666666667,176.0,0.990740736325582,True,5.866666666666666
2019,67.3,175.66666666666666,1.0,False,5.855555555555555
2020,67.33333333333333,175.33333333333334,1.0,False,5.844444444444445
2021,67.36666666666666,176.33333333333331,1.0,False,5.877777777777777
2022,67.4,176.99999999999997,1.0,False,5.8999999999999995
2023,67.43333333333334,176.33333333333331,1.0,False,5.877777777777777
2024,67.46666666666667,177.66666666666666,1.0,False,5.922222222222222
2025,67.5,177.00000000000003,1.0,False,5.900000000000001
2026,67.53333333333333,179.33333333333334,1.0,False,5.977777777777778
2027,67.56666666666666,176.0,1.0,False,5.866666666666666
2028,67.6,176.33333333333331,1.0,False,5.877777777777777
2029,67.63333333333333,175.0,1.0,False,5.833333333333333
2030,67.66666666666667,178.0,1.0,False,5.933333333333334
2031,67.7,175.33333333333334,1.0,False,5.844444444444445
2032,67.73333333333333,179.33333333333334,1.0,False,5.977777777777778
2033,67.76666666666667,178.0,1.0,False,5.933333333333334
2034,67.8,176.33333333333331,1.0,False,5.877777777777777
2035,67.83333333333333,178.33333333333331,1.0,False,5.944444444444444
2036,67.86666666666666,176.99999999999997,1.0,False,5.8999999999999995
2037,67.9,176.0,1.0,False,5.866666666666667
2038,67.93333333333334,176.0,1.0,True,5.866666666666667
2039,67.96666666666667,176.0,1.0,False,5.866666666666667
2040,68.0,175.83333333333331,1.0,True,5.861111111111111
2041,68.03333333333333,175.66666666666666,1.0,False,5.855555555555555
2042,68.06666666666666,176.66666666666669,1.0,False,5.888888888888889
2043,68.1,178.33333333333337,1.0,False,5.9444444444444455
2044,68.13333333333333,177.33333333333331,1.0,False,5.9111111111111105
2045,68.16666666666667,176.33333333333331,1.0,False,5.877777777777777
2046,68.2,177.33333333333331,1.0,False,5.9111111111111105
2047,68.23333333333333,177.99999999999997,1.0,False,5.933333333333333
2048,68.26666666666667,177.33333333333334,1.0,False,5.911111111111111
2049,68.3,176.0,1.0,False,5.866666666666667
2050,68.33333333333333,178.66666666666669,1.0,False,5.955555555555556
2051,68.36666666666666,175.66666666666666,1.0,False,5.855555555555555
2052,68.4,176.99999999999997,1.0,False,5.8999999999999995
2053,68.43333333333334,176.66666666666666,1.0,False,5.888888888888888
2054,68.46666666666667,176.99999999999997,1.0,False,5.8999999999999995
2055,68.5,178.33333333333331,1.0,False,5.944444444444444
2056,68.53333333333333,178.66666666666669,1.0,False,5.955555555555556
2057,68.56666666666666,179.33333333333334,1.0,False,5.977777777777778
2058,68.6,179.0,1.0,True,5.966666666666667
2059,68.63333333333333,178.66666666666669,1.0,False,5.955555555555556
2060,68.66666666666667,178.5,1.0,True,5.949999999999999
2061,68.7,178.33333333333331,1.0,False,5.944444444444444
2062,68.73333333333333,179.33333333333334,1.0,False,5.977777777777778
2063,68.76666666666667,179.66666666666669,1.0,True,5.988888888888889
2064,68.8,180.0,1.0,False,6.0
2065,68.83333333333333,178.33333333333331,1.0,False,5.944444444444444
2066,68.86666666666666,178.5,1.0,True,5.949999999999999
2067,68.9,178.66666666666669,1.0,False,5.955555555555556
2068,68.93333333333334,178.66666666666669,1.0,False,5.955555555555556
2069,68.96666666666667,179.33333333333334,1.0,False,5.977777777777778
2070,69.0,179.25,1.0,True,5.975
2071,69.03333333333333,179.16666666666666,1.0,True,5.972222222222221
2072,69.06666666666666,179.08333333333331,1.0,True,5.969444444444444
2073,69.1,178.99999999999997,1.0,False,5.966666666666666
2074,69.13333333333333,179.11111111111111,1.0,True,5.97037037037037
2075,69.16666666666667,179.22222222222223,1.0,True,5.974074074074074
2076,69.2,179.33333333333334,1.0,False,5.977777777777778
2077,69.23333333333333,179.33333333333334,1.0,True,5.977777777777778
2078,69.26666666666667,179.33333333333334,1.0,False,5.977777777777778
2079,69.3,178.66666666666669,1.0,False,5.955555555555556
2080,69.33333333333333,178.99999999999997,1.0,False,5.966666666666666
2081,69.36666666666666,178.0,1.0,False,5.933333333333334
2082,69.4,178.66666666666669,1.0,False,5.955555555555556
2083,69.43333333333334,179.66666666666669,1.0,False,5.98888888888889
2084,69.46666666666667,179.66666666666669,1.0,True,5.98888888888889
2085,69.5,179.66666666666663,0.990740736325582,True,5.988888888888889
2086,69.53333333333333,179.66666666666663,1.0,False,5.988888888888888
2087,69.56666666666666,179.66666666666669,1.0,False,5.98888888888889
2088,69.6,179.66666666666669,1.0,False,5.98888888888889
2089,69.63333333333333,179.33333333333334,1.0,False,5.977777777777778
2090,69.66666666666667,180.66666666666663,1.0,False,6.022222222222222
2091,69.7,177.99999999999997,1.0,False,5.933333333333333
2092,69.73333333333333,178.0,1.0,False,5.933333333333334
2093,69.76666666666667,178.0,1.0,True,5.933333333333334
2094,69.8,178.0,1.0,False,5.933333333333334
2095,69.83333333333333,178.66666666666669,1.0,True,5.955555555555556
2096,69.86666666666666,179.33333333333334,1.0,False,5.977777777777778
2097,69.9,178.33333333333337,1.0,False,5.9444444444444455
2098,69.93333333333334,178.33333333333331,1.0,False,5.944444444444444
2099,69.96666666666667,178.33333333333331,1.0,True,5.944444444444444
2100,70.0,178.33333333333331,1.0,True,5.944444444444444
2101,70.03333333333333,178.33333333333331,1.0,False,5.944444444444444
2102,70.06666666666666,177.66666666666663,0.9814814726511636,True,5.922222222222222
2103,70.1,176.99999999999997,1.0,False,5.8999999999999995
2104,70.13333333333333,178.16666666666666,1.0,True,5.938888888888888
2105,70.16666666666667,179.33333333333334,1.0,False,5.977777777777778
2106,70.2,179.16666666666666,1.0,True,5.972222222222221
2107,70.23333333333333,178.99999999999997,1.0,False,5.966666666666666
2108,70.26666666666667,179.83333333333331,1.0,True,5.994444444444444
2109,70.3,180.66666666666663,1.0,False,6.022222222222222
2110,70.33333333333333,180.66666666666666,1.0,True,6.022222222222222
2111,70.36666666666666,180.66666666666669,1.0,False,6.022222222222223
2112,70.4,180.33333333333331,1.0,False,6.01111111111111
2113,70.43333333333334,178.33333333333337,1.0,False,5.9444444444444455
2114,70.46666666666667,177.99999999999997,1.0,False,5.933333333333333
2115,70.5,178.0,1.0,False,5.933333333333334
2116,70.53333333333333,178.66666666666669,1.0,False,5.955555555555556
2117,70.56666666666666,178.66666666666669,1.0,False,5.955555555555556
2118,70.6,180.33333333333337,1.0,False,6.011111111111112
2119,70.63333333333333,180.0,1.0,True,6.0
2120,70.66666666666667,179.66666666666663,1.0,False,5.988888888888888
2121,70.7,179.00000000000003,1.0,False,5.966666666666668
2122,70.73333333333333,178.0,1.0,False,5.933333333333334
2123,70.76666666666667,179.33333333333334,1.0,False,5.977777777777778
2124,70.8,178.0,1.0,False,5.933333333333334
2125,70.83333333333333,180.66666666666663,1.0,False,6.022222222222222
2126,70.86666666666666,179.33333333333334,1.0,False,5.977777777777778
2127,70.9,176.99999999999997,1.0,False,5.8999999999999995
2128,70.93333333333334,178.99999999999997,1.0,False,5.966666666666666
2129,70.96666666666667,177.33333333333334,1.0,False,5.911111111111111
2130,71.0,178.0,1.0,False,5.933333333333334
2131,71.03333333333333,180.66666666666663,1.0,False,6.022222222222222
2132,71.06666666666666,179.33333333333334,1.0,False,5.977777777777778
2133,71.1,178.66666666666669,1.0,False,5.955555555555556
2134,71.13333333333333,179.33333333333334,1.0,False,5.977777777777778
2135,71.16666666666667,177.66666666666666,1.0,False,5.922222222222222
2136,71.2,178.66666666666669,1.0,False,5.955555555555556
2137,71.23333333333333,178.66666666666669,1.0,False,5.955555555555556
2138,71.26666666666667,177.66666666666666,1.0,False,5.922222222222222
2139,71.3,178.0,1.0,True,5.933333333333333
2140,71.33333333333333,178.33333333333331,1.0,False,5.944444444444444
2141,71.36666666666666,176.66666666666666,1.0,False,5.888888888888888
2142,71.4,178.66666666666669,1.0,False,5.955555555555556
2143,71.43333333333334,178.99999999999997,1.0,False,5.966666666666666
2144,71.46666666666667,177.66666666666666,1.0,False,5.922222222222222
2145,71.5,178.0,1.0,True,5.933333333333333
2146,71.53333333333333,178.33333333333331,1.0,False,5.944444444444444
2147,71.56666666666666,178.99999999999997,1.0,False,5.966666666666666
2148,71.6,178.33333333333337,1.0,False,5.9444444444444455
2149,71.63333333333333,178.16666666666669,1.0,True,5.93888888888889
2150,71.66666666666667,178.0,1.0,False,5.933333333333334
2151,71.7,178.33333333333331,1.0,False,5.944444444444444
2152,71.73333333333333,176.99999999999997,1.0,False,5.8999999999999995
2153,71.76666666666667,180.0,1.0,False,6.0
2154,71.8,179.33333333333334,1.0,False,5.977777777777778
2155,71.83333333333333,179.16666666666666,1.0,True,5.972222222222221
2156,71.86666666666666,178.99999999999997,1.0,False,5.966666666666666
2157,71.9,179.33333333333334,1.0,False,5.977777777777778
2158,71.93333333333334,176.99999999999997,1.0,False,5.8999999999999995
2159,71.96666666666667,176.99999999999997,1.0,False,5.8999999999999995
2160,72.0,178.33333333333337,1.0,False,5.9444444444444455
2161,72.03333333333333,180.66666666666663,1.0,False,6.022222222222222
2162,72.06666666666666,177.66666666666666,1.0,False,5.922222222222222
2163,72.1,178.83333333333331,1.0,True,5.96111111111111
2164,72.13333333333333,180.0,1.0,False,6.0
2165,72.16666666666667,179.33333333333334,1.0,False,5.977777777777778
2166,72.2,179.33333333333334,1.0,False,5.977777777777778
2167,72.23333333333333,180.0,1.0,False,6.0
2168,72.26666666666667,178.0,1.0,False,5.933333333333334
2169,72.3,178.99999999999997,1.0,False,5.966666666666666
2170,72.33333333333333,178.33333333333331,1.0,False,5.944444444444444
2171,72.36666666666666,178.66666666666669,1.0,False,5.955555555555556
2172,72.4,179.66666666666663,1.0,False,5.988888888888888
2173,72.43333333333334,179.5,1.0,True,5.9833333333333325
2174,72.46666666666667,179.33333333333334,1.0,False,5.977777777777778
2175,72.5,178.99999999999997,1.0,False,5.966666666666666
2176,72.53333333333333,179.33333333333334,1.0,False,5.977777777777778
2177,72.56666666666666,180.33333333333331,1.0,False,6.01111111111111
2178,72.6,179.66666666666663,1.0,False,5.988888888888888
2179,72.63333333333333,179.33333333333334,1.0,False,5.977777777777778
2180,72.66666666666667,180.0,1.0,False,6.0
2181,72.7,178.66666666666669,1.0,False,5.955555555555556
2182,72.73333333333333,179.33333333333334,1.0,False,5.977777777777778
2183,72.76666666666667,179.66666666666669,1.0,False,5.98888888888889
2184,72.8,179.33333333333334,1.0,False,5.977777777777778
2185,72.83333333333333,181.00000000000003,1.0,False,6.033333333333334
2186,72.86666666666666,179.66666666666669,0.9722222288449606,True,5.988888888888889
2187,72.9,178.33333333333331,1.0,False,5.944444444444444
2188,72.93333333333334,177.66666666666666,1.0,False,5.922222222222222
2189,72.96666666666667,177.66666666666666,1.0,False,5.922222222222222
2190,73.0,178.66666666666669,1.0,False,5.955555555555556
2191,73.03333333333333,178.33333333333331,1.0,False,5.944444444444444
2192,73.06666666666666,178.33333333333337,1.0,False,5.9444444444444455
2193,73.1,178.33333333333337,1.0,True,5.9444444444444455
2194,73.13333333333333,178.33333333333334,1.0,True,5.944444444444445
2195,73.16666666666667,178.33333333333331,1.0,False,5.944444444444444
2196,73.2,178.66666666666669,1.0,False,5.955555555555556
2197,73.23333333333333,181.00000000000003,1.0,False,6.033333333333334
2198,73.26666666666667,180.33333333333331,1.0,False,6.01111111111111
2199,73.3,179.33333333333334,1.0,False,5.977777777777778
2200,73.33333333333333,178.66666666666669,1.0,False,5.955555555555556
2201,73.36666666666666,178.99999999999997,1.0,False,5.966666666666666
2202,73.4,179.0,1.0,True,5.966666666666667
2203,73.43333333333334,178.99999999999997,1.0,True,5.966666666666666
2204,73.46666666666667,178.99999999999997,1.0,False,5.966666666666666
2205,73.5,179.16666666666663,0.990740736325582,True,5.972222222222221
2206,73.53333333333333,179.33333333333331,1.0,True,5.977777777777777
2207,73.56666666666666,179.49999999999997,1.0,True,5.9833333333333325
2208,73.6,179.66666666666663,1.0,False,5.988888888888888
2209,73.63333333333333,180.66666666666663,1.0,False,6.022222222222222
2210,73.66666666666667,180.66666666666663,1.0,False,6.022222222222222
2211,73.7,180.33333333333331,1.0,True,6.011111111111111
2212,73.73333333333333,180.0,1.0,False,6.0
2213,73.76666666666667,180.33333333333331,1.0,False,6.01111111111111
2214,73.8,178.99999999999997,1.0,False,5.966666666666666
2215,73.83333333333333,181.33333333333331,1.0,False,6.044444444444444
2216,73.86666666666666,181.00000000000003,1.0,False,6.033333333333334
2217,73.9,178.66666666666669,1.0,False,5.955555555555556
2218,73.93333333333334,179.33333333333334,1.0,False,5.977777777777778
2219,73.96666666666667,179.33333333333334,1.0,False,5.977777777777778
2220,74.0,179.33333333333334,1.0,False,5.977777777777778
2221,74.03333333333333,179.5,1.0,True,5.983333333333334
2222,74.06666666666666,179.66666666666669,1.0,False,5.98888888888889
2223,74.1,180.0,1.0,False,6.0
2224,74.13333333333333,180.66666666666663,1.0,False,6.022222222222222
2225,74.16666666666667,181.66666666666669,1.0,False,6.055555555555556
2226,74.2,181.33333333333337,1.0,True,6.044444444444445
2227,74.23333333333333,181.00000000000003,1.0,False,6.033333333333334
2228,74.26666666666667,180.33333333333331,1.0,False,6.01111111111111
2229,74.3,179.66666666666669,1.0,False,5.98888888888889
2230,74.33333333333333,179.66666666666666,1.0,True,5.988888888888889
2231,74.36666666666666,179.66666666666663,1.0,False,5.988888888888888
2232,74.4,179.66666666666666,1.0,True,5.988888888888889
2233,74.43333333333334,179.66666666666669,1.0,False,5.98888888888889
2234,74.46666666666667,180.33333333333331,1.0,False,6.01111111111111
2235,74.5,178.66666666666669,1.0,False,5.955555555555556
2236,74.53333333333333,181.33333333333331,1.0,False,6.044444444444444
2237,74.56666666666666,181.33333333333331,1.0,False,6.044444444444444
2238,74.6,179.33333333333334,1.0,False,5.977777777777778
2239,74.63333333333333,178.33333333333337,1.0,False,5.9444444444444455
2240,74.66666666666667,177.33333333333334,1.0,False,5.911111111111111
2241,74.7,179.66666666666669,1.0,False,5.98888888888889
2242,74.73333333333333,178.66666666666669,1.0,False,5.955555555555556
2243,74.76666666666667,179.66666666666669,0.990740736325582,True,5.988888888888889
2244,74.8,180.66666666666669,1.0,False,6.022222222222223
2245,74.83333333333333,180.66666666666663,1.0,False,6.022222222222222
2246,74.86666666666666,180.66666666666663,1.0,True,6.022222222222222
2247,74.9,180.66666666666663,1.0,False,6.022222222222222
2248,74.93333333333334,180.49999999999997,1.0,True,6.016666666666666
2249,74.96666666666667,180.33333333333331,1.0,False,6.01111111111111
2250,75.0,181.66666666666663,1.0,False,6.0555555555555545
2251,75.03333333333333,178.0,1.0,False,5.933333333333334
2252,75.06666666666666,180.0,1.0,False,6.0
2253,75.1,178.33333333333337,1.0,False,5.9444444444444455
2254,75.13333333333333,181.33333333333331,1.0,False,6.044444444444444
2255,75.16666666666667,180.33333333333331,1.0,False,6.01111111111111
2256,75.2,179.66666666666669,1.0,False,5.98888888888889
2257,75.23333333333333,179.66666666666663,1.0,False,5.988888888888888
2258,75.26666666666667,179.66666666666666,1.0,True,5.988888888888889
2259,75.3,179.66666666666669,1.0,True,5.988888888888889
2260,75.33333333333333,179.66666666666669,1.0,False,5.98888888888889
2261,75.36666666666666,181.33333333333331,1.0,False,6.044444444444444
2262,75.4,180.33333333333331,1.0,False,6.01111111111111
2263,75.43333333333334,180.33333333333331,1.0,True,6.01111111111111
2264,75.46666666666667,180.33333333333331,1.0,False,6.01111111111111
2265,75.5,180.0,1.0,False,6.0
2266,75.53333333333333,177.33333333333334,1.0,False,5.911111111111111
2267,75.56666666666666,177.33333333333334,1.0,False,5.911111111111111
2268,75.6,176.99999999999997,1.0,False,5.8999999999999995
2269,75.63333333333333,176.83333333333331,1.0,True,5.894444444444444
2270,75.66666666666667,176.66666666666669,1.0,False,5.888888888888889
2271,75.7,177.33333333333334,1.0,True,5.911111111111111
2272,75.73333333333333,178.0,1.0,False,5.933333333333334
2273,75.76666666666667,176.99999999999997,1.0,False,5.8999999999999995
2274,75.8,178.0,1.0,False,5.933333333333334
2275,75.83333333333333,177.33333333333334,1.0,False,5.911111111111111
2276,75.86666666666666,177.33333333333334,1.0,False,5.911111111111111
2277,75.9,179.66666666666663,1.0,False,5.988888888888888
2278,75.93333333333334,177.33333333333334,1.0,False,5.911111111111111
2279,75.96666666666667,179.16666666666669,1.0,True,5.972222222222223
2280,76.0,181.00000000000003,1.0,False,6.033333333333334
2281,76.03333333333333,176.99999999999997,1.0,False,5.8999999999999995
2282,76.06666666666666,178.99999999999997,1.0,False,5.966666666666666
2283,76.1,177.66666666666666,1.0,False,5.922222222222222
2284,76.13333333333333,177.33333333333334,1.0,False,5.911111111111111
2285,76.16666666666667,179.33333333333334,1.0,False,5.977777777777778
2286,76.2,180.33333333333331,1.0,False,6.01111111111111
2287,76.23333333333333,178.66666666666669,1.0,False,5.955555555555556
2288,76.26666666666667,180.33333333333331,1.0,False,6.01111111111111
2289,76.3,178.33333333333337,1.0,False,5.9444444444444455
2290,76.33333333333333,176.99999999999997,1.0,False,5.8999999999999995
2291,76.36666666666666,178.99999999999997,1.0,False,5.966666666666666
2292,76.4,180.66666666666669,1.0,False,6.022222222222223
2293,76.43333333333334,179.66666666666669,1.0,False,5.98888888888889
2294,76.46666666666667,180.0,1.0,False,6.0
2295,76.5,178.66666666666669,1.0,False,5.955555555555556
2296,76.53333333333333,178.66666666666669,1.0,False,5.955555555555556
2297,76.56666666666666,177.33333333333334,1.0,False,5.911111111111111
2298,76.6,177.83333333333331,1.0,True,5.927777777777777
2299,76.63333333333333,178.33333333333331,1.0,False,5.944444444444444
2300,76.66666666666667,177.5,1.0,True,5.916666666666666
2301,76.7,176.66666666666669,1.0,False,5.888888888888889
2302,76.73333333333333,178.33333333333337,1.0,False,5.9444444444444455
2303,76.76666666666667,178.0,1.0,True,5.933333333333334
2304,76.8,177.66666666666666,1.0,False,5.922222222222222
2305,76.83333333333333,177.33333333333334,1.0,False,5.911111111111111
2306,76.86666666666666,178.66666666666669,1.0,False,5.955555555555556
2307,76.9,179.66666666666669,1.0,False,5.98888888888889
2308,76.93333333333334,178.66666666666669,1.0,False,5.955555555555556
2309,76.96666666666667,177.66666666666666,1.0,False,5.922222222222222
2310,77.0,179.33333333333334,1.0,False,5.977777777777778
2311,77.03333333333333,178.0,1.0,False,5.933333333333334
2312,77.06666666666666,178.99999999999997,1.0,False,5.966666666666666
2313,77.1,178.33333333333337,1.0,False,5.9444444444444455
2314,77.13333333333333,179.33333333333334,1.0,False,5.977777777777778
2315,77.16666666666667,178.99999999999997,1.0,False,5.966666666666666
2316,77.2,178.66666666666669,1.0,False,5.955555555555556
2317,77.23333333333333,177.33333333333334,1.0,False,5.911111111111111
2318,77.26666666666667,177.66666666666666,1.0,False,5.922222222222222
2319,77.3,177.99999999999997,1.0,False,5.933333333333333
2320,77.33333333333333,178.0,1.0,True,5.933333333333334
2321,77.36666666666666,178.0,1.0,True,5.933333333333334
2322,77.4,178.0,1.0,False,5.933333333333334
2323,77.43333333333334,178.0,1.0,False,5.933333333333334
2324,77.46666666666667,178.33333333333337,1.0,False,5.9444444444444455
2325,77.5,178.33333333333331,1.0,False,5.944444444444444
2326,77.53333333333333,177.33333333333334,1.0,False,5.911111111111111
2327,77.56666666666666,178.99999999999997,1.0,False,5.966666666666666
2328,77.6,177.33333333333334,1.0,False,5.911111111111111
2329,77.63333333333333,177.83333333333331,1.0,True,5.927777777777777
2330,77.66666666666667,178.33333333333331,1.0,False,5.944444444444444
2331,77.7,180.66666666666663,1.0,False,6.022222222222222
2332,77.73333333333333,178.33333333333331,1.0,False,5.944444444444444
2333,77.76666666666667,180.0,1.0,False,6.0
2334,77.8,177.33333333333334,1.0,False,5.911111111111111
2335,77.83333333333333,177.00000000000003,1.0,False,5.900000000000001
2336,77.86666666666666,178.0,1.0,False,5.933333333333334
2337,77.9,178.99999999999997,1.0,False,5.966666666666666
2338,77.93333333333334,178.99999999999997,1.0,False,5.966666666666666
2339,77.96666666666667,177.66666666666666,1.0,False,5.922222222222222
2340,78.0,178.66666666666669,1.0,False,5.955555555555556
2341,78.03333333333333,178.99999999999997,1.0,False,5.966666666666666
2342,78.06666666666666,178.33333333333331,1.0,False,5.944444444444444
2343,78.1,178.33333333333334,1.0,True,5.944444444444445
2344,78.13333333333333,178.33333333333337,1.0,False,5.9444444444444455
2345,78.16666666666667,178.33333333333331,1.0,False,5.944444444444444
2346,78.2,178.33333333333337,1.0,False,5.9444444444444455
2347,78.23333333333333,176.99999999999997,1.0,False,5.8999999999999995
2348,78.26666666666667,177.33333333333334,1.0,False,5.911111111111111
2349,78.3,177.66666666666666,1.0,False,5.922222222222222
2350,78.33333333333333,178.33333333333331,1.0,False,5.944444444444444
2351,78.36666666666666,178.33333333333337,1.0,False,5.9444444444444455
2352,78.4,178.33333333333337,1.0,False,5.9444444444444455
2353,78.43333333333334,178.33333333333337,1.0,True,5.9444444444444455
2354,78.46666666666667,178.33333333333334,1.0,True,5.944444444444445
2355,78.5,178.33333333333331,1.0,False,5.944444444444444
2356,78.53333333333333,179.66666666666669,1.0,False,5.98888888888889
2357,78.56666666666666,177.66666666666666,1.0,False,5.922222222222222
2358,78.6,178.0,1.0,False,5.933333333333334
2359,78.63333333333333,177.66666666666666,1.0,False,5.922222222222222
2360,78.66666666666667,179.33333333333334,1.0,False,5.977777777777778
2361,78.7,178.99999999999997,1.0,False,5.966666666666666
2362,78.73333333333333,178.66666666666669,1.0,False,5.955555555555556
2363,78.76666666666667,179.33333333333334,1.0,False,5.977777777777778
2364,78.8,178.99999999999997,1.0,False,5.966666666666666
2365,78.83333333333333,178.99999999999997,1.0,False,5.966666666666666
2366,78.86666666666666,178.33333333333331,1.0,True,5.944444444444444
2367,78.9,177.66666666666666,1.0,False,5.922222222222222
2368,78.93333333333334,179.33333333333334,1.0,False,5.977777777777778
2369,78.96666666666667,178.99999999999997,1.0,False,5.966666666666666
2370,79.0,179.33333333333334,1.0,False,5.977777777777778
2371,79.03333333333333,178.99999999999997,1.0,False,5.966666666666666
2372,79.06666666666666,178.99999999999997,1.0,False,5.966666666666666
2373,79.1,179.66666666666669,1.0,False,5.98888888888889
2374,79.13333333333333,178.99999999999997,1.0,False,5.966666666666666
2375,79.16666666666667,179.66666666666669,1.0,False,5.98888888888889
2376,79.2,178.66666666666669,1.0,False,5.955555555555556
2377,79.23333333333333,181.33333333333331,1.0,False,6.044444444444444
2378,79.26666666666667,180.99999999999997,1.0,True,6.033333333333333
2379,79.3,180.66666666666663,1.0,False,6.022222222222222
2380,79.33333333333333,178.0,1.0,False,5.933333333333334
2381,79.36666666666666,178.66666666666669,1.0,False,5.955555555555556
2382,79.4,178.66666666666669,1.0,False,5.955555555555556
2383,79.43333333333334,179.33333333333334,1.0,False,5.977777777777778
2384,79.46666666666667,180.33333333333331,1.0,False,6.01111111111111
2385,79.5,180.33333333333331,1.0,False,6.01111111111111
2386,79.53333333333333,180.66666666666669,1.0,True,6.022222222222222
2387,79.56666666666666,181.00000000000003,1.0,False,6.033333333333334
2388,79.6,179.33333333333334,1.0,False,5.977777777777778
2389,79.63333333333333,178.66666666666669,1.0,False,5.955555555555556
2390,79.66666666666667,178.33333333333331,1.0,False,5.944444444444444
2391,79.7,178.66666666666669,1.0,False,5.955555555555556
2392,79.73333333333333,182.33333333333337,1.0,False,6.077777777777778
2393,79.76666666666667,180.66666666666663,1.0,False,6.022222222222222
2394,79.8,179.66666666666669,1.0,False,5.98888888888889
2395,79.83333333333333,180.66666666666663,1.0,False,6.022222222222222
2396,79.86666666666666,178.99999999999997,1.0,False,5.966666666666666
2397,79.9,179.33333333333334,1.0,False,5.977777777777778
2398,79.93333333333334,178.33333333333331,1.0,False,5.944444444444444
2399,79.96666666666667,178.66666666666669,1.0,True,5.955555555555556
2400,80.0,179.0,1.0,True,5.966666666666667
2401,80.03333333333333,179.33333333333331,1.0,True,5.977777777777778
2402,80.06666666666666,179.66666666666669,1.0,False,5.98888888888889
2403,80.1,180.33333333333331,1.0,False,6.01111111111111
2404,80.13333333333333,180.33333333333331,1.0,True,6.01111111111111
2405,80.16666666666667,180.33333333333331,1.0,False,6.01111111111111
2406,80.2,178.99999999999997,1.0,False,5.966666666666666
2407,80.23333333333333,179.33333333333334,1.0,False,5.977777777777778
2408,80.26666666666667,178.99999999999997,1.0,False,5.966666666666666
2409,80.3,178.83333333333331,1.0,True,5.96111111111111
2410,80.33333333333333,178.66666666666669,1.0,False,5.955555555555556
2411,80.36666666666666,178.66666666666669,1.0,False,5.955555555555556
2412,80.4,180.66666666666663,1.0,False,6.022222222222222
2413,80.43333333333334,180.0,1.0,False,6.0
2414,80.46666666666667,180.33333333333331,1.0,False,6.01111111111111
2415,80.5,180.83333333333331,1.0,True,6.027777777777777
2416,80.53333333333333,181.33333333333331,1.0,False,6.044444444444444
2417,80.56666666666666,180.33333333333331,1.0,False,6.01111111111111
2418,80.6,180.83333333333331,1.0,True,6.027777777777777
2419,80.63333333333333,181.33333333333331,1.0,False,6.044444444444444
2420,80.66666666666667,180.66666666666663,1.0,False,6.022222222222222
2421,80.7,180.33333333333331,0.9814814726511636,True,6.011111111111111
2422,80.73333333333333,180.0,1.0,True,6.0
2423,80.76666666666667,179.66666666666669,1.0,False,5.98888888888889
2424,80.8,181.00000000000003,1.0,False,6.033333333333334
2425,80.83333333333333,182.0,1.0,False,6.066666666666666
2426,80.86666666666666,178.0,1.0,False,5.933333333333334
2427,80.9,178.16666666666666,0.9722222288449606,True,5.938888888888888
2428,80.93333333333334,178.33333333333331,1.0,False,5.944444444444444
2429,80.96666666666667,178.66666666666669,1.0,False,5.955555555555556
2430,81.0,181.33333333333331,1.0,False,6.044444444444444
2431,81.03333333333333,179.33333333333334,1.0,False,5.977777777777778
2432,81.06666666666666,179.16666666666666,1.0,True,5.972222222222221
2433,81.1,178.99999999999997,1.0,False,5.966666666666666
2434,81.13333333333333,178.99999999999997,1.0,False,5.966666666666666
2435,81.16666666666667,180.33333333333331,1.0,False,6.01111111111111
2436,81.2,181.66666666666663,1.0,False,6.0555555555555545
2437,81.23333333333333,179.33333333333334,1.0,False,5.977777777777778
2438,81.26666666666667,180.0,1.0,False,6.0
2439,81.3,179.33333333333334,1.0,False,5.977777777777778
2440,81.33333333333333,177.66666666666666,1.0,False,5.922222222222222
2441,81.36666666666666,179.66666666666669,1.0,False,5.98888888888889
2442,81.4,178.0,1.0,False,5.933333333333334
2443,81.43333333333334,178.66666666666669,1.0,False,5.955555555555556
2444,81.46666666666667,176.66666666666669,1.0,False,5.888888888888889
2445,81.5,180.66666666666663,1.0,False,6.022222222222222
2446,81.53333333333333,178.0,1.0,False,5.933333333333334
2447,81.56666666666666,178.99999999999997,1.0,False,5.966666666666666
2448,81.6,178.33333333333331,1.0,False,5.944444444444444
2449,81.63333333333333,179.33333333333334,1.0,False,5.977777777777778
2450,81.66666666666667,179.33333333333334,1.0,True,5.977777777777778
2451,81.7,179.33333333333334,1.0,False,5.977777777777778
2452,81.73333333333333,179.66666666666669,1.0,False,5.98888888888889
2453,81.76666666666667,179.66666666666669,1.0,False,5.98888888888889
2454,81.8,178.66666666666669,1.0,False,5.955555555555556
2455,81.83333333333333,178.66666666666669,1.0,False,5.955555555555556
2456,81.86666666666666,178.33333333333331,1.0,False,5.944444444444444
2457,81.9,179.33333333333334,1.0,False,5.977777777777778
2458,81.93333333333334,178.66666666666669,1.0,False,5.955555555555556
2459,81.96666666666667,178.99999999999997,1.0,False,5.966666666666666
2460,82.0,179.66666666666669,1.0,False,5.98888888888889
2461,82.03333333333333,180.66666666666663,1.0,False,6.022222222222222
2462,82.06666666666666,177.99999999999997,1.0,False,5.933333333333333
2463,82.1,177.99999999999997,1.0,False,5.933333333333333
2464,82.13333333333333,178.33333333333337,1.0,False,5.9444444444444455
2465,82.16666666666667,180.33333333333331,1.0,False,6.01111111111111
2466,82.2,181.00000000000003,1.0,False,6.033333333333334
2467,82.23333333333333,180.0,1.0,False,6.0
2468,82.26666666666667,178.99999999999997,1.0,False,5.966666666666666
2469,82.3,181.00000000000003,1.0,False,6.033333333333334
2470,82.33333333333333,179.66666666666669,1.0,False,5.98888888888889
2471,82.36666666666666,179.66666666666669,1.0,False,5.98888888888889
2472,82.4,180.33333333333331,1.0,False,6.01111111111111
2473,82.43333333333334,179.33333333333334,1.0,False,5.977777777777778
2474,82.46666666666667,179.33333333333334,1.0,False,5.977777777777778
2475,82.5,180.33333333333331,1.0,False,6.01111111111111
2476,82.53333333333333,179.66666666666669,1.0,False,5.98888888888889
2477,82.56666666666666,180.0,1.0,False,6.0
2478,82.6,179.66666666666669,1.0,False,5.98888888888889
2479,82.63333333333333,179.5,1.0,True,5.983333333333334
2480,82.66666666666667,179.33333333333334,1.0,False,5.977777777777778
2481,82.7,178.99999999999997,1.0,False,5.966666666666666
2482,82.73333333333333,178.0,1.0,False,5.933333333333334
2483,82.76666666666667,180.0,1.0,False,6.0
2484,82.8,180.66666666666663,1.0,False,6.022222222222222
2485,82.83333333333333,179.66666666666669,1.0,False,5.98888888888889
2486,82.86666666666666,180.33333333333331,1.0,False,6.01111111111111
2487,82.9,180.0,1.0,False,6.0
2488,82.93333333333334,179.66666666666669,1.0,True,5.988888888888889
2489,82.96666666666667,179.33333333333334,1.0,False,5.977777777777778
2490,83.0,177.33333333333334,1.0,False,5.911111111111111
2491,83.03333333333333,178.99999999999997,1.0,False,5.966666666666666
2492,83.06666666666666,180.0,1.0,False,6.0
2493,83.1,180.0,1.0,False,6.0
2494,83.13333333333333,180.0,1.0,False,6.0
2495,83.16666666666667,181.66666666666663,1.0,False,6.0555555555555545
2496,83.2,181.00000000000003,1.0,False,6.033333333333334
2497,83.23333333333333,179.33333333333334,1.0,False,5.977777777777778
2498,83.26666666666667,180.0,1.0,False,6.0
2499,83.3,180.66666666666663,1.0,False,6.022222222222222
2500,83.33333333333333,180.83333333333331,1.0,True,6.027777777777779
2501,83.36666666666666,181.00000000000003,1.0,False,6.033333333333334
2502,83.4,180.66666666666669,0.9814814726511636,True,6.022222222222223
2503,83.43333333333334,180.33333333333334,1.0,True,6.011111111111111
2504,83.46666666666667,180.0,1.0,False,6.0
2505,83.5,179.33333333333337,1.0,False,5.977777777777779
2506,83.53333333333333,178.99999999999997,1.0,False,5.966666666666666
2507,83.56666666666666,178.99999999999997,1.0,True,5.966666666666666
2508,83.6,178.99999999999997,1.0,False,5.966666666666666
2509,83.63333333333333,180.0,1.0,False,6.0
2510,83.66666666666667,180.0,1.0,True,6.0
2511,83.7,180.0,1.0,False,6.0
2512,83.73333333333333,179.33333333333334,1.0,False,5.977777777777778
2513,83.76666666666667,178.33333333333337,1.0,False,5.9444444444444455
2514,83.8,180.0,1.0,False,6.0
2515,83.83333333333333,178.66666666666669,1.0,False,5.955555555555556
2516,83.86666666666666,179.33333333333334,1.0,False,5.977777777777778
2517,83.9,177.66666666666666,1.0,False,5.922222222222222
2518,83.93333333333334,179.33333333333334,1.0,False,5.977777777777778
2519,83.96666666666667,178.33333333333337,1.0,False,5.9444444444444455
2520,84.0,181.00000000000003,1.0,False,6.033333333333334
2521,84.03333333333333,180.66666666666663,1.0,False,6.022222222222222
2522,84.06666666666666,179.66666666666669,1.0,False,5.98888888888889
2523,84.1,180.0,1.0,False,6.0
2524,84.13333333333333,179.33333333333334,1.0,False,5.977777777777778
2525,84.16666666666667,180.33333333333331,1.0,False,6.01111111111111
2526,84.2,179.66666666666669,1.0,False,5.98888888888889
2527,84.23333333333333,179.33333333333334,1.0,False,5.977777777777778
2528,84.26666666666667,185.0,1.0,False,6.166666666666667
2529,84.3,182.33333333333334,1.0,True,6.077777777777778
2530,84.33333333333333,179.66666666666669,1.0,False,5.98888888888889
2531,84.36666666666666,179.66666666666669,1.0,False,5.98888888888889
2532,84.4,179.66666666666669,1.0,False,5.98888888888889
2533,84.43333333333334,179.66666666666669,1.0,False,5.98888888888889
2534,84.46666666666667,180.33333333333331,1.0,False,6.01111111111111
2535,84.5,179.33333333333334,1.0,False,5.977777777777778
2536,84.53333333333333,178.99999999999997,1.0,False,5.966666666666666
2537,84.56666666666666,181.33333333333331,1.0,False,6.044444444444444
2538,84.6,180.66666666666663,1.0,False,6.022222222222222
2539,84.63333333333333,180.88888888888886,1.0,True,6.02962962962963
2540,84.66666666666667,181.1111111111111,1.0,True,6.037037037037036
2541,84.7,181.33333333333331,1.0,False,6.044444444444444
2542,84.73333333333333,180.66666666666663,1.0,False,6.022222222222222
2543,84.76666666666667,180.33333333333331,1.0,False,6.01111111111111
2544,84.8,178.33333333333331,1.0,False,5.944444444444444
2545,84.83333333333333,178.66666666666669,1.0,False,5.955555555555556
2546,84.86666666666666,182.33333333333337,1.0,False,6.077777777777778
2547,84.9,180.66666666666663,1.0,False,6.022222222222222
2548,84.93333333333334,180.66666666666669,1.0,False,6.022222222222223
2549,84.96666666666667,180.66666666666663,1.0,False,6.022222222222222
2550,85.0,180.33333333333331,1.0,True,6.011111111111111
2551,85.03333333333333,180.0,1.0,False,6.0
2552,85.06666666666666,180.33333333333331,1.0,False,6.01111111111111
2553,85.1,181.00000000000003,1.0,False,6.033333333333334
2554,85.13333333333333,180.33333333333331,1.0,False,6.01111111111111
2555,85.16666666666667,182.0,1.0,False,6.066666666666666
2556,85.2,181.83333333333334,1.0,True,6.061111111111112
2557,85.23333333333333,181.66666666666669,1.0,False,6.055555555555556
2558,85.26666666666667,181.66666666666669,1.0,False,6.055555555555556
2559,85.3,180.66666666666663,1.0,False,6.022222222222222
2560,85.33333333333333,181.33333333333331,1.0,True,6.044444444444444
2561,85.36666666666666,182.0,1.0,False,6.066666666666666
2562,85.4,181.0,1.0,True,6.033333333333333
2563,85.43333333333334,180.0,1.0,False,6.0
2564,85.46666666666667,180.16666666666666,1.0,True,6.005555555555555
2565,85.5,180.33333333333331,1.0,False,6.01111111111111
2566,85.53333333333333,180.33333333333331,1.0,False,6.01111111111111
2567,85.56666666666666,180.0,1.0,False,6.0
2568,85.6,181.33333333333331,1.0,False,6.044444444444444
2569,85.63333333333333,180.66666666666666,1.0,True,6.022222222222222
2570,85.66666666666667,180.0,1.0,False,6.0
2571,85.7,180.0,1.0,False,6.0
2572,85.73333333333333,179.66666666666669,1.0,False,5.98888888888889
2573,85.76666666666667,184.33333333333337,1.0,False,6.144444444444445
2574,85.8,182.50000000000003,1.0,True,6.083333333333334
2575,85.83333333333333,180.66666666666669,1.0,False,6.022222222222223
2576,85.86666666666666,180.66666666666663,1.0,False,6.022222222222222
2577,85.9,181.00000000000003,1.0,False,6.033333333333334
2578,85.93333333333334,182.33333333333337,1.0,False,6.077777777777778
2579,85.96666666666667,182.16666666666669,1.0,True,6.072222222222223
2580,86.0,182.00000000000003,1.0,False,6.066666666666667
2581,86.03333333333333,182.33333333333337,1.0,False,6.077777777777778
2582,86.06666666666666,181.16666666666669,0.990740736325582,True,6.03888888888889
2583,86.1,180.0,1.0,False,6.0
2584,86.13333333333333,183.33333333333337,1.0,False,6.111111111111112
2585,86.16666666666667,181.33333333333337,1.0,True,6.044444444444444
2586,86.2,179.33333333333334,1.0,False,5.977777777777778
2587,86.23333333333333,179.33333333333334,1.0,False,5.977777777777778
2588,86.26666666666667,179.66666666666669,1.0,False,5.98888888888889
2589,86.3,182.00000000000003,1.0,False,6.066666666666667
2590,86.33333333333333,181.66666666666669,1.0,False,6.055555555555556
2591,86.36666666666666,182.33333333333337,1.0,False,6.077777777777778
2592,86.4,182.0,1.0,False,6.066666666666666
2593,86.43333333333334,181.00000000000003,1.0,False,6.033333333333334
2594,86.46666666666667,181.00000000000003,1.0,False,6.033333333333334
2595,86.5,180.0,1.0,False,6.0
2596,86.53333333333333,181.00000000000003,1.0,False,6.033333333333334
2597,86.56666666666666,179.33333333333334,1.0,False,5.977777777777778
2598,86.6,180.33333333333331,1.0,False,6.01111111111111
2599,86.63333333333333,181.00000000000003,1.0,False,6.033333333333334
2600,86.66666666666667,178.33333333333337,1.0,False,5.9444444444444455
2601,86.7,178.99999999999997,1.0,False,5.966666666666666
2602,86.73333333333333,178.83333333333331,1.0,True,5.96111111111111
2603,86.76666666666667,178.66666666666669,1.0,False,5.955555555555556
2604,86.8,178.99999999999997,1.0,False,5.966666666666666
2605,86.83333333333333,179.33333333333334,1.0,False,5.977777777777778
2606,86.86666666666666,179.66666666666663,1.0,False,5.988888888888888
2607,86.9,181.00000000000003,1.0,False,6.033333333333334
2608,86.93333333333334,180.0,0.9814814726511636,True,6.0
2609,86.96666666666667,178.99999999999997,1.0,False,5.966666666666666
2610,87.0,180.0,1.0,False,6.0
2611,87.03333333333333,179.33333333333334,1.0,False,5.977777777777778
2612,87.06666666666666,179.33333333333334,1.0,False,5.977777777777778
2613,87.1,179.33333333333334,1.0,False,5.977777777777778
2614,87.13333333333333,179.33333333333334,1.0,False,5.977777777777778
2615,87.16666666666667,179.5,1.0,True,5.983333333333334
2616,87.2,179.66666666666669,1.0,False,5.98888888888889
2617,87.23333333333333,180.66666666666663,1.0,False,6.022222222222222
2618,87.26666666666667,180.33333333333331,1.0,False,6.01111111111111
2619,87.3,180.0,1.0,False,6.0
2620,87.33333333333333,179.33333333333334,1.0,False,5.977777777777778
2621,87.36666666666666,179.66666666666669,1.0,False,5.98888888888889
2622,87.4,180.16666666666666,0.990740736325582,True,6.005555555555556
2623,87.43333333333334,180.66666666666663,1.0,False,6.022222222222222
2624,87.46666666666667,179.66666666666663,1.0,False,5.988888888888888
2625,87.5,180.0,1.0,False,6.0
2626,87.53333333333333,179.66666666666669,1.0,False,5.98888888888889
2627,87.56666666666666,178.66666666666669,1.0,False,5.955555555555556
2628,87.6,181.66666666666669,1.0,False,6.055555555555556
2629,87.63333333333333,180.5,1.0,True,6.0166666666666675
2630,87.66666666666667,179.33333333333334,1.0,False,5.977777777777778
2631,87.7,178.99999999999997,1.0,False,5.966666666666666
2632,87.73333333333333,180.0,1.0,False,6.0
2633,87.76666666666667,180.0,1.0,False,6.0
2634,87.8,180.0,1.0,False,6.0
2635,87.83333333333333,179.33333333333334,1.0,False,5.977777777777778
2636,87.86666666666666,179.5,1.0,True,5.983333333333334
2637,87.9,179.66666666666669,1.0,False,5.98888888888889
2638,87.93333333333334,178.66666666666669,1.0,False,5.955555555555556
2639,87.96666666666667,179.5,1.0,True,5.9833333333333325
2640,88.0,180.33333333333331,1.0,False,6.01111111111111
2641,88.03333333333333,179.66666666666669,1.0,False,5.98888888888889
2642,88.06666666666666,179.33333333333334,1.0,False,5.977777777777778
2643,88.1,178.99999999999997,1.0,False,5.966666666666666
2644,88.13333333333333,178.83333333333331,1.0,True,5.96111111111111
2645,88.16666666666667,178.66666666666669,1.0,False,5.955555555555556
2646,88.2,179.66666666666669,1.0,False,5.98888888888889
2647,88.23333333333333,182.0,1.0,False,6.066666666666666
2648,88.26666666666667,182.00000000000003,1.0,False,6.066666666666667
2649,88.3,178.99999999999997,1.0,False,5.966666666666666
2650,88.33333333333333,180.66666666666663,1.0,False,6.022222222222222
2651,88.36666666666666,180.0,1.0,False,6.0
2652,88.4,179.33333333333334,0.9814814726511636,True,5.977777777777778
2653,88.43333333333334,178.66666666666669,1.0,False,5.955555555555556
2654,88.46666666666667,181.66666666666663,1.0,False,6.0555555555555545
2655,88.5,182.33333333333337,1.0,False,6.077777777777778
2656,88.53333333333333,179.66666666666663,1.0,False,5.988888888888888
2657,88.56666666666666,180.33333333333331,1.0,False,6.01111111111111
2658,88.6,181.00000000000003,1.0,False,6.033333333333334
2659,88.63333333333333,181.66666666666663,1.0,False,6.0555555555555545
2660,88.66666666666667,180.0,1.0,False,6.0
2661,88.7,182.66666666666663,1.0,False,6.088888888888889
2662,88.73333333333333,182.33333333333331,1.0,True,6.0777777777777775
2663,88.76666666666667,182.0,1.0,False,6.066666666666666
2664,88.8,181.66666666666666,1.0,True,6.055555555555555
2665,88.83333333333333,181.33333333333331,1.0,False,6.044444444444444
2666,88.86666666666666,181.66666666666663,1.0,False,6.0555555555555545
2667,88.9,181.33333333333331,0.990740736325582,True,6.044444444444444
2668,88.93333333333334,181.00000000000003,1.0,False,6.033333333333334
2669,88.96666666666667,181.50000000000003,1.0,True,6.050000000000001
2670,89.0,182.00000000000003,1.0,False,6.066666666666667
2671,89.03333333333333,181.66666666666663,1.0,False,6.0555555555555545
2672,89.06666666666666,181.66666666666663,1.0,True,6.0555555555555545
2673,89.1,181.66666666666663,1.0,False,6.0555555555555545
2674,89.13333333333333,180.0,1.0,False,6.0
2675,89.16666666666667,180.66666666666663,1.0,False,6.022222222222222
2676,89.2,180.83333333333331,1.0,True,6.027777777777779
2677,89.23333333333333,181.00000000000003,1.0,False,6.033333333333334
2678,89.26666666666667,180.66666666666663,1.0,False,6.022222222222222
2679,89.3,180.33333333333331,1.0,False,6.01111111111111
2680,89.33333333333333,180.33333333333331,1.0,True,6.01111111111111
2681,89.36666666666666,180.33333333333331,1.0,False,6.01111111111111
2682,89.4,178.66666666666669,1.0,False,5.955555555555556
2683,89.43333333333334,179.66666666666669,1.0,False,5.98888888888889
2684,89.46666666666667,180.0,1.0,True,6.0
2685,89.5,180.33333333333331,1.0,False,6.01111111111111
2686,89.53333333333333,180.0,1.0,False,6.0
2687,89.56666666666666,179.33333333333334,1.0,False,5.977777777777778
2688,89.6,180.0,1.0,False,6.0
2689,89.63333333333333,180.25,1.0,True,6.008333333333333
2690,89.66666666666667,180.5,1.0,False,6.016666666666667
2691,89.7,181.0,1.0,False,6.033333333333333
2692,89.73333333333333,182.0,1.0,False,6.066666666666666
2693,89.76666666666667,181.75,0.9444444378217062,True,6.058333333333334
2694,89.8,181.5,1.0,False,6.05
2695,89.83333333333333,181.375,0.9722222288449606,True,6.045833333333333
2696,89.86666666666666,181.25,0.990740736325582,True,6.041666666666667
2697,89.9,181.12500000000003,1.0,True,6.0375000000000005
2698,89.93333333333334,181.00000000000003,1.0,False,6.033333333333334
2699,89.96666666666667,180.75,1.0,True,6.025
2700,90.0,180.5,1.0,False,6.016666666666667
2701,90.03333333333333,179.5,0.9583333432674408,True,5.983333333333333
2702,90.06666666666666,178.5,1.0,False,5.95
2703,90.1,179.0,1.0,False,5.966666666666667
2704,90.13333333333333,178.0,1.0,False,5.933333333333334
2705,90.16666666666669,172.0,1.0,False,5.733333333333333
2706,90.2,174.66666666666669,1.0,False,5.822222222222223
2707,90.23333333333332,176.66666666666666,1.0,False,5.888888888888888
2708,90.26666666666668,177.33333333333334,1.0,True,5.911111111111111
2709,90.3,178.0,0.9629629651705424,True,5.933333333333334
2710,90.33333333333331,178.66666666666669,1.0,False,5.955555555555556
2711,90.36666666666666,178.66666666666669,1.0,True,5.955555555555556
2712,90.4,178.66666666666669,1.0,False,5.955555555555556
2713,90.43333333333334,178.0,1.0,False,5.933333333333334
2714,90.46666666666668,179.33333333333331,0.9629629651705424,True,5.977777777777778
2715,90.5,180.66666666666663,1.0,False,6.022222222222222
2716,90.53333333333332,180.33333333333331,1.0,True,6.011111111111111
2717,90.56666666666666,180.0,1.0,False,6.0
2718,90.6,180.0,1.0,False,6.0
2719,90.63333333333333,179.66666666666669,1.0,False,5.98888888888889
2720,90.66666666666669,181.00000000000003,1.0,False,6.033333333333334
2721,90.7,178.33333333333337,1.0,False,5.9444444444444455
2722,90.73333333333332,180.0,1.0,False,6.0
2723,90.76666666666668,179.66666666666669,1.0,False,5.98888888888889
2724,90.8,179.66666666666663,1.0,False,5.988888888888888
2725,90.83333333333331,179.66666666666669,1.0,False,5.98888888888889
2726,90.86666666666666,179.66666666666669,1.0,True,5.98888888888889
2727,90.9,179.66666666666669,1.0,False,5.98888888888889
2728,90.93333333333334,179.7777777777778,1.0,True,5.992592592592594
2729,90.96666666666668,179.8888888888889,1.0,True,5.996296296296297
2730,91.0,180.0,1.0,False,6.0
2731,91.03333333333332,179.83333333333334,1.0,True,5.994444444444445
2732,91.06666666666666,179.66666666666669,1.0,False,5.98888888888889
2733,91.1,179.75,1.0,True,5.991666666666667
2734,91.13333333333333,179.83333333333334,1.0,True,5.994444444444445
2735,91.16666666666669,179.91666666666669,1.0,True,5.997222222222223
2736,91.2,180.0,1.0,False,6.0
2737,91.23333333333332,180.66666666666663,1.0,False,6.022222222222222
2738,91.26666666666668,178.33333333333337,1.0,False,5.9444444444444455
2739,91.3,178.99999999999997,1.0,False,5.966666666666666
2740,91.33333333333331,181.66666666666663,1.0,False,6.0555555555555545
2741,91.36666666666666,180.0,1.0,False,6.0
2742,91.4,178.99999999999997,1.0,False,5.966666666666666
2743,91.43333333333334,179.33333333333334,1.0,False,5.977777777777778
2744,91.46666666666668,179.0,1.0,True,5.966666666666667
2745,91.5,178.66666666666669,1.0,False,5.955555555555556
2746,91.53333333333332,177.66666666666666,1.0,False,5.922222222222222
2747,91.56666666666666,180.33333333333331,1.0,False,6.01111111111111
2748,91.6,179.33333333333334,1.0,False,5.977777777777778
2749,91.63333333333333,182.00000000000003,1.0,False,6.066666666666667
2750,91.66666666666669,179.33333333333334,1.0,False,5.977777777777778
2751,91.7,180.66666666666663,1.0,False,6.022222222222222
2752,91.73333333333332,177.66666666666666,1.0,False,5.922222222222222
2753,91.76666666666668,179.66666666666669,1.0,False,5.98888888888889
2754,91.8,180.83333333333334,0.9814814726511636,True,6.027777777777779
2755,91.83333333333331,182.0,1.0,False,6.066666666666666
2756,91.86666666666666,184.33333333333337,1.0,False,6.144444444444445
2757,91.9,180.0,1.0,False,6.0
2758,91.93333333333334,181.66666666666663,1.0,False,6.0555555555555545
2759,91.96666666666668,180.66666666666663,1.0,False,6.022222222222222
2760,92.0,182.33333333333337,1.0,False,6.077777777777778
2761,92.03333333333332,181.33333333333331,1.0,False,6.044444444444444
2762,92.06666666666666,181.33333333333331,1.0,False,6.044444444444444
2763,92.1,178.0,1.0,False,5.933333333333334
2764,92.13333333333333,179.16666666666669,0.9722222288449606,True,5.972222222222223
2765,92.16666666666669,180.33333333333337,1.0,False,6.011111111111112
2766,92.2,179.83333333333337,1.0,True,5.994444444444445
2767,92.23333333333332,179.33333333333334,1.0,False,5.977777777777778
2768,92.26666666666668,180.0,1.0,False,6.0
2769,92.3,180.33333333333331,1.0,True,6.011111111111111
2770,92.33333333333331,180.66666666666663,1.0,False,6.022222222222222
2771,92.36666666666666,182.33333333333337,1.0,False,6.077777777777778
2772,92.4,181.33333333333331,1.0,False,6.044444444444444
2773,92.43333333333334,180.0,1.0,False,6.0
2774,92.46666666666668,180.0,1.0,False,6.0
2775,92.5,180.66666666666663,1.0,False,6.022222222222222
2776,92.53333333333332,180.99999999999997,0.9722222288449606,True,6.033333333333333
2777,92.56666666666666,181.33333333333331,1.0,False,6.044444444444444
2778,92.6,180.99999999999997,1.0,True,6.033333333333333
2779,92.63333333333333,180.66666666666663,1.0,False,6.022222222222222
2780,92.66666666666669,181.33333333333331,1.0,False,6.044444444444444
2781,92.7,181.33333333333331,1.0,False,6.044444444444444
2782,92.73333333333332,183.33333333333337,1.0,False,6.111111111111112
2783,92.76666666666668,181.33333333333331,1.0,False,6.044444444444444
2784,92.8,182.33333333333334,0.990740736325582,True,6.0777777777777775
2785,92.83333333333331,183.33333333333337,1.0,False,6.111111111111112
2786,92.86666666666666,184.66666666666669,1.0,False,6.155555555555556
2787,92.9,181.33333333333331,1.0,False,6.044444444444444
2788,92.93333333333334,180.0,1.0,False,6.0
2789,92.96666666666668,183.33333333333337,1.0,False,6.111111111111112
2790,93.0,183.33333333333337,1.0,True,6.111111111111112
2791,93.03333333333332,183.33333333333337,1.0,False,6.111111111111112
2792,93.06666666666666,183.00000000000003,1.0,False,6.1000000000000005
2793,93.1,182.0,1.0,False,6.066666666666666
2794,93.13333333333333,181.66666666666669,1.0,False,6.055555555555556
2795,93.16666666666669,181.00000000000003,1.0,False,6.033333333333334
2796,93.2,182.99999999999997,1.0,False,6.099999999999999
2797,93.23333333333332,183.00000000000003,1.0,False,6.1000000000000005
2798,93.26666666666668,183.0,1.0,True,6.1
2799,93.3,182.99999999999997,1.0,False,6.099999999999999
2800,93.33333333333331,184.0,1.0,False,6.133333333333333
2801,93.36666666666666,182.0,1.0,False,6.066666666666666
2802,93.4,180.0,1.0,False,6.0
2803,93.43333333333334,180.66666666666663,1.0,False,6.022222222222222
2804,93.46666666666668,183.33333333333331,1.0,False,6.111111111111111
2805,93.5,183.33333333333331,1.0,False,6.111111111111111
2806,93.53333333333332,181.66666666666663,1.0,False,6.0555555555555545
2807,93.56666666666666,180.33333333333331,1.0,False,6.01111111111111
2808,93.6,182.66666666666663,1.0,False,6.088888888888889
2809,93.63333333333333,182.33333333333337,1.0,False,6.077777777777778
2810,93.66666666666669,182.0,1.0,False,6.066666666666666
2811,93.7,181.83333333333334,0.990740736325582,True,6.061111111111112
2812,93.73333333333332,181.66666666666669,1.0,False,6.055555555555556
2813,93.76666666666668,181.00000000000003,1.0,False,6.033333333333334
2814,93.8,181.66666666666663,1.0,False,6.0555555555555545
2815,93.83333333333331,181.00000000000003,1.0,False,6.033333333333334
2816,93.86666666666666,182.33333333333337,1.0,False,6.077777777777778
2817,93.9,180.33333333333331,1.0,False,6.01111111111111
2818,93.93333333333334,181.33333333333331,1.0,False,6.044444444444444
2819,93.96666666666668,180.0,1.0,False,6.0
2820,94.0,179.66666666666669,0.9814814726511636,True,5.988888888888889
2821,94.03333333333332,179.33333333333334,1.0,False,5.977777777777778
2822,94.06666666666666,180.33333333333331,1.0,False,6.01111111111111
2823,94.1,179.83333333333331,1.0,True,5.994444444444444
2824,94.13333333333333,179.33333333333334,1.0,False,5.977777777777778
2825,94.16666666666669,180.66666666666663,1.0,False,6.022222222222222
2826,94.2,180.0,1.0,False,6.0
2827,94.23333333333332,179.66666666666669,1.0,False,5.98888888888889
2828,94.26666666666668,179.66666666666669,1.0,True,5.98888888888889
2829,94.3,179.66666666666669,1.0,True,5.98888888888889
2830,94.33333333333331,179.66666666666669,1.0,True,5.98888888888889
2831,94.36666666666666,179.66666666666669,1.0,False,5.98888888888889
2832,94.4,182.66666666666663,1.0,False,6.088888888888889
2833,94.43333333333334,180.66666666666663,1.0,False,6.022222222222222
2834,94.46666666666668,181.33333333333331,1.0,False,6.044444444444444
2835,94.5,181.16666666666669,1.0,True,6.03888888888889
2836,94.53333333333332,181.00000000000003,1.0,False,6.033333333333334
2837,94.56666666666666,182.00000000000003,1.0,False,6.066666666666667
2838,94.6,182.0,1.0,False,6.066666666666666
2839,94.63333333333333,182.16666666666669,1.0,True,6.072222222222223
2840,94.66666666666669,182.33333333333337,1.0,False,6.077777777777778
2841,94.7,180.66666666666663,1.0,False,6.022222222222222
2842,94.73333333333332,181.33333333333331,1.0,False,6.044444444444444
2843,94.76666666666668,181.16666666666669,1.0,True,6.03888888888889
2844,94.8,181.00000000000003,1.0,False,6.033333333333334
2845,94.83333333333331,181.33333333333337,1.0,True,6.044444444444445
2846,94.86666666666666,181.66666666666669,1.0,False,6.055555555555556
2847,94.9,182.0,1.0,False,6.066666666666666
2848,94.93333333333334,181.66666666666663,1.0,False,6.0555555555555545
2849,94.96666666666668,180.66666666666663,1.0,False,6.022222222222222
2850,95.0,181.00000000000003,1.0,False,6.033333333333334
2851,95.03333333333332,179.66666666666663,1.0,False,5.988888888888888
2852,95.06666666666666,179.83333333333331,1.0,True,5.994444444444444
2853,95.1,180.0,1.0,False,6.0
2854,95.13333333333333,180.66666666666663,1.0,False,6.022222222222222
2855,95.16666666666669,180.66666666666663,1.0,False,6.022222222222222
2856,95.2,180.0,1.0,False,6.0
2857,95.23333333333332,181.33333333333331,1.0,False,6.044444444444444
2858,95.26666666666668,180.0,1.0,False,6.0
2859,95.3,181.33333333333331,1.0,False,6.044444444444444
2860,95.33333333333331,181.33333333333331,1.0,False,6.044444444444444
2861,95.36666666666666,180.66666666666663,1.0,False,6.022222222222222
2862,95.4,182.33333333333337,1.0,False,6.077777777777778
2863,95.43333333333334,181.33333333333331,1.0,False,6.044444444444444
2864,95.46666666666668,180.99999999999997,1.0,True,6.033333333333333
2865,95.5,180.66666666666663,1.0,False,6.022222222222222
2866,95.53333333333332,182.0,1.0,False,6.066666666666666
2867,95.56666666666666,182.0,1.0,False,6.066666666666666
2868,95.6,180.66666666666663,1.0,False,6.022222222222222
2869,95.63333333333333,180.66666666666663,1.0,True,6.022222222222222
2870,95.66666666666669,180.66666666666663,1.0,True,6.022222222222222
2871,95.7,180.66666666666663,1.0,False,6.022222222222222
2872,95.73333333333332,180.33333333333331,1.0,False,6.01111111111111
2873,95.76666666666668,181.33333333333331,1.0,False,6.044444444444444
2874,95.8,180.66666666666663,1.0,False,6.022222222222222
2875,95.83333333333331,180.0,1.0,False,6.0
2876,95.86666666666666,180.33333333333331,1.0,False,6.01111111111111
2877,95.9,179.66666666666669,1.0,False,5.98888888888889
2878,95.93333333333334,178.0,1.0,False,5.933333333333334
2879,95.96666666666668,181.66666666666663,1.0,False,6.0555555555555545
2880,96.0,180.66666666666663,1.0,False,6.022222222222222
2881,96.03333333333332,180.83333333333331,1.0,True,6.027777777777779
2882,96.06666666666666,181.00000000000003,1.0,False,6.033333333333334
2883,96.1,181.33333333333331,1.0,False,6.044444444444444
2884,96.13333333333333,180.66666666666663,1.0,False,6.022222222222222
2885,96.16666666666669,179.66666666666669,1.0,False,5.98888888888889
2886,96.2,180.33333333333331,1.0,False,6.01111111111111
2887,96.23333333333332,180.33333333333331,1.0,False,6.01111111111111
2888,96.26666666666668,180.33333333333331,1.0,False,6.01111111111111
2889,96.3,183.00000000000003,1.0,False,6.1000000000000005
2890,96.33333333333331,178.66666666666669,1.0,False,5.955555555555556
2891,96.36666666666666,182.00000000000003,1.0,False,6.066666666666667
2892,96.4,181.66666666666669,1.0,False,6.055555555555556
2893,96.43333333333334,179.33333333333334,1.0,False,5.977777777777778
2894,96.46666666666668,180.0,1.0,False,6.0
2895,96.5,179.66666666666669,1.0,False,5.98888888888889
2896,96.53333333333332,179.7777777777778,1.0,True,5.992592592592594
2897,96.56666666666666,179.8888888888889,1.0,True,5.996296296296297
2898,96.6,180.0,1.0,False,6.0
2899,96.63333333333333,179.33333333333334,1.0,False,5.977777777777778
2900,96.66666666666669,181.00000000000003,1.0,False,6.033333333333334
2901,96.7,181.00000000000003,1.0,False,6.033333333333334
2902,96.73333333333332,181.66666666666663,1.0,False,6.0555555555555545
2903,96.76666666666668,181.33333333333331,1.0,False,6.044444444444444
2904,96.8,180.33333333333331,1.0,False,6.01111111111111
2905,96.83333333333331,178.99999999999997,1.0,False,5.966666666666666
2906,96.86666666666666,182.0,1.0,False,6.066666666666666
2907,96.9,181.33333333333331,1.0,False,6.044444444444444
2908,96.93333333333334,181.33333333333331,1.0,False,6.044444444444444
2909,96.96666666666668,180.66666666666663,1.0,False,6.022222222222222
2910,97.0,181.33333333333331,1.0,True,6.044444444444444
2911,97.03333333333332,182.00000000000003,1.0,False,6.066666666666667
2912,97.06666666666666,181.00000000000003,1.0,False,6.033333333333334
2913,97.1,181.66666666666669,1.0,False,6.055555555555556
2914,97.13333333333333,182.33333333333337,1.0,False,6.077777777777778
2915,97.16666666666669,181.66666666666669,1.0,False,6.055555555555556
2916,97.2,180.0,1.0,False,6.0
2917,97.23333333333332,181.33333333333331,1.0,False,6.044444444444444
2918,97.26666666666668,178.66666666666669,1.0,False,5.955555555555556
2919,97.3,179.33333333333334,1.0,True,5.977777777777778
2920,97.33333333333331,180.0,1.0,False,6.0
2921,97.36666666666666,180.5,1.0,True,6.0166666666666675
2922,97.4,181.00000000000003,1.0,False,6.033333333333334
2923,97.43333333333334,181.00000000000003,1.0,False,6.033333333333334
2924,97.46666666666668,181.33333333333331,1.0,False,6.044444444444444
2925,97.5,180.33333333333331,1.0,False,6.01111111111111
2926,97.53333333333332,180.66666666666663,1.0,False,6.022222222222222
2927,97.56666666666666,180.33333333333331,1.0,False,6.01111111111111
2928,97.6,180.0,1.0,False,6.0
2929,97.63333333333333,180.33333333333337,1.0,False,6.011111111111112
2930,97.66666666666669,180.66666666666663,1.0,False,6.022222222222222
2931,97.7,180.0,1.0,False,6.0
2932,97.73333333333332,180.33333333333331,1.0,False,6.01111111111111
2933,97.76666666666668,179.66666666666669,1.0,False,5.98888888888889
2934,97.8,178.99999999999997,1.0,False,5.966666666666666
2935,97.83333333333331,178.99999999999997,1.0,False,5.966666666666666
2936,97.86666666666666,181.00000000000003,1.0,False,6.033333333333334
2937,97.9,181.00000000000003,1.0,False,6.033333333333334
2938,97.93333333333334,181.66666666666663,1.0,False,6.0555555555555545
2939,97.96666666666668,181.00000000000003,1.0,False,6.033333333333334
2940,98.0,181.16666666666669,1.0,True,6.03888888888889
2941,98.03333333333332,181.33333333333331,1.0,False,6.044444444444444
2942,98.06666666666666,181.16666666666669,1.0,True,6.03888888888889
2943,98.1,181.00000000000003,1.0,False,6.033333333333334
2944,98.13333333333333,180.33333333333331,1.0,False,6.01111111111111
2945,98.16666666666669,181.33333333333331,1.0,False,6.044444444444444
2946,98.2,180.33333333333331,1.0,False,6.01111111111111
2947,98.23333333333332,178.66666666666669,1.0,False,5.955555555555556
2948,98.26666666666668,179.50000000000003,0.9814814726511636,True,5.983333333333334
2949,98.3,180.33333333333337,1.0,False,6.011111111111112
2950,98.33333333333331,180.66666666666669,1.0,True,6.022222222222223
2951,98.36666666666666,181.00000000000003,1.0,False,6.033333333333334
2952,98.4,181.00000000000003,1.0,False,6.033333333333334
2953,98.43333333333334,180.0,1.0,False,6.0
2954,98.46666666666668,181.00000000000003,1.0,False,6.033333333333334
2955,98.5,182.33333333333337,1.0,False,6.077777777777778
2956,98.53333333333332,178.0,1.0,False,5.933333333333334
2957,98.56666666666666,180.0,1.0,False,6.0
2958,98.6,179.66666666666663,1.0,False,5.988888888888888
2959,98.63333333333333,180.33333333333331,1.0,False,6.01111111111111
2960,98.66666666666669,180.66666666666663,1.0,False,6.022222222222222
2961,98.7,181.00000000000003,1.0,False,6.033333333333334
2962,98.73333333333332,180.16666666666669,1.0,True,6.005555555555556
2963,98.76666666666668,179.33333333333334,1.0,False,5.977777777777778
2964,98.8,180.33333333333331,1.0,False,6.01111111111111
2965,98.83333333333331,179.66666666666669,1.0,False,5.98888888888889
2966,98.86666666666666,181.66666666666663,1.0,False,6.0555555555555545
2967,98.9,181.00000000000003,1.0,False,6.033333333333334
2968,98.93333333333334,181.33333333333331,1.0,False,6.044444444444444
2969,98.96666666666668,180.0,1.0,False,6.0
2970,99.0,180.33333333333331,1.0,False,6.01111111111111
2971,99.03333333333332,180.66666666666669,1.0,True,6.022222222222222
2972,99.06666666666666,181.00000000000003,1.0,False,6.033333333333334
2973,99.1,180.33333333333331,1.0,False,6.01111111111111
2974,99.13333333333333,180.33333333333331,1.0,False,6.01111111111111
2975,99.16666666666669,181.66666666666663,1.0,False,6.0555555555555545
2976,99.2,181.00000000000003,1.0,False,6.033333333333334
2977,99.23333333333332,180.33333333333331,1.0,False,6.01111111111111
2978,99.26666666666668,179.66666666666669,1.0,False,5.98888888888889
2979,99.3,180.0,1.0,False,6.0
2980,99.33333333333331,180.33333333333331,1.0,False,6.01111111111111
2981,99.36666666666666,178.66666666666669,1.0,False,5.955555555555556
2982,99.4,179.66666666666669,1.0,False,5.98888888888889
2983,99.43333333333334,177.33333333333334,1.0,False,5.911111111111111
2984,99.46666666666668,180.33333333333331,1.0,False,6.01111111111111
2985,99.5,177.66666666666666,1.0,False,5.922222222222222
2986,99.53333333333332,176.33333333333331,1.0,False,5.877777777777777
2987,99.56666666666666,176.0,1.0,False,5.866666666666667
2988,99.6,176.33333333333331,1.0,False,5.877777777777777
2989,99.63333333333333,177.66666666666663,0.990740736325582,True,5.922222222222222
2990,99.66666666666669,178.99999999999997,1.0,False,5.966666666666666
2991,99.7,178.33333333333331,1.0,False,5.944444444444444
2992,99.73333333333332,178.33333333333331,1.0,False,5.944444444444444
2993,99.76666666666668,180.66666666666669,1.0,False,6.022222222222223
2994,99.8,176.0,1.0,False,5.866666666666667
2995,99.83333333333331,181.00000000000003,1.0,False,6.033333333333334
2996,99.86666666666666,178.99999999999997,1.0,False,5.966666666666666
2997,99.9,177.66666666666666,1.0,False,5.922222222222222
2998,99.93333333333334,178.99999999999997,1.0,False,5.966666666666666
2999,99.96666666666668,180.66666666666663,1.0,False,6.022222222222222
3000,100.0,180.33333333333331,1.0,False,6.01111111111111
3001,100.03333333333332,178.66666666666669,1.0,False,5.955555555555556
3002,100.06666666666666,179.66666666666669,1.0,False,5.98888888888889
3003,100.1,180.83333333333337,1.0,True,6.027777777777779
3004,100.13333333333333,182.00000000000003,1.0,False,6.066666666666667
3005,100.16666666666669,180.0,1.0,False,6.0
3006,100.2,178.99999999999997,1.0,False,5.966666666666666
3007,100.23333333333332,178.0,1.0,False,5.933333333333334
3008,100.26666666666668,180.66666666666663,1.0,False,6.022222222222222
3009,100.3,179.33333333333334,1.0,False,5.977777777777778
3010,100.33333333333331,179.66666666666663,1.0,False,5.988888888888888
3011,100.36666666666666,180.33333333333331,1.0,False,6.01111111111111
3012,100.4,179.33333333333334,1.0,False,5.977777777777778
3013,100.43333333333334,179.66666666666669,1.0,False,5.98888888888889
3014,100.46666666666668,179.33333333333334,1.0,False,5.977777777777778
3015,100.5,179.66666666666669,1.0,False,5.98888888888889
3016,100.53333333333332,179.33333333333334,1.0,False,5.977777777777778
3017,100.56666666666666,182.00000000000003,1.0,False,6.066666666666667
3018,100.6,181.00000000000003,1.0,False,6.033333333333334
3019,100.63333333333333,181.00000000000003,1.0,False,6.033333333333334
3020,100.66666666666669,180.83333333333331,1.0,True,6.027777777777779
3021,100.7,180.66666666666663,1.0,False,6.022222222222222
3022,100.73333333333332,179.66666666666669,1.0,False,5.98888888888889
3023,100.76666666666668,179.66666666666669,1.0,False,5.98888888888889
3024,100.8,179.33333333333334,1.0,False,5.977777777777778
3025,100.83333333333331,179.33333333333334,1.0,False,5.977777777777778
3026,100.86666666666666,180.0,1.0,False,6.0
3027,100.9,181.00000000000003,1.0,False,6.033333333333334
3028,100.93333333333334,180.33333333333331,1.0,False,6.01111111111111
3029,100.96666666666668,181.33333333333331,1.0,False,6.044444444444444
3030,101.0,178.66666666666669,1.0,False,5.955555555555556
3031,101.03333333333332,180.33333333333331,1.0,False,6.01111111111111
3032,101.06666666666666,180.16666666666666,1.0,True,6.005555555555555
3033,101.1,180.0,1.0,False,6.0
3034,101.13333333333333,180.0,1.0,False,6.0
3035,101.16666666666669,181.33333333333331,1.0,False,6.044444444444444
3036,101.2,178.66666666666669,1.0,False,5.955555555555556
3037,101.23333333333332,178.66666666666669,1.0,False,5.955555555555556
3038,101.26666666666668,181.33333333333331,1.0,False,6.044444444444444
3039,101.3,180.66666666666663,1.0,False,6.022222222222222
3040,101.33333333333331,180.66666666666663,1.0,False,6.022222222222222
3041,101.36666666666666,181.33333333333331,1.0,False,6.044444444444444
3042,101.4,180.66666666666663,1.0,False,6.022222222222222
3043,101.43333333333334,180.0,1.0,True,6.0
3044,101.46666666666668,179.33333333333334,1.0,False,5.977777777777778
3045,101.5,180.66666666666663,1.0,False,6.022222222222222
3046,101.53333333333332,181.33333333333331,1.0,False,6.044444444444444
3047,101.56666666666666,180.0,1.0,False,6.0
3048,101.6,177.99999999999997,1.0,False,5.933333333333333
3049,101.63333333333333,181.66666666666669,1.0,False,6.055555555555556
3050,101.66666666666669,182.33333333333337,1.0,False,6.077777777777778
3051,101.7,180.0,1.0,False,6.0
3052,101.73333333333332,181.33333333333331,1.0,False,6.044444444444444
3053,101.76666666666668,180.33333333333331,1.0,False,6.01111111111111
3054,101.8,179.66666666666669,1.0,False,5.98888888888889
3055,101.83333333333331,181.00000000000003,1.0,False,6.033333333333334
3056,101.86666666666666,180.0,1.0,False,6.0
3057,101.9,180.0,1.0,True,6.0
3058,101.93333333333334,180.0,1.0,False,6.0
3059,101.96666666666668,179.66666666666663,1.0,False,5.988888888888888
3060,102.0,179.33333333333334,1.0,False,5.977777777777778
3061,102.03333333333332,180.33333333333331,1.0,False,6.01111111111111
3062,102.06666666666666,181.00000000000003,1.0,False,6.033333333333334
3063,102.1,181.00000000000003,1.0,False,6.033333333333334
3064,102.13333333333333,180.66666666666663,1.0,False,6.022222222222222
3065,102.16666666666669,181.33333333333331,1.0,False,6.044444444444444
3066,102.2,180.33333333333331,1.0,False,6.01111111111111
3067,102.23333333333332,180.0,1.0,False,6.0
3068,102.26666666666668,180.0,1.0,False,6.0
3069,102.3,181.00000000000003,1.0,False,6.033333333333334
3070,102.33333333333331,180.33333333333337,1.0,False,6.011111111111112
3071,102.36666666666666,180.66666666666663,1.0,False,6.022222222222222
3072,102.4,178.99999999999997,1.0,False,5.966666666666666
3073,102.43333333333334,180.0,1.0,False,6.0
3074,102.46666666666668,180.0,1.0,False,6.0
3075,102.5,180.0,1.0,False,6.0
3076,102.53333333333332,182.99999999999997,1.0,False,6.099999999999999
3077,102.56666666666666,182.00000000000003,1.0,False,6.066666666666667
3078,102.6,180.66666666666663,1.0,False,6.022222222222222
3079,102.63333333333333,180.0,1.0,False,6.0
3080,102.66666666666669,180.0,1.0,False,6.0
3081,102.7,179.66666666666669,1.0,False,5.98888888888889
3082,102.73333333333332,180.66666666666663,1.0,False,6.022222222222222
3083,102.76666666666668,182.0,1.0,False,6.066666666666666
3084,102.8,178.99999999999997,1.0,False,5.966666666666666
3085,102.83333333333331,181.33333333333331,1.0,True,6.044444444444444
3086,102.86666666666666,183.66666666666669,1.0,False,6.122222222222223
3087,102.9,181.33333333333331,1.0,False,6.044444444444444
3088,102.93333333333334,180.66666666666663,1.0,False,6.022222222222222
3089,102.96666666666668,180.66666666666663,1.0,False,6.022222222222222
3090,103.0,180.66666666666663,1.0,False,6.022222222222222
3091,103.03333333333332,181.66666666666669,1.0,False,6.055555555555556
3092,103.06666666666666,182.66666666666663,1.0,False,6.088888888888889
3093,103.1,182.33333333333337,1.0,False,6.077777777777778
3094,103.13333333333333,182.33333333333337,1.0,True,6.077777777777778
3095,103.16666666666669,182.33333333333337,1.0,False,6.077777777777778
3096,103.2,180.33333333333331,1.0,False,6.01111111111111
3097,103.23333333333332,180.33333333333331,1.0,True,6.01111111111111
3098,103.26666666666668,180.33333333333331,1.0,False,6.01111111111111
3099,103.3,180.0,1.0,False,6.0
3100,103.33333333333331,180.33333333333331,1.0,False,6.01111111111111
3101,103.36666666666666,180.66666666666663,1.0,False,6.022222222222222
3102,103.4,179.66666666666669,1.0,False,5.98888888888889
3103,103.43333333333334,179.5,1.0,True,5.983333333333334
3104,103.46666666666668,179.33333333333334,1.0,False,5.977777777777778
3105,103.5,179.66666666666669,1.0,False,5.98888888888889
3106,103.53333333333332,180.00000000000003,0.9814814726511636,True,6.000000000000001
3107,103.56666666666666,180.33333333333337,1.0,False,6.011111111111112
3108,103.6,180.0,1.0,False,6.0
3109,103.63333333333333,179.83333333333334,1.0,True,5.994444444444445
3110,103.66666666666669,179.66666666666669,1.0,False,5.98888888888889
3111,103.7,179.33333333333334,1.0,False,5.977777777777778
3112,103.73333333333332,178.66666666666669,1.0,False,5.955555555555556
3113,103.76666666666668,176.99999999999997,1.0,False,5.8999999999999995
3114,103.8,178.33333333333331,1.0,False,5.944444444444444
3115,103.83333333333331,181.00000000000003,1.0,False,6.033333333333334
3116,103.86666666666666,183.00000000000003,1.0,False,6.1000000000000005
3117,103.9,179.33333333333334,1.0,False,5.977777777777778
3118,103.93333333333334,180.33333333333331,1.0,False,6.01111111111111
3119,103.96666666666668,180.66666666666669,1.0,False,6.022222222222223
3120,104.0,180.83333333333337,1.0,True,6.027777777777779
3121,104.03333333333332,181.00000000000003,1.0,False,6.033333333333334
3122,104.06666666666666,181.00000000000003,1.0,False,6.033333333333334
3123,104.1,178.33333333333331,1.0,False,5.944444444444444
3124,104.13333333333333,179.33333333333334,1.0,False,5.977777777777778
3125,104.16666666666669,179.66666666666663,1.0,False,5.988888888888888
3126,104.2,179.33333333333334,1.0,False,5.977777777777778
3127,104.23333333333332,181.00000000000003,1.0,False,6.033333333333334
3128,104.26666666666668,181.16666666666669,0.9901960690816244,True,6.03888888888889
3129,104.3,181.33333333333331,1.0,False,6.044444444444444
3130,104.33333333333331,181.33333333333331,1.0,True,6.044444444444444
3131,104.36666666666666,181.33333333333331,1.0,False,6.044444444444444
3132,104.4,177.99999999999997,1.0,False,5.933333333333333
3133,104.43333333333334,178.66666666666669,1.0,False,5.955555555555556
3134,104.46666666666668,179.66666666666669,1.0,False,5.98888888888889
3135,104.5,179.66666666666663,1.0,False,5.988888888888888
3136,104.53333333333332,181.00000000000003,1.0,False,6.033333333333334
3137,104.56666666666666,181.66666666666669,1.0,True,6.055555555555556
3138,104.6,182.33333333333337,1.0,False,6.077777777777778
3139,104.63333333333333,181.33333333333331,1.0,False,6.044444444444444
3140,104.66666666666669,180.0,1.0,False,6.0
3141,104.7,180.33333333333331,1.0,False,6.01111111111111
3142,104.73333333333332,180.66666666666669,1.0,False,6.022222222222223
3143,104.76666666666668,181.00000000000003,1.0,False,6.033333333333334
3144,104.8,181.66666666666663,1.0,False,6.0555555555555545
3145,104.83333333333331,180.66666666666663,1.0,False,6.022222222222222
3146,104.86666666666666,180.99999999999997,1.0,True,6.033333333333333
3147,104.9,181.33333333333331,1.0,False,6.044444444444444
3148,104.93333333333334,181.00000000000003,1.0,False,6.033333333333334
3149,104.96666666666668,180.66666666666669,1.0,True,6.022222222222223
3150,105.0,180.33333333333337,1.0,False,6.011111111111112
3151,105.03333333333332,181.33333333333331,1.0,False,6.044444444444444
3152,105.06666666666666,181.00000000000003,1.0,False,6.033333333333334
3153,105.1,180.73333333333338,1.0,True,6.0244444444444465
3154,105.13333333333333,180.4666666666667,1.0,True,6.015555555555556
3155,105.16666666666669,180.20000000000005,1.0,True,6.006666666666668
3156,105.2,179.93333333333334,1.0,True,5.997777777777779
3157,105.23333333333332,179.66666666666669,1.0,False,5.98888888888889
3158,105.26666666666668,178.0,1.0,False,5.933333333333334
3159,105.3,179.33333333333331,0.990740736325582,True,5.977777777777778
3160,105.33333333333331,180.66666666666663,1.0,False,6.022222222222222
3161,105.36666666666666,180.33333333333331,1.0,True,6.011111111111111
3162,105.4,180.0,1.0,False,6.0
3163,105.43333333333334,178.33333333333331,1.0,False,5.944444444444444
3164,105.46666666666668,180.33333333333331,1.0,False,6.01111111111111
3165,105.5,179.33333333333334,1.0,False,5.977777777777778
3166,105.53333333333332,180.66666666666669,1.0,False,6.022222222222223
3167,105.56666666666666,180.83333333333337,1.0,True,6.027777777777779
3168,105.6,181.00000000000003,1.0,False,6.033333333333334
3169,105.63333333333333,179.33333333333334,1.0,False,5.977777777777778
3170,105.66666666666669,179.66666666666663,1.0,False,5.988888888888888
3171,105.7,180.16666666666666,1.0,True,6.0055555555555555
3172,105.73333333333332,180.66666666666669,1.0,False,6.022222222222223
3173,105.76666666666668,180.0,1.0,False,6.0
3174,105.8,178.66666666666669,1.0,False,5.955555555555556
3175,105.83333333333331,178.83333333333331,1.0,True,5.96111111111111
3176,105.86666666666666,178.99999999999997,1.0,False,5.966666666666666
3177,105.9,179.0,1.0,True,5.966666666666667
3178,105.93333333333334,179.00000000000003,1.0,False,5.966666666666668
3179,105.96666666666668,178.0,1.0,False,5.933333333333334
3180,106.0,178.16666666666666,1.0,True,5.938888888888888
3181,106.03333333333332,178.33333333333331,1.0,False,5.944444444444444
3182,106.06666666666666,178.66666666666669,1.0,False,5.955555555555556
3183,106.1,179.66666666666669,1.0,False,5.98888888888889
3184,106.13333333333333,179.66666666666663,1.0,False,5.988888888888888
3185,106.16666666666669,179.66666666666669,1.0,False,5.98888888888889
3186,106.2,178.66666666666669,1.0,False,5.955555555555556
3187,106.23333333333332,179.5,0.990740736325582,True,5.9833333333333325
3188,106.26666666666668,180.33333333333331,1.0,False,6.01111111111111
3189,106.3,179.66666666666663,1.0,False,5.988888888888888
3190,106.33333333333331,180.33333333333331,1.0,False,6.01111111111111
3191,106.36666666666666,180.0,1.0,False,6.0
3192,106.4,180.33333333333331,1.0,True,6.011111111111111
3193,106.43333333333334,180.66666666666663,1.0,False,6.022222222222222
3194,106.46666666666668,181.00000000000003,1.0,False,6.033333333333334
3195,106.5,180.0,1.0,False,6.0
3196,106.53333333333332,182.00000000000003,1.0,False,6.066666666666667
3197,106.56666666666666,181.66666666666663,1.0,False,6.0555555555555545
3198,106.6,182.33333333333337,1.0,False,6.077777777777778
3199,106.63333333333333,180.33333333333337,1.0,False,6.011111111111112
3200,106.66666666666669,185.33333333333331,1.0,False,6.177777777777777
3201,106.7,183.66666666666666,0.9537037014961244,True,6.122222222222222
3202,106.73333333333332,181.99999999999997,1.0,True,6.0666666666666655
3203,106.76666666666668,180.33333333333331,1.0,False,6.01111111111111
3204,106.8,180.33333333333337,1.0,False,6.011111111111112
3205,106.83333333333331,181.33333333333331,1.0,False,6.044444444444444
3206,106.86666666666666,181.66666666666669,1.0,True,6.055555555555555
3207,106.9,182.00000000000003,1.0,False,6.066666666666667
3208,106.93333333333334,181.00000000000003,1.0,False,6.033333333333334
3209,106.96666666666668,180.66666666666663,1.0,False,6.022222222222222
3210,107.0,180.66666666666663,1.0,False,6.022222222222222
3211,107.03333333333332,179.33333333333334,1.0,False,5.977777777777778
3212,107.06666666666666,181.66666666666669,1.0,False,6.055555555555556
3213,107.1,181.66666666666669,1.0,False,6.055555555555556
3214,107.13333333333333,181.83333333333337,1.0,True,6.061111111111112
3215,107.16666666666669,182.00000000000003,1.0,False,6.066666666666667
3216,107.2,181.44444444444446,0.9523809552192688,True,6.048148148148148
3217,107.23333333333332,180.88888888888889,0.9722222288449606,True,6.029629629629628
3218,107.26666666666668,180.33333333333331,1.0,False,6.01111111111111
3219,107.3,179.33333333333334,1.0,False,5.977777777777778
3220,107.33333333333331,178.66666666666669,1.0,False,5.955555555555556
3221,107.36666666666666,182.33333333333337,1.0,False,6.077777777777778
3222,107.4,180.66666666666663,1.0,False,6.022222222222222
3223,107.43333333333334,181.00000000000003,1.0,False,6.033333333333334
3224,107.46666666666668,181.33333333333331,1.0,False,6.044444444444444
3225,107.5,182.00000000000003,1.0,False,6.066666666666667
3226,107.53333333333332,180.0,1.0,False,6.0
3227,107.56666666666666,182.33333333333337,1.0,False,6.077777777777778
3228,107.6,180.33333333333331,1.0,False,6.01111111111111
3229,107.63333333333333,178.33333333333337,1.0,False,5.9444444444444455
3230,107.66666666666669,179.33333333333334,1.0,False,5.977777777777778
3231,107.7,182.66666666666663,1.0,False,6.088888888888889
3232,107.73333333333332,181.00000000000003,1.0,False,6.033333333333334
3233,107.76666666666668,180.0,1.0,False,6.0
3234,107.8,180.66666666666669,1.0,False,6.022222222222223
3235,107.83333333333331,180.0,1.0,False,6.0
3236,107.86666666666666,180.66666666666663,1.0,False,6.022222222222222
3237,107.9,180.5,1.0,True,6.0166666666666675
3238,107.93333333333334,180.33333333333337,1.0,False,6.011111111111112
3239,107.96666666666668,180.5,1.0,True,6.0166666666666675
3240,108.0,180.66666666666663,1.0,False,6.022222222222222
3241,108.03333333333332,180.33333333333331,1.0,False,6.01111111111111
3242,108.06666666666666,179.66666666666669,1.0,False,5.98888888888889
3243,108.1,181.33333333333331,1.0,False,6.044444444444444
3244,108.13333333333333,181.00000000000003,1.0,False,6.033333333333334
3245,108.16666666666669,180.83333333333331,1.0,True,6.027777777777779
3246,108.2,180.66666666666663,1.0,False,6.022222222222222
3247,108.23333333333332,180.66666666666663,1.0,False,6.022222222222222
3248,108.26666666666668,179.66666666666669,1.0,False,5.98888888888889
3249,108.3,180.0,1.0,False,6.0
3250,108.33333333333331,179.66666666666669,1.0,False,5.98888888888889
3251,108.36666666666666,179.66666666666669,1.0,False,5.98888888888889
3252,108.4,179.66666666666669,1.0,False,5.98888888888889
3253,108.43333333333334,181.00000000000003,1.0,False,6.033333333333334
3254,108.46666666666668,179.66666666666669,1.0,False,5.98888888888889
3255,108.5,178.66666666666669,1.0,False,5.955555555555556
3256,108.53333333333332,178.66666666666669,1.0,False,5.955555555555556
3257,108.56666666666666,178.66666666666669,1.0,False,5.955555555555556
3258,108.6,180.0,1.0,False,6.0
3259,108.63333333333333,179.66666666666669,1.0,False,5.98888888888889
3260,108.66666666666669,180.33333333333331,1.0,False,6.01111111111111
3261,108.7,180.49999999999997,1.0,True,6.016666666666666
3262,108.73333333333332,180.66666666666663,1.0,False,6.022222222222222
3263,108.76666666666668,180.33333333333331,1.0,False,6.01111111111111
3264,108.8,180.49999999999997,1.0,True,6.016666666666666
3265,108.83333333333331,180.66666666666663,1.0,False,6.022222222222222
3266,108.86666666666666,178.66666666666669,1.0,False,5.955555555555556
3267,108.9,182.33333333333337,1.0,False,6.077777777777778
3268,108.93333333333334,181.33333333333331,1.0,False,6.044444444444444
3269,108.96666666666668,181.33333333333331,1.0,False,6.044444444444444
3270,109.0,181.44444444444443,1.0,True,6.048148148148148
3271,109.03333333333332,181.55555555555554,1.0,True,6.051851851851851
3272,109.06666666666666,181.66666666666663,1.0,False,6.0555555555555545
3273,109.1,179.66666666666663,1.0,False,5.988888888888888
3274,109.13333333333333,179.33333333333334,1.0,False,5.977777777777778
3275,109.16666666666669,180.0,1.0,False,6.0
3276,109.2,179.66666666666669,1.0,False,5.98888888888889
3277,109.23333333333332,178.66666666666669,1.0,False,5.955555555555556
3278,109.26666666666668,176.99999999999997,1.0,False,5.8999999999999995
3279,109.3,177.66666666666666,1.0,False,5.922222222222222
3280,109.33333333333331,177.66666666666666,1.0,False,5.922222222222222
3281,109.36666666666666,178.66666666666669,1.0,False,5.955555555555556
3282,109.4,181.33333333333331,1.0,False,6.044444444444444
3283,109.43333333333334,182.33333333333337,1.0,False,6.077777777777778
3284,109.46666666666668,178.99999999999997,1.0,False,5.966666666666666
3285,109.5,176.99999999999997,1.0,False,5.8999999999999995
3286,109.53333333333332,178.33333333333331,1.0,False,5.944444444444444
3287,109.56666666666666,179.66666666666669,1.0,False,5.98888888888889
3288,109.6,178.66666666666669,1.0,False,5.955555555555556
3289,109.63333333333333,180.66666666666663,1.0,False,6.022222222222222
3290,109.66666666666669,180.49999999999997,1.0,True,6.016666666666666
3291,109.7,180.33333333333331,1.0,False,6.01111111111111
3292,109.73333333333332,180.66666666666669,1.0,True,6.022222222222222
3293,109.76666666666668,181.00000000000003,1.0,False,6.033333333333334
3294,109.8,181.00000000000003,1.0,False,6.033333333333334
3295,109.83333333333331,178.33333333333337,1.0,False,5.9444444444444455
3296,109.86666666666666,178.0,1.0,False,5.933333333333334
3297,109.9,179.66666666666669,1.0,False,5.98888888888889
3298,109.93333333333334,180.33333333333331,1.0,False,6.01111111111111
3299,109.96666666666668,179.33333333333334,1.0,False,5.977777777777778
3300,110.0,180.16666666666669,1.0,True,6.005555555555556
3301,110.03333333333332,181.00000000000003,1.0,False,6.033333333333334
3302,110.06666666666666,180.33333333333337,1.0,False,6.011111111111112
3303,110.1,180.66666666666663,1.0,False,6.022222222222222
3304,110.13333333333333,181.00000000000003,1.0,False,6.033333333333334
3305,110.16666666666669,181.00000000000003,1.0,False,6.033333333333334
3306,110.2,181.11111111111114,1.0,True,6.037037037037038
3307,110.23333333333332,181.22222222222223,1.0,True,6.040740740740741
3308,110.26666666666668,181.33333333333331,1.0,False,6.044444444444444
3309,110.3,179.0,1.0,True,5.966666666666667
3310,110.33333333333331,176.66666666666666,1.0,False,5.888888888888888
3311,110.36666666666666,177.66666666666666,1.0,False,5.922222222222222
3312,110.4,178.0,1.0,False,5.933333333333334
3313,110.43333333333334,180.66666666666669,1.0,False,6.022222222222223
3314,110.46666666666668,181.00000000000003,1.0,False,6.033333333333334
3315,110.5,179.33333333333334,1.0,False,5.977777777777778
3316,110.53333333333332,178.66666666666669,1.0,False,5.955555555555556
3317,110.56666666666666,180.66666666666663,1.0,False,6.022222222222222
3318,110.6,180.83333333333331,1.0,True,6.027777777777779
3319,110.63333333333333,181.00000000000003,1.0,False,6.033333333333334
3320,110.66666666666669,178.99999999999997,1.0,False,5.966666666666666
