frame_id,timestamp,diameter,confidence,is_bad_data,diameter_mm
0,0.0,183.54285714285717,1.0,False,6.118095238095241
1,0.0333333333333333,185.3285714285713,1.0,False,6.1776190476190465
2,0.0666666666666666,185.25714285714284,1.0,True,6.175238095238095
3,0.1,184.35,1.0,False,6.145
4,0.1333333333333333,183.67142857142855,1.0,False,6.1223809523809525
5,0.1666666666666666,183.16428571428568,1.0,True,6.10547619047619
6,0.2,183.0,1.0,False,6.099999999999999
7,0.2333333333333333,183.14999999999998,1.0,False,6.1049999999999995
8,0.2666666666666666,183.39285714285714,1.0,False,6.113095238095238
9,0.3,182.87142857142857,1.0,False,6.095714285714285
10,0.3333333333333333,180.99285714285713,1.0,True,6.033095238095237
11,0.3666666666666666,180.2285714285714,1.0,False,6.0076190476190465
12,0.4,181.89285714285714,1.0,False,6.063095238095237
13,0.4333333333333333,183.89999999999998,1.0,False,6.129999999999999
14,0.4666666666666667,184.55714285714285,1.0,False,6.1519047619047615
15,0.5,184.1142857142857,1.0,False,6.137142857142857
16,0.5333333333333333,183.7142857142857,1.0,False,6.123809523809523
17,0.5666666666666667,183.34285714285713,1.0,True,6.111428571428571
18,0.6,181.47142857142856,1.0,False,6.049047619047618
19,0.6333333333333333,178.05714285714282,1.0,False,5.935238095238095
20,0.6666666666666666,176.27142857142854,1.0,False,5.875714285714285
21,0.7,176.27857142857138,1.0,False,5.87595238095238
22,0.7333333333333333,176.22857142857143,1.0,False,5.874285714285713
23,0.7666666666666666,175.53571428571428,1.0,True,5.851190476190476
24,0.8,175.99999999999997,1.0,False,5.866666666666667
25,0.8333333333333334,176.73571428571427,1.0,False,5.891190476190475
26,0.8666666666666667,177.02857142857138,1.0,False,5.90095238095238
27,0.9,176.84285714285713,1.0,False,5.894761904761904
28,0.9333333333333332,176.45714285714283,1.0,True,5.881904761904761
29,0.9666666666666668,176.32857142857142,1.0,False,5.8776190476190475
30,1.0,176.08571428571426,1.0,False,5.869523809523809
31,1.0333333333333332,176.49999999999997,1.0,False,5.883333333333333
32,1.0666666666666669,178.9928571428571,1.0,False,5.966428571428571
33,1.1,181.77142857142857,1.0,False,6.059047619047619
34,1.1333333333333333,183.59285714285713,0.875,True,6.119761904761906
35,1.1666666666666667,183.6142857142857,1.0,False,6.12047619047619
36,1.2,185.09285714285713,1.0,False,6.169761904761905
37,1.2333333333333334,185.7142857142857,1.0,False,6.190476190476189
38,1.2666666666666666,184.38571428571427,1.0,True,6.146190476190475
39,1.3,180.6142857142857,1.0,False,6.02047619047619
40,1.3333333333333333,181.29999999999998,1.0,False,6.043333333333333
41,1.3666666666666667,183.47142857142856,1.0,False,6.115714285714286
42,1.4,184.84285714285713,1.0,False,6.161428571428571
43,1.4333333333333331,183.56666666666666,1.0,True,6.118888888888888
44,1.4666666666666666,183.34761904761905,0.9722222089767456,True,6.111587301587301
45,1.5,183.05714285714285,1.0,False,6.101904761904761
46,1.5333333333333332,182.29999999999998,1.0,False,6.076666666666665
47,1.5666666666666669,180.65714285714284,1.0,False,6.021904761904761
48,1.6,181.6285714285714,1.0,False,6.054285714285713
49,1.6333333333333333,183.0285714285714,1.0,False,6.10095238095238
50,1.6666666666666667,183.39999999999998,1.0,False,6.113333333333333
51,1.7,181.87142857142857,1.0,False,6.062380952380952
52,1.7333333333333334,182.97142857142856,1.0,False,6.099047619047619
53,1.7666666666666666,183.77142857142854,1.0,False,6.1257142857142854
54,1.8,183.14999999999998,1.0,True,6.104999999999999
55,1.8333333333333333,181.79999999999998,1.0,False,6.06
56,1.8666666666666667,181.62142857142857,1.0,True,6.054047619047619
57,1.9,181.9142857142857,1.0,False,6.063809523809523
58,1.9333333333333331,182.10714285714286,1.0,False,6.070238095238094
59,1.9666666666666663,182.79999999999998,1.0,False,6.093333333333333
60,2.0,181.95,1.0,False,6.0649999999999995
61,2.033333333333333,180.57142857142856,1.0,False,6.019047619047618
62,2.0666666666666664,180.07857142857142,0.9861111044883728,True,6.002619047619047
63,2.1,180.5285714285714,1.0,False,6.017619047619047
64,2.1333333333333333,179.8642857142857,1.0,False,5.9954761904761895
65,2.1666666666666665,178.78571428571428,1.0,True,5.95952380952381
66,2.2,178.5,1.0,False,5.949999999999999
67,2.2333333333333334,180.3142857142857,1.0,False,6.01047619047619
68,2.2666666666666666,182.5142857142857,1.0,False,6.083809523809523
69,2.3,182.45714285714283,1.0,False,6.081904761904761
70,2.3333333333333335,180.55714285714285,1.0,False,6.018571428571428
71,2.3666666666666667,179.57142857142856,1.0,True,5.985714285714285
72,2.4,180.68571428571428,1.0,False,6.022857142857142
73,2.433333333333333,181.70714285714283,1.0,False,6.056904761904761
74,2.466666666666667,182.38571428571427,1.0,False,6.079523809523808
75,2.5,182.42142857142855,1.0,True,6.080714285714285
76,2.533333333333333,181.8142857142857,1.0,False,6.06047619047619
77,2.5666666666666664,180.49285714285713,1.0,False,6.016428571428571
78,2.6,180.47142857142856,1.0,False,6.015714285714285
79,2.6333333333333333,180.92857142857142,1.0,False,6.03095238095238
80,2.6666666666666665,180.81428571428572,1.0,False,6.027142857142856
81,2.7,180.07142857142856,1.0,False,6.0023809523809515
82,2.7333333333333334,181.03571428571428,1.0,False,6.034523809523808
83,2.7666666666666666,181.39999999999998,1.0,False,6.046666666666666
84,2.8,180.79285714285714,1.0,True,6.026428571428571
85,2.8333333333333335,180.1,1.0,False,6.003333333333333
86,2.8666666666666667,179.53571428571425,1.0,False,5.984523809523809
87,2.9,180.07142857142856,1.0,False,6.002380952380952
88,2.933333333333333,181.24285714285713,1.0,False,6.041428571428571
89,2.966666666666667,180.79999999999998,1.0,False,6.0266666666666655
90,3.0,178.95714285714283,1.0,False,5.965238095238094
91,3.033333333333333,178.84999999999997,1.0,False,5.961666666666666
92,3.0666666666666664,179.77142857142854,1.0,False,5.992380952380952
93,3.1,178.13571428571427,0.875,True,5.937857142857142
94,3.1333333333333333,174.6142857142857,1.0,False,5.82047619047619
95,3.1666666666666665,172.8142857142857,1.0,False,5.760476190476189
96,3.2,172.44285714285712,1.0,False,5.748095238095238
97,3.2333333333333334,174.1642857142857,1.0,True,5.805476190476189
98,3.2666666666666666,168.64285714285714,0.9583333432674408,False,5.621428571428571
99,3.3,160.79285714285712,1.0,False,5.359761904761904
100,3.3333333333333335,155.05714285714285,0.9305555522441864,True,5.168571428571427
101,3.3666666666666667,154.78571428571428,1.0,False,5.159523809523808
102,3.4,148.99999999999997,1.0,False,4.966666666666666
103,3.433333333333333,144.22142857142856,0.9861111044883728,False,4.807380952380952
104,3.466666666666667,142.9142857142857,1.0,False,4.763809523809524
105,3.5,144.54999999999998,1.0,True,4.818333333333333
106,3.533333333333333,144.29999999999998,1.0,False,4.81
107,3.5666666666666664,142.53571428571428,1.0,False,4.751190476190476
108,3.6,140.0285714285714,1.0,False,4.667619047619048
109,3.6333333333333337,138.2142857142857,1.0,False,4.607142857142857
110,3.6666666666666665,133.64285714285714,1.0,False,4.454761904761905
111,3.7,129.0,0.9861111044883728,False,4.3
112,3.7333333333333334,127.15714285714284,1.0,False,4.238571428571428
113,3.7666666666666666,129.02857142857144,1.0,False,4.30095238095238
114,3.8,128.73809523809524,1.0,True,4.291269841269841
115,3.8333333333333335,128.86190476190475,0.9861111044883728,True,4.295396825396825
116,3.8666666666666663,126.19285714285714,1.0,False,4.206428571428571
117,3.9,123.52857142857141,0.957142859697342,False,4.117619047619047
118,3.933333333333333,123.87857142857142,,True,4.1292857142857144
119,3.966666666666667,122.78571428571428,0.9444444179534912,False,4.0928571428571425
120,4.0,122.00714285714285,0.9583333432674408,False,4.066904761904762
121,4.033333333333333,125.1142857142857,0.9722222089767456,False,4.17047619047619
122,4.066666666666666,135.68571428571428,0.9722222089767456,True,4.522857142857142
123,4.1,134.37142857142857,0.7777777910232544,False,4.479047619047619
124,4.133333333333333,128.84285714285713,0.9705882370471954,False,4.294761904761905
125,4.166666666666667,124.98095238095236,0.9444444477558136,True,4.166031746031747
126,4.2,130.87619047619046,0.9583333134651184,True,4.362539682539683
127,4.233333333333333,129.84285714285713,0.8333333134651184,False,4.328095238095238
128,4.266666666666667,127.18571428571427,0.9444444179534912,False,4.239523809523809
129,4.3,126.96428571428571,0.875,True,4.232142857142857
130,4.333333333333333,129.92857142857142,0.8888888955116272,False,4.330952380952381
131,4.366666666666666,128.50714285714284,1.0,True,4.283571428571428
132,4.4,126.05714285714285,0.9583333134651184,False,4.201904761904762
133,4.433333333333334,125.7642857142857,0.9861111044883728,True,4.192142857142857
134,4.466666666666667,126.1142857142857,0.9444444477558136,False,4.203809523809524
135,4.5,127.05714285714285,0.9444444477558136,False,4.2352380952380955
136,4.533333333333333,130.6,0.9027777910232544,False,4.353333333333333
137,4.566666666666666,132.2285714285714,1.0,False,4.407619047619048
138,4.6,133.24285714285713,1.0,False,4.441428571428571
139,4.633333333333333,132.72857142857143,1.0,False,4.4242857142857135
140,4.666666666666667,134.45714285714283,0.9583333432674408,False,4.481904761904762
141,4.7,135.7,1.0,False,4.523333333333333
142,4.733333333333333,138.15714285714284,1.0,False,4.605238095238096
143,4.766666666666667,138.54285714285714,1.0,False,4.618095238095238
144,4.8,138.2142857142857,1.0,False,4.607142857142857
145,4.833333333333333,138.4142857142857,1.0,False,4.613809523809524
146,4.866666666666666,138.7,1.0,False,4.623333333333333
147,4.9,140.44285714285712,1.0,False,4.6814285714285715
148,4.933333333333334,142.25714285714284,1.0,False,4.741904761904761
149,4.966666666666667,144.74285714285713,1.0,False,4.824761904761904
150,5.0,145.2142857142857,1.0,False,4.84047619047619
151,5.033333333333333,145.9,1.0,False,4.863333333333332
152,5.066666666666666,146.32857142857142,1.0,True,4.8776190476190475
153,5.1,147.82857142857142,1.0,False,4.927619047619047
154,5.133333333333333,148.71428571428572,1.0,True,4.957142857142857
155,5.166666666666667,148.65714285714284,1.0,False,4.955238095238095
156,5.2,148.25714285714284,1.0,False,4.941904761904762
157,5.233333333333333,147.82857142857142,1.0,False,4.927619047619047
158,5.266666666666667,149.05714285714285,1.0,False,4.968571428571428
159,5.3,150.3142857142857,1.0,False,5.01047619047619
160,5.333333333333333,150.6285714285714,1.0,False,5.02095238095238
161,5.366666666666666,150.25714285714284,1.0,False,5.008571428571428
162,5.4,150.9142857142857,0.9166666567325592,True,5.03047619047619
163,5.433333333333334,151.79999999999998,1.0,False,5.06
164,5.466666666666667,152.77142857142857,1.0,False,5.092380952380952
165,5.5,154.2190476190476,0.9305555522441864,True,5.14063492063492
166,5.533333333333333,157.05238095238093,0.9027777910232544,True,5.235079365079365
167,5.566666666666666,155.1142857142857,1.0,False,5.17047619047619
168,5.6,153.34285714285713,1.0,False,5.11142857142857
169,5.633333333333333,150.5285714285714,1.0,False,5.017619047619047
170,5.666666666666667,152.95714285714286,0.9583333432674408,False,5.098571428571428
171,5.7,154.74285714285713,1.0,False,5.158095238095238
172,5.733333333333333,158.42857142857142,0.9027777910232544,True,5.280952380952382
173,5.766666666666667,160.05714285714285,0.9027777910232544,True,5.335238095238096
174,5.8,158.9,1.0,False,5.296666666666667
175,5.833333333333333,159.32142857142856,1.0,False,5.310714285714285
176,5.866666666666666,159.9285714285714,1.0,False,5.33095238095238
177,5.9,160.2,0.9305555522441864,True,5.339999999999998
178,5.933333333333334,157.68571428571425,1.0,False,5.256190476190476
179,5.966666666666667,157.90714285714284,0.9166666567325592,True,5.263571428571429
180,6.0,159.5,0.9583333432674408,True,5.316666666666666
181,6.033333333333333,161.0285714285714,1.0,True,5.367619047619048
182,6.066666666666666,161.27142857142854,1.0,False,5.3757142857142854
183,6.1,160.62142857142857,1.0,False,5.354047619047618
184,6.133333333333333,159.87142857142857,1.0,True,5.3290476190476195
185,6.166666666666667,159.78571428571428,1.0,False,5.326190476190476
186,6.2,159.79999999999998,1.0,False,5.326666666666666
187,6.233333333333333,160.67142857142855,0.9722222089767456,True,5.355714285714285
188,6.266666666666667,160.47142857142856,1.0,False,5.349047619047618
189,6.3,160.15714285714284,1.0,False,5.338571428571428
190,6.333333333333333,161.37142857142854,0.9166666567325592,True,5.379047619047618
191,6.366666666666666,163.3142857142857,1.0,False,5.443809523809524
192,6.4,163.47142857142856,1.0,False,5.449047619047619
193,6.433333333333334,162.9142857142857,0.9583333432674408,True,5.43047619047619
194,6.466666666666667,162.9892857142857,0.9583333432674408,True,5.43297619047619
195,6.5,163.02142857142854,0.9027777910232544,False,5.434047619047619
196,6.533333333333333,163.1142857142857,0.8888888955116272,True,5.437142857142857
197,6.566666666666666,163.25,1.0,True,5.4416666666666655
198,6.6,163.25714285714284,1.0,True,5.441904761904761
199,6.633333333333333,163.8428571428571,1.0,False,5.461428571428571
200,6.666666666666667,164.66785714285712,1.0,False,5.488928571428571
201,6.7,165.42142857142855,1.0,True,5.514047619047618
202,6.733333333333333,165.24285714285713,1.0,False,5.508095238095238
203,6.766666666666667,165.3642857142857,1.0,False,5.512142857142857
204,6.8,165.78571428571428,1.0,False,5.526190476190476
205,6.833333333333333,166.6017857142857,0.9166666567325592,True,5.553392857142857
206,6.866666666666666,166.88214285714284,1.0,False,5.562738095238095
207,6.8999999999999995,166.87142857142857,1.0,True,5.562380952380952
208,6.933333333333334,166.62499999999997,0.9722222089767456,True,5.554166666666666
209,6.966666666666667,166.43749999999997,0.9583333432674408,True,5.547916666666666
210,7.0,166.25,1.0,True,5.541666666666666
211,7.033333333333333,166.0625,0.9444444477558136,True,5.5354166666666655
212,7.066666666666666,165.87499999999997,0.9861111044883728,True,5.529166666666666
213,7.1,165.58571428571426,1.0,True,5.519523809523809
214,7.133333333333333,165.7892857142857,1.0,False,5.526309523809524
215,7.166666666666667,166.2267857142857,1.0,False,5.540892857142857
216,7.2,166.58571428571426,0.9444444477558136,True,5.5528571428571425
217,7.233333333333333,166.54285714285712,0.875,True,5.551428571428571
218,7.266666666666667,166.45714285714286,1.0,False,5.548571428571428
219,7.3,165.95714285714286,1.0,False,5.531904761904761
220,7.333333333333333,164.78571428571428,1.0,False,5.492857142857142
221,7.366666666666666,164.73714285714286,1.0,False,5.491238095238095
222,7.4,165.29714285714283,1.0,False,5.509904761904762
223,7.433333333333334,165.62285714285713,0.9138655364513396,True,5.520761904761905
224,7.466666666666667,164.8,,True,5.493333333333333
225,7.5,164.2,,True,5.473333333333333
226,7.533333333333333,163.46285714285713,1.0,True,5.448761904761904
227,7.566666666666666,163.25285714285712,1.0,False,5.441761904761904
228,7.6,163.90571428571428,0.9411764740943908,False,5.463523809523809
229,7.633333333333333,165.42142857142855,0.9861111044883728,True,5.514047619047619
230,7.666666666666667,165.94285714285715,1.0,False,5.531428571428572
231,7.7,166.1,1.0,False,5.536666666666666
232,7.733333333333333,166.2,1.0,False,5.539999999999999
233,7.766666666666667,166.8357142857143,1.0,True,5.561190476190476
234,7.8,167.1285714285714,1.0,False,5.570952380952381
235,7.833333333333333,166.35714285714283,1.0,False,5.545238095238095
236,7.866666666666666,165.8142857142857,1.0,False,5.527142857142857
237,7.9,166.87857142857143,1.0,True,5.562619047619048
238,7.933333333333334,167.08571428571426,1.0,False,5.569523809523809
239,7.966666666666667,166.64999999999998,1.0,False,5.555
240,8.0,166.64285714285714,1.0,False,5.554761904761905
241,8.033333333333333,168.29999999999998,1.0,True,5.61
242,8.066666666666666,168.2,1.0,False,5.6066666666666665
243,8.1,167.71428571428572,1.0,False,5.59047619047619
244,8.133333333333333,166.9142857142857,1.0,True,5.563809523809523
245,8.166666666666666,166.58571428571426,1.0,False,5.5528571428571425
246,8.2,166.45714285714283,1.0,True,5.548571428571428
247,8.233333333333333,166.49999999999997,1.0,False,5.55
248,8.266666666666666,166.5,1.0,False,5.55
249,8.3,166.6285714285714,1.0,False,5.554285714285714
250,8.333333333333334,166.0285714285714,1.0,False,5.534285714285714
251,8.366666666666667,165.6,1.0,False,5.519999999999999
252,8.4,165.5285714285714,1.0,False,5.517619047619047
253,8.433333333333334,167.35714285714283,1.0,False,5.578571428571428
254,8.466666666666667,167.62857142857143,1.0,False,5.587619047619047
255,8.5,166.85714285714286,1.0,False,5.561904761904762
256,8.533333333333333,166.0857142857143,1.0,False,5.536190476190476
257,8.566666666666666,167.20000000000002,1.0,False,5.573333333333333
258,8.6,168.19285714285712,1.0,True,5.606428571428571
259,8.633333333333333,168.28571428571428,1.0,False,5.609523809523809
260,8.666666666666666,167.79285714285712,1.0,True,5.593095238095238
261,8.7,166.97857142857143,1.0,False,5.56595238095238
262,8.733333333333333,167.23571428571427,1.0,False,5.574523809523809
263,8.766666666666666,168.83571428571426,1.0,True,5.627857142857143
264,8.8,170.0285714285714,1.0,False,5.667619047619048
265,8.833333333333334,169.4785714285714,1.0,True,5.649285714285714
266,8.866666666666667,169.14285714285714,1.0,False,5.6380952380952385
267,8.9,170.04999999999998,1.0,False,5.668333333333333
268,8.933333333333334,170.99999999999997,1.0,False,5.699999999999999
269,8.966666666666667,170.70714285714283,1.0,True,5.690238095238095
270,9.0,170.79999999999998,1.0,False,5.6933333333333325
271,9.033333333333331,171.22142857142856,1.0,False,5.707380952380952
272,9.066666666666666,171.58571428571426,1.0,True,5.7195238095238095
273,9.1,171.49999999999997,1.0,True,5.716666666666667
274,9.133333333333333,171.7142857142857,1.0,True,5.723809523809524
275,9.166666666666666,170.8142857142857,1.0,False,5.693809523809524
276,9.2,169.68571428571428,1.0,False,5.656190476190476
277,9.233333333333333,169.41428571428568,1.0,False,5.647142857142857
278,9.266666666666666,170.22142857142856,1.0,False,5.674047619047619
279,9.3,170.7142857142857,1.0,False,5.690476190476191
280,9.333333333333334,171.4642857142857,0.9861111044883728,True,5.715476190476191
281,9.366666666666667,171.1,1.0,False,5.703333333333333
282,9.4,170.54999999999998,1.0,False,5.685
283,9.433333333333334,170.44285714285712,1.0,False,5.6814285714285715
284,9.466666666666669,171.97142857142856,1.0,False,5.732380952380952
285,9.5,171.5142857142857,1.0,False,5.717142857142856
286,9.533333333333331,171.07142857142856,1.0,False,5.702380952380952
287,9.566666666666666,171.1142857142857,1.0,False,5.703809523809523
288,9.6,171.82857142857142,1.0,False,5.727619047619047
289,9.633333333333333,170.87142857142854,1.0,False,5.695714285714285
290,9.666666666666666,170.77142857142854,1.0,False,5.692380952380952
291,9.7,171.09999999999997,1.0,False,5.703333333333332
292,9.733333333333333,171.7285714285714,1.0,False,5.724285714285713
293,9.766666666666666,170.77142857142854,1.0,False,5.692380952380952
294,9.8,169.92857142857142,1.0,False,5.664285714285714
295,9.833333333333334,169.67142857142855,1.0,False,5.655714285714286
296,9.866666666666667,170.7,1.0,False,5.6899999999999995
297,9.9,171.58571428571426,1.0,False,5.7195238095238095
298,9.933333333333334,172.0,1.0,False,5.7333333333333325
299,9.966666666666669,172.5,1.0,False,5.749999999999999
300,10.0,173.2142857142857,1.0,True,5.773809523809524
301,10.033333333333331,172.81428571428572,1.0,False,5.76047619047619
302,10.066666666666666,172.33571428571426,1.0,False,5.744523809523809
303,10.1,172.0285714285714,1.0,False,5.734285714285713
304,10.133333333333333,172.20714285714286,1.0,True,5.7402380952380945
305,10.166666666666666,172.4285714285714,1.0,False,5.747619047619047
306,10.2,173.09285714285713,1.0,False,5.769761904761904
307,10.233333333333333,173.7142857142857,1.0,True,5.79047619047619
308,10.266666666666666,173.28571428571428,1.0,False,5.776190476190476
309,10.3,172.60714285714286,1.0,False,5.753571428571428
310,10.333333333333334,172.08571428571426,1.0,False,5.736190476190476
311,10.366666666666667,172.1642857142857,1.0,True,5.738809523809523
312,10.4,172.54285714285714,1.0,False,5.751428571428571
313,10.433333333333334,173.19285714285715,1.0,False,5.773095238095238
314,10.466666666666669,172.81428571428572,1.0,False,5.76047619047619
315,10.5,172.2285714285714,1.0,False,5.740952380952381
316,10.533333333333331,172.45714285714286,1.0,True,5.748571428571428
317,10.566666666666666,173.07142857142856,1.0,False,5.769047619047619
318,10.6,172.04285714285714,1.0,True,5.734761904761904
319,10.633333333333333,170.84285714285713,1.0,False,5.694761904761904
320,10.666666666666666,170.78571428571425,1.0,True,5.692857142857142
321,10.7,171.79999999999998,1.0,False,5.726666666666667
322,10.733333333333333,171.77142857142857,1.0,False,5.725714285714286
323,10.766666666666666,171.77142857142854,1.0,False,5.725714285714285
324,10.8,172.28571428571428,1.0,False,5.742857142857143
325,10.833333333333334,173.2,1.0,False,5.7733333333333325
326,10.866666666666667,173.29999999999998,1.0,False,5.7766666666666655
327,10.9,173.32857142857142,1.0,True,5.777619047619047
328,10.933333333333334,174.38571428571427,1.0,False,5.812857142857142
329,10.966666666666669,174.9142857142857,1.0,False,5.8304761904761895
330,11.0,174.85714285714286,1.0,False,5.828571428571428
331,11.033333333333331,174.26190476190476,0.9166666567325592,True,5.8087301587301585
332,11.066666666666666,174.17380952380952,1.0,True,5.8057936507936505
333,11.1,173.9857142857143,1.0,False,5.799523809523809
334,11.133333333333333,173.60714285714283,1.0,True,5.78690476190476
335,11.166666666666666,174.1,1.0,False,5.803333333333333
336,11.2,173.47857142857143,1.0,False,5.782619047619048
337,11.233333333333333,176.17142857142855,1.0,False,5.872380952380952
338,11.266666666666666,175.0285714285714,1.0,False,5.834285714285714
339,11.3,177.07142857142856,1.0,False,5.902380952380952
340,11.333333333333334,176.79999999999998,1.0,False,5.893333333333333
341,11.366666666666667,178.97142857142856,1.0,False,5.965714285714285
342,11.4,176.29285714285714,1.0,False,5.876428571428571
343,11.433333333333334,175.84285714285713,1.0,False,5.861428571428571
344,11.466666666666669,174.99285714285713,1.0,True,5.833095238095238
345,11.5,175.34285714285713,1.0,False,5.844761904761905
346,11.533333333333331,176.09285714285713,1.0,False,5.869761904761904
347,11.566666666666666,178.52857142857138,1.0,False,5.95095238095238
348,11.6,178.8285714285714,1.0,False,5.960952380952381
349,11.633333333333333,176.8142857142857,1.0,False,5.893809523809524
350,11.666666666666666,174.3,1.0,False,5.81
351,11.7,174.74285714285713,1.0,False,5.824761904761904
352,11.733333333333333,175.99999999999997,1.0,True,5.866666666666667
353,11.766666666666666,177.2142857142857,1.0,True,5.907142857142857
354,11.8,177.78571428571428,1.0,False,5.926190476190476
355,11.833333333333334,175.9142857142857,1.0,False,5.863809523809524
356,11.866666666666667,173.45714285714286,1.0,False,5.781904761904761
357,11.9,172.46190476190475,1.0,True,5.748730158730158
358,11.933333333333334,173.1952380952381,1.0,True,5.773174603174603
359,11.966666666666669,173.44285714285712,1.0,False,5.781428571428571
360,12.0,173.50714285714284,0.9861111044883728,True,5.783571428571428
361,12.033333333333331,173.54285714285714,1.0,False,5.784761904761904
362,12.066666666666666,173.7285714285714,1.0,True,5.79095238095238
363,12.1,174.0,1.0,False,5.8
364,12.133333333333333,174.27142857142854,1.0,True,5.809047619047619
365,12.166666666666666,174.24285714285713,1.0,False,5.8080952380952375
366,12.2,175.3785714285714,1.0,False,5.84595238095238
367,12.233333333333333,175.67142857142855,1.0,False,5.855714285714285
368,12.266666666666666,175.5285714285714,1.0,False,5.85095238095238
369,12.3,174.57142857142856,1.0,False,5.819047619047618
370,12.333333333333334,174.37142857142854,1.0,True,5.812380952380951
371,12.366666666666667,174.5142857142857,1.0,False,5.817142857142857
372,12.4,175.78571428571428,1.0,False,5.859523809523809
373,12.433333333333334,176.48571428571427,1.0,False,5.882857142857143
374,12.466666666666669,176.85714285714283,1.0,False,5.895238095238095
375,12.5,177.35714285714283,1.0,False,5.911904761904761
376,12.533333333333331,178.29999999999998,1.0,False,5.9433333333333325
377,12.566666666666666,178.37142857142854,1.0,False,5.945714285714285
378,12.6,178.62857142857138,1.0,True,5.954285714285713
379,12.633333333333333,178.2428571428571,1.0,False,5.94142857142857
380,12.666666666666666,177.8428571428571,1.0,False,5.928095238095237
381,12.7,177.2428571428571,1.0,False,5.908095238095237
382,12.733333333333333,176.32857142857142,1.0,False,5.877619047619047
383,12.766666666666666,176.14285714285714,1.0,False,5.87142857142857
384,12.8,177.07142857142853,1.0,False,5.902380952380952
385,12.833333333333334,177.87142857142854,1.0,False,5.929047619047618
386,12.866666666666667,177.97142857142853,1.0,False,5.932380952380952
387,12.9,177.29285714285712,1.0,False,5.909761904761904
388,12.933333333333334,176.6,1.0,False,5.886666666666667
389,12.966666666666669,175.99285714285713,1.0,True,5.866428571428571
390,13.0,176.69285714285712,1.0,False,5.889761904761904
391,13.033333333333331,177.30714285714282,1.0,False,5.910238095238094
392,13.066666666666666,178.00714285714284,1.0,True,5.933571428571428
393,13.1,177.57142857142856,1.0,False,5.919047619047619
394,13.133333333333333,176.19285714285712,1.0,False,5.873095238095238
395,13.166666666666666,174.5642857142857,1.0,False,5.818809523809524
396,13.2,174.04285714285714,1.0,False,5.801428571428571
397,13.233333333333333,173.95,1.0,True,5.798333333333333
398,13.266666666666666,175.09999999999997,1.0,False,5.836666666666666
399,13.3,177.30714285714282,1.0,False,5.910238095238094
400,13.333333333333334,178.33571428571426,1.0,False,5.944523809523809
401,13.366666666666667,177.68571428571428,1.0,False,5.922857142857143
402,13.4,177.07857142857142,1.0,True,5.902619047619047
403,13.433333333333334,177.54285714285712,1.0,False,5.918095238095238
404,13.466666666666669,177.26428571428568,1.0,False,5.9088095238095235
405,13.5,176.84285714285713,1.0,False,5.894761904761904
406,13.533333333333331,176.24285714285713,1.0,False,5.874761904761904
407,13.566666666666666,175.37142857142857,1.0,False,5.845714285714285
408,13.6,174.92857142857142,1.0,False,5.83095238095238
409,13.633333333333333,175.95714285714283,1.0,False,5.865238095238095
410,13.666666666666666,177.24285714285713,1.0,False,5.908095238095238
411,13.7,176.74285714285713,1.0,False,5.891428571428571
412,13.733333333333333,176.1,1.0,False,5.869999999999999
413,13.766666666666666,177.0,1.0,True,5.899999999999999
414,13.8,177.94285714285712,1.0,False,5.931428571428571
415,13.833333333333334,177.0,1.0,False,5.8999999999999995
416,13.866666666666667,177.0285714285714,1.0,False,5.90095238095238
417,13.9,177.92857142857142,1.0,False,5.93095238095238
418,13.933333333333334,177.58571428571426,1.0,False,5.919523809523809
419,13.966666666666669,176.05714285714285,1.0,False,5.868571428571428
420,14.0,175.5285714285714,1.0,False,5.85095238095238
421,14.033333333333331,175.7142857142857,1.0,False,5.857142857142857
422,14.066666666666666,176.17142857142855,1.0,False,5.8723809523809525
423,14.1,176.65714285714284,1.0,False,5.888571428571429
424,14.133333333333333,175.87142857142857,1.0,False,5.862380952380952
425,14.166666666666666,175.0142857142857,1.0,False,5.833809523809523
426,14.2,175.24285714285713,1.0,False,5.841428571428571
427,14.233333333333333,175.87142857142857,1.0,False,5.862380952380952
428,14.266666666666666,176.29999999999998,1.0,False,5.876666666666667
429,14.3,176.82857142857142,1.0,False,5.894285714285714
430,14.333333333333334,176.9142857142857,1.0,False,5.897142857142857
431,14.366666666666667,175.87142857142854,1.0,False,5.862380952380953
432,14.4,175.64285714285714,1.0,False,5.854761904761904
433,14.433333333333334,175.5142857142857,1.0,False,5.85047619047619
434,14.466666666666669,176.78571428571428,1.0,False,5.8928571428571415
435,14.5,177.29999999999998,1.0,False,5.91
436,14.533333333333331,177.55714285714285,1.0,False,5.918571428571428
437,14.566666666666666,176.4142857142857,1.0,True,5.88047619047619
438,14.6,175.87142857142854,1.0,True,5.862380952380952
439,14.633333333333333,175.79999999999998,1.0,False,5.859999999999999
440,14.666666666666666,176.28571428571428,1.0,False,5.876190476190476
441,14.7,177.04285714285712,1.0,False,5.901428571428571
442,14.733333333333333,177.67142857142855,1.0,True,5.922380952380952
443,14.766666666666666,177.65714285714284,1.0,False,5.921904761904762
444,14.8,176.4142857142857,1.0,False,5.88047619047619
445,14.833333333333334,175.5142857142857,1.0,False,5.85047619047619
446,14.866666666666667,176.28571428571428,1.0,False,5.876190476190476
447,14.9,178.29999999999998,1.0,False,5.9433333333333325
448,14.933333333333334,177.95,1.0,False,5.931666666666667
449,14.966666666666669,176.5285714285714,1.0,False,5.8842857142857135
450,15.0,175.45,1.0,True,5.848333333333333
451,15.033333333333331,175.5285714285714,1.0,False,5.850952380952381
452,15.066666666666666,177.5642857142857,1.0,False,5.918809523809523
453,15.1,178.98571428571427,1.0,False,5.966190476190476
454,15.133333333333333,179.07142857142856,1.0,False,5.969047619047618
455,15.166666666666666,177.28571428571425,1.0,False,5.909523809523809
456,15.2,177.67142857142855,1.0,False,5.922380952380952
457,15.233333333333333,178.37142857142857,1.0,False,5.945714285714285
458,15.266666666666666,178.99999999999997,1.0,False,5.966666666666667
459,15.3,178.95714285714283,1.0,False,5.965238095238095
460,15.333333333333334,178.58571428571426,1.0,False,5.952857142857142
461,15.366666666666667,177.95714285714286,1.0,False,5.931904761904762
462,15.4,176.6142857142857,1.0,False,5.887142857142856
463,15.433333333333334,176.42142857142858,1.0,False,5.880714285714285
464,15.466666666666669,177.27142857142854,1.0,False,5.909047619047619
465,15.5,178.67857142857142,1.0,True,5.95595238095238
466,15.533333333333331,177.68571428571425,1.0,False,5.922857142857142
467,15.566666666666666,177.02857142857138,1.0,False,5.90095238095238
468,15.6,176.94285714285712,1.0,False,5.898095238095237
469,15.633333333333333,177.92142857142855,1.0,True,5.930714285714285
470,15.666666666666666,177.95714285714283,1.0,False,5.931904761904761
471,15.7,176.96428571428567,1.0,False,5.898809523809523
472,15.733333333333333,177.24285714285713,1.0,False,5.908095238095237
473,15.766666666666666,178.64285714285714,1.0,False,5.954761904761904
474,15.8,179.0285714285714,1.0,False,5.9676190476190465
475,15.833333333333334,178.91428571428568,1.0,False,5.963809523809523
476,15.866666666666667,179.14999999999998,1.0,False,5.971666666666666
477,15.9,179.68571428571425,1.0,False,5.989523809523809
478,15.933333333333334,179.07857142857142,1.0,True,5.969285714285713
479,15.966666666666669,179.75714285714284,1.0,False,5.991904761904761
480,16.0,179.3785714285714,1.0,False,5.979285714285714
481,16.03333333333333,178.55714285714285,1.0,False,5.951904761904761
482,16.066666666666666,177.93571428571428,1.0,False,5.931190476190476
483,16.1,177.78571428571428,1.0,False,5.926190476190476
484,16.133333333333333,176.62142857142854,1.0,True,5.887380952380952
485,16.166666666666668,175.88571428571427,1.0,False,5.862857142857142
486,16.2,177.19285714285715,1.0,False,5.90642857142857
487,16.233333333333334,178.8142857142857,1.0,False,5.96047619047619
488,16.266666666666666,179.59999999999997,1.0,False,5.986666666666666
489,16.3,179.0285714285714,1.0,False,5.967619047619047
490,16.333333333333332,178.17142857142855,1.0,False,5.939047619047618
491,16.366666666666667,177.04285714285714,1.0,False,5.901428571428571
492,16.4,177.2142857142857,1.0,False,5.907142857142857
493,16.433333333333334,177.5285714285714,1.0,False,5.917619047619048
494,16.466666666666665,178.09999999999997,1.0,False,5.936666666666666
495,16.5,177.55714285714285,1.0,False,5.918571428571428
496,16.53333333333333,178.37142857142857,1.0,False,5.945714285714285
497,16.566666666666666,178.79999999999998,1.0,False,5.959999999999999
498,16.6,178.8642857142857,1.0,False,5.962142857142856
499,16.633333333333333,177.67142857142855,1.0,False,5.922380952380951
500,16.666666666666668,177.75,1.0,True,5.924999999999999
501,16.7,177.57142857142856,1.0,False,5.9190476190476184
502,16.733333333333334,177.53571428571428,1.0,False,5.917857142857142
503,16.766666666666666,178.41428571428568,1.0,False,5.947142857142857
504,16.8,179.78571428571428,1.0,False,5.992857142857142
505,16.833333333333332,180.04285714285712,1.0,False,6.001428571428571
506,16.866666666666667,179.54285714285712,1.0,False,5.984761904761904
507,16.9,178.8285714285714,1.0,False,5.960952380952381
508,16.933333333333334,179.05714285714285,1.0,False,5.968571428571428
509,16.966666666666665,179.0142857142857,1.0,False,5.967142857142857
510,17.0,180.75714285714284,1.0,False,6.0252380952380955
511,17.03333333333333,180.0142857142857,1.0,False,6.00047619047619
512,17.066666666666666,178.92857142857142,1.0,False,5.9642857142857135
513,17.1,177.35714285714283,1.0,False,5.911904761904762
514,17.133333333333333,178.4142857142857,1.0,True,5.947142857142857
515,17.166666666666668,179.68571428571425,1.0,False,5.989523809523809
516,17.2,179.58571428571426,1.0,False,5.986190476190476
517,17.233333333333334,179.54285714285714,1.0,False,5.984761904761904
518,17.266666666666666,178.99285714285713,1.0,False,5.966428571428571
519,17.3,179.38571428571427,1.0,False,5.979523809523809
520,17.333333333333332,178.6642857142857,1.0,True,5.955476190476191
521,17.366666666666667,178.58571428571426,1.0,False,5.952857142857143
522,17.4,178.26428571428568,1.0,False,5.942142857142856
523,17.433333333333334,178.55714285714285,1.0,False,5.951904761904761
524,17.466666666666665,178.1,1.0,False,5.9366666666666665
525,17.5,177.77142857142857,1.0,False,5.925714285714285
526,17.53333333333333,177.7,1.0,True,5.923333333333333
527,17.566666666666666,179.29999999999998,1.0,False,5.976666666666666
528,17.6,179.8142857142857,1.0,False,5.993809523809523
529,17.633333333333333,180.3785714285714,1.0,False,6.012619047619047
530,17.666666666666668,180.3142857142857,1.0,False,6.01047619047619
531,17.7,179.92142857142855,1.0,True,5.997380952380952
532,17.733333333333334,178.49999999999997,1.0,False,5.949999999999999
533,17.766666666666666,178.10714285714283,1.0,False,5.936904761904762
534,17.8,179.2785714285714,1.0,False,5.975952380952381
535,17.833333333333332,180.44285714285712,1.0,False,6.014761904761904
536,17.866666666666667,180.33571428571426,1.0,True,6.011190476190475
537,17.9,179.84285714285713,1.0,False,5.994761904761904
538,17.933333333333334,180.26428571428568,1.0,False,6.008809523809523
539,17.966666666666665,181.25714285714284,1.0,False,6.041904761904761
540,18.0,180.9857142857143,1.0,False,6.032857142857143
541,18.03333333333333,179.88571428571427,1.0,False,5.996190476190476
542,18.066666666666663,178.1142857142857,1.0,True,5.937142857142856
543,18.1,178.39999999999998,1.0,False,5.946666666666665
544,18.133333333333333,178.97142857142856,1.0,False,5.965714285714285
545,18.166666666666668,179.6428571428571,1.0,False,5.988095238095238
546,18.2,179.24285714285713,1.0,False,5.9747619047619045
547,18.233333333333334,178.82857142857142,1.0,False,5.9609523809523814
548,18.266666666666666,178.6,1.0,False,5.953333333333333
549,18.3,178.18571428571425,1.0,False,5.939523809523809
550,18.333333333333332,178.05714285714282,1.0,False,5.935238095238095
551,18.366666666666667,178.7142857142857,1.0,False,5.957142857142857
552,18.4,179.77142857142854,1.0,False,5.992380952380952
553,18.433333333333337,180.05714285714285,1.0,False,6.001904761904761
554,18.466666666666665,179.78571428571428,1.0,False,5.992857142857143
555,18.5,180.1285714285714,1.0,True,6.004285714285714
556,18.53333333333333,179.6142857142857,1.0,False,5.987142857142857
557,18.566666666666663,179.94285714285712,1.0,False,5.998095238095238
558,18.6,179.04285714285712,1.0,False,5.968095238095238
559,18.633333333333333,178.0285714285714,1.0,False,5.934285714285713
560,18.666666666666668,178.34285714285713,1.0,False,5.944761904761904
561,18.7,179.84285714285713,1.0,False,5.994761904761905
562,18.733333333333334,180.3142857142857,1.0,False,6.01047619047619
563,18.766666666666666,180.41428571428568,1.0,True,6.013809523809523
564,18.8,181.28571428571428,1.0,False,6.042857142857143
565,18.833333333333332,181.04285714285712,1.0,False,6.034761904761904
566,18.866666666666667,180.04285714285712,1.0,False,6.001428571428571
567,18.9,179.08571428571426,1.0,False,5.9695238095238095
568,18.933333333333337,177.22857142857143,1.0,False,5.907619047619047
569,18.966666666666665,178.65714285714284,1.0,False,5.955238095238094
570,19.0,176.2,1.0,False,5.873333333333333
571,19.03333333333333,174.28571428571428,1.0,False,5.809523809523809
572,19.066666666666663,175.35714285714283,1.0,True,5.845238095238096
573,19.1,180.1142857142857,1.0,False,6.003809523809523
574,19.133333333333333,179.65714285714282,1.0,False,5.9885714285714275
575,19.166666666666668,178.25714285714284,1.0,False,5.941904761904762
576,19.2,179.07142857142856,1.0,False,5.969047619047618
577,19.233333333333334,178.65714285714284,1.0,False,5.955238095238094
578,19.266666666666666,178.57142857142853,1.0,False,5.952380952380952
579,19.3,179.14285714285714,1.0,False,5.971428571428571
580,19.333333333333332,178.9142857142857,1.0,False,5.963809523809524
581,19.366666666666667,177.6,1.0,False,5.919999999999999
582,19.4,177.15714285714282,1.0,False,5.9052380952380945
583,19.433333333333337,176.82857142857142,1.0,False,5.894285714285713
584,19.466666666666665,176.6428571428571,1.0,False,5.888095238095238
585,19.5,176.31428571428572,1.0,False,5.877142857142856
586,19.53333333333333,174.57142857142856,1.0,False,5.819047619047619
587,19.566666666666663,174.69285714285712,1.0,False,5.823095238095238
588,19.6,177.67142857142855,1.0,False,5.922380952380952
589,19.633333333333333,181.97857142857143,1.0,True,6.065952380952381
590,19.666666666666668,182.49285714285713,1.0,False,6.083095238095238
591,19.7,181.79285714285712,1.0,False,6.0597619047619045
592,19.733333333333334,180.53571428571428,1.0,True,6.017857142857143
593,19.766666666666666,180.58571428571426,1.0,False,6.019523809523809
594,19.8,180.43571428571425,1.0,False,6.0145238095238085
595,19.833333333333332,179.65714285714284,1.0,False,5.988571428571428
596,19.866666666666667,179.8142857142857,1.0,False,5.993809523809524
597,19.9,181.1142857142857,1.0,False,6.0371428571428565
598,19.933333333333337,181.35714285714286,1.0,False,6.045238095238094
599,19.966666666666665,180.48571428571427,1.0,False,6.016190476190475
600,20.0,179.81428571428572,1.0,False,5.993809523809524
601,20.03333333333333,180.68571428571428,1.0,False,6.022857142857142
602,20.066666666666663,179.88571428571427,1.0,False,5.996190476190475
603,20.1,179.95714285714286,1.0,False,5.998571428571428
604,20.133333333333333,179.17142857142855,1.0,False,5.972380952380952
605,20.166666666666668,178.6,1.0,False,5.953333333333333
606,20.2,177.67142857142855,1.0,False,5.922380952380951
607,20.233333333333334,178.2,1.0,False,5.939999999999999
608,20.266666666666666,178.54285714285714,1.0,True,5.95142857142857
609,20.3,178.67142857142855,1.0,False,5.9557142857142855
610,20.333333333333332,178.78571428571428,1.0,False,5.95952380952381
611,20.366666666666667,178.4142857142857,1.0,True,5.947142857142857
612,20.4,178.42857142857142,1.0,False,5.947619047619047
613,20.433333333333337,179.37142857142857,1.0,False,5.979047619047618
614,20.466666666666665,179.18571428571428,1.0,False,5.972857142857142
615,20.5,179.6285714285714,1.0,False,5.987619047619048
616,20.53333333333333,179.9142857142857,1.0,False,5.997142857142857
617,20.566666666666663,180.1,1.0,False,6.003333333333333
618,20.6,180.05714285714285,1.0,False,6.001904761904762
619,20.633333333333333,181.1,1.0,False,6.036666666666665
620,20.666666666666668,181.42857142857142,1.0,False,6.047619047619047
621,20.7,181.04285714285712,1.0,False,6.034761904761904
622,20.733333333333334,181.37142857142857,1.0,False,6.045714285714285
623,20.766666666666666,181.54285714285714,1.0,False,6.051428571428572
624,20.8,181.5,1.0,False,6.05
625,20.833333333333332,181.7142857142857,1.0,True,6.057142857142857
626,20.866666666666667,180.8142857142857,1.0,False,6.027142857142857
627,20.9,179.68571428571425,1.0,False,5.989523809523809
628,20.933333333333337,179.37142857142857,1.0,False,5.979047619047619
629,20.966666666666665,180.3285714285714,1.0,False,6.01095238095238
630,21.0,181.34285714285713,1.0,False,6.044761904761904
631,21.03333333333333,181.4,1.0,False,6.046666666666666
632,21.066666666666663,180.92857142857142,1.0,False,6.03095238095238
633,21.1,180.67142857142855,1.0,False,6.022380952380952
634,21.133333333333333,180.3142857142857,1.0,False,6.01047619047619
635,21.166666666666668,179.51428571428568,1.0,False,5.983809523809524
636,21.2,179.75714285714284,1.0,False,5.991904761904761
637,21.233333333333334,180.94285714285712,1.0,False,6.03142857142857
638,21.266666666666666,181.08571428571426,1.0,True,6.036190476190476
639,21.3,180.90714285714284,1.0,False,6.0302380952380945
640,21.333333333333332,181.07142857142856,1.0,False,6.035714285714286
641,21.366666666666667,180.8357142857143,1.0,True,6.027857142857143
642,21.4,180.08571428571426,1.0,False,6.002857142857143
643,21.433333333333337,180.10714285714283,1.0,False,6.003571428571427
644,21.466666666666665,180.2,1.0,False,6.006666666666666
645,21.5,180.38571428571427,1.0,False,6.0128571428571425
646,21.53333333333333,180.07142857142856,1.0,False,6.002380952380952
647,21.566666666666663,179.75714285714284,1.0,False,5.991904761904761
648,21.6,179.41428571428568,1.0,False,5.98047619047619
649,21.633333333333333,180.29999999999998,1.0,False,6.01
650,21.666666666666668,181.0285714285714,1.0,False,6.034285714285714
651,21.7,181.25714285714284,1.0,False,6.041904761904761
652,21.733333333333334,181.08571428571426,1.0,True,6.036190476190476
653,21.766666666666666,180.74285714285713,1.0,False,6.024761904761904
654,21.8,179.37142857142857,1.0,False,5.979047619047618
655,21.833333333333332,178.68571428571425,1.0,False,5.956190476190476
656,21.866666666666667,178.89999999999998,1.0,False,5.963333333333333
657,21.9,179.17142857142855,1.0,True,5.972380952380952
658,21.933333333333337,178.37142857142857,1.0,False,5.945714285714286
659,21.966666666666665,178.34285714285713,1.0,False,5.944761904761905
660,22.0,178.6142857142857,1.0,False,5.953809523809523
661,22.03333333333333,179.42857142857142,1.0,False,5.980952380952381
662,22.066666666666663,179.3142857142857,1.0,False,5.977142857142857
663,22.1,179.85714285714283,1.0,False,5.995238095238095
664,22.133333333333333,180.39999999999998,1.0,False,6.013333333333333
665,22.166666666666668,181.38571428571427,1.0,True,6.046190476190476
666,22.2,180.35714285714283,1.0,False,6.011904761904762
667,22.233333333333334,179.14285714285714,1.0,False,5.9714285714285715
668,22.266666666666666,178.1142857142857,1.0,True,5.937142857142857
669,22.3,178.92857142857142,1.0,False,5.9642857142857135
670,22.333333333333332,180.15714285714284,1.0,False,6.005238095238095
671,22.366666666666667,181.84285714285713,1.0,False,6.0614285714285705
672,22.4,181.89999999999998,1.0,False,6.063333333333333
673,22.433333333333337,180.88571428571427,1.0,False,6.029523809523809
674,22.466666666666665,179.45714285714283,1.0,False,5.981904761904762
675,22.5,179.04285714285712,1.0,False,5.968095238095238
676,22.53333333333333,178.78571428571428,1.0,True,5.95952380952381
677,22.566666666666663,179.47142857142856,1.0,False,5.982380952380952
678,22.6,180.44285714285712,1.0,False,6.014761904761904
679,22.633333333333333,182.48571428571427,1.0,False,6.082857142857143
680,22.666666666666668,181.74285714285713,1.0,False,6.0580952380952375
681,22.7,179.95714285714286,1.0,False,5.998571428571428
682,22.733333333333334,178.07142857142856,1.0,False,5.935714285714284
683,22.766666666666666,178.5,1.0,True,5.949999999999998
684,22.8,178.5,1.0,False,5.95
685,22.833333333333332,178.5,1.0,True,5.95
686,22.866666666666667,178.45714285714286,1.0,True,5.948571428571429
687,22.9,178.6285714285714,1.0,False,5.954285714285715
688,22.933333333333337,178.87142857142854,1.0,False,5.962380952380952
689,22.966666666666665,179.08571428571426,1.0,True,5.9695238095238095
690,23.0,178.91428571428568,1.0,False,5.963809523809524
691,23.03333333333333,178.32857142857142,1.0,True,5.944285714285714
692,23.066666666666663,178.64285714285714,1.0,False,5.954761904761904
693,23.1,179.27142857142857,1.0,False,5.975714285714286
694,23.133333333333333,179.95,1.0,False,5.998333333333333
695,23.166666666666668,179.78571428571428,1.0,False,5.992857142857143
696,23.2,179.70714285714283,1.0,True,5.990238095238095
697,23.233333333333334,179.54285714285712,1.0,False,5.984761904761904
698,23.266666666666666,181.16428571428568,1.0,False,6.038809523809523
699,23.3,182.25714285714284,1.0,False,6.075238095238095
700,23.333333333333332,182.57142857142856,1.0,False,6.085714285714285
701,23.366666666666667,181.22857142857143,1.0,False,6.040952380952381
702,23.4,180.34285714285713,1.0,False,6.011428571428572
703,23.433333333333337,179.7142857142857,1.0,False,5.99047619047619
704,23.466666666666665,180.21071428571426,1.0,False,6.007023809523809
705,23.5,180.5642857142857,1.0,False,6.018809523809523
706,23.53333333333333,180.38571428571427,1.0,True,6.0128571428571425
707,23.566666666666663,180.24999999999997,1.0,True,6.008333333333332
708,23.6,179.98571428571427,1.0,True,5.999523809523809
709,23.633333333333333,180.45,1.0,False,6.015
710,23.666666666666668,181.01785714285714,1.0,False,6.0339285714285715
711,23.7,181.17142857142855,1.0,True,6.0390476190476186
712,23.733333333333334,180.49999999999997,1.0,True,6.016666666666667
713,23.766666666666666,179.82857142857142,1.0,False,5.994285714285714
714,23.8,179.92857142857142,1.0,False,5.997619047619047
715,23.833333333333332,180.78571428571428,1.0,False,6.026190476190476
716,23.866666666666667,181.2,1.0,False,6.04
717,23.9,180.92857142857142,1.0,False,6.03095238095238
718,23.933333333333337,180.9142857142857,1.0,False,6.0304761904761905
719,23.966666666666665,180.48571428571427,1.0,False,6.016190476190475
720,24.0,180.44285714285712,1.0,False,6.014761904761904
721,24.03333333333333,180.7285714285714,1.0,False,6.024285714285714
722,24.066666666666663,181.34285714285713,1.0,False,6.044761904761904
723,24.1,180.87142857142857,1.0,False,6.029047619047619
724,24.133333333333333,180.54285714285712,1.0,True,6.0180952380952375
725,24.166666666666668,179.95714285714286,1.0,False,5.998571428571428
726,24.2,179.67142857142855,1.0,False,5.989047619047619
727,24.233333333333334,179.0285714285714,1.0,False,5.967619047619047
728,24.266666666666666,179.35714285714283,1.0,False,5.978571428571428
729,24.3,179.55714285714282,1.0,False,5.985238095238095
730,24.333333333333332,180.27142857142857,1.0,False,6.009047619047618
731,24.366666666666667,179.68571428571425,1.0,False,5.989523809523809
732,24.4,180.7,1.0,False,6.0233333333333325
733,24.433333333333337,180.28571428571428,1.0,False,6.009523809523809
734,24.466666666666665,181.6,1.0,False,6.053333333333333
735,24.5,181.6142857142857,1.0,False,6.053809523809523
736,24.53333333333333,182.28571428571428,1.0,False,6.076190476190476
737,24.566666666666663,179.45714285714283,1.0,False,5.981904761904761
738,24.6,179.7285714285714,1.0,False,5.99095238095238
739,24.633333333333333,180.80714285714285,1.0,False,6.026904761904761
740,24.666666666666668,182.5142857142857,1.0,False,6.0838095238095224
741,24.7,181.70714285714283,1.0,True,6.056904761904762
742,24.733333333333334,181.58571428571426,1.0,False,6.0528571428571425
743,24.766666666666666,181.30714285714285,1.0,False,6.043571428571427
744,24.8,181.23571428571427,1.0,False,6.041190476190476
745,24.833333333333332,181.37142857142857,1.0,False,6.045714285714285
746,24.866666666666667,181.83571428571426,1.0,True,6.061190476190476
747,24.9,181.78571428571428,1.0,False,6.059523809523809
748,24.933333333333337,181.99285714285713,1.0,False,6.06642857142857
749,24.966666666666665,181.1,1.0,False,6.036666666666666
750,25.0,180.39999999999998,1.0,False,6.013333333333333
751,25.03333333333333,180.15714285714284,1.0,False,6.005238095238095
752,25.066666666666663,180.95714285714286,1.0,False,6.031904761904761
753,25.1,180.99999999999997,1.0,True,6.033333333333333
754,25.133333333333333,181.2142857142857,1.0,False,6.0404761904761894
755,25.166666666666668,181.2,1.0,False,6.04
756,25.2,180.49999999999997,1.0,False,6.016666666666666
757,25.233333333333334,179.67142857142855,1.0,False,5.989047619047618
758,25.266666666666666,180.38571428571427,1.0,False,6.0128571428571425
759,25.3,180.44285714285712,1.0,False,6.0147619047619045
760,25.333333333333332,179.9142857142857,1.0,False,5.997142857142856
761,25.366666666666667,179.54761904761904,1.0,True,5.984920634920635
762,25.4,180.86666666666667,0.9861111044883728,True,6.028888888888888
763,25.433333333333337,181.3142857142857,1.0,False,6.043809523809523
764,25.466666666666665,178.87142857142857,1.0,False,5.962380952380952
765,25.5,178.82857142857142,1.0,False,5.960952380952381
766,25.53333333333333,179.54285714285714,1.0,False,5.984761904761905
767,25.566666666666663,181.3,1.0,False,6.043333333333333
768,25.6,180.81428571428572,1.0,False,6.027142857142858
769,25.633333333333333,182.3857142857143,1.0,True,6.07952380952381
770,25.666666666666668,181.75,1.0,False,6.058333333333333
771,25.7,180.72857142857143,1.0,False,6.024285714285714
772,25.733333333333334,180.03571428571428,1.0,True,6.001190476190475
773,25.766666666666666,180.43571428571425,1.0,False,6.0145238095238085
774,25.8,180.5642857142857,1.0,False,6.018809523809524
775,25.833333333333332,180.75,1.0,True,6.025
776,25.866666666666667,180.9785714285714,1.0,False,6.032619047619047
777,25.9,180.9785714285714,1.0,False,6.032619047619047
778,25.933333333333337,180.57857142857142,0.9861111044883728,True,6.019285714285714
779,25.966666666666665,180.92857142857142,1.0,False,6.030952380952381
780,26.0,182.60714285714286,1.0,False,6.086904761904761
781,26.03333333333333,182.92857142857142,1.0,False,6.097619047619047
782,26.066666666666663,182.2,1.0,False,6.073333333333332
783,26.1,181.44285714285712,1.0,False,6.048095238095237
784,26.133333333333333,181.54285714285714,1.0,False,6.051428571428571
785,26.166666666666668,180.0285714285714,1.0,False,6.000952380952381
786,26.2,181.17142857142855,1.0,False,6.0390476190476186
787,26.233333333333334,182.65714285714284,1.0,False,6.088571428571428
788,26.266666666666666,182.72857142857143,1.0,False,6.0909523809523805
789,26.3,179.5285714285714,1.0,False,5.984285714285713
790,26.333333333333332,179.1142857142857,1.0,False,5.97047619047619
791,26.366666666666667,180.3142857142857,1.0,False,6.01047619047619
792,26.4,180.4642857142857,1.0,False,6.01547619047619
793,26.433333333333337,178.8142857142857,1.0,False,5.960476190476189
794,26.466666666666665,177.82142857142856,1.0,True,5.927380952380951
795,26.5,178.79999999999998,1.0,False,5.959999999999999
796,26.53333333333333,180.73571428571427,1.0,False,6.024523809523809
797,26.566666666666663,181.6,1.0,False,6.053333333333333
798,26.6,180.34285714285713,1.0,False,6.011428571428572
799,26.633333333333333,179.68571428571425,1.0,False,5.98952380952381
800,26.666666666666668,180.8142857142857,1.0,False,6.027142857142857
801,26.7,181.67142857142855,1.0,False,6.055714285714285
802,26.733333333333334,180.82857142857142,1.0,False,6.027619047619048
803,26.766666666666666,180.29999999999998,1.0,False,6.01
804,26.8,180.49999999999997,1.0,False,6.016666666666666
805,26.833333333333332,180.5285714285714,1.0,False,6.017619047619047
806,26.866666666666667,180.77142857142857,1.0,False,6.025714285714285
807,26.9,180.77142857142854,1.0,False,6.025714285714285
808,26.933333333333337,180.90714285714284,1.0,False,6.0302380952380945
809,26.966666666666665,180.37142857142854,1.0,False,6.012380952380951
810,27.0,180.20714285714283,1.0,True,6.006904761904761
811,27.03333333333333,180.1285714285714,1.0,False,6.004285714285714
812,27.066666666666663,180.60714285714283,0.9861111044883728,True,6.020238095238095
813,27.1,180.5285714285714,1.0,False,6.017619047619047
814,27.133333333333333,180.0142857142857,1.0,False,6.000476190476189
815,27.166666666666668,179.1142857142857,1.0,False,5.97047619047619
816,27.2,178.75714285714284,1.0,False,5.958571428571428
817,27.233333333333334,178.4142857142857,1.0,False,5.947142857142857
818,27.266666666666666,178.49999999999997,1.0,False,5.949999999999998
819,27.3,178.3285714285714,1.0,True,5.944285714285713
820,27.333333333333332,178.97142857142853,1.0,False,5.965714285714284
821,27.366666666666667,180.24285714285713,1.0,False,6.008095238095238
822,27.4,180.7,1.0,False,6.023333333333333
823,27.433333333333337,179.75714285714284,1.0,False,5.991904761904761
824,27.466666666666665,179.1285714285714,1.0,False,5.97095238095238
825,27.5,179.28571428571428,1.0,False,5.976190476190475
826,27.53333333333333,179.67142857142855,1.0,False,5.989047619047619
827,27.566666666666663,179.9142857142857,1.0,False,5.997142857142856
828,27.6,180.0,1.0,False,6.0
829,27.633333333333333,179.24285714285713,1.0,False,5.974761904761904
830,27.666666666666668,179.0142857142857,1.0,False,5.967142857142857
831,27.7,179.7,1.0,False,5.989999999999999
832,27.733333333333334,181.2142857142857,1.0,False,6.0404761904761894
833,27.766666666666666,181.65714285714284,1.0,False,6.055238095238094
834,27.8,180.99999999999997,1.0,False,6.033333333333333
835,27.833333333333332,180.38571428571427,1.0,False,6.0128571428571425
836,27.866666666666667,180.82857142857142,1.0,False,6.027619047619048
837,27.9,181.6285714285714,1.0,False,6.054285714285714
838,27.933333333333337,180.1,1.0,False,6.003333333333332
839,27.966666666666665,178.84999999999997,1.0,False,5.961666666666665
840,28.0,178.7285714285714,1.0,False,5.957619047619047
841,28.03333333333333,179.89999999999998,1.0,True,5.996666666666667
842,28.066666666666663,179.99999999999997,1.0,False,5.999999999999999
843,28.1,180.27142857142854,1.0,True,6.009047619047618
844,28.133333333333333,180.49999999999997,1.0,False,6.016666666666666
845,28.166666666666668,180.60714285714283,1.0,False,6.020238095238095
846,28.2,179.05714285714285,1.0,False,5.968571428571428
847,28.233333333333334,179.47142857142856,1.0,False,5.982380952380952
848,28.266666666666666,180.74285714285713,1.0,False,6.024761904761904
849,28.3,182.18571428571428,1.0,False,6.072857142857142
850,28.333333333333332,181.4142857142857,1.0,True,6.047142857142856
851,28.366666666666667,181.5,1.0,False,6.05
852,28.4,181.37142857142857,1.0,True,6.045714285714286
853,28.433333333333337,181.92857142857142,1.0,False,6.064285714285714
854,28.466666666666665,182.5285714285714,1.0,False,6.084285714285714
855,28.5,182.7142857142857,1.0,True,6.090476190476189
856,28.53333333333333,181.87142857142857,1.0,False,6.062380952380952
857,28.566666666666663,180.99999999999997,1.0,False,6.033333333333332
858,28.6,180.92857142857142,1.0,False,6.03095238095238
859,28.633333333333333,180.55714285714285,1.0,False,6.018571428571428
860,28.666666666666668,181.24285714285713,1.0,False,6.04142857142857
861,28.7,182.18571428571428,1.0,False,6.072857142857142
862,28.733333333333334,182.95714285714286,1.0,False,6.098571428571428
863,28.766666666666666,182.42857142857142,1.0,False,6.08095238095238
864,28.8,182.2,1.0,False,6.073333333333333
865,28.833333333333332,181.9142857142857,1.0,False,6.063809523809523
866,28.866666666666667,182.0142857142857,1.0,False,6.067142857142857
867,28.9,182.45714285714283,1.0,False,6.081904761904761
868,28.933333333333337,182.72857142857143,1.0,False,6.0909523809523805
869,28.966666666666665,182.30476190476193,1.0,True,6.076825396825397
870,29.0,182.1952380952381,1.0,True,6.0731746031746034
871,29.03333333333333,181.85714285714286,1.0,False,6.061904761904762
872,29.066666666666663,181.74285714285713,1.0,False,6.0580952380952375
873,29.1,181.95714285714286,1.0,False,6.065238095238095
874,29.133333333333333,181.57142857142856,1.0,False,6.052380952380951
875,29.166666666666668,181.18571428571425,1.0,False,6.039523809523809
876,29.2,180.68571428571428,1.0,False,6.022857142857143
877,29.233333333333334,182.15714285714284,1.0,False,6.0719047619047615
878,29.266666666666666,183.5142857142857,1.0,False,6.1171428571428565
879,29.3,184.04285714285712,1.0,False,6.134761904761904
880,29.333333333333332,183.6,1.0,False,6.119999999999999
881,29.366666666666667,184.15714285714284,1.0,False,6.138571428571428
882,29.4,184.15714285714284,1.0,False,6.138571428571428
883,29.433333333333337,183.68571428571428,1.0,False,6.122857142857142
884,29.466666666666665,183.6142857142857,1.0,False,6.12047619047619
885,29.5,183.2,1.0,False,6.1066666666666665
886,29.53333333333333,182.72857142857143,1.0,False,6.0909523809523805
887,29.566666666666663,183.15714285714284,1.0,False,6.105238095238095
888,29.6,183.0285714285714,1.0,False,6.100952380952381
889,29.633333333333333,182.18571428571428,1.0,False,6.072857142857143
890,29.666666666666668,182.24285714285713,1.0,True,6.074761904761905
891,29.7,183.88571428571427,1.0,False,6.12952380952381
892,29.733333333333334,183.47142857142856,1.0,False,6.115714285714285
893,29.766666666666666,181.7285714285714,1.0,False,6.057619047619047
894,29.8,180.5857142857143,1.0,False,6.01952380952381
895,29.833333333333332,182.04285714285714,1.0,True,6.068095238095238
896,29.866666666666667,183.0285714285714,1.0,False,6.100952380952381
897,29.9,182.88571428571427,1.0,False,6.0961904761904755
898,29.933333333333337,181.27142857142857,1.0,False,6.042380952380952
899,29.966666666666665,181.82857142857142,1.0,False,6.06095238095238
900,30.0,184.48571428571427,1.0,False,6.149523809523808
901,30.03333333333333,186.09999999999997,1.0,False,6.203333333333333
902,30.066666666666663,185.2,1.0,False,6.173333333333333
903,30.1,182.84285714285713,1.0,False,6.094761904761905
904,30.133333333333333,182.1142857142857,1.0,False,6.07047619047619
905,30.166666666666668,182.0285714285714,1.0,False,6.067619047619047
906,30.2,182.87142857142857,1.0,False,6.095714285714285
907,30.233333333333334,182.79999999999998,1.0,False,6.093333333333333
908,30.266666666666666,181.94285714285715,1.0,False,6.064761904761904
909,30.3,181.81428571428572,1.0,False,6.06047619047619
910,30.333333333333332,181.85714285714286,1.0,False,6.061904761904762
911,30.366666666666667,182.2142857142857,1.0,False,6.073809523809523
912,30.4,182.08571428571426,1.0,False,6.069523809523809
913,30.433333333333337,182.37142857142857,1.0,False,6.079047619047619
914,30.466666666666665,182.54285714285714,1.0,True,6.084761904761904
915,30.5,182.49999999999997,1.0,True,6.083333333333333
916,30.53333333333333,182.49999999999997,1.0,True,6.083333333333333
917,30.566666666666663,182.54285714285712,1.0,False,6.084761904761904
918,30.6,182.24285714285713,1.0,False,6.074761904761903
919,30.633333333333333,182.5142857142857,1.0,False,6.0838095238095224
920,30.666666666666668,183.07142857142856,1.0,False,6.102380952380952
921,30.7,183.5857142857143,1.0,False,6.11952380952381
922,30.733333333333334,183.75714285714284,1.0,False,6.125238095238095
923,30.766666666666666,183.44285714285712,1.0,False,6.114761904761904
924,30.8,182.97142857142856,1.0,False,6.099047619047618
925,30.833333333333332,183.08571428571426,1.0,False,6.102857142857142
926,30.866666666666667,183.5285714285714,1.0,False,6.117619047619047
927,30.9,183.29999999999998,1.0,False,6.109999999999999
928,30.933333333333337,183.29999999999998,1.0,False,6.109999999999999
929,30.966666666666665,182.42857142857142,1.0,False,6.080952380952381
930,31.0,181.65714285714284,1.0,False,6.055238095238095
931,31.03333333333333,182.45714285714283,1.0,True,6.081904761904762
932,31.066666666666663,183.5142857142857,1.0,False,6.1171428571428565
933,31.1,182.85714285714283,1.0,False,6.095238095238094
934,31.133333333333333,181.39999999999998,1.0,False,6.046666666666666
935,31.166666666666668,182.52857142857144,1.0,False,6.0842857142857145
936,31.2,183.29999999999998,1.0,False,6.109999999999999
937,31.233333333333334,183.77142857142854,1.0,False,6.125714285714285
938,31.266666666666666,182.35714285714283,1.0,False,6.078571428571428
939,31.3,182.31428571428572,1.0,False,6.0771428571428565
940,31.333333333333332,182.3142857142857,1.0,False,6.0771428571428565
941,31.366666666666667,182.79999999999998,1.0,False,6.093333333333332
942,31.4,183.1285714285714,1.0,False,6.104285714285713
943,31.433333333333337,183.7,1.0,False,6.123333333333332
944,31.466666666666665,183.52142857142857,1.0,True,6.117380952380952
945,31.5,183.2142857142857,1.0,False,6.107142857142857
946,31.53333333333333,183.75,0.9861111044883728,True,6.125
947,31.566666666666663,184.45714285714283,1.0,False,6.148571428571428
948,31.6,183.4642857142857,1.0,False,6.11547619047619
949,31.633333333333333,182.33571428571426,1.0,False,6.077857142857142
950,31.666666666666668,182.07142857142856,1.0,False,6.069047619047618
951,31.7,182.83571428571426,1.0,True,6.0945238095238095
952,31.733333333333334,183.1285714285714,1.0,False,6.104285714285713
953,31.766666666666666,182.4642857142857,1.0,False,6.082142857142856
954,31.8,181.68571428571425,1.0,False,6.0561904761904755
955,31.833333333333332,181.0285714285714,1.0,False,6.034285714285714
956,31.866666666666667,181.25714285714284,1.0,False,6.041904761904761
957,31.9,181.4142857142857,1.0,False,6.047142857142856
958,31.933333333333337,182.0,1.0,False,6.0666666666666655
959,31.966666666666665,182.6285714285714,1.0,False,6.087619047619047
960,32.0,182.5285714285714,1.0,False,6.084285714285713
961,32.03333333333333,182.94285714285712,1.0,False,6.098095238095238
962,32.06666666666666,182.23571428571427,1.0,False,6.074523809523809
963,32.1,181.44285714285712,1.0,False,6.048095238095238
964,32.13333333333333,180.38571428571427,1.0,True,6.0128571428571425
965,32.166666666666664,181.17142857142855,1.0,False,6.039047619047619
966,32.2,182.39999999999998,1.0,True,6.079999999999999
967,32.233333333333334,182.94285714285715,1.0,False,6.098095238095238
968,32.266666666666666,182.40714285714284,1.0,False,6.080238095238094
969,32.3,181.2,1.0,False,6.039999999999999
970,32.333333333333336,181.42857142857142,1.0,False,6.047619047619047
971,32.36666666666667,183.17142857142855,0.9857142865657806,True,6.105714285714285
972,32.4,183.92857142857142,1.0,False,6.1309523809523805
973,32.43333333333333,183.78571428571428,1.0,False,6.126190476190476
974,32.46666666666667,182.2142857142857,1.0,False,6.0738095238095235
975,32.5,182.37142857142854,1.0,False,6.079047619047619
976,32.53333333333333,181.79999999999998,1.0,False,6.06
977,32.56666666666666,182.18571428571428,1.0,False,6.072857142857143
978,32.6,182.4142857142857,1.0,False,6.08047619047619
979,32.63333333333333,184.29999999999998,1.0,False,6.143333333333333
980,32.666666666666664,183.7142857142857,1.0,False,6.123809523809523
981,32.7,182.4142857142857,1.0,False,6.08047619047619
982,32.733333333333334,182.1142857142857,1.0,False,6.070476190476191
983,32.766666666666666,183.07142857142858,1.0,False,6.102380952380953
984,32.8,182.7142857142857,1.0,False,6.09047619047619
985,32.833333333333336,183.68571428571428,1.0,False,6.122857142857143
986,32.86666666666667,184.92857142857142,1.0,False,6.164285714285714
987,32.9,184.88571428571427,1.0,False,6.162857142857142
988,32.93333333333333,184.5142857142857,1.0,False,6.15047619047619
989,32.96666666666667,184.8142857142857,1.0,False,6.1604761904761896
990,33.0,184.1285714285714,1.0,True,6.137619047619048
991,33.03333333333333,182.62857142857143,1.0,False,6.0876190476190475
992,33.06666666666666,182.97142857142856,1.0,False,6.099047619047618
993,33.1,182.92857142857142,1.0,False,6.097619047619046
994,33.13333333333333,182.42142857142855,1.0,False,6.0807142857142855
995,33.166666666666664,181.6142857142857,1.0,False,6.053809523809523
996,33.2,181.66428571428568,1.0,True,6.055476190476191
997,33.233333333333334,182.0142857142857,1.0,False,6.067142857142857
998,33.266666666666666,182.25,1.0,False,6.074999999999999
999,33.3,182.55714285714285,1.0,False,6.085238095238094
1000,33.333333333333336,182.99999999999997,0.9861111044883728,True,6.099999999999999
1001,33.36666666666667,183.57142857142856,1.0,False,6.119047619047619
1002,33.4,183.42857142857142,1.0,False,6.114285714285714
1003,33.43333333333333,182.44285714285712,1.0,False,6.08142857142857
1004,33.46666666666667,182.98571428571427,1.0,False,6.0995238095238085
1005,33.5,183.5142857142857,1.0,False,6.1171428571428565
1006,33.53333333333333,183.97142857142856,1.0,False,6.132380952380952
1007,33.56666666666666,183.37142857142857,1.0,False,6.112380952380953
1008,33.6,183.60714285714286,1.0,False,6.120238095238095
1009,33.63333333333333,183.91428571428568,1.0,False,6.130476190476189
1010,33.666666666666664,184.25,1.0,True,6.141666666666667
1011,33.7,184.6285714285714,1.0,False,6.154285714285714
1012,33.733333333333334,184.93571428571425,1.0,False,6.164523809523809
1013,33.766666666666666,184.1142857142857,1.0,False,6.137142857142857
1014,33.8,183.14285714285714,1.0,False,6.104761904761904
1015,33.833333333333336,182.6142857142857,1.0,False,6.087142857142856
1016,33.86666666666667,182.52142857142854,1.0,True,6.0840476190476185
1017,33.9,182.12857142857143,1.0,False,6.070952380952379
1018,33.93333333333333,182.18571428571428,1.0,True,6.072857142857141
1019,33.96666666666667,182.49999999999997,1.0,False,6.083333333333332
1020,34.0,182.77142857142857,1.0,True,6.092380952380952
1021,34.03333333333333,182.82857142857142,1.0,False,6.094285714285713
1022,34.06666666666666,183.3642857142857,1.0,False,6.112142857142857
1023,34.1,184.4142857142857,1.0,False,6.147142857142856
1024,34.13333333333333,184.57142857142856,1.0,False,6.152380952380952
1025,34.166666666666664,183.25714285714284,1.0,False,6.108571428571428
1026,34.2,182.17142857142855,1.0,False,6.072380952380952
1027,34.233333333333334,182.32857142857142,1.0,False,6.077619047619047
1028,34.266666666666666,183.17142857142855,1.0,False,6.105714285714285
1029,34.3,183.78571428571428,1.0,False,6.126190476190476
1030,34.333333333333336,184.08571428571426,1.0,False,6.1361904761904755
1031,34.36666666666667,183.99999999999997,1.0,True,6.133333333333333
1032,34.4,183.99999999999997,1.0,False,6.133333333333333
1033,34.43333333333333,183.95714285714283,1.0,True,6.131904761904761
1034,34.46666666666667,184.2142857142857,1.0,False,6.14047619047619
1035,34.5,184.15714285714284,1.0,False,6.138571428571428
1036,34.53333333333333,183.7142857142857,1.0,False,6.123809523809523
1037,34.56666666666666,182.74285714285713,1.0,True,6.091428571428572
1038,34.6,183.18571428571428,1.0,False,6.106190476190476
1039,34.63333333333333,183.94285714285712,1.0,False,6.131428571428571
1040,34.666666666666664,183.2,1.0,False,6.1066666666666665
1041,34.7,180.92857142857142,1.0,False,6.030952380952381
1042,34.733333333333334,180.0857142857143,1.0,False,6.002857142857142
1043,34.766666666666666,182.27142857142857,1.0,False,6.075714285714286
1044,34.8,181.0142857142857,1.0,False,6.0338095238095235
1045,34.833333333333336,177.34285714285713,0.9722222089767456,False,5.911428571428571
1046,34.86666666666667,178.05714285714285,1.0,False,5.935238095238094
1047,34.9,175.18571428571428,1.0,False,5.839523809523809
1048,34.93333333333333,174.29999999999998,0.9375,False,5.81
1049,34.96666666666667,178.95714285714286,1.0,False,5.965238095238094
1050,35.0,188.84285714285713,1.0,False,6.294761904761905
1051,35.03333333333333,188.2285714285714,1.0,True,6.274285714285714
1052,35.06666666666666,185.38571428571427,1.0,False,6.1795238095238085
1053,35.1,184.32857142857142,1.0,False,6.144285714285713
1054,35.13333333333333,183.1142857142857,1.0,False,6.103809523809524
1055,35.166666666666664,182.14285714285714,1.0,False,6.071428571428571
1056,35.2,182.28571428571428,1.0,False,6.076190476190475
1057,35.233333333333334,182.74285714285713,1.0,False,6.091428571428571
1058,35.266666666666666,182.1285714285714,1.0,False,6.07095238095238
1059,35.3,181.75714285714284,1.0,False,6.058571428571428
1060,35.333333333333336,181.57142857142856,1.0,False,6.052380952380951
1061,35.36666666666667,181.29999999999998,1.0,False,6.043333333333333
1062,35.4,180.78571428571428,1.0,True,6.026190476190476
1063,35.43333333333333,181.42857142857142,1.0,False,6.0476190476190474
1064,35.46666666666667,182.0285714285714,1.0,False,6.067619047619047
1065,35.5,182.2142857142857,0.9583333432674408,True,6.073809523809523
1066,35.53333333333333,181.28571428571428,1.0,False,6.042857142857142
1067,35.56666666666666,180.79999999999998,1.0,False,6.0266666666666655
1068,35.6,180.7,1.0,True,6.0233333333333325
1069,35.63333333333333,182.14285714285714,1.0,False,6.071428571428571
1070,35.666666666666664,183.2285714285714,1.0,False,6.107619047619047
1071,35.7,183.1285714285714,1.0,True,6.104285714285713
1072,35.733333333333334,182.45,1.0,False,6.081666666666666
1073,35.766666666666666,182.6142857142857,1.0,False,6.087142857142856
1074,35.8,182.75,1.0,True,6.091666666666666
1075,35.833333333333336,182.84285714285713,1.0,False,6.094761904761905
1076,35.86666666666667,183.07142857142856,1.0,False,6.102380952380952
1077,35.9,183.25714285714284,1.0,False,6.1085714285714285
1078,35.93333333333333,183.33571428571426,1.0,True,6.111190476190476
1079,35.96666666666667,182.98571428571427,1.0,False,6.099523809523809
1080,36.0,182.68571428571428,1.0,False,6.089523809523809
1081,36.03333333333333,182.57142857142856,1.0,False,6.0857142857142845
1082,36.06666666666666,182.8785714285714,1.0,True,6.09595238095238
1083,36.1,182.28571428571428,1.0,False,6.076190476190475
1084,36.13333333333333,182.52142857142857,1.0,False,6.084047619047618
1085,36.166666666666664,183.0142857142857,1.0,False,6.100476190476191
1086,36.2,183.32380952380953,1.0,True,6.110793650793651
1087,36.233333333333334,182.89047619047622,1.0,True,6.096349206349206
1088,36.266666666666666,182.12857142857143,1.0,False,6.070952380952381
1089,36.3,182.35,1.0,False,6.078333333333333
1090,36.333333333333336,182.68571428571428,1.0,False,6.08952380952381
1091,36.36666666666667,182.42142857142855,1.0,True,6.0807142857142855
1092,36.4,181.19285714285712,1.0,False,6.039761904761905
1093,36.43333333333333,180.93571428571425,1.0,False,6.031190476190475
1094,36.46666666666667,181.1642857142857,1.0,True,6.0388095238095225
1095,36.5,181.6285714285714,1.0,False,6.054285714285713
1096,36.53333333333333,182.52142857142854,1.0,True,6.084047619047619
1097,36.56666666666666,183.37142857142857,1.0,False,6.112380952380953
1098,36.6,183.5,1.0,False,6.116666666666666
1099,36.63333333333333,183.1285714285714,1.0,False,6.104285714285713
1100,36.666666666666664,181.94285714285712,1.0,False,6.0647619047619035
1101,36.7,182.3285714285714,1.0,False,6.077619047619047
1102,36.733333333333334,182.28571428571428,1.0,False,6.076190476190475
1103,36.766666666666666,182.95714285714286,1.0,False,6.098571428571428
1104,36.8,182.72857142857143,1.0,False,6.0909523809523805
1105,36.833333333333336,183.04285714285712,1.0,False,6.1014285714285705
1106,36.86666666666667,182.2142857142857,1.0,False,6.073809523809523
1107,36.9,181.95714285714286,1.0,True,6.065238095238094
1108,36.93333333333333,181.9142857142857,1.0,False,6.063809523809523
1109,36.96666666666667,181.37142857142857,1.0,False,6.045714285714285
1110,37.0,181.38571428571427,1.0,False,6.046190476190476
1111,37.03333333333333,182.45714285714283,1.0,False,6.081904761904761
1112,37.06666666666666,182.89999999999998,1.0,False,6.096666666666666
1113,37.1,182.72857142857143,1.0,False,6.0909523809523805
1114,37.13333333333333,182.6142857142857,1.0,False,6.087142857142856
1115,37.166666666666664,183.17142857142855,1.0,True,6.105714285714285
1116,37.2,182.87142857142857,1.0,False,6.095714285714285
1117,37.233333333333334,181.57142857142856,1.0,False,6.052380952380952
1118,37.266666666666666,181.87142857142854,1.0,False,6.062380952380952
1119,37.3,182.37142857142857,1.0,False,6.079047619047618
1120,37.333333333333336,183.1142857142857,1.0,False,6.103809523809523
1121,37.36666666666667,182.44285714285712,1.0,False,6.08142857142857
1122,37.4,182.64999999999998,1.0,False,6.088333333333333
1123,37.43333333333333,182.5857142857143,1.0,False,6.086190476190476
1124,37.46666666666667,183.3785714285714,1.0,True,6.112619047619048
1125,37.5,183.48571428571427,1.0,False,6.116190476190477
1126,37.53333333333333,182.8642857142857,1.0,False,6.095476190476191
1127,37.56666666666666,182.79999999999998,1.0,False,6.093333333333333
1128,37.6,182.68571428571428,1.0,False,6.08952380952381
1129,37.63333333333333,182.18571428571428,1.0,False,6.072857142857143
1130,37.666666666666664,181.87142857142857,1.0,False,6.062380952380951
1131,37.7,182.24285714285713,1.0,False,6.074761904761903
1132,37.733333333333334,182.2142857142857,1.0,False,6.0738095238095235
1133,37.766666666666666,182.7142857142857,1.0,False,6.09047619047619
1134,37.8,182.81428571428572,1.0,False,6.093809523809524
1135,37.833333333333336,182.77142857142854,1.0,False,6.092380952380951
1136,37.86666666666667,182.5285714285714,1.0,False,6.084285714285714
1137,37.9,182.54285714285714,1.0,False,6.084761904761904
1138,37.93333333333333,182.21428571428572,1.0,False,6.0738095238095235
1139,37.96666666666667,182.28571428571428,1.0,False,6.076190476190476
1140,38.0,182.62857142857143,1.0,False,6.0876190476190475
1141,38.03333333333333,182.95714285714283,1.0,False,6.098571428571428
1142,38.06666666666666,183.79999999999998,1.0,False,6.126666666666666
1143,38.1,183.05714285714285,1.0,False,6.101904761904762
1144,38.13333333333333,181.98571428571427,1.0,False,6.066190476190475
1145,38.166666666666664,181.6142857142857,1.0,False,6.053809523809523
1146,38.2,183.25714285714284,1.0,False,6.108571428571428
1147,38.233333333333334,184.09285714285713,1.0,False,6.136428571428571
1148,38.266666666666666,184.2142857142857,1.0,False,6.14047619047619
1149,38.3,183.62142857142857,0.9861111044883728,True,6.1207142857142856
1150,38.333333333333336,183.88571428571427,1.0,False,6.12952380952381
1151,38.36666666666667,183.9642857142857,1.0,False,6.132142857142857
1152,38.4,183.7142857142857,1.0,False,6.123809523809523
1153,38.43333333333333,183.92857142857142,1.0,False,6.130952380952381
1154,38.46666666666667,184.35714285714286,1.0,False,6.145238095238095
1155,38.5,183.67142857142858,1.0,False,6.1223809523809525
1156,38.53333333333333,182.04285714285714,1.0,False,6.068095238095237
1157,38.56666666666666,181.75714285714284,1.0,False,6.058571428571428
1158,38.6,182.2,1.0,False,6.073333333333332
1159,38.63333333333333,182.5857142857143,1.0,False,6.086190476190477
1160,38.666666666666664,182.49999999999997,1.0,True,6.083333333333333
1161,38.7,182.49999999999997,1.0,False,6.083333333333333
1162,38.733333333333334,182.49999999999997,1.0,True,6.083333333333332
1163,38.766666666666666,182.49999999999997,1.0,True,6.083333333333332
1164,38.8,182.41428571428568,1.0,True,6.0804761904761895
1165,38.833333333333336,182.67142857142855,1.0,False,6.089047619047618
1166,38.86666666666667,183.7142857142857,1.0,True,6.123809523809524
1167,38.9,183.68571428571425,1.0,False,6.122857142857143
1168,38.93333333333333,182.72857142857143,1.0,False,6.0909523809523805
1169,38.96666666666667,181.9142857142857,1.0,True,6.063809523809523
1170,39.0,181.7,1.0,False,6.056666666666666
1171,39.03333333333333,180.45714285714283,1.0,False,6.015238095238095
1172,39.06666666666666,180.22857142857143,1.0,False,6.007619047619047
1173,39.1,180.47142857142856,1.0,False,6.015714285714285
1174,39.13333333333333,181.44285714285712,1.0,False,6.048095238095238
1175,39.166666666666664,181.89999999999998,1.0,False,6.0633333333333335
1176,39.2,182.67142857142855,1.0,True,6.089047619047619
1177,39.233333333333334,182.54285714285714,1.0,False,6.084761904761905
1178,39.266666666666666,182.4142857142857,1.0,False,6.08047619047619
1179,39.3,181.87142857142857,1.0,True,6.062380952380951
1180,39.333333333333336,181.97142857142856,1.0,False,6.065714285714285
1181,39.36666666666667,182.65714285714284,1.0,False,6.088571428571427
1182,39.4,182.95714285714286,1.0,False,6.098571428571428
1183,39.43333333333333,181.9142857142857,1.0,False,6.063809523809523
1184,39.46666666666667,181.34285714285713,1.0,False,6.044761904761904
1185,39.5,181.95714285714286,1.0,False,6.065238095238094
1186,39.53333333333333,182.7,1.0,False,6.089999999999999
1187,39.56666666666666,182.7142857142857,1.0,False,6.09047619047619
1188,39.6,182.45714285714286,1.0,False,6.081904761904761
1189,39.63333333333333,182.5,1.0,False,6.083333333333333
1190,39.666666666666664,182.52142857142854,1.0,True,6.084047619047619
1191,39.7,182.45714285714283,1.0,False,6.081904761904761
1192,39.733333333333334,182.20714285714286,1.0,True,6.0735714285714275
1193,39.766666666666666,182.17142857142858,1.0,False,6.072380952380951
1194,39.8,182.35,1.0,False,6.078333333333332
1195,39.833333333333336,182.54285714285712,1.0,False,6.084761904761904
1196,39.86666666666667,182.5,1.0,False,6.083333333333333
1197,39.9,182.37142857142854,1.0,True,6.0790476190476195
1198,39.93333333333333,182.94285714285712,1.0,False,6.098095238095238
1199,39.96666666666667,183.5,1.0,False,6.116666666666666
1200,40.0,183.5190476190476,0.9861111044883728,True,6.117301587301587
1201,40.03333333333333,182.56666666666666,1.0,True,6.085555555555555
1202,40.06666666666666,182.20000000000002,1.0,False,6.073333333333332
1203,40.1,182.35714285714286,1.0,False,6.078571428571428
1204,40.13333333333333,183.34285714285713,1.0,False,6.111428571428571
1205,40.166666666666664,183.18571428571425,1.0,False,6.106190476190476
1206,40.2,182.9,1.0,False,6.096666666666666
1207,40.233333333333334,182.44285714285712,1.0,False,6.08142857142857
1208,40.266666666666666,182.75714285714284,1.0,False,6.091904761904761
1209,40.3,182.32857142857142,1.0,False,6.077619047619047
1210,40.333333333333336,182.1285714285714,1.0,False,6.07095238095238
1211,40.36666666666667,181.9142857142857,1.0,False,6.063809523809523
1212,40.4,181.87142857142857,1.0,False,6.062380952380952
1213,40.43333333333333,183.25,1.0,False,6.108333333333333
1214,40.46666666666667,184.55714285714285,1.0,False,6.151904761904762
1215,40.5,184.7642857142857,1.0,True,6.1588095238095235
1216,40.53333333333333,182.35714285714283,1.0,False,6.078571428571427
1217,40.56666666666666,180.70714285714286,1.0,False,6.023571428571428
1218,40.6,181.25714285714284,1.0,False,6.041904761904761
1219,40.63333333333333,182.47142857142856,1.0,False,6.082380952380952
1220,40.666666666666664,183.0285714285714,1.0,False,6.10095238095238
1221,40.7,182.1,1.0,False,6.069999999999999
1222,40.733333333333334,181.6,1.0,False,6.053333333333333
1223,40.766666666666666,180.78571428571428,1.0,True,6.026190476190475
1224,40.8,181.25714285714284,1.0,False,6.041904761904761
1225,40.833333333333336,181.02857142857144,1.0,False,6.034285714285715
1226,40.86666666666667,180.0857142857143,1.0,False,6.002857142857143
1227,40.9,179.92857142857142,1.0,False,5.997619047619047
1228,40.93333333333333,181.97857142857143,1.0,False,6.06595238095238
1229,40.96666666666667,184.0285714285714,1.0,False,6.134285714285714
1230,41.0,184.44285714285712,1.0,True,6.148095238095239
1231,41.03333333333333,184.08571428571426,1.0,False,6.136190476190476
1232,41.06666666666666,184.31428571428572,1.0,True,6.143809523809525
1233,41.1,184.45714285714283,1.0,False,6.148571428571429
1234,41.13333333333333,182.79285714285714,1.0,False,6.093095238095239
1235,41.166666666666664,181.95714285714286,1.0,False,6.0652380952380955
1236,41.2,181.67142857142858,1.0,False,6.055714285714285
1237,41.233333333333334,182.20714285714286,1.0,False,6.073571428571428
1238,41.266666666666666,181.78571428571428,1.0,False,6.059523809523808
1239,41.3,182.30714285714285,1.0,True,6.076904761904761
1240,41.333333333333336,182.42857142857144,1.0,False,6.080952380952381
1241,41.36666666666667,182.36904761904765,1.0,True,6.078968253968254
1242,41.4,182.1095238095238,1.0,True,6.070317460317461
1243,41.43333333333333,182.2,1.0,False,6.073333333333332
1244,41.46666666666667,182.27142857142854,1.0,False,6.075714285714285
1245,41.5,182.0,1.0,True,6.0666666666666655
1246,41.53333333333333,181.67142857142855,1.0,False,6.055714285714285
1247,41.56666666666666,181.95714285714286,1.0,True,6.065238095238094
1248,41.6,182.41428571428568,1.0,False,6.0804761904761895
1249,41.63333333333333,182.58571428571426,1.0,True,6.086190476190477
1250,41.666666666666664,182.1142857142857,1.0,False,6.070476190476191
1251,41.7,182.98571428571427,1.0,False,6.0995238095238085
1252,41.733333333333334,183.75714285714284,1.0,False,6.125238095238094
1253,41.766666666666666,185.22142857142856,1.0,False,6.174047619047618
1254,41.8,185.0142857142857,1.0,False,6.167142857142856
1255,41.833333333333336,183.57857142857142,1.0,True,6.119285714285714
1256,41.86666666666667,182.95714285714286,1.0,False,6.098571428571429
1257,41.9,184.14999999999998,1.0,False,6.138333333333334
1258,41.93333333333333,185.47142857142856,1.0,False,6.182380952380952
1259,41.96666666666667,184.95714285714286,1.0,True,6.165238095238094
1260,42.0,185.0,1.0,True,6.166666666666665
1261,42.03333333333333,185.04285714285712,1.0,False,6.168095238095237
1262,42.06666666666666,184.78571428571425,1.0,False,6.159523809523808
1263,42.1,185.0142857142857,1.0,False,6.167142857142856
1264,42.13333333333333,184.94285714285712,1.0,False,6.164761904761904
1265,42.166666666666664,184.1285714285714,1.0,False,6.137619047619047
1266,42.2,182.65,1.0,False,6.088333333333333
1267,42.233333333333334,181.95714285714286,1.0,False,6.065238095238095
1268,42.266666666666666,181.66428571428568,1.0,True,6.05547619047619
1269,42.3,181.67142857142858,1.0,False,6.055714285714286
1270,42.333333333333336,181.87142857142857,1.0,False,6.062380952380952
1271,42.36666666666667,182.0,1.0,False,6.0666666666666655
1272,42.4,181.74999999999997,1.0,True,6.058333333333334
1273,42.43333333333333,181.54285714285712,1.0,False,6.051428571428572
1274,42.46666666666667,181.39285714285714,1.0,True,6.046428571428572
1275,42.5,181.67142857142858,1.0,False,6.055714285714286
1276,42.53333333333333,182.56428571428572,1.0,False,6.08547619047619
1277,42.56666666666666,183.2,1.0,False,6.1066666666666665
1278,42.6,182.75,0.9861111044883728,True,6.091666666666666
1279,42.63333333333333,182.34285714285713,1.0,False,6.078095238095237
1280,42.666666666666664,182.85,1.0,False,6.094999999999999
1281,42.7,183.2,1.0,False,6.1066666666666665
1282,42.733333333333334,183.47142857142856,1.0,False,6.115714285714286
1283,42.766666666666666,184.28571428571428,1.0,False,6.142857142857142
1284,42.8,185.92857142857142,1.0,False,6.197619047619048
1285,42.833333333333336,184.67142857142855,1.0,False,6.155714285714286
1286,42.86666666666667,183.48571428571427,1.0,False,6.116190476190476
1287,42.9,176.1142857142857,1.0,False,5.87047619047619
1288,42.93333333333333,173.84285714285716,1.0,False,5.794761904761904
1289,42.96666666666667,175.05714285714282,1.0,False,5.835238095238095
1290,43.0,180.8142857142857,0.9861111044883728,True,6.027142857142857
1291,43.03333333333333,181.38571428571427,1.0,False,6.046190476190476
1292,43.06666666666666,182.48571428571427,1.0,False,6.082857142857143
1293,43.1,182.75714285714284,0.9861111044883728,True,6.091904761904761
1294,43.13333333333333,181.82857142857142,1.0,False,6.06095238095238
1295,43.166666666666664,181.25714285714284,1.0,False,6.041904761904761
1296,43.2,180.35714285714283,1.0,False,6.011904761904762
1297,43.233333333333334,182.1285714285714,1.0,False,6.070952380952381
1298,43.266666666666666,183.39999999999998,1.0,False,6.113333333333333
1299,43.3,184.54285714285712,1.0,False,6.151428571428571
1300,43.333333333333336,183.5142857142857,1.0,False,6.1171428571428565
1301,43.36666666666667,184.57142857142856,1.0,False,6.152380952380952
1302,43.4,183.4142857142857,1.0,False,6.113809523809524
1303,43.43333333333333,183.25714285714284,1.0,False,6.1085714285714285
1304,43.46666666666667,182.75714285714284,1.0,False,6.091904761904761
1305,43.5,183.6,1.0,False,6.119999999999999
1306,43.53333333333333,183.28571428571428,1.0,False,6.109523809523809
1307,43.56666666666666,183.62857142857143,1.0,False,6.120952380952381
1308,43.6,183.24285714285713,1.0,False,6.108095238095238
1309,43.63333333333333,182.7142857142857,1.0,False,6.09047619047619
1310,43.666666666666664,182.28571428571428,1.0,False,6.076190476190476
1311,43.7,183.68571428571428,1.0,False,6.122857142857143
1312,43.733333333333334,185.5285714285714,1.0,False,6.184285714285714
1313,43.766666666666666,184.55714285714285,1.0,False,6.1519047619047615
1314,43.8,182.58571428571426,1.0,False,6.086190476190476
1315,43.833333333333336,182.18571428571428,1.0,False,6.072857142857142
1316,43.86666666666667,183.54285714285714,1.0,False,6.118095238095238
1317,43.9,184.68571428571425,1.0,False,6.156190476190476
1318,43.93333333333333,183.87142857142854,1.0,False,6.129047619047619
1319,43.96666666666667,182.67142857142855,1.0,False,6.089047619047618
1320,44.0,181.8142857142857,1.0,False,6.06047619047619
1321,44.03333333333333,182.2,1.0,False,6.073333333333332
1322,44.06666666666666,182.32857142857142,1.0,False,6.077619047619048
1323,44.1,182.78571428571428,1.0,False,6.0928571428571425
1324,44.13333333333333,183.06190476190474,1.0,True,6.1020634920634915
1325,44.166666666666664,182.1095238095238,1.0,True,6.070317460317461
1326,44.2,181.61428571428573,1.0,False,6.053809523809524
1327,44.233333333333334,181.44285714285715,1.0,False,6.048095238095239
1328,44.266666666666666,181.24285714285713,1.0,True,6.041428571428572
1329,44.3,182.3142857142857,1.0,False,6.0771428571428565
1330,44.333333333333336,183.94285714285712,1.0,False,6.131428571428571
1331,44.36666666666667,183.20714285714283,1.0,False,6.106904761904762
1332,44.4,181.28571428571428,1.0,False,6.042857142857142
1333,44.43333333333333,181.49285714285713,1.0,True,6.049761904761905
1334,44.46666666666667,182.92142857142858,1.0,False,6.097380952380952
1335,44.5,182.95,1.0,False,6.098333333333334
1336,44.53333333333333,182.68571428571428,1.0,True,6.089523809523809
1337,44.56666666666666,182.9142857142857,1.0,False,6.097142857142856
1338,44.6,182.77142857142857,1.0,True,6.092380952380952
1339,44.63333333333333,182.6285714285714,1.0,False,6.087619047619047
1340,44.666666666666664,182.2642857142857,1.0,False,6.07547619047619
1341,44.7,181.5857142857143,1.0,False,6.052857142857143
1342,44.733333333333334,181.17142857142858,1.0,False,6.0390476190476186
1343,44.766666666666666,181.37142857142857,1.0,False,6.045714285714286
1344,44.8,181.45714285714286,1.0,False,6.048571428571429
1345,44.833333333333336,180.95714285714286,1.0,True,6.031904761904761
1346,44.86666666666667,180.6285714285714,1.0,False,6.02095238095238
1347,44.9,180.95714285714283,1.0,False,6.0319047619047605
1348,44.93333333333333,182.38571428571427,1.0,False,6.079523809523809
1349,44.96666666666667,182.72857142857143,1.0,False,6.0909523809523805
1350,45.0,180.87142857142857,1.0,False,6.029047619047619
1351,45.03333333333333,180.60714285714283,1.0,False,6.020238095238095
1352,45.06666666666666,181.87142857142857,1.0,False,6.062380952380952
1353,45.1,181.74999999999997,1.0,True,6.058333333333334
1354,45.13333333333333,181.58571428571426,1.0,False,6.0528571428571425
1355,45.166666666666664,182.89285714285714,1.0,False,6.096428571428571
1356,45.2,183.55714285714285,1.0,False,6.118571428571428
1357,45.233333333333334,181.87142857142857,1.0,False,6.062380952380952
1358,45.266666666666666,182.18571428571428,1.0,False,6.072857142857143
1359,45.3,181.6285714285714,1.0,False,6.054285714285714
1360,45.333333333333336,181.24285714285713,1.0,False,6.041428571428571
1361,45.36666666666667,181.80285714285714,1.0,True,6.060095238095237
1362,45.4,183.53714285714284,1.0,False,6.117904761904761
1363,45.43333333333333,183.53142857142856,1.0,True,6.1177142857142846
1364,45.46666666666667,182.60000000000002,1.0,True,6.086666666666666
1365,45.5,181.9,1.0,True,6.0633333333333335
1366,45.53333333333333,181.01142857142858,1.0,True,6.033714285714287
1367,45.56666666666666,180.96285714285713,1.0,False,6.032095238095238
1368,45.6,181.51142857142858,1.0,False,6.0503809523809515
1369,45.63333333333333,183.0142857142857,1.0,False,6.10047619047619
1370,45.666666666666664,184.0285714285714,1.0,False,6.134285714285714
1371,45.7,184.64999999999998,1.0,True,6.154999999999999
1372,45.733333333333334,184.54285714285712,1.0,False,6.151428571428571
1373,45.766666666666666,184.74999999999997,1.0,True,6.158333333333332
1374,45.8,184.95714285714283,1.0,False,6.165238095238094
1375,45.833333333333336,184.84999999999997,1.0,True,6.161666666666665
1376,45.86666666666667,185.94285714285712,1.0,False,6.198095238095237
1377,45.9,185.07142857142856,1.0,False,6.1690476190476184
1378,45.93333333333333,183.92857142857142,1.0,False,6.1309523809523805
1379,45.96666666666667,182.40714285714284,1.0,False,6.080238095238095
1380,46.0,182.92857142857142,1.0,False,6.097619047619047
1381,46.03333333333333,182.75,1.0,True,6.091666666666666
1382,46.06666666666666,182.82857142857142,1.0,False,6.094285714285713
1383,46.1,181.4642857142857,1.0,False,6.048809523809523
1384,46.13333333333333,182.14999999999998,1.0,False,6.071666666666666
1385,46.166666666666664,183.95714285714283,1.0,False,6.131904761904762
1386,46.2,185.30714285714285,0.9861111044883728,True,6.176904761904761
1387,46.233333333333334,183.7,1.0,False,6.123333333333333
1388,46.266666666666666,183.07857142857142,1.0,False,6.102619047619048
1389,46.3,182.29285714285712,1.0,False,6.07642857142857
1390,46.333333333333336,182.05714285714285,1.0,False,6.068571428571428
1391,46.36666666666667,182.03571428571428,1.0,True,6.067857142857141
1392,46.4,183.1285714285714,1.0,False,6.104285714285713
1393,46.43333333333333,183.87142857142857,1.0,False,6.129047619047618
1394,46.46666666666667,183.95714285714283,1.0,False,6.131904761904762
1395,46.5,183.16428571428568,1.0,True,6.105476190476191
1396,46.53333333333333,182.97142857142856,1.0,False,6.099047619047619
1397,46.56666666666666,183.00714285714284,1.0,False,6.100238095238096
1398,46.6,182.28571428571428,1.0,False,6.076190476190476
1399,46.63333333333333,182.59285714285713,1.0,False,6.086428571428571
1400,46.666666666666664,183.97142857142856,1.0,False,6.132380952380951
1401,46.7,185.22142857142856,1.0,True,6.174047619047618
1402,46.733333333333334,184.07142857142856,1.0,False,6.135714285714285
1403,46.766666666666666,182.82142857142856,1.0,False,6.094047619047618
1404,46.8,181.95714285714286,1.0,False,6.065238095238095
1405,46.833333333333336,182.6285714285714,1.0,False,6.087619047619047
1406,46.86666666666667,184.04285714285712,1.0,False,6.134761904761904
1407,46.9,184.6142857142857,1.0,False,6.153809523809524
1408,46.93333333333333,183.4142857142857,0.9861111044883728,True,6.1138095238095245
1409,46.96666666666667,182.68571428571428,1.0,False,6.089523809523809
1410,47.0,183.82857142857142,1.0,False,6.127619047619047
1411,47.03333333333333,184.35714285714283,1.0,False,6.145238095238095
1412,47.06666666666666,183.1,1.0,False,6.103333333333333
1413,47.1,181.04999999999998,1.0,False,6.035
1414,47.13333333333333,180.5142857142857,1.0,False,6.017142857142857
1415,47.166666666666664,181.1642857142857,1.0,True,6.038809523809523
1416,47.2,181.98571428571427,1.0,False,6.066190476190476
1417,47.233333333333334,182.75,1.0,False,6.091666666666666
1418,47.266666666666666,183.7,1.0,False,6.123333333333332
1419,47.3,183.48571428571427,1.0,False,6.116190476190476
1420,47.333333333333336,181.34285714285713,1.0,False,6.044761904761904
1421,47.36666666666667,180.47142857142856,1.0,False,6.015714285714285
1422,47.4,181.6142857142857,1.0,False,6.053809523809523
1423,47.43333333333333,182.2,1.0,False,6.073333333333332
1424,47.46666666666667,182.14285714285714,1.0,False,6.071428571428571
1425,47.5,181.77142857142857,1.0,False,6.059047619047619
1426,47.53333333333333,182.31428571428572,1.0,False,6.077142857142857
1427,47.56666666666666,182.14285714285714,1.0,False,6.071428571428571
1428,47.6,182.77142857142857,1.0,False,6.092380952380951
1429,47.63333333333333,183.07142857142856,1.0,False,6.102380952380952
1430,47.666666666666664,183.54285714285712,1.0,False,6.118095238095238
1431,47.7,182.95714285714283,1.0,True,6.098571428571428
1432,47.733333333333334,182.75714285714284,1.0,False,6.091904761904761
1433,47.766666666666666,182.78571428571428,1.0,False,6.0928571428571425
1434,47.8,182.28571428571428,1.0,False,6.076190476190475
1435,47.833333333333336,182.18571428571428,1.0,False,6.072857142857142
1436,47.86666666666667,182.35714285714283,1.0,False,6.078571428571428
1437,47.9,181.95714285714286,1.0,False,6.065238095238095
1438,47.93333333333333,181.94285714285712,1.0,False,6.064761904761904
1439,47.96666666666667,181.5,1.0,False,6.049999999999999
1440,48.0,181.45714285714286,1.0,False,6.048571428571427
1441,48.03333333333333,180.47142857142856,1.0,False,6.015714285714285
1442,48.06666666666666,180.47142857142856,1.0,False,6.015714285714285
1443,48.1,180.2142857142857,1.0,False,6.007142857142856
1444,48.13333333333333,179.29999999999998,1.0,False,5.976666666666667
1445,48.166666666666664,179.95,1.0,False,5.998333333333333
1446,48.2,181.54285714285712,1.0,False,6.051428571428572
1447,48.233333333333334,183.7642857142857,1.0,True,6.12547619047619
1448,48.266666666666666,183.28571428571428,1.0,False,6.109523809523809
1449,48.3,182.52142857142854,1.0,True,6.084047619047619
1450,48.333333333333336,181.75714285714284,1.0,False,6.058571428571429
1451,48.36666666666667,180.85714285714286,1.0,False,6.0285714285714285
1452,48.4,181.57142857142856,1.0,False,6.052380952380952
1453,48.43333333333333,183.48571428571427,1.0,False,6.116190476190476
1454,48.46666666666667,184.27142857142854,1.0,False,6.142380952380952
1455,48.5,183.65714285714284,1.0,False,6.12190476190476
1456,48.53333333333333,183.27142857142854,1.0,False,6.109047619047618
1457,48.56666666666666,183.75714285714284,1.0,False,6.125238095238095
1458,48.6,183.54285714285714,1.0,True,6.118095238095238
1459,48.63333333333333,183.24285714285713,1.0,False,6.108095238095237
1460,48.666666666666664,182.75714285714284,1.0,False,6.091904761904761
1461,48.7,182.45714285714283,1.0,True,6.081904761904762
1462,48.733333333333334,182.2,1.0,False,6.073333333333333
1463,48.766666666666666,182.89999999999998,1.0,False,6.096666666666667
1464,48.8,182.67142857142855,1.0,False,6.089047619047618
1465,48.833333333333336,180.09999999999997,1.0,False,6.003333333333333
1466,48.86666666666667,188.1142857142857,1.0,False,6.27047619047619
1467,48.9,191.29285714285714,1.0,False,6.376428571428571
1468,48.93333333333333,188.67142857142855,1.0,False,6.2890476190476186
1469,48.96666666666667,181.07857142857142,1.0,True,6.035952380952381
1470,49.0,183.72857142857143,1.0,False,6.124285714285714
1471,49.03333333333333,183.16428571428568,1.0,False,6.10547619047619
1472,49.06666666666666,181.22857142857143,1.0,False,6.04095238095238
1473,49.1,182.04285714285712,1.0,False,6.068095238095237
1474,49.13333333333333,182.78571428571428,1.0,False,6.0928571428571425
1475,49.166666666666664,183.35714285714283,1.0,False,6.1119047619047615
1476,49.2,183.29999999999998,1.0,False,6.109999999999999
1477,49.233333333333334,183.55714285714285,1.0,False,6.118571428571428
1478,49.266666666666666,182.64285714285714,1.0,False,6.088095238095238
1479,49.3,181.45714285714286,1.0,False,6.048571428571429
1480,49.333333333333336,181.07142857142856,1.0,False,6.035714285714286
1481,49.36666666666667,182.0285714285714,1.0,False,6.067619047619047
1482,49.4,182.79999999999998,1.0,False,6.093333333333333
1483,49.43333333333333,183.22857142857143,1.0,False,6.107619047619047
1484,49.46666666666667,182.24285714285716,1.0,False,6.074761904761905
1485,49.5,181.28571428571428,1.0,False,6.042857142857143
1486,49.53333333333333,180.47142857142856,1.0,False,6.015714285714285
1487,49.56666666666666,180.99999999999997,1.0,True,6.033333333333333
1488,49.6,181.35714285714286,1.0,False,6.045238095238095
1489,49.63333333333333,181.2285714285714,1.0,False,6.040952380952381
1490,49.666666666666664,180.98571428571427,1.0,False,6.032857142857142
1491,49.7,181.95,1.0,False,6.0649999999999995
1492,49.733333333333334,182.65714285714284,1.0,False,6.088571428571428
1493,49.766666666666666,183.29285714285712,1.0,True,6.109761904761904
1494,49.8,183.75714285714284,1.0,False,6.125238095238095
1495,49.833333333333336,184.17857142857142,1.0,False,6.139285714285713
1496,49.86666666666667,184.1285714285714,1.0,False,6.137619047619047
1497,49.9,183.5,1.0,False,6.116666666666667
1498,49.93333333333333,182.87142857142857,1.0,True,6.095714285714286
1499,49.96666666666667,182.92857142857142,1.0,False,6.097619047619048
1500,50.0,182.89999999999998,1.0,False,6.096666666666667
1501,50.03333333333333,182.88571428571427,1.0,False,6.0961904761904755
1502,50.06666666666666,183.08571428571426,1.0,False,6.102857142857141
1503,50.1,183.7,1.0,False,6.123333333333333
1504,50.13333333333333,183.5857142857143,1.0,False,6.119523809523809
1505,50.166666666666664,183.08571428571426,1.0,False,6.102857142857142
1506,50.2,183.1285714285714,1.0,True,6.104285714285713
1507,50.233333333333334,182.39999999999998,1.0,False,6.079999999999999
1508,50.266666666666666,181.8142857142857,1.0,False,6.06047619047619
1509,50.3,181.57142857142856,1.0,False,6.052380952380952
1510,50.333333333333336,181.30714285714285,1.0,False,6.043571428571428
1511,50.36666666666667,180.38571428571427,1.0,False,6.0128571428571425
1512,50.4,180.12142857142854,1.0,True,6.004047619047618
1513,50.43333333333333,180.45714285714283,1.0,False,6.015238095238094
1514,50.46666666666667,180.53214285714284,1.0,True,6.017738095238095
1515,50.5,180.4785714285714,1.0,False,6.01595238095238
1516,50.53333333333333,180.38571428571427,1.0,True,6.0128571428571425
1517,50.56666666666666,180.24999999999997,1.0,True,6.008333333333332
1518,50.6,180.0285714285714,1.0,True,6.000952380952381
1519,50.63333333333333,180.23571428571427,1.0,False,6.007857142857143
1520,50.666666666666664,180.86071428571427,1.0,False,6.028690476190476
1521,50.7,181.45714285714286,1.0,False,6.048571428571429
1522,50.733333333333334,181.54285714285714,1.0,False,6.0514285714285725
1523,50.766666666666666,181.49999999999997,1.0,True,6.050000000000001
1524,50.8,181.49999999999997,1.0,False,6.05
1525,50.833333333333336,181.5,1.0,True,6.050000000000001
1526,50.86666666666667,181.32857142857145,1.0,True,6.0442857142857145
1527,50.9,182.31428571428572,1.0,False,6.077142857142857
1528,50.93333333333333,181.9142857142857,1.0,False,6.063809523809524
1529,50.96666666666667,181.45714285714286,1.0,False,6.048571428571428
1530,51.0,181.7,1.0,False,6.056666666666666
1531,51.03333333333333,182.98571428571427,1.0,False,6.099523809523809
1532,51.06666666666666,182.17142857142855,1.0,False,6.072380952380952
1533,51.1,181.25714285714284,1.0,False,6.041904761904761
1534,51.13333333333333,182.06428571428572,1.0,False,6.068809523809523
1535,51.166666666666664,183.15714285714284,1.0,False,6.105238095238096
1536,51.2,183.50714285714284,1.0,True,6.116904761904761
1537,51.233333333333334,182.57142857142856,1.0,False,6.0857142857142845
1538,51.266666666666666,182.03571428571428,1.0,False,6.067857142857142
1539,51.3,182.37142857142857,1.0,False,6.0790476190476195
1540,51.333333333333336,183.28571428571428,1.0,False,6.109523809523809
1541,51.36666666666667,184.0142857142857,1.0,False,6.133809523809523
1542,51.4,182.88571428571427,1.0,False,6.0961904761904755
1543,51.43333333333333,181.99999999999997,1.0,False,6.066666666666666
1544,51.46666666666667,179.95714285714286,1.0,False,5.998571428571428
1545,51.5,179.41428571428568,1.0,False,5.98047619047619
1546,51.53333333333333,177.75714285714284,1.0,False,5.925238095238095
1547,51.56666666666666,178.2,1.0,False,5.9399999999999995
1548,51.6,177.97142857142856,1.0,False,5.932380952380952
1549,51.63333333333333,178.6,1.0,False,5.953333333333333
1550,51.666666666666664,179.04285714285712,1.0,True,5.968095238095238
1551,51.7,179.78571428571428,1.0,False,5.992857142857143
1552,51.733333333333334,177.89999999999998,1.0,False,5.93
1553,51.766666666666666,175.3142857142857,1.0,False,5.843809523809523
1554,51.8,175.25714285714287,1.0,False,5.841904761904762
1555,51.833333333333336,176.47142857142856,1.0,False,5.882380952380953
1556,51.86666666666667,177.44285714285712,1.0,False,5.914761904761905
1557,51.9,178.2,1.0,False,5.9399999999999995
1558,51.93333333333333,178.44285714285712,1.0,False,5.948095238095238
1559,51.96666666666667,177.81428571428572,1.0,False,5.927142857142857
1560,52.0,177.48571428571427,1.0,False,5.916190476190476
1561,52.03333333333333,178.2142857142857,1.0,False,5.94047619047619
1562,52.06666666666666,179.34285714285713,1.0,False,5.9780952380952375
1563,52.1,179.5142857142857,1.0,False,5.983809523809524
1564,52.13333333333333,178.8142857142857,1.0,False,5.96047619047619
1565,52.166666666666664,178.15714285714284,1.0,False,5.938571428571429
1566,52.2,180.14285714285714,1.0,False,6.004761904761905
1567,52.233333333333334,181.57857142857142,1.0,False,6.052619047619047
1568,52.266666666666666,181.9714285714286,1.0,False,6.065714285714286
1569,52.3,181.12142857142857,1.0,True,6.0373809523809525
1570,52.333333333333336,181.19285714285712,1.0,False,6.039761904761905
1571,52.36666666666667,181.30714285714285,1.0,False,6.043571428571428
1572,52.4,181.3357142857143,1.0,True,6.04452380952381
1573,52.43333333333333,180.82857142857142,1.0,False,6.027619047619047
1574,52.46666666666667,180.95,1.0,False,6.031666666666665
1575,52.5,180.92142857142855,1.0,False,6.030714285714286
1576,52.53333333333333,180.88571428571427,1.0,False,6.029523809523809
1577,52.56666666666666,180.6642857142857,1.0,True,6.022142857142858
1578,52.6,180.95714285714283,1.0,False,6.031904761904761
1579,52.63333333333333,181.04285714285712,1.0,False,6.034761904761904
1580,52.666666666666664,180.95714285714283,1.0,False,6.031904761904761
1581,52.7,180.79285714285714,1.0,True,6.026428571428571
1582,52.733333333333334,180.41428571428568,1.0,False,6.013809523809523
1583,52.766666666666666,180.10714285714283,1.0,False,6.003571428571427
1584,52.8,179.82857142857142,1.0,True,5.994285714285714
1585,52.833333333333336,180.2142857142857,1.0,False,6.007142857142857
1586,52.86666666666667,181.7142857142857,1.0,False,6.057142857142857
1587,52.9,183.2,1.0,False,6.1066666666666665
1588,52.93333333333333,181.81428571428572,1.0,False,6.06047619047619
1589,52.96666666666667,179.48571428571427,1.0,False,5.982857142857142
1590,53.0,179.52142857142854,1.0,False,5.984047619047618
1591,53.03333333333333,181.48571428571427,1.0,False,6.049523809523809
1592,53.06666666666666,182.50714285714284,1.0,True,6.083571428571428
1593,53.1,182.4142857142857,1.0,False,6.0804761904761895
1594,53.13333333333333,181.97857142857143,1.0,False,6.06595238095238
1595,53.166666666666664,180.95714285714286,1.0,False,6.031904761904761
1596,53.2,180.29999999999998,1.0,False,6.01
1597,53.233333333333334,179.6142857142857,1.0,False,5.987142857142857
1598,53.266666666666666,178.88571428571427,1.0,False,5.962857142857143
1599,53.3,177.07142857142853,1.0,False,5.902380952380951
1600,53.333333333333336,174.92857142857142,1.0,False,5.83095238095238
1601,53.36666666666667,170.97142857142856,1.0,False,5.699047619047619
1602,53.4,169.68571428571428,1.0,False,5.656190476190476
1603,53.43333333333333,167.88571428571427,1.0,False,5.5961904761904755
1604,53.46666666666667,167.27142857142854,1.0,False,5.575714285714285
1605,53.5,163.44285714285712,1.0,False,5.448095238095237
1606,53.53333333333333,161.54285714285714,1.0,False,5.384761904761905
1607,53.56666666666666,160.1142857142857,1.0,True,5.337142857142857
1608,53.6,160.82857142857142,1.0,False,5.360952380952381
1609,53.63333333333333,160.0,1.0,False,5.333333333333333
1610,53.666666666666664,157.82857142857142,1.0,False,5.26095238095238
1611,53.7,155.92857142857142,1.0,False,5.197619047619047
1612,53.733333333333334,154.48571428571427,1.0,False,5.149523809523808
1613,53.766666666666666,154.68571428571428,1.0,False,5.156190476190476
1614,53.8,155.74285714285713,1.0,False,5.191428571428571
1615,53.833333333333336,155.85714285714286,1.0,False,5.1952380952380945
1616,53.86666666666667,154.64285714285714,1.0,False,5.154761904761904
1617,53.9,154.67142857142855,1.0,False,5.155714285714286
1618,53.93333333333333,156.32857142857142,1.0,False,5.210952380952381
1619,53.96666666666667,155.68571428571428,1.0,False,5.189523809523809
1620,54.0,154.28571428571428,1.0,False,5.1428571428571415
1621,54.03333333333333,152.79999999999998,0.9861111044883728,False,5.093333333333333
1622,54.06666666666666,154.25714285714287,1.0,False,5.141904761904762
1623,54.1,152.58571428571426,1.0,False,5.086190476190476
1624,54.13333333333333,152.92857142857142,0.9722222089767456,False,5.097619047619047
1625,54.166666666666664,152.08571428571426,1.0,False,5.069523809523808
1626,54.2,154.85714285714286,1.0,False,5.161904761904761
1627,54.233333333333334,154.22857142857143,1.0,False,5.140952380952381
1628,54.266666666666666,156.1642857142857,1.0,False,5.2054761904761895
1629,54.3,157.08571428571426,1.0,False,5.236190476190476
1630,54.333333333333336,158.48571428571427,1.0,True,5.282857142857143
1631,54.36666666666667,158.34285714285713,1.0,False,5.278095238095237
1632,54.4,159.7285714285714,1.0,True,5.324285714285713
1633,54.43333333333333,161.1142857142857,1.0,False,5.3704761904761895
1634,54.46666666666667,161.69285714285712,1.0,False,5.389761904761904
1635,54.5,162.79999999999998,1.0,False,5.426666666666666
1636,54.53333333333333,164.7,1.0,False,5.489999999999999
1637,54.56666666666666,166.1285714285714,1.0,False,5.537619047619047
1638,54.6,165.0142857142857,1.0,False,5.50047619047619
1639,54.63333333333333,165.6285714285714,1.0,False,5.520952380952381
1640,54.666666666666664,170.15714285714284,1.0,False,5.671904761904762
1641,54.7,176.31428571428572,1.0,False,5.877142857142857
1642,54.733333333333334,180.58571428571426,1.0,False,6.019523809523809
1643,54.766666666666666,175.37142857142857,1.0,False,5.845714285714285
1644,54.8,171.6,0.9444444477558136,False,5.719999999999999
1645,54.833333333333336,167.55714285714285,1.0,False,5.585238095238094
1646,54.86666666666667,169.72857142857143,1.0,False,5.657619047619048
1647,54.9,166.7142857142857,1.0,False,5.557142857142857
1648,54.93333333333333,167.42857142857144,1.0,False,5.580952380952381
1649,54.96666666666667,168.15714285714284,1.0,False,5.605238095238096
1650,55.0,169.6,1.0,False,5.653333333333333
1651,55.03333333333333,167.84285714285716,1.0,False,5.594761904761905
1652,55.06666666666666,166.94285714285712,1.0,False,5.564761904761904
1653,55.1,167.2142857142857,1.0,False,5.5738095238095235
1654,55.13333333333333,167.2285714285714,1.0,False,5.574285714285715
1655,55.166666666666664,166.32857142857142,1.0,True,5.544285714285714
1656,55.2,166.43571428571428,1.0,False,5.547857142857143
1657,55.233333333333334,166.62857142857143,1.0,False,5.554285714285714
1658,55.266666666666666,166.90714285714284,1.0,True,5.563571428571429
1659,55.3,169.28571428571428,1.0,False,5.642857142857142
1660,55.333333333333336,169.53571428571428,1.0,False,5.651190476190475
1661,55.36666666666667,170.2,1.0,False,5.673333333333332
1662,55.4,169.65714285714284,1.0,False,5.655238095238095
1663,55.43333333333333,169.92857142857142,1.0,False,5.664285714285714
1664,55.46666666666667,169.1,1.0,False,5.636666666666666
1665,55.5,169.81428571428572,1.0,False,5.66047619047619
1666,55.53333333333333,171.0142857142857,1.0,False,5.7004761904761905
1667,55.56666666666666,170.94285714285712,1.0,False,5.698095238095238
1668,55.6,171.1,1.0,False,5.703333333333333
1669,55.63333333333333,170.35714285714283,1.0,False,5.678571428571429
1670,55.666666666666664,169.79999999999998,1.0,False,5.66
1671,55.7,170.42857142857142,1.0,False,5.680952380952381
1672,55.733333333333334,172.57142857142856,1.0,False,5.752380952380952
1673,55.766666666666666,174.04285714285714,1.0,False,5.801428571428572
1674,55.8,173.24285714285713,1.0,False,5.774761904761905
1675,55.833333333333336,171.6285714285714,1.0,False,5.72095238095238
1676,55.86666666666667,171.6428571428571,1.0,False,5.721428571428571
1677,55.9,172.68571428571428,1.0,False,5.756190476190475
1678,55.93333333333333,173.2142857142857,1.0,False,5.773809523809524
1679,55.96666666666667,173.34285714285713,1.0,False,5.778095238095237
1680,56.0,174.07142857142856,1.0,False,5.802380952380951
1681,56.03333333333333,174.97142857142856,1.0,False,5.8323809523809516
1682,56.06666666666666,174.18571428571428,1.0,False,5.8061904761904755
1683,56.1,173.27142857142857,1.0,False,5.775714285714286
1684,56.13333333333333,172.5285714285714,1.0,True,5.750952380952381
1685,56.166666666666664,174.31428571428572,1.0,False,5.81047619047619
1686,56.2,175.5142857142857,1.0,False,5.85047619047619
1687,56.233333333333334,175.29999999999998,1.0,False,5.843333333333332
1688,56.266666666666666,173.4142857142857,1.0,False,5.78047619047619
1689,56.3,173.77142857142854,1.0,False,5.7923809523809515
1690,56.333333333333336,174.38571428571427,1.0,False,5.812857142857142
1691,56.36666666666667,174.68571428571428,1.0,False,5.822857142857143
1692,56.4,174.3285714285714,1.0,False,5.81095238095238
1693,56.43333333333333,175.0,1.0,False,5.833333333333332
1694,56.46666666666667,175.62857142857143,1.0,False,5.854285714285713
1695,56.5,175.78571428571428,1.0,False,5.859523809523809
1696,56.53333333333333,174.7,1.0,False,5.823333333333332
1697,56.56666666666666,174.48571428571427,1.0,False,5.816190476190475
1698,56.6,175.1428571428571,1.0,False,5.838095238095238
1699,56.63333333333333,175.73571428571427,1.0,True,5.857857142857143
1700,56.666666666666664,175.04285714285714,1.0,False,5.834761904761905
1701,56.7,174.70714285714286,1.0,True,5.823571428571428
1702,56.733333333333334,174.45714285714283,1.0,False,5.815238095238094
1703,56.766666666666666,174.82142857142856,1.0,False,5.827380952380952
1704,56.8,174.9642857142857,1.0,False,5.832142857142856
1705,56.833333333333336,174.88571428571427,1.0,False,5.829523809523809
1706,56.86666666666667,174.70714285714286,1.0,True,5.8235714285714275
1707,56.9,174.78571428571428,1.0,False,5.826190476190475
1708,56.93333333333333,174.84285714285713,1.0,False,5.828095238095238
1709,56.96666666666667,174.7,1.0,False,5.823333333333333
1710,57.0,174.12142857142857,1.0,True,5.804047619047619
1711,57.03333333333333,174.14285714285714,1.0,False,5.804761904761905
1712,57.06666666666666,174.98571428571427,1.0,False,5.832857142857142
1713,57.1,175.54285714285714,1.0,False,5.851428571428571
1714,57.13333333333333,174.49285714285713,1.0,True,5.816428571428571
1715,57.166666666666664,174.85714285714286,1.0,False,5.828571428571429
1716,57.2,176.4642857142857,1.0,False,5.882142857142856
1717,57.233333333333334,177.07142857142853,1.0,False,5.902380952380951
1718,57.266666666666666,176.27142857142857,1.0,False,5.875714285714285
1719,57.3,175.39999999999998,1.0,False,5.846666666666667
1720,57.333333333333336,175.47142857142856,1.0,False,5.849047619047618
1721,57.36666666666667,175.2,1.0,False,5.84
1722,57.4,175.0857142857143,1.0,False,5.836190476190476
1723,57.43333333333333,174.3285714285714,1.0,False,5.81095238095238
1724,57.46666666666667,174.34285714285713,1.0,False,5.8114285714285705
1725,57.5,175.67142857142855,1.0,False,5.855714285714285
1726,57.53333333333333,175.97142857142856,1.0,False,5.865714285714285
1727,57.56666666666666,175.7,1.0,False,5.8566666666666665
1728,57.6,175.1642857142857,1.0,False,5.838809523809523
1729,57.63333333333333,175.97142857142856,1.0,False,5.865714285714285
1730,57.666666666666664,176.8785714285714,1.0,True,5.89595238095238
1731,57.7,177.27142857142857,1.0,False,5.909047619047619
1732,57.733333333333334,176.5785714285714,1.0,False,5.885952380952381
1733,57.766666666666666,175.9785714285714,1.0,False,5.865952380952381
1734,57.8,176.32857142857142,1.0,False,5.8776190476190475
1735,57.833333333333336,176.20714285714286,1.0,True,5.873571428571428
1736,57.86666666666667,176.34285714285713,1.0,False,5.878095238095238
1737,57.9,176.67857142857142,1.0,False,5.889285714285713
1738,57.93333333333333,176.37142857142857,1.0,False,5.879047619047618
1739,57.96666666666667,175.88571428571427,1.0,False,5.862857142857142
1740,58.0,176.24285714285713,1.0,False,5.874761904761904
1741,58.03333333333333,178.01428571428568,1.0,False,5.933809523809523
1742,58.06666666666666,178.8142857142857,1.0,False,5.960476190476189
1743,58.1,177.28571428571425,1.0,False,5.909523809523809
1744,58.13333333333333,175.35714285714283,1.0,False,5.845238095238094
1745,58.166666666666664,175.91428571428568,0.9861111044883728,True,5.863809523809523
1746,58.2,176.55714285714282,1.0,False,5.885238095238094
1747,58.233333333333334,176.7428571428571,1.0,False,5.891428571428571
1748,58.266666666666666,176.59999999999997,1.0,False,5.886666666666666
1749,58.3,176.82142857142856,1.0,False,5.894047619047618
1750,58.333333333333336,175.99999999999997,1.0,False,5.866666666666667
1751,58.36666666666667,175.70714285714286,1.0,True,5.856904761904762
1752,58.4,175.5,1.0,False,5.849999999999999
1753,58.43333333333333,175.39285714285714,1.0,False,5.846428571428571
1754,58.46666666666667,176.55714285714282,1.0,False,5.885238095238095
1755,58.5,177.68571428571425,1.0,False,5.922857142857143
1756,58.53333333333333,178.6,1.0,False,5.953333333333332
1757,58.56666666666666,178.91428571428568,1.0,False,5.963809523809524
1758,58.6,178.48571428571427,1.0,False,5.949523809523809
1759,58.63333333333333,177.0142857142857,1.0,False,5.90047619047619
1760,58.666666666666664,175.91428571428568,1.0,False,5.863809523809524
1761,58.7,175.87142857142854,1.0,True,5.862380952380953
1762,58.733333333333334,176.17142857142855,1.0,False,5.8723809523809525
1763,58.766666666666666,177.02142857142857,1.0,False,5.900714285714285
1764,58.8,177.78571428571428,1.0,False,5.926190476190476
1765,58.833333333333336,177.8357142857143,1.0,True,5.9278571428571425
1766,58.86666666666667,177.54285714285712,1.0,False,5.918095238095237
1767,58.9,177.52142857142852,1.0,False,5.9173809523809515
1768,58.93333333333333,177.34999999999997,1.0,False,5.911666666666666
1769,58.96666666666667,177.17142857142858,1.0,False,5.905714285714285
1770,59.0,177.24999999999997,1.0,True,5.908333333333332
1771,59.03333333333333,177.45714285714283,1.0,False,5.915238095238094
1772,59.06666666666666,176.50714285714284,1.0,False,5.883571428571428
1773,59.1,176.74285714285713,1.0,False,5.891428571428571
1774,59.13333333333333,177.19285714285712,1.0,False,5.90642857142857
1775,59.166666666666664,177.68571428571428,1.0,False,5.922857142857143
1776,59.2,177.20714285714283,1.0,True,5.906904761904761
1777,59.233333333333334,177.28571428571425,1.0,False,5.909523809523808
1778,59.266666666666666,176.52142857142854,1.0,False,5.884047619047618
1779,59.3,175.7142857142857,1.0,False,5.857142857142856
1780,59.333333333333336,175.0285714285714,1.0,False,5.834285714285714
1781,59.36666666666667,175.85714285714286,1.0,False,5.8619047619047615
1782,59.4,177.39999999999998,1.0,False,5.913333333333334
1783,59.43333333333333,178.4142857142857,1.0,False,5.947142857142857
1784,59.46666666666667,177.6285714285714,1.0,False,5.9209523809523805
1785,59.5,177.08571428571426,1.0,False,5.902857142857142
1786,59.53333333333333,177.8428571428571,1.0,False,5.928095238095238
1787,59.56666666666666,177.29999999999998,1.0,False,5.909999999999998
1788,59.6,177.17142857142855,1.0,False,5.905714285714285
1789,59.63333333333333,176.54285714285712,1.0,False,5.884761904761905
1790,59.666666666666664,176.7285714285714,1.0,False,5.890952380952381
1791,59.7,176.6285714285714,1.0,False,5.887619047619047
1792,59.733333333333334,177.57142857142856,1.0,False,5.9190476190476184
1793,59.766666666666666,177.67142857142855,1.0,False,5.922380952380951
1794,59.8,176.95714285714286,1.0,True,5.898571428571428
1795,59.833333333333336,176.67142857142855,1.0,False,5.889047619047618
1796,59.86666666666667,176.15714285714284,1.0,False,5.871904761904761
1797,59.9,175.88571428571427,1.0,False,5.862857142857142
1798,59.93333333333333,175.74285714285713,1.0,False,5.858095238095238
1799,59.96666666666667,176.17142857142855,1.0,False,5.8723809523809525
1800,60.0,176.28571428571428,1.0,False,5.876190476190476
1801,60.03333333333333,176.79999999999998,1.0,False,5.893333333333333
1802,60.06666666666666,177.24285714285713,1.0,False,5.908095238095237
1803,60.1,177.58571428571426,1.0,False,5.919523809523809
1804,60.13333333333333,177.49999999999997,1.0,True,5.916666666666666
1805,60.166666666666664,177.37142857142857,1.0,True,5.912380952380952
1806,60.2,177.84285714285713,1.0,False,5.928095238095238
1807,60.233333333333334,178.78571428571428,1.0,False,5.95952380952381
1808,60.266666666666666,179.6285714285714,1.0,False,5.987619047619047
1809,60.3,178.5285714285714,1.0,False,5.950952380952381
1810,60.333333333333336,176.29999999999998,1.0,False,5.876666666666666
1811,60.36666666666667,175.14285714285714,1.0,False,5.838095238095238
1812,60.4,173.5857142857143,1.0,False,5.786190476190476
1813,60.43333333333333,171.9142857142857,1.0,False,5.730476190476191
1814,60.46666666666667,169.85714285714286,1.0,False,5.661904761904761
1815,60.5,167.57142857142856,1.0,False,5.5857142857142845
1816,60.53333333333333,164.35714285714283,1.0,False,5.478571428571428
1817,60.56666666666666,161.94285714285712,1.0,False,5.398095238095237
1818,60.6,160.6285714285714,1.0,False,5.354285714285713
1819,60.63333333333333,160.0142857142857,1.0,False,5.333809523809523
1820,60.666666666666664,158.97142857142856,1.0,False,5.299047619047618
1821,60.7,157.05714285714285,1.0,False,5.235238095238095
1822,60.733333333333334,156.1428571428571,1.0,False,5.204761904761904
1823,60.766666666666666,155.32857142857142,1.0,False,5.177619047619047
1824,60.8,155.8142857142857,1.0,False,5.193809523809524
1825,60.833333333333336,154.7285714285714,1.0,False,5.157619047619047
1826,60.86666666666667,153.5285714285714,1.0,False,5.117619047619047
1827,60.9,152.05714285714285,1.0,False,5.068571428571428
1828,60.93333333333333,152.1285714285714,1.0,False,5.070952380952381
1829,60.96666666666667,153.25714285714287,1.0,False,5.108571428571429
1830,61.0,152.65714285714284,1.0,False,5.088571428571429
1831,61.03333333333333,152.15714285714284,1.0,False,5.0719047619047615
1832,61.06666666666666,150.65714285714284,1.0,True,5.021904761904762
1833,61.1,151.2142857142857,1.0,False,5.04047619047619
1834,61.13333333333333,151.1357142857143,1.0,False,5.037857142857144
1835,61.166666666666664,150.75714285714284,0.9444444477558136,False,5.025238095238095
1836,61.2,150.07857142857142,0.9305555522441864,True,5.002619047619047
1837,61.233333333333334,150.38571428571427,1.0,False,5.0128571428571425
1838,61.266666666666666,150.50714285714284,1.0,False,5.016904761904762
1839,61.3,150.0,0.9861111044883728,False,4.999999999999999
1840,61.333333333333336,150.2285714285714,0.9722222089767456,False,5.007619047619047
1841,61.36666666666667,151.2285714285714,0.9722222089767456,False,5.040952380952381
1842,61.4,151.71428571428572,0.9583333432674408,True,5.057142857142857
1843,61.43333333333333,151.08571428571426,0.9583333432674408,False,5.036190476190475
1844,61.46666666666667,150.99999999999997,0.9722222089767456,True,5.033333333333333
1845,61.5,150.74285714285713,1.0,False,5.024761904761904
1846,61.53333333333333,150.97142857142856,1.0,False,5.032380952380952
1847,61.56666666666666,151.78571428571428,1.0,False,5.059523809523809
1848,61.6,151.89999999999998,1.0,False,5.063333333333333
1849,61.63333333333333,152.82857142857142,1.0,False,5.094285714285713
1850,61.666666666666664,154.42857142857142,1.0,False,5.147619047619048
1851,61.7,155.52142857142854,1.0,False,5.184047619047619
1852,61.733333333333334,155.5142857142857,1.0,False,5.183809523809524
1853,61.766666666666666,157.20714285714286,0.875,True,5.240238095238095
1854,61.8,159.15714285714284,1.0,False,5.305238095238095
1855,61.833333333333336,159.47857142857143,1.0,False,5.315952380952381
1856,61.86666666666667,159.34285714285713,1.0,False,5.311428571428571
1857,61.9,159.65714285714284,1.0,False,5.3219047619047615
1858,61.93333333333333,161.22857142857143,1.0,False,5.374285714285714
1859,61.96666666666667,161.12857142857143,1.0,False,5.37095238095238
1860,62.0,160.82857142857142,1.0,False,5.360952380952381
1861,62.03333333333333,159.88571428571427,1.0,False,5.32952380952381
1862,62.06666666666666,162.62857142857143,1.0,False,5.420952380952381
1863,62.1,164.95714285714286,1.0,False,5.498571428571428
1864,62.13333333333333,165.84285714285716,1.0,False,5.528095238095237
1865,62.166666666666664,164.34285714285713,1.0,False,5.478095238095238
1866,62.2,163.5285714285714,1.0,False,5.450952380952381
1867,62.233333333333334,164.27142857142854,1.0,False,5.475714285714285
1868,62.266666666666666,165.31428571428572,1.0,False,5.51047619047619
1869,62.3,166.17142857142858,1.0,True,5.5390476190476186
1870,62.333333333333336,166.0857142857143,1.0,False,5.536190476190475
1871,62.36666666666667,166.45714285714283,1.0,False,5.548571428571428
1872,62.4,167.1285714285714,1.0,True,5.57095238095238
1873,62.43333333333333,167.20000000000002,1.0,False,5.573333333333333
1874,62.46666666666667,166.45714285714286,1.0,False,5.548571428571429
1875,62.5,166.68571428571428,1.0,False,5.556190476190476
1876,62.53333333333333,167.85714285714283,1.0,False,5.595238095238095
1877,62.56666666666666,168.4785714285714,1.0,False,5.61595238095238
1878,62.6,168.34285714285713,1.0,False,5.61142857142857
1879,62.63333333333333,169.50714285714284,1.0,True,5.650238095238095
1880,62.666666666666664,169.2142857142857,1.0,False,5.64047619047619
1881,62.7,168.7785714285714,1.0,False,5.625952380952381
1882,62.733333333333334,167.2,1.0,False,5.573333333333332
1883,62.766666666666666,167.62857142857143,1.0,False,5.5876190476190475
1884,62.8,167.3642857142857,1.0,False,5.578809523809523
1885,62.833333333333336,168.55714285714285,1.0,False,5.618571428571427
1886,62.86666666666667,169.4642857142857,0.9861111044883728,True,5.648809523809524
1887,62.9,169.25714285714284,1.0,False,5.641904761904762
1888,62.93333333333333,169.27857142857144,1.0,False,5.642619047619047
1889,62.96666666666667,169.1285714285714,1.0,False,5.637619047619047
1890,63.0,169.49285714285713,1.0,False,5.649761904761904
1891,63.03333333333333,168.54285714285712,1.0,False,5.618095238095237
1892,63.06666666666666,168.6642857142857,1.0,True,5.622142857142856
1893,63.1,169.0,1.0,False,5.633333333333333
1894,63.13333333333333,169.52142857142854,1.0,False,5.650714285714285
1895,63.166666666666664,170.69285714285712,1.0,False,5.689761904761904
1896,63.2,171.65714285714284,1.0,False,5.721904761904761
1897,63.233333333333334,171.8785714285714,1.0,True,5.729285714285713
1898,63.266666666666666,171.54285714285712,1.0,False,5.718095238095238
1899,63.3,171.52142857142854,1.0,False,5.717380952380952
1900,63.333333333333336,171.41428571428568,1.0,False,5.713809523809524
1901,63.36666666666667,170.95714285714283,1.0,True,5.698571428571428
1902,63.4,170.73571428571427,1.0,False,5.691190476190476
1903,63.43333333333333,170.78571428571428,1.0,False,5.692857142857142
1904,63.46666666666667,170.83571428571426,1.0,True,5.694523809523809
1905,63.5,170.2,1.0,False,5.673333333333333
1906,63.53333333333333,170.8785714285714,1.0,False,5.69595238095238
1907,63.56666666666666,171.29999999999998,1.0,False,5.709999999999999
1908,63.6,172.11428571428567,1.0,False,5.737142857142857
1909,63.63333333333333,171.5142857142857,1.0,False,5.717142857142856
1910,63.666666666666664,171.68571428571425,1.0,False,5.722857142857143
1911,63.7,171.95714285714286,1.0,True,5.7319047619047625
1912,63.733333333333334,172.65714285714284,1.0,False,5.755238095238096
1913,63.766666666666666,171.74285714285713,1.0,False,5.7247619047619045
1914,63.8,172.19999999999996,1.0,False,5.739999999999999
1915,63.833333333333336,174.14285714285714,1.0,False,5.8047619047619055
1916,63.86666666666667,174.4857142857143,1.0,False,5.816190476190476
1917,63.9,173.00714285714284,1.0,False,5.766904761904762
1918,63.93333333333333,172.5285714285714,1.0,False,5.750952380952381
1919,63.96666666666667,173.3357142857143,1.0,True,5.777857142857143
1920,64.0,173.5,1.0,False,5.783333333333333
1921,64.03333333333333,173.52142857142857,1.0,False,5.784047619047619
1922,64.06666666666666,172.74285714285713,1.0,False,5.758095238095238
1923,64.1,171.7142857142857,1.0,False,5.723809523809524
1924,64.13333333333333,171.6285714285714,1.0,False,5.720952380952381
1925,64.16666666666667,173.08571428571426,1.0,True,5.769523809523809
1926,64.2,173.89999999999998,1.0,False,5.796666666666666
1927,64.23333333333333,174.0142857142857,1.0,False,5.80047619047619
1928,64.26666666666667,174.79999999999998,1.0,False,5.826666666666666
1929,64.3,174.75714285714284,1.0,False,5.825238095238095
1930,64.33333333333333,174.5,1.0,False,5.816666666666667
1931,64.36666666666666,173.92857142857144,1.0,False,5.7976190476190474
1932,64.4,174.55714285714288,1.0,False,5.8185714285714285
1933,64.43333333333334,174.28571428571428,1.0,False,5.809523809523808
1934,64.46666666666667,174.54285714285712,1.0,True,5.818095238095237
1935,64.5,174.49999999999997,1.0,True,5.8166666666666655
1936,64.53333333333333,174.6285714285714,1.0,True,5.82095238095238
1937,64.56666666666666,173.77142857142854,1.0,False,5.792380952380951
1938,64.6,174.79999999999998,1.0,False,5.826666666666666
1939,64.63333333333333,174.6,1.0,False,5.819999999999999
1940,64.66666666666667,174.17142857142858,1.0,False,5.805714285714285
1941,64.7,173.24285714285713,0.9722222089767456,True,5.774761904761904
1942,64.73333333333333,173.8785714285714,1.0,False,5.7959523809523805
1943,64.76666666666667,173.6,1.0,False,5.786666666666666
1944,64.8,173.74999999999997,0.984375,True,5.791666666666665
1945,64.83333333333333,173.94285714285712,1.0,False,5.798095238095237
1946,64.86666666666666,173.45,1.0,False,5.781666666666666
1947,64.9,173.67142857142855,1.0,False,5.789047619047619
1948,64.93333333333334,174.63571428571427,1.0,False,5.821190476190476
1949,64.96666666666667,174.54285714285712,1.0,False,5.818095238095237
1950,65.0,173.12142857142857,1.0,True,5.770714285714286
1951,65.03333333333333,172.47142857142856,1.0,False,5.7490476190476185
1952,65.06666666666666,172.54999999999998,1.0,False,5.751666666666666
1953,65.1,173.2142857142857,1.0,False,5.773809523809523
1954,65.13333333333333,174.17142857142858,1.0,False,5.805714285714286
1955,65.16666666666667,175.2857142857143,1.0,False,5.8428571428571425
1956,65.2,174.44285714285715,1.0,False,5.814761904761904
1957,65.23333333333333,173.44285714285715,1.0,False,5.781428571428571
1958,65.26666666666667,174.54285714285712,0.9861111044883728,True,5.818095238095237
1959,65.3,174.44285714285712,1.0,False,5.814761904761904
1960,65.33333333333333,177.65714285714284,1.0,False,5.921904761904761
1961,65.36666666666666,180.64285714285714,0.9861111044883728,False,6.0214285714285705
1962,65.4,181.32857142857142,1.0,True,6.044285714285714
1963,65.43333333333334,174.9,1.0,True,5.829999999999999
1964,65.46666666666667,172.75714285714284,1.0,False,5.758571428571428
1965,65.5,171.35714285714283,1.0,False,5.711904761904762
1966,65.53333333333333,171.04285714285712,1.0,False,5.701428571428571
1967,65.56666666666666,169.77142857142857,1.0,False,5.659047619047619
1968,65.6,170.38571428571427,1.0,False,5.6795238095238085
1969,65.63333333333333,169.35714285714283,1.0,False,5.645238095238094
1970,65.66666666666667,169.1142857142857,1.0,False,5.637142857142857
1971,65.7,167.1142857142857,1.0,False,5.570476190476191
1972,65.73333333333333,166.97142857142856,1.0,False,5.565714285714286
1973,65.76666666666667,169.5285714285714,0.9861111044883728,True,5.650952380952381
1974,65.8,174.4,1.0,False,5.8133333333333335
1975,65.83333333333333,177.0142857142857,1.0,True,5.900476190476191
1976,65.86666666666666,177.57142857142856,1.0,False,5.919047619047619
1977,65.9,177.17142857142855,1.0,True,5.905714285714286
1978,65.93333333333334,176.08571428571426,1.0,False,5.86952380952381
1979,65.96666666666667,175.45714285714286,1.0,False,5.848571428571428
1980,66.0,174.9142857142857,1.0,True,5.8304761904761895
1981,66.03333333333333,174.7142857142857,1.0,False,5.8238095238095235
1982,66.06666666666666,174.78571428571428,1.0,False,5.826190476190476
1983,66.1,175.12857142857143,1.0,False,5.8376190476190475
1984,66.13333333333333,175.45714285714286,1.0,False,5.848571428571428
1985,66.16666666666667,176.29999999999998,1.0,False,5.876666666666666
1986,66.2,175.72857142857143,1.0,False,5.857619047619047
1987,66.23333333333333,174.0142857142857,1.0,False,5.80047619047619
1988,66.26666666666667,172.54285714285714,1.0,False,5.751428571428571
1989,66.3,172.95714285714283,1.0,False,5.765238095238095
1990,66.33333333333333,173.95714285714286,1.0,True,5.798571428571429
1991,66.36666666666666,175.29999999999998,1.0,True,5.843333333333333
1992,66.4,175.05714285714282,1.0,False,5.835238095238095
1993,66.43333333333334,174.5285714285714,1.0,False,5.817619047619048
1994,66.46666666666667,174.87142857142857,1.0,False,5.829047619047619
1995,66.5,175.20714285714283,1.0,False,5.840238095238095
1996,66.53333333333333,174.27142857142854,1.0,False,5.809047619047619
1997,66.56666666666666,173.5142857142857,1.0,True,5.783809523809523
1998,66.6,174.0,1.0,True,5.8
1999,66.63333333333333,174.3142857142857,1.0,True,5.810476190476191
2000,66.66666666666667,174.24285714285713,1.0,False,5.8080952380952375
2001,66.7,174.57857142857142,1.0,False,5.819285714285713
2002,66.73333333333333,173.88571428571427,1.0,False,5.796190476190476
2003,66.76666666666667,174.37142857142857,1.0,False,5.812380952380952
2004,66.8,176.00714285714284,1.0,False,5.866904761904761
2005,66.83333333333333,177.5285714285714,1.0,False,5.917619047619048
2006,66.86666666666666,175.83571428571426,0.9583333432674408,True,5.861190476190476
2007,66.9,174.05714285714285,1.0,False,5.801904761904761
2008,66.93333333333334,173.54999999999998,1.0,False,5.784999999999999
2009,66.96666666666667,173.67142857142855,1.0,False,5.789047619047618
2010,67.0,173.4142857142857,1.0,False,5.78047619047619
2011,67.03333333333333,173.49999999999997,1.0,False,5.783333333333332
2012,67.06666666666666,174.17142857142855,1.0,False,5.805714285714285
2013,67.1,175.5857142857143,1.0,False,5.852857142857142
2014,67.13333333333333,175.89999999999998,1.0,False,5.863333333333332
2015,67.16666666666667,174.79999999999998,1.0,False,5.826666666666666
2016,67.2,174.68571428571428,1.0,False,5.822857142857143
2017,67.23333333333333,174.6285714285714,1.0,False,5.82095238095238
2018,67.26666666666667,174.74285714285713,1.0,False,5.824761904761903
2019,67.3,175.2,1.0,False,5.839999999999999
2020,67.33333333333333,175.94285714285712,1.0,False,5.864761904761904
2021,67.36666666666666,174.97142857142856,1.0,False,5.8323809523809516
2022,67.4,173.95714285714286,1.0,False,5.798571428571428
2023,67.43333333333334,174.0,1.0,True,5.8
2024,67.46666666666667,173.87142857142857,1.0,False,5.7957142857142845
2025,67.5,173.6285714285714,1.0,False,5.787619047619047
2026,67.53333333333333,173.45714285714286,1.0,True,5.781904761904761
2027,67.56666666666666,173.5,1.0,True,5.783333333333332
2028,67.6,173.37142857142857,1.0,True,5.779047619047619
2029,67.63333333333333,173.79999999999998,1.0,False,5.793333333333333
2030,67.66666666666667,174.9142857142857,1.0,False,5.83047619047619
2031,67.7,175.78571428571428,1.0,False,5.859523809523809
2032,67.73333333333333,175.5857142857143,1.0,True,5.852857142857143
2033,67.76666666666667,175.12857142857143,1.0,False,5.8376190476190475
2034,67.8,174.7642857142857,1.0,False,5.82547619047619
2035,67.83333333333333,174.75714285714284,1.0,False,5.825238095238094
2036,67.86666666666666,175.12142857142857,1.0,True,5.837380952380952
2037,67.9,176.29999999999998,1.0,False,5.876666666666667
2038,67.93333333333334,176.3357142857143,1.0,False,5.877857142857143
2039,67.96666666666667,175.3,1.0,False,5.843333333333333
2040,68.0,175.0142857142857,1.0,False,5.833809523809523
2041,68.03333333333333,175.68571428571428,1.0,False,5.856190476190476
2042,68.06666666666666,176.68571428571425,1.0,False,5.889523809523809
2043,68.1,177.07142857142856,1.0,False,5.902380952380952
2044,68.13333333333333,177.6285714285714,1.0,False,5.92095238095238
2045,68.16666666666667,177.49999999999994,1.0,True,5.916666666666665
2046,68.2,177.2428571428571,1.0,False,5.908095238095237
2047,68.23333333333333,178.7,1.0,False,5.956666666666666
2048,68.26666666666667,178.1428571428571,1.0,False,5.938095238095237
2049,68.3,177.9642857142857,1.0,False,5.932142857142857
2050,68.33333333333333,177.6285714285714,1.0,False,5.9209523809523805
2051,68.36666666666666,179.09285714285713,1.0,True,5.9697619047619055
2052,68.4,178.4142857142857,1.0,False,5.9471428571428575
2053,68.43333333333334,178.19285714285712,1.0,False,5.939761904761904
2054,68.46666666666667,177.57142857142856,1.0,False,5.9190476190476184
2055,68.5,177.6642857142857,1.0,False,5.922142857142856
2056,68.53333333333333,177.98571428571427,1.0,False,5.932857142857142
2057,68.56666666666666,178.42142857142855,1.0,True,5.947380952380952
2058,68.6,177.80714285714285,1.0,False,5.926904761904761
2059,68.63333333333333,177.82142857142853,1.0,False,5.927380952380951
2060,68.66666666666667,178.79285714285712,0.957142859697342,True,5.959761904761904
2061,68.7,179.57142857142856,1.0,False,5.985714285714286
2062,68.73333333333333,179.14999999999998,1.0,False,5.971666666666666
2063,68.76666666666667,178.97142857142853,1.0,False,5.965714285714284
2064,68.8,178.7285714285714,1.0,False,5.957619047619047
2065,68.83333333333333,177.9285714285714,1.0,False,5.93095238095238
2066,68.86666666666666,177.1285714285714,1.0,False,5.904285714285713
2067,68.9,177.22142857142853,1.0,False,5.907380952380952
2068,68.93333333333334,177.1285714285714,1.0,False,5.904285714285714
2069,68.96666666666667,176.7285714285714,1.0,True,5.890952380952381
2070,69.0,176.49999999999997,1.0,True,5.883333333333333
2071,69.03333333333333,176.25,1.0,True,5.875
2072,69.06666666666666,175.99999999999997,1.0,True,5.866666666666666
2073,69.1,175.77142857142854,1.0,True,5.859047619047618
2074,69.13333333333333,175.07142857142856,1.0,False,5.835714285714285
2075,69.16666666666667,176.17857142857142,1.0,False,5.872619047619048
2076,69.2,177.88571428571427,1.0,False,5.929523809523809
2077,69.23333333333333,178.69285714285712,1.0,False,5.956428571428571
2078,69.26666666666667,177.7571428571428,1.0,False,5.925238095238094
2079,69.3,177.70714285714286,1.0,True,5.923571428571428
2080,69.33333333333333,177.87142857142857,1.0,False,5.929047619047618
2081,69.36666666666666,177.43571428571425,1.0,False,5.914523809523809
2082,69.4,177.34285714285713,1.0,False,5.911428571428571
2083,69.43333333333334,177.74285714285713,1.0,False,5.924761904761905
2084,69.46666666666667,178.04285714285712,1.0,False,5.9347619047619045
2085,69.5,177.34999999999997,1.0,False,5.911666666666666
2086,69.53333333333333,176.75714285714284,1.0,False,5.891904761904761
2087,69.56666666666666,176.66428571428568,1.0,True,5.888809523809523
2088,69.6,176.97857142857143,1.0,False,5.899285714285714
2089,69.63333333333333,176.97857142857143,1.0,False,5.899285714285714
2090,69.66666666666667,176.74999999999997,1.0,True,5.891666666666667
2091,69.7,176.54285714285712,1.0,False,5.884761904761904
2092,69.73333333333333,176.73571428571427,1.0,False,5.891190476190475
2093,69.76666666666667,175.53571428571428,1.0,False,5.851190476190475
2094,69.8,174.65714285714284,1.0,False,5.8219047619047615
2095,69.83333333333333,175.40714285714284,1.0,True,5.846904761904762
2096,69.86666666666666,177.89285714285714,1.0,False,5.929761904761905
2097,69.9,178.8928571428571,1.0,False,5.963095238095238
2098,69.93333333333334,178.79285714285712,1.0,True,5.959761904761904
2099,69.96666666666667,178.9285714285714,1.0,False,5.9642857142857135
2100,70.0,178.03571428571425,1.0,False,5.934523809523809
2101,70.03333333333333,177.07142857142856,1.0,False,5.902380952380952
2102,70.06666666666666,175.6,1.0,False,5.853333333333333
2103,70.1,175.68571428571428,1.0,False,5.856190476190475
2104,70.13333333333333,176.4785714285714,1.0,True,5.882619047619048
2105,70.16666666666667,177.5285714285714,1.0,False,5.917619047619048
2106,70.2,176.8142857142857,1.0,True,5.893809523809524
2107,70.23333333333333,175.84285714285713,1.0,False,5.86142857142857
2108,70.26666666666667,176.1,1.0,True,5.869999999999999
2109,70.3,177.04285714285714,1.0,False,5.90142857142857
2110,70.33333333333333,177.28571428571425,1.0,False,5.909523809523809
2111,70.36666666666666,177.2142857142857,1.0,False,5.907142857142857
2112,70.4,177.24999999999997,1.0,True,5.908333333333332
2113,70.43333333333334,177.45714285714283,1.0,False,5.915238095238095
2114,70.46666666666667,176.4642857142857,1.0,False,5.882142857142856
2115,70.5,176.95714285714286,1.0,False,5.898571428571428
2116,70.53333333333333,177.15714285714284,1.0,False,5.9052380952380945
2117,70.56666666666666,178.2142857142857,1.0,False,5.94047619047619
2118,70.6,176.87142857142854,1.0,False,5.895714285714284
2119,70.63333333333333,177.0,1.0,False,5.8999999999999995
2120,70.66666666666667,175.5,1.0,False,5.85
2121,70.7,176.88571428571427,1.0,False,5.896190476190475
2122,70.73333333333333,177.28571428571428,1.0,False,5.909523809523809
2123,70.76666666666667,176.97142857142856,1.0,False,5.899047619047619
2124,70.8,175.47142857142856,1.0,False,5.849047619047618
2125,70.83333333333333,176.45714285714286,1.0,False,5.881904761904761
2126,70.86666666666666,176.47142857142853,1.0,False,5.8823809523809505
2127,70.9,176.5,1.0,False,5.883333333333333
2128,70.93333333333334,177.0142857142857,1.0,False,5.90047619047619
2129,70.96666666666667,178.2142857142857,1.0,True,5.940476190476191
2130,71.0,178.2142857142857,1.0,False,5.94047619047619
2131,71.03333333333333,178.2,1.0,False,5.9399999999999995
2132,71.06666666666666,177.58571428571426,1.0,False,5.919523809523808
2133,71.1,176.58571428571426,1.0,False,5.886190476190475
2134,71.13333333333333,175.87142857142854,1.0,True,5.862380952380952
2135,71.16666666666667,175.79999999999998,1.0,False,5.859999999999999
2136,71.2,175.6142857142857,1.0,False,5.853809523809524
2137,71.23333333333333,174.95714285714286,1.0,False,5.831904761904761
2138,71.26666666666667,175.05714285714285,1.0,False,5.835238095238095
2139,71.3,176.78571428571428,1.0,False,5.892857142857142
2140,71.33333333333333,178.07142857142856,1.0,False,5.935714285714285
2141,71.36666666666666,177.8428571428571,1.0,False,5.928095238095238
2142,71.4,177.67142857142855,1.0,False,5.922380952380951
2143,71.43333333333334,177.2285714285714,1.0,False,5.907619047619047
2144,71.46666666666667,177.87142857142857,1.0,False,5.929047619047619
2145,71.5,178.2142857142857,1.0,False,5.94047619047619
2146,71.53333333333333,177.79999999999995,1.0,False,5.926666666666666
2147,71.56666666666666,176.38571428571427,1.0,False,5.879523809523809
2148,71.6,176.95714285714286,1.0,False,5.898571428571429
2149,71.63333333333333,177.48571428571427,1.0,False,5.916190476190476
2150,71.66666666666667,177.57857142857142,1.0,False,5.919285714285714
2151,71.7,177.7,1.0,False,5.923333333333333
2152,71.73333333333333,178.33571428571426,1.0,True,5.944523809523809
2153,71.76666666666667,178.32857142857142,1.0,False,5.944285714285714
2154,71.8,179.1642857142857,1.0,False,5.972142857142856
2155,71.83333333333333,178.67142857142855,1.0,False,5.9557142857142855
2156,71.86666666666666,178.67142857142855,1.0,False,5.9557142857142855
2157,71.9,177.28571428571428,1.0,False,5.90952380952381
2158,71.93333333333334,177.32857142857142,1.0,False,5.910952380952381
2159,71.96666666666667,177.87142857142857,1.0,False,5.929047619047619
2160,72.0,178.29999999999998,1.0,False,5.9433333333333325
2161,72.03333333333333,178.25714285714284,1.0,False,5.941904761904761
2162,72.06666666666666,177.37142857142854,1.0,False,5.912380952380952
2163,72.1,177.63571428571427,1.0,False,5.921190476190476
2164,72.13333333333333,176.98571428571427,1.0,False,5.899523809523808
2165,72.16666666666667,177.12142857142857,1.0,True,5.904047619047619
2166,72.2,178.1142857142857,1.0,False,5.937142857142856
2167,72.23333333333333,177.54999999999998,1.0,False,5.918333333333332
2168,72.26666666666667,175.87142857142854,1.0,False,5.862380952380951
2169,72.3,174.49999999999997,1.0,False,5.816666666666666
2170,72.33333333333333,175.48571428571427,1.0,False,5.849523809523809
2171,72.36666666666666,175.5857142857143,1.0,False,5.852857142857142
2172,72.4,176.22857142857143,1.0,False,5.874285714285713
2173,72.43333333333334,176.2142857142857,1.0,False,5.8738095238095225
2174,72.46666666666667,175.35714285714283,1.0,False,5.845238095238094
2175,72.5,174.37142857142857,1.0,False,5.812380952380951
2176,72.53333333333333,175.62857142857143,1.0,False,5.854285714285713
2177,72.56666666666666,176.7,1.0,False,5.89
2178,72.6,177.0,1.0,False,5.8999999999999995
2179,72.63333333333333,177.42857142857142,1.0,False,5.914285714285714
2180,72.66666666666667,177.98571428571427,1.0,False,5.932857142857142
2181,72.7,178.38571428571427,1.0,False,5.946190476190476
2182,72.73333333333333,177.5285714285714,1.0,False,5.917619047619048
2183,72.76666666666667,176.79999999999998,1.0,False,5.893333333333333
2184,72.8,177.72857142857143,1.0,False,5.924285714285714
2185,72.83333333333333,177.65714285714284,1.0,False,5.921904761904761
2186,72.86666666666666,177.29999999999998,1.0,False,5.909999999999999
2187,72.9,177.39999999999998,1.0,False,5.913333333333333
2188,72.93333333333334,178.57142857142856,1.0,False,5.9523809523809526
2189,72.96666666666667,177.92857142857142,1.0,False,5.93095238095238
2190,73.0,177.45714285714283,1.0,False,5.915238095238094
2191,73.03333333333333,177.97857142857143,1.0,False,5.932619047619047
2192,73.06666666666666,178.45714285714286,1.0,False,5.948571428571428
2193,73.1,178.8785714285714,1.0,True,5.9626190476190475
2194,73.13333333333333,178.8285714285714,1.0,False,5.9609523809523814
2195,73.16666666666667,177.4642857142857,1.0,False,5.91547619047619
2196,73.2,178.08571428571426,1.0,False,5.936190476190476
2197,73.23333333333333,180.38571428571427,1.0,False,6.0128571428571425
2198,73.26666666666667,180.94285714285712,1.0,False,6.031428571428571
2199,73.3,179.28571428571428,1.0,False,5.976190476190475
2200,73.33333333333333,178.0142857142857,1.0,False,5.933809523809524
2201,73.36666666666666,178.05714285714285,1.0,False,5.935238095238095
2202,73.4,177.82857142857142,1.0,False,5.927619047619047
2203,73.43333333333334,178.6142857142857,1.0,False,5.953809523809523
2204,73.46666666666667,178.77142857142857,1.0,False,5.9590476190476185
2205,73.5,178.28095238095239,0.9861111044883728,True,5.942698412698412
2206,73.53333333333333,177.30476190476188,1.0,True,5.91015873015873
2207,73.56666666666666,176.42857142857142,1.0,False,5.8809523809523805
2208,73.6,176.2285714285714,1.0,False,5.874285714285714
2209,73.63333333333333,177.08571428571426,1.0,True,5.902857142857143
2210,73.66666666666667,177.05714285714285,1.0,False,5.9019047619047615
2211,73.7,178.34285714285713,1.0,False,5.944761904761904
2212,73.73333333333333,178.8142857142857,1.0,False,5.960476190476189
2213,73.76666666666667,180.5142857142857,1.0,False,6.017142857142856
2214,73.8,179.74285714285713,1.0,False,5.991428571428571
2215,73.83333333333333,180.58571428571426,1.0,False,6.019523809523809
2216,73.86666666666666,178.9785714285714,1.0,False,5.9659523809523805
2217,73.9,178.07142857142856,1.0,False,5.935714285714285
2218,73.93333333333334,176.90714285714284,1.0,True,5.896904761904762
2219,73.96666666666667,177.6285714285714,1.0,False,5.9209523809523805
2220,74.0,177.72142857142856,1.0,False,5.924047619047618
2221,74.03333333333333,177.88571428571424,1.0,False,5.9295238095238085
2222,74.06666666666666,177.27142857142854,1.0,False,5.909047619047619
2223,74.1,178.0285714285714,1.0,False,5.934285714285713
2224,74.13333333333333,180.37142857142854,1.0,False,6.012380952380952
2225,74.16666666666667,181.0857142857143,1.0,False,6.036190476190475
2226,74.2,180.29999999999998,1.0,False,6.01
2227,74.23333333333333,179.59999999999997,1.0,False,5.986666666666666
2228,74.26666666666667,179.2642857142857,1.0,False,5.97547619047619
2229,74.3,177.6,1.0,False,5.919999999999999
2230,74.33333333333333,176.8642857142857,1.0,True,5.89547619047619
2231,74.36666666666666,177.79999999999995,1.0,False,5.926666666666665
2232,74.4,179.69285714285712,1.0,False,5.989761904761904
2233,74.43333333333334,180.62142857142857,1.0,False,6.020714285714286
2234,74.46666666666667,180.2285714285714,1.0,False,6.007619047619047
2235,74.5,179.5785714285714,1.0,True,5.985952380952381
2236,74.53333333333333,180.0,1.0,False,5.999999999999999
2237,74.56666666666666,179.89285714285714,1.0,False,5.996428571428571
2238,74.6,179.7142857142857,1.0,False,5.9904761904761905
2239,74.63333333333333,179.22142857142856,1.0,False,5.974047619047618
2240,74.66666666666667,178.7142857142857,1.0,False,5.957142857142856
2241,74.7,178.1428571428571,1.0,True,5.938095238095237
2242,74.73333333333333,178.08571428571426,1.0,False,5.936190476190475
2243,74.76666666666667,178.27142857142854,0.9861111044883728,True,5.942380952380952
2244,74.8,178.37142857142857,1.0,False,5.945714285714286
2245,74.83333333333333,177.80714285714285,1.0,True,5.926904761904762
2246,74.86666666666666,178.2285714285714,1.0,False,5.94095238095238
2247,74.9,179.31428571428572,1.0,False,5.977142857142856
2248,74.93333333333334,180.29999999999998,1.0,True,6.01
2249,74.96666666666667,179.82857142857142,1.0,False,5.994285714285714
2250,75.0,178.99999999999997,1.0,False,5.966666666666667
2251,75.03333333333333,178.04285714285712,1.0,False,5.9347619047619045
2252,75.06666666666666,178.25714285714284,1.0,False,5.941904761904762
2253,75.1,179.2,1.0,False,5.973333333333333
2254,75.13333333333333,180.42857142857142,1.0,False,6.014285714285713
2255,75.16666666666667,179.34285714285713,1.0,False,5.9780952380952375
2256,75.2,178.7142857142857,1.0,False,5.957142857142856
2257,75.23333333333333,177.0285714285714,1.0,False,5.900952380952381
2258,75.26666666666667,178.27142857142854,1.0,False,5.942380952380953
2259,75.3,178.6142857142857,1.0,False,5.953809523809523
2260,75.33333333333333,179.18571428571428,1.0,False,5.972857142857142
2261,75.36666666666666,178.2142857142857,1.0,False,5.940476190476191
2262,75.4,178.78571428571428,1.0,False,5.95952380952381
2263,75.43333333333334,179.08571428571426,1.0,False,5.9695238095238095
2264,75.46666666666667,177.48571428571427,1.0,False,5.916190476190476
2265,75.5,175.6642857142857,1.0,False,5.855476190476191
2266,75.53333333333333,174.78571428571428,1.0,False,5.826190476190476
2267,75.56666666666666,175.20714285714283,0.9861111044883728,True,5.840238095238095
2268,75.6,175.54285714285714,1.0,False,5.8514285714285705
2269,75.63333333333333,175.99999999999997,1.0,True,5.866666666666667
2270,75.66666666666667,176.45714285714286,1.0,False,5.881904761904762
2271,75.7,176.8785714285714,1.0,True,5.895952380952382
2272,75.73333333333333,176.78571428571428,1.0,False,5.892857142857142
2273,75.76666666666667,175.9785714285714,1.0,False,5.865952380952381
2274,75.8,175.17142857142858,1.0,False,5.839047619047618
2275,75.83333333333333,175.54285714285714,1.0,False,5.851428571428571
2276,75.86666666666666,177.2142857142857,1.0,True,5.907142857142856
2277,75.9,177.66428571428568,1.0,False,5.922142857142856
2278,75.93333333333334,177.27142857142854,1.0,False,5.909047619047619
2279,75.96666666666667,177.24999999999997,1.0,True,5.908333333333332
2280,76.0,177.18571428571428,1.0,False,5.906190476190476
2281,76.03333333333333,177.30714285714285,1.0,False,5.910238095238095
2282,76.06666666666666,176.58571428571426,1.0,False,5.8861904761904755
2283,76.1,176.48571428571427,1.0,False,5.882857142857143
2284,76.13333333333333,175.98571428571427,1.0,False,5.866190476190475
2285,76.16666666666667,178.44285714285712,1.0,False,5.948095238095237
2286,76.2,179.37142857142857,1.0,False,5.979047619047619
2287,76.23333333333333,180.0857142857143,1.0,False,6.002857142857143
2288,76.26666666666667,179.5142857142857,1.0,False,5.983809523809524
2289,76.3,179.1285714285714,1.0,False,5.97095238095238
2290,76.33333333333333,177.86428571428567,1.0,False,5.928809523809523
2291,76.36666666666666,177.78571428571428,1.0,False,5.926190476190476
2292,76.4,178.20714285714283,1.0,True,5.940238095238095
2293,76.43333333333334,178.67142857142855,1.0,False,5.9557142857142855
2294,76.46666666666667,179.30714285714285,1.0,False,5.976904761904761
2295,76.5,180.28285714285713,1.0,False,6.009428571428571
2296,76.53333333333333,180.64857142857142,1.0,False,6.021619047619048
2297,76.56666666666666,180.3542857142857,1.0,True,6.011809523809524
2298,76.6,179.4,1.0,True,5.9799999999999995
2299,76.63333333333333,178.59999999999997,1.0,True,5.953333333333332
2300,76.66666666666667,177.55999999999997,1.0,True,5.918666666666667
2301,76.7,177.56571428571425,1.0,False,5.918857142857143
2302,76.73333333333333,178.80285714285714,1.0,False,5.960095238095238
2303,76.76666666666667,179.44285714285712,1.0,False,5.981428571428571
2304,76.8,179.35714285714283,1.0,False,5.978571428571429
2305,76.83333333333333,178.64285714285714,1.0,False,5.954761904761904
2306,76.86666666666666,178.77142857142854,1.0,False,5.9590476190476185
2307,76.9,178.44285714285712,1.0,False,5.948095238095238
2308,76.93333333333334,178.79999999999998,1.0,False,5.96
2309,76.96666666666667,178.99999999999997,1.0,False,5.966666666666667
2310,77.0,179.28571428571428,1.0,False,5.976190476190475
2311,77.03333333333333,179.1285714285714,1.0,False,5.97095238095238
2312,77.06666666666666,179.08571428571426,1.0,False,5.969523809523809
2313,77.1,179.24285714285713,1.0,False,5.974761904761904
2314,77.13333333333333,180.0142857142857,1.0,False,6.000476190476189
2315,77.16666666666667,180.5285714285714,1.0,False,6.017619047619047
2316,77.2,179.82857142857142,1.0,False,5.994285714285714
2317,77.23333333333333,178.34285714285713,1.0,False,5.944761904761904
2318,77.26666666666667,178.87142857142857,1.0,False,5.962380952380952
2319,77.3,180.34285714285713,1.0,False,6.011428571428572
2320,77.33333333333333,180.90952380952382,0.9861111044883728,True,6.030317460317461
2321,77.36666666666666,180.3904761904762,1.0,True,6.013015873015872
2322,77.4,179.84285714285713,1.0,False,5.994761904761904
2323,77.43333333333334,179.09999999999997,1.0,False,5.97
2324,77.46666666666667,178.4142857142857,1.0,False,5.947142857142857
2325,77.5,178.84285714285713,1.0,False,5.96142857142857
2326,77.53333333333333,179.57142857142856,1.0,False,5.985714285714285
2327,77.56666666666666,180.25714285714284,1.0,False,6.008571428571428
2328,77.6,180.37142857142854,1.0,False,6.012380952380951
2329,77.63333333333333,180.37142857142857,1.0,True,6.012380952380952
2330,77.66666666666667,181.03571428571428,1.0,False,6.034523809523809
2331,77.7,181.94285714285712,1.0,False,6.0647619047619035
2332,77.73333333333333,182.50714285714284,1.0,True,6.083571428571427
2333,77.76666666666667,181.95714285714286,1.0,False,6.065238095238094
2334,77.8,180.59285714285713,1.0,False,6.019761904761904
2335,77.83333333333333,179.98571428571427,1.0,False,5.99952380952381
2336,77.86666666666666,179.45,1.0,False,5.981666666666666
2337,77.9,179.09999999999997,1.0,False,5.969999999999999
2338,77.93333333333334,178.03571428571428,1.0,True,5.934523809523808
2339,77.96666666666667,178.1285714285714,1.0,False,5.937619047619047
2340,78.0,178.35,1.0,False,5.945
2341,78.03333333333333,179.34285714285713,1.0,False,5.9780952380952375
2342,78.06666666666666,180.28571428571425,1.0,False,6.009523809523809
2343,78.1,179.39999999999998,1.0,False,5.9799999999999995
2344,78.13333333333333,178.37142857142857,1.0,False,5.945714285714285
2345,78.16666666666667,176.2,1.0,False,5.873333333333333
2346,78.2,174.7,0.9583333432674408,False,5.823333333333332
2347,78.23333333333333,175.6,1.0,False,5.853333333333333
2348,78.26666666666667,178.58571428571426,1.0,False,5.952857142857143
2349,78.3,179.68571428571425,1.0,False,5.989523809523809
2350,78.33333333333333,178.87142857142854,1.0,False,5.962380952380952
2351,78.36666666666666,179.10714285714283,1.0,False,5.970238095238095
2352,78.4,179.4142857142857,1.0,False,5.98047619047619
2353,78.43333333333334,179.8785714285714,1.0,True,5.995952380952381
2354,78.46666666666667,179.78571428571428,1.0,False,5.992857142857142
2355,78.5,178.84999999999997,1.0,False,5.961666666666666
2356,78.53333333333333,178.68571428571425,1.0,False,5.956190476190476
2357,78.56666666666666,179.6142857142857,1.0,False,5.987142857142857
2358,78.6,179.0142857142857,1.0,False,5.967142857142857
2359,78.63333333333333,180.2,1.0,False,6.006666666666666
2360,78.66666666666667,179.94285714285715,1.0,False,5.998095238095238
2361,78.7,180.28571428571428,1.0,False,6.009523809523809
2362,78.73333333333333,179.47142857142856,1.0,False,5.982380952380951
2363,78.76666666666667,180.78571428571428,1.0,False,6.026190476190475
2364,78.8,179.7142857142857,1.0,False,5.99047619047619
2365,78.83333333333333,179.47142857142856,1.0,False,5.982380952380953
2366,78.86666666666666,179.1,1.0,False,5.969999999999999
2367,78.9,178.09999999999997,1.0,False,5.936666666666666
2368,78.93333333333334,176.9142857142857,1.0,False,5.897142857142857
2369,78.96666666666667,176.93571428571428,1.0,True,5.897857142857142
2370,79.0,177.04285714285714,1.0,False,5.901428571428571
2371,79.03333333333333,177.20714285714283,1.0,True,5.906904761904761
2372,79.06666666666666,177.54285714285712,1.0,False,5.918095238095237
2373,79.1,177.85,1.0,False,5.928333333333333
2374,79.13333333333333,179.0142857142857,1.0,False,5.967142857142856
2375,79.16666666666667,179.6428571428571,1.0,False,5.988095238095237
2376,79.2,180.57142857142856,1.0,False,6.019047619047619
2377,79.23333333333333,179.84285714285713,1.0,False,5.994761904761905
2378,79.26666666666667,178.77142857142854,1.0,False,5.9590476190476185
2379,79.3,176.48571428571427,1.0,False,5.882857142857143
2380,79.33333333333333,175.84285714285713,1.0,False,5.861428571428571
2381,79.36666666666666,177.6,1.0,False,5.919999999999999
2382,79.4,179.92857142857142,1.0,False,5.997619047619048
2383,79.43333333333334,180.37142857142857,1.0,False,6.012380952380951
2384,79.46666666666667,179.1142857142857,1.0,False,5.97047619047619
2385,79.5,178.6095238095238,0.9857142865657806,True,5.953650793650793
2386,79.53333333333333,178.21904761904761,1.0,True,5.9406349206349205
2387,79.56666666666666,178.27142857142854,1.0,False,5.942380952380952
2388,79.6,179.1,1.0,False,5.97
2389,79.63333333333333,178.68571428571428,1.0,False,5.956190476190476
2390,79.66666666666667,176.84285714285713,1.0,False,5.894761904761904
2391,79.7,177.82857142857142,1.0,False,5.9276190476190465
2392,79.73333333333333,180.24285714285713,1.0,False,6.008095238095237
2393,79.76666666666667,180.38571428571427,1.0,False,6.0128571428571425
2394,79.8,178.42857142857142,1.0,False,5.947619047619047
2395,79.83333333333333,179.47142857142856,1.0,False,5.982380952380952
2396,79.86666666666666,179.32857142857142,1.0,False,5.977619047619047
2397,79.9,178.08571428571426,1.0,False,5.936190476190475
2398,79.93333333333334,176.85714285714283,1.0,False,5.895238095238094
2399,79.96666666666667,177.58571428571426,1.0,True,5.919523809523809
2400,80.0,177.28571428571425,1.0,True,5.909523809523808
2401,80.03333333333333,177.97142857142853,1.0,False,5.932380952380951
2402,80.06666666666666,180.34285714285713,1.0,False,6.011428571428571
2403,80.1,180.1142857142857,1.0,False,6.003809523809522
2404,80.13333333333333,178.6,1.0,False,5.953333333333332
2405,80.16666666666667,177.42857142857142,1.0,False,5.914285714285714
2406,80.2,179.0142857142857,1.0,False,5.967142857142857
2407,80.23333333333333,179.15714285714284,1.0,False,5.971904761904762
2408,80.26666666666667,178.0285714285714,1.0,False,5.934285714285714
2409,80.3,177.82857142857142,1.0,False,5.9276190476190465
2410,80.33333333333333,178.92857142857142,1.0,False,5.9642857142857135
2411,80.36666666666666,180.34285714285713,1.0,True,6.011428571428571
2412,80.4,179.78571428571428,1.0,False,5.992857142857143
2413,80.43333333333334,179.88571428571427,1.0,False,5.996190476190475
2414,80.46666666666667,180.2,1.0,False,6.006666666666666
2415,80.5,180.7142857142857,1.0,True,6.023809523809524
2416,80.53333333333333,180.15714285714284,1.0,False,6.005238095238095
2417,80.56666666666666,179.17142857142855,1.0,False,5.972380952380952
2418,80.6,178.82142857142856,1.0,False,5.9607142857142845
2419,80.63333333333333,179.07142857142856,1.0,False,5.969047619047619
2420,80.66666666666667,178.57857142857142,1.0,True,5.952619047619048
2421,80.7,178.77142857142854,1.0,False,5.9590476190476185
2422,80.73333333333333,180.72142857142856,1.0,False,6.024047619047619
2423,80.76666666666667,181.94285714285715,1.0,False,6.064761904761904
2424,80.8,180.84285714285713,1.0,False,6.028095238095237
2425,80.83333333333333,179.6285714285714,1.0,False,5.987619047619047
2426,80.86666666666666,180.2142857142857,1.0,False,6.007142857142856
2427,80.9,180.20714285714283,1.0,False,6.006904761904761
2428,80.93333333333334,179.7285714285714,1.0,False,5.990952380952381
2429,80.96666666666667,179.66428571428568,0.9861111044883728,True,5.988809523809524
2430,81.0,179.85714285714283,1.0,False,5.995238095238095
2431,81.03333333333333,180.72142857142856,1.0,False,6.024047619047619
2432,81.06666666666666,181.34285714285713,1.0,False,6.044761904761904
2433,81.1,181.08571428571426,1.0,False,6.036190476190476
2434,81.13333333333333,181.15714285714284,1.0,False,6.038571428571428
2435,81.16666666666667,182.2142857142857,1.0,False,6.0738095238095235
2436,81.2,182.55714285714285,1.0,False,6.085238095238094
2437,81.23333333333333,180.78571428571428,1.0,False,6.026190476190476
2438,81.26666666666667,179.88571428571427,1.0,False,5.996190476190476
2439,81.3,178.3142857142857,1.0,False,5.943809523809524
2440,81.33333333333333,177.14285714285714,1.0,False,5.904761904761904
2441,81.36666666666666,176.87142857142857,1.0,False,5.895714285714285
2442,81.4,177.87142857142857,1.0,False,5.929047619047619
2443,81.43333333333334,178.69285714285712,1.0,True,5.956428571428571
2444,81.46666666666667,178.7,1.0,False,5.956666666666666
2445,81.5,177.62142857142857,1.0,True,5.920714285714285
2446,81.53333333333333,177.3142857142857,1.0,False,5.9104761904761896
2447,81.56666666666666,177.40714285714284,1.0,False,5.913571428571428
2448,81.6,178.63571428571424,1.0,False,5.954523809523808
2449,81.63333333333333,179.14285714285714,1.0,False,5.971428571428571
2450,81.66666666666667,179.3785714285714,1.0,True,5.979285714285713
2451,81.7,178.88571428571427,1.0,False,5.962857142857142
2452,81.73333333333333,179.22142857142856,1.0,False,5.974047619047618
2453,81.76666666666667,179.45714285714283,1.0,False,5.981904761904761
2454,81.8,179.1285714285714,1.0,False,5.97095238095238
2455,81.83333333333333,178.87142857142854,1.0,True,5.962380952380952
2456,81.86666666666666,179.29999999999998,1.0,False,5.976666666666667
2457,81.9,179.6142857142857,1.0,False,5.987142857142857
2458,81.93333333333334,179.79999999999998,1.0,False,5.993333333333333
2459,81.96666666666667,179.1142857142857,1.0,False,5.97047619047619
2460,82.0,179.0142857142857,1.0,False,5.967142857142857
2461,82.03333333333333,179.15714285714284,1.0,False,5.971904761904761
2462,82.06666666666666,179.45714285714283,1.0,False,5.981904761904761
2463,82.1,179.92857142857142,1.0,False,5.997619047619047
2464,82.13333333333333,180.5285714285714,1.0,False,6.017619047619047
2465,82.16666666666667,180.58571428571426,1.0,False,6.019523809523809
2466,82.2,180.25714285714284,1.0,False,6.008571428571428
2467,82.23333333333333,180.17857142857142,1.0,False,6.0059523809523805
2468,82.26666666666667,180.2142857142857,1.0,False,6.007142857142856
2469,82.3,180.24999999999997,1.0,True,6.008333333333332
2470,82.33333333333333,180.41428571428568,1.0,False,6.013809523809523
2471,82.36666666666666,179.9142857142857,1.0,False,5.997142857142856
2472,82.4,179.17142857142855,1.0,False,5.972380952380952
2473,82.43333333333334,178.45,1.0,True,5.948333333333333
2474,82.46666666666667,179.22857142857143,1.0,False,5.974285714285714
2475,82.5,180.12142857142857,1.0,False,6.004047619047618
2476,82.53333333333333,181.3142857142857,1.0,False,6.043809523809523
2477,82.56666666666666,180.55714285714285,1.0,False,6.018571428571429
2478,82.6,179.7285714285714,1.0,False,5.990952380952381
2479,82.63333333333333,178.7,1.0,True,5.956666666666666
2480,82.66666666666667,179.29999999999998,1.0,False,5.976666666666667
2481,82.7,179.35714285714283,1.0,False,5.978571428571428
2482,82.73333333333333,180.5285714285714,1.0,False,6.017619047619047
2483,82.76666666666667,181.64285714285714,1.0,False,6.054761904761905
2484,82.8,182.04285714285714,1.0,False,6.068095238095237
2485,82.83333333333333,181.7285714285714,1.0,False,6.057619047619047
2486,82.86666666666666,180.7785714285714,1.0,False,6.02595238095238
2487,82.9,180.07142857142856,1.0,False,6.002380952380952
2488,82.93333333333334,180.29285714285712,0.9861111044883728,True,6.009761904761904
2489,82.96666666666667,180.2142857142857,1.0,False,6.007142857142856
2490,83.0,179.47857142857143,1.0,False,5.982619047619047
2491,83.03333333333333,179.3142857142857,1.0,False,5.977142857142857
2492,83.06666666666666,180.54285714285714,1.0,False,6.0180952380952375
2493,83.1,180.5642857142857,1.0,False,6.018809523809524
2494,83.13333333333333,180.45714285714283,1.0,False,6.015238095238094
2495,83.16666666666667,180.33571428571426,1.0,True,6.011190476190475
2496,83.2,179.5285714285714,1.0,False,5.984285714285714
2497,83.23333333333333,180.00714285714284,1.0,False,6.000238095238095
2498,83.26666666666667,181.22857142857143,1.0,False,6.04095238095238
2499,83.3,181.82857142857142,1.0,False,6.06095238095238
2500,83.33333333333333,181.77142857142854,1.0,False,6.059047619047618
2501,83.36666666666666,182.74285714285713,1.0,False,6.091428571428571
2502,83.4,182.0142857142857,1.0,False,6.067142857142857
2503,83.43333333333334,180.28571428571428,1.0,False,6.0095238095238095
2504,83.46666666666667,180.1142857142857,1.0,False,6.003809523809523
2505,83.5,182.04285714285714,1.0,False,6.068095238095237
2506,83.53333333333333,181.94285714285712,1.0,False,6.064761904761904
2507,83.56666666666666,181.1,1.0,False,6.036666666666667
2508,83.6,180.9142857142857,1.0,False,6.0304761904761905
2509,83.63333333333333,181.87142857142857,1.0,False,6.062380952380952
2510,83.66666666666667,182.62857142857143,1.0,False,6.0876190476190475
2511,83.7,182.82857142857142,1.0,False,6.094285714285714
2512,83.73333333333333,182.62857142857143,1.0,False,6.0876190476190475
2513,83.76666666666667,181.95714285714286,1.0,False,6.065238095238095
2514,83.8,180.57142857142856,1.0,False,6.019047619047618
2515,83.83333333333333,180.78571428571425,1.0,False,6.026190476190475
2516,83.86666666666666,180.74285714285713,1.0,False,6.024761904761904
2517,83.9,181.62857142857143,1.0,False,6.054285714285714
2518,83.93333333333334,181.38571428571427,1.0,False,6.046190476190477
2519,83.96666666666667,181.97142857142856,1.0,False,6.065714285714286
2520,84.0,181.37142857142857,1.0,False,6.045714285714285
2521,84.03333333333333,181.7142857142857,1.0,False,6.057142857142857
2522,84.06666666666666,181.6142857142857,1.0,False,6.053809523809523
2523,84.1,181.25714285714284,1.0,False,6.041904761904761
2524,84.13333333333333,181.04285714285712,1.0,False,6.034761904761904
2525,84.16666666666667,181.37142857142857,1.0,False,6.045714285714286
2526,84.2,181.54285714285717,1.0,False,6.051428571428572
2527,84.23333333333333,181.5,1.0,True,6.050000000000001
2528,84.26666666666667,181.5,1.0,True,6.050000000000001
2529,84.3,181.45714285714286,1.0,True,6.048571428571429
2530,84.33333333333333,181.45714285714286,1.0,False,6.048571428571428
2531,84.36666666666666,182.47142857142856,1.0,False,6.0823809523809516
2532,84.4,183.35714285714283,1.0,False,6.1119047619047615
2533,84.43333333333334,183.25714285714284,1.0,False,6.108571428571428
2534,84.46666666666667,181.9142857142857,1.0,False,6.063809523809523
2535,84.5,180.9142857142857,1.0,False,6.03047619047619
2536,84.53333333333333,181.77142857142854,1.0,False,6.059047619047618
2537,84.56666666666666,182.99999999999997,1.0,False,6.099999999999999
2538,84.6,183.45714285714286,1.0,False,6.1152380952380945
2539,84.63333333333333,182.6095238095238,1.0,True,6.0869841269841265
2540,84.66666666666667,182.34761904761905,1.0,True,6.078253968253968
2541,84.7,181.92857142857142,1.0,False,6.064285714285713
2542,84.73333333333333,181.68571428571428,1.0,False,6.056190476190476
2543,84.76666666666667,181.15714285714287,1.0,False,6.038571428571428
2544,84.8,180.8642857142857,1.0,False,6.028809523809524
2545,84.83333333333333,180.8285714285714,1.0,False,6.027619047619047
2546,84.86666666666666,181.29285714285714,1.0,True,6.043095238095238
2547,84.9,181.4142857142857,1.0,False,6.047142857142858
2548,84.93333333333334,181.69285714285715,1.0,False,6.0564285714285715
2549,84.96666666666667,181.78571428571428,1.0,False,6.059523809523809
2550,85.0,181.32857142857142,1.0,True,6.044285714285714
2551,85.03333333333333,181.94285714285712,1.0,False,6.064761904761904
2552,85.06666666666666,182.06428571428572,1.0,False,6.068809523809524
2553,85.1,182.07142857142856,1.0,False,6.069047619047619
2554,85.13333333333333,182.24999999999997,0.9861111044883728,True,6.074999999999999
2555,85.16666666666667,182.64285714285714,1.0,False,6.088095238095239
2556,85.2,181.70714285714283,1.0,False,6.056904761904762
2557,85.23333333333333,180.82857142857142,1.0,False,6.027619047619047
2558,85.26666666666667,181.73571428571427,1.0,False,6.057857142857142
2559,85.3,182.07142857142856,1.0,False,6.069047619047619
2560,85.33333333333333,181.27142857142857,1.0,True,6.042380952380952
2561,85.36666666666666,180.34285714285713,1.0,False,6.011428571428571
2562,85.4,180.57857142857142,1.0,True,6.019285714285714
2563,85.43333333333334,181.5,1.0,False,6.050000000000001
2564,85.46666666666667,182.44285714285712,1.0,True,6.081428571428571
2565,85.5,182.48571428571427,1.0,False,6.082857142857142
2566,85.53333333333333,181.99285714285713,1.0,False,6.066428571428571
2567,85.56666666666666,181.2642857142857,1.0,False,6.042142857142857
2568,85.6,181.08571428571426,1.0,False,6.036190476190476
2569,85.63333333333333,180.70714285714286,1.0,True,6.023571428571429
2570,85.66666666666667,180.54285714285712,1.0,False,6.018095238095238
2571,85.7,180.49285714285713,1.0,False,6.016428571428571
2572,85.73333333333333,180.47142857142856,1.0,False,6.015714285714285
2573,85.76666666666667,180.34761904761905,1.0,True,6.011587301587301
2574,85.8,179.98095238095237,1.0,True,5.99936507936508
2575,85.83333333333333,180.79999999999998,1.0,False,6.026666666666666
2576,85.86666666666666,180.65714285714284,1.0,False,6.021904761904761
2577,85.9,179.98571428571427,1.0,False,5.99952380952381
2578,85.93333333333334,179.37142857142857,1.0,False,5.979047619047619
2579,85.96666666666667,180.2428571428571,1.0,False,6.008095238095238
2580,86.0,180.32857142857142,1.0,False,6.01095238095238
2581,86.03333333333333,182.28571428571428,1.0,False,6.076190476190475
2582,86.06666666666666,183.48571428571427,1.0,False,6.116190476190476
2583,86.1,184.04285714285714,1.0,False,6.134761904761905
2584,86.13333333333333,183.18571428571425,1.0,False,6.106190476190476
2585,86.16666666666667,185.24285714285713,1.0,False,6.174761904761905
2586,86.2,183.5142857142857,1.0,False,6.117142857142857
2587,86.23333333333333,181.3142857142857,1.0,False,6.043809523809524
2588,86.26666666666667,180.65714285714284,1.0,False,6.021904761904762
2589,86.3,181.54285714285714,1.0,False,6.051428571428571
2590,86.33333333333333,182.18571428571428,1.0,False,6.072857142857143
2591,86.36666666666666,182.28571428571428,1.0,False,6.076190476190477
2592,86.4,181.84285714285713,0.9027777910232544,True,6.061428571428572
2593,86.43333333333334,179.34285714285713,1.0,False,5.978095238095238
2594,86.46666666666667,178.95714285714283,1.0,False,5.965238095238095
2595,86.5,179.9142857142857,1.0,True,5.997142857142856
2596,86.53333333333333,181.08571428571426,1.0,False,6.036190476190476
2597,86.56666666666666,181.82857142857142,1.0,False,6.06095238095238
2598,86.6,182.04285714285714,1.0,True,6.068095238095237
2599,86.63333333333333,182.17142857142855,1.0,False,6.072380952380952
2600,86.66666666666667,182.28571428571428,1.0,False,6.076190476190476
2601,86.7,182.0857142857143,1.0,True,6.069523809523808
2602,86.73333333333333,181.5,1.0,False,6.049999999999999
2603,86.76666666666667,180.93571428571428,1.0,False,6.031190476190476
2604,86.8,180.6285714285714,1.0,False,6.020952380952381
2605,86.83333333333333,180.8785714285714,1.0,True,6.029285714285714
2606,86.86666666666666,180.39999999999998,1.0,False,6.013333333333333
2607,86.9,179.66428571428568,1.0,False,5.988809523809524
2608,86.93333333333334,179.2,1.0,False,5.973333333333333
2609,86.96666666666667,179.54285714285712,1.0,True,5.984761904761903
2610,87.0,179.49999999999997,1.0,False,5.983333333333332
2611,87.03333333333333,179.41428571428568,1.0,False,5.980476190476189
2612,87.06666666666666,179.7142857142857,1.0,False,5.99047619047619
2613,87.1,180.32857142857142,1.0,False,6.01095238095238
2614,87.13333333333333,181.1285714285714,1.0,True,6.037619047619047
2615,87.16666666666667,181.32857142857142,1.0,False,6.044285714285714
2616,87.2,181.1285714285714,1.0,False,6.037619047619047
2617,87.23333333333333,180.41428571428568,1.0,False,6.013809523809523
2618,87.26666666666667,179.45714285714283,1.0,False,5.981904761904762
2619,87.3,178.67142857142855,1.0,False,5.9557142857142855
2620,87.33333333333333,178.41428571428568,1.0,False,5.947142857142856
2621,87.36666666666666,178.49999999999994,1.0,True,5.949999999999998
2622,87.4,178.49999999999997,0.9861111044883728,True,5.949999999999998
2623,87.43333333333334,178.49999999999994,1.0,True,5.949999999999998
2624,87.46666666666667,178.49999999999997,1.0,False,5.949999999999998
2625,87.5,178.5,1.0,True,5.949999999999999
2626,87.53333333333333,178.5,1.0,True,5.95
2627,87.56666666666666,178.5,1.0,False,5.949999999999999
2628,87.6,178.45714285714286,1.0,True,5.9485714285714275
2629,87.63333333333333,178.45714285714283,1.0,False,5.9485714285714275
2630,87.66666666666667,179.42857142857142,1.0,False,5.980952380952381
2631,87.7,180.48571428571427,1.0,False,6.016190476190476
2632,87.73333333333333,180.54285714285712,1.0,False,6.0180952380952375
2633,87.76666666666667,179.6285714285714,1.0,False,5.987619047619047
2634,87.8,179.69285714285712,1.0,False,5.989761904761904
2635,87.83333333333333,180.2,1.0,False,6.006666666666667
2636,87.86666666666666,180.50714285714284,1.0,True,6.016904761904762
2637,87.9,179.35714285714286,1.0,False,5.978571428571428
2638,87.93333333333334,178.83571428571426,1.0,False,5.961190476190476
2639,87.96666666666667,180.1285714285714,1.0,True,6.004285714285714
2640,88.0,180.7142857142857,1.0,False,6.023809523809523
2641,88.03333333333333,179.6142857142857,1.0,False,5.987142857142857
2642,88.06666666666666,178.78571428571428,1.0,False,5.959523809523809
2643,88.1,180.04285714285712,1.0,False,6.001428571428571
2644,88.13333333333333,180.1142857142857,1.0,False,6.003809523809523
2645,88.16666666666667,178.99999999999997,1.0,False,5.966666666666667
2646,88.2,179.4,1.0,False,5.9799999999999995
2647,88.23333333333333,181.18571428571428,1.0,False,6.039523809523808
2648,88.26666666666667,181.87142857142857,1.0,False,6.062380952380952
2649,88.3,181.1,1.0,False,6.036666666666666
2650,88.33333333333333,180.44285714285712,1.0,False,6.0147619047619045
2651,88.36666666666666,180.47142857142856,1.0,False,6.015714285714285
2652,88.4,180.07142857142856,1.0,False,6.002380952380952
2653,88.43333333333334,180.47142857142856,1.0,False,6.015714285714285
2654,88.46666666666667,180.59285714285713,1.0,False,6.0197619047619035
2655,88.5,180.67142857142855,1.0,False,6.022380952380952
2656,88.53333333333333,180.2285714285714,1.0,True,6.0076190476190465
2657,88.56666666666666,179.99999999999997,1.0,False,5.999999999999999
2658,88.6,179.7285714285714,1.0,True,5.990952380952381
2659,88.63333333333333,179.54285714285712,1.0,False,5.984761904761904
2660,88.66666666666667,179.2642857142857,1.0,True,5.97547619047619
2661,88.7,180.27142857142854,1.0,False,6.009047619047618
2662,88.73333333333333,180.97142857142856,1.0,False,6.032380952380952
2663,88.76666666666667,181.09999999999997,1.0,False,6.036666666666665
2664,88.8,180.37142857142857,1.0,False,6.012380952380952
2665,88.83333333333333,180.32857142857142,1.0,False,6.01095238095238
2666,88.86666666666666,181.05714285714285,1.0,False,6.035238095238095
2667,88.9,181.85714285714286,1.0,False,6.061904761904762
2668,88.93333333333334,182.29999999999998,1.0,False,6.076666666666666
2669,88.96666666666667,182.0857142857143,1.0,True,6.069523809523808
2670,89.0,181.6142857142857,1.0,False,6.053809523809523
2671,89.03333333333333,180.88571428571427,1.0,False,6.029523809523809
2672,89.06666666666666,180.28571428571428,1.0,True,6.009523809523809
2673,89.1,180.84285714285713,1.0,False,6.028095238095237
2674,89.13333333333333,180.94285714285712,1.0,False,6.031428571428571
2675,89.16666666666667,180.97142857142856,1.0,False,6.032380952380952
2676,89.2,180.87142857142857,1.0,False,6.029047619047619
2677,89.23333333333333,180.7,1.0,False,6.0233333333333325
2678,89.26666666666667,180.53571428571428,1.0,False,6.017857142857142
2679,89.3,180.6142857142857,1.0,False,6.02047619047619
2680,89.33333333333333,180.9642857142857,0.9861111044883728,True,6.0321428571428575
2681,89.36666666666666,180.07142857142856,1.0,False,6.0023809523809515
2682,89.4,179.45,1.0,False,5.9816666666666665
2683,89.43333333333334,180.29999999999998,1.0,False,6.01
2684,89.46666666666667,181.05714285714285,1.0,False,6.035238095238094
2685,89.5,180.68571428571428,1.0,False,6.022857142857142
2686,89.53333333333333,179.65714285714284,1.0,False,5.9885714285714275
2687,89.56666666666666,180.62142857142857,1.0,False,6.020714285714285
2688,89.6,181.27142857142857,1.0,False,6.0423809523809515
2689,89.63333333333333,180.8785714285714,1.0,True,6.029285714285714
2690,89.66666666666667,179.84285714285713,1.0,False,5.994761904761904
2691,89.7,179.50714285714284,1.0,False,5.9835714285714285
2692,89.73333333333333,180.89999999999998,1.0,False,6.029999999999999
2693,89.76666666666667,181.88571428571427,1.0,False,6.062857142857142
2694,89.8,182.77142857142857,1.0,False,6.092380952380951
2695,89.83333333333333,182.64285714285714,1.0,False,6.088095238095237
2696,89.86666666666666,183.1142857142857,1.0,False,6.103809523809523
2697,89.9,183.15238095238095,1.0,True,6.105079365079365
2698,89.93333333333334,183.5190476190476,1.0,True,6.117301587301586
2699,89.96666666666667,182.87142857142857,1.0,False,6.095714285714285
2700,90.0,182.32857142857142,1.0,False,6.077619047619048
2701,90.03333333333333,181.98571428571427,1.0,False,6.066190476190475
2702,90.06666666666666,182.0857142857143,1.0,True,6.069523809523808
2703,90.1,181.58571428571426,1.0,False,6.0528571428571425
2704,90.13333333333333,181.45714285714286,1.0,False,6.048571428571429
2705,90.16666666666669,181.5,1.0,True,6.050000000000001
2706,90.2,181.50000000000003,1.0,True,6.050000000000001
2707,90.23333333333332,181.50000000000003,1.0,False,6.050000000000001
2708,90.26666666666668,181.5,1.0,True,6.050000000000001
2709,90.3,181.58571428571426,1.0,True,6.052857142857143
2710,90.33333333333331,181.24285714285713,1.0,False,6.041428571428571
2711,90.36666666666666,180.84285714285713,1.0,False,6.028095238095237
2712,90.4,179.98571428571427,1.0,False,5.999523809523809
2713,90.43333333333334,180.3785714285714,1.0,False,6.012619047619047
2714,90.46666666666668,180.68571428571428,1.0,False,6.022857142857142
2715,90.5,180.42142857142855,1.0,True,6.014047619047618
2716,90.53333333333332,179.04285714285712,1.0,False,5.968095238095238
2717,90.56666666666666,179.5785714285714,1.0,False,5.985952380952381
2718,90.6,179.75714285714284,1.0,False,5.991904761904761
2719,90.63333333333333,180.45714285714283,1.0,False,6.015238095238095
2720,90.66666666666669,180.29999999999998,1.0,False,6.01
2721,90.7,180.5142857142857,1.0,False,6.017142857142857
2722,90.73333333333332,180.2142857142857,1.0,False,6.007142857142856
2723,90.76666666666668,180.39999999999998,1.0,False,6.013333333333333
2724,90.8,180.68571428571428,1.0,False,6.022857142857142
2725,90.83333333333331,180.39999999999998,1.0,False,6.013333333333333
2726,90.86666666666666,180.5142857142857,1.0,False,6.017142857142857
2727,90.9,179.3142857142857,1.0,False,5.977142857142857
2728,90.93333333333334,178.5142857142857,1.0,False,5.9504761904761905
2729,90.96666666666668,179.55714285714282,1.0,False,5.985238095238095
2730,91.0,180.5,1.0,False,6.016666666666666
2731,91.03333333333332,181.04285714285712,1.0,False,6.034761904761904
2732,91.06666666666666,180.5142857142857,1.0,False,6.017142857142857
2733,91.1,179.99999999999997,1.0,True,5.999999999999999
2734,91.13333333333333,179.3142857142857,1.0,False,5.977142857142857
2735,91.16666666666669,179.59999999999997,1.0,False,5.9866666666666655
2736,91.2,180.6642857142857,1.0,False,6.022142857142857
2737,91.23333333333332,181.1142857142857,1.0,False,6.037142857142857
2738,91.26666666666668,181.8785714285714,1.0,True,6.062619047619048
2739,91.3,181.95714285714286,1.0,False,6.065238095238095
2740,91.33333333333331,182.23571428571427,1.0,False,6.074523809523808
2741,91.36666666666666,181.27142857142857,1.0,False,6.042380952380952
2742,91.4,180.44285714285712,1.0,False,6.014761904761904
2743,91.43333333333334,179.7285714285714,1.0,False,5.990952380952381
2744,91.46666666666668,180.98571428571427,1.0,False,6.032857142857142
2745,91.5,180.54285714285714,1.0,False,6.0180952380952375
2746,91.53333333333332,180.38571428571427,1.0,False,6.0128571428571425
2747,91.56666666666666,179.7428571428571,1.0,False,5.991428571428571
2748,91.6,180.01904761904757,0.9861111044883728,True,6.00063492063492
2749,91.63333333333333,178.5523809523809,1.0,True,5.951746031746031
2750,91.66666666666669,180.71428571428567,1.0,False,6.023809523809523
2751,91.7,181.72857142857143,1.0,False,6.057619047619047
2752,91.73333333333332,182.7642857142857,1.0,False,6.092142857142856
2753,91.76666666666668,181.49999999999997,1.0,False,6.049999999999999
2754,91.8,181.4642857142857,1.0,True,6.048809523809522
2755,91.83333333333331,180.0142857142857,1.0,False,6.000476190476189
2756,91.86666666666666,179.25,1.0,False,5.975
2757,91.9,179.92142857142855,1.0,False,5.9973809523809525
2758,91.93333333333334,180.8142857142857,1.0,False,6.027142857142857
2759,91.96666666666668,181.9642857142857,1.0,True,6.065476190476191
2760,92.0,181.95714285714286,1.0,False,6.065238095238095
2761,92.03333333333332,182.45,1.0,False,6.081666666666665
2762,92.06666666666666,180.45714285714286,1.0,False,6.015238095238095
2763,92.1,179.1,1.0,False,5.97
2764,92.13333333333333,178.54285714285714,1.0,False,5.951428571428571
2765,92.16666666666669,180.48571428571427,1.0,False,6.016190476190475
2766,92.2,179.9285714285714,1.0,False,5.997619047619047
2767,92.23333333333332,179.18571428571425,1.0,False,5.972857142857142
2768,92.26666666666668,178.58571428571426,1.0,False,5.952857142857142
2769,92.3,178.98571428571427,1.0,False,5.966190476190476
2770,92.33333333333331,179.8142857142857,1.0,False,5.9938095238095235
2771,92.36666666666666,179.34285714285713,1.0,False,5.9780952380952375
2772,92.4,179.0285714285714,1.0,False,5.967619047619047
2773,92.43333333333334,178.39999999999998,1.0,False,5.946666666666666
2774,92.46666666666668,179.38571428571427,1.0,False,5.979523809523809
2775,92.5,180.3285714285714,1.0,False,6.01095238095238
2776,92.53333333333332,181.75714285714284,1.0,False,6.058571428571428
2777,92.56666666666666,181.31428571428572,1.0,False,6.043809523809522
2778,92.6,179.29999999999998,1.0,False,5.976666666666667
2779,92.63333333333333,177.9285714285714,1.0,False,5.93095238095238
2780,92.66666666666669,178.7,1.0,False,5.956666666666666
2781,92.7,180.02142857142854,1.0,False,6.0007142857142854
2782,92.73333333333332,180.41428571428568,1.0,False,6.013809523809523
2783,92.76666666666668,180.3785714285714,1.0,True,6.012619047619046
2784,92.8,179.65714285714284,1.0,False,5.9885714285714275
2785,92.83333333333331,179.74999999999997,1.0,False,5.991666666666666
2786,92.86666666666666,179.77142857142854,1.0,False,5.992380952380952
2787,92.9,179.0642857142857,1.0,False,5.968809523809524
2788,92.93333333333334,177.88571428571427,1.0,False,5.9295238095238085
2789,92.96666666666668,178.16428571428568,1.0,True,5.938809523809523
2790,93.0,178.57142857142856,1.0,False,5.952380952380952
2791,93.03333333333332,179.03571428571428,1.0,False,5.9678571428571425
2792,93.06666666666666,180.6285714285714,1.0,False,6.02095238095238
2793,93.1,181.62142857142857,1.0,False,6.054047619047618
2794,93.13333333333333,181.2285714285714,1.0,False,6.040952380952381
2795,93.16666666666669,180.53571428571428,1.0,True,6.017857142857143
2796,93.2,181.29999999999998,1.0,False,6.043333333333332
2797,93.23333333333332,180.70714285714286,1.0,False,6.023571428571428
2798,93.26666666666668,179.7285714285714,1.0,False,5.990952380952381
2799,93.3,179.28571428571428,1.0,False,5.976190476190475
2800,93.33333333333331,181.0142857142857,1.0,False,6.0338095238095235
2801,93.36666666666666,180.5857142857143,1.0,False,6.019523809523808
2802,93.4,179.07142857142856,1.0,False,5.969047619047618
2803,93.43333333333334,179.7285714285714,1.0,False,5.990952380952381
2804,93.46666666666668,180.98571428571427,1.0,False,6.032857142857142
2805,93.5,181.6,1.0,False,6.053333333333332
2806,93.53333333333332,179.5285714285714,1.0,False,5.984285714285714
2807,93.56666666666666,178.74285714285713,1.0,False,5.958095238095238
2808,93.6,179.34285714285713,1.0,False,5.9780952380952375
2809,93.63333333333333,182.03571428571428,1.0,False,6.067857142857142
2810,93.66666666666669,182.84285714285713,1.0,False,6.094761904761904
2811,93.7,181.92142857142855,0.9861111044883728,True,6.064047619047619
2812,93.73333333333332,180.44285714285712,1.0,False,6.0147619047619045
2813,93.76666666666668,179.07857142857142,1.0,False,5.969285714285714
2814,93.8,178.99999999999997,1.0,False,5.966666666666667
2815,93.83333333333331,180.37142857142854,1.0,False,6.012380952380952
2816,93.86666666666666,180.6142857142857,1.0,False,6.02047619047619
2817,93.9,180.72857142857143,1.0,False,6.024285714285714
2818,93.93333333333334,181.15714285714287,1.0,False,6.038571428571428
2819,93.96666666666668,180.27142857142854,1.0,False,6.009047619047619
2820,94.0,179.5,1.0,False,5.983333333333333
2821,94.03333333333332,179.25714285714284,1.0,False,5.975238095238095
2822,94.06666666666666,179.5142857142857,1.0,False,5.983809523809524
2823,94.1,178.28571428571428,1.0,True,5.942857142857142
2824,94.13333333333333,178.42857142857142,1.0,False,5.947619047619048
2825,94.16666666666669,178.27142857142854,1.0,False,5.942380952380953
2826,94.2,178.77142857142854,1.0,False,5.9590476190476185
2827,94.23333333333332,179.57142857142856,1.0,False,5.985714285714285
2828,94.26666666666668,181.29999999999998,1.0,True,6.043333333333333
2829,94.3,181.5285714285714,1.0,False,6.05095238095238
2830,94.33333333333331,180.54285714285714,1.0,False,6.018095238095238
2831,94.36666666666666,180.48571428571427,1.0,False,6.016190476190475
2832,94.4,179.5285714285714,1.0,False,5.984285714285714
2833,94.43333333333334,179.98571428571427,1.0,False,5.999523809523809
2834,94.46666666666668,179.14285714285714,1.0,False,5.9714285714285715
2835,94.5,180.55714285714285,1.0,False,6.018571428571428
2836,94.53333333333332,179.1142857142857,1.0,False,5.97047619047619
2837,94.56666666666666,178.78571428571425,1.0,False,5.959523809523809
2838,94.6,178.2,0.9861111044883728,True,5.939999999999999
2839,94.63333333333333,179.37142857142857,1.0,False,5.979047619047618
2840,94.66666666666669,179.32857142857142,1.0,False,5.977619047619047
2841,94.7,179.53571428571425,1.0,False,5.984523809523809
2842,94.73333333333332,180.0285714285714,1.0,False,6.00095238095238
2843,94.76666666666668,180.35714285714283,1.0,True,6.011904761904761
2844,94.8,180.08571428571426,1.0,False,6.002857142857142
2845,94.83333333333331,180.18571428571425,1.0,True,6.006190476190475
2846,94.86666666666666,180.58571428571426,1.0,False,6.019523809523808
2847,94.9,181.19285714285712,1.0,False,6.039761904761905
2848,94.93333333333334,180.14285714285714,1.0,False,6.004761904761904
2849,94.96666666666668,178.35714285714283,1.0,False,5.945238095238094
2850,95.0,177.07142857142856,1.0,False,5.902380952380952
2851,95.03333333333332,178.8142857142857,1.0,False,5.960476190476189
2852,95.06666666666666,179.6285714285714,1.0,False,5.987619047619047
2853,95.1,180.37142857142857,1.0,False,6.012380952380952
2854,95.13333333333333,179.2142857142857,1.0,False,5.973809523809523
2855,95.16666666666669,178.94285714285712,1.0,False,5.964761904761905
2856,95.2,179.04285714285712,0.9861111044883728,True,5.968095238095238
2857,95.23333333333332,178.6285714285714,1.0,False,5.954285714285714
2858,95.26666666666668,179.22857142857143,1.0,False,5.974285714285713
2859,95.3,180.1142857142857,1.0,False,6.003809523809523
2860,95.33333333333331,181.1285714285714,1.0,False,6.037619047619047
2861,95.36666666666666,181.91428571428557,1.0,False,6.063809523809518
2862,95.4,191.52142857142837,1.0,False,6.384047619047611
