frame_id,timestamp,diameter,confidence,is_bad_data,diameter_mm
0,0.0,177.0428571428571,1.0,False,5.901428571428571
1,0.0333333333333333,179.82857142857142,1.0,False,5.994285714285715
2,0.0666666666666666,180.25714285714295,1.0,False,6.0085714285714324
3,0.1,180.0000000000001,1.0,False,6.0000000000000036
4,0.1333333333333333,180.0000000000001,1.0,False,6.0000000000000036
5,0.1666666666666666,179.91428571428582,1.0,False,5.997142857142861
6,0.2,180.34285714285724,1.0,False,6.011428571428574
7,0.2333333333333333,180.14285714285722,1.0,False,6.004761904761908
8,0.2666666666666666,181.54285714285723,1.0,False,6.051428571428575
9,0.3,182.37142857142868,1.0,False,6.079047619047622
10,0.3333333333333333,183.1142857142858,1.0,False,6.1038095238095265
11,0.3666666666666666,180.88571428571439,1.0,False,6.029523809523813
12,0.4,180.45714285714297,1.0,False,6.015238095238098
13,0.4333333333333333,179.71428571428578,1.0,False,5.990476190476194
14,0.4666666666666667,179.6000000000001,1.0,False,5.98666666666667
15,0.5,179.00000000000009,1.0,False,5.96666666666667
16,0.5333333333333333,180.51428571428582,1.0,False,6.017142857142861
17,0.5666666666666667,179.2000000000001,1.0,False,5.973333333333336
18,0.6,177.05714285714294,1.0,False,5.901904761904764
19,0.6333333333333333,174.71428571428578,1.0,False,5.823809523809526
20,0.6666666666666666,174.6857142857144,1.0,False,5.822857142857146
21,0.7,173.74285714285725,1.0,False,5.7914285714285745
22,0.7333333333333333,172.8285714285715,1.0,False,5.760952380952384
23,0.7666666666666666,171.00000000000009,1.0,False,5.700000000000003
24,0.8,170.5142857142858,1.0,False,5.683809523809527
25,0.8333333333333334,171.65714285714296,1.0,False,5.721904761904765
26,0.8666666666666667,172.9142857142858,1.0,False,5.763809523809527
27,0.9,173.00000000000009,1.0,False,5.766666666666669
28,0.9333333333333332,173.08571428571437,1.0,False,5.769523809523813
29,0.9666666666666668,174.17142857142866,1.0,False,5.805714285714289
30,1.0,176.08571428571437,1.0,False,5.8695238095238125
31,1.0333333333333332,175.97142857142867,1.0,False,5.865714285714289
32,1.0666666666666669,175.37142857142868,1.0,False,5.845714285714289
33,1.1,175.14285714285722,1.0,False,5.8380952380952404
34,1.1333333333333333,176.60000000000008,1.0,False,5.8866666666666685
35,1.1666666666666667,175.97142857142867,1.0,False,5.865714285714289
36,1.2,176.45714285714294,1.0,False,5.881904761904765
37,1.2333333333333334,176.8000000000001,1.0,False,5.893333333333337
38,1.2666666666666666,177.42857142857153,1.0,False,5.914285714285717
39,1.3,177.08571428571437,1.0,False,5.902857142857146
40,1.3333333333333333,178.00000000000009,1.0,False,5.933333333333337
41,1.3666666666666667,178.91428571428582,1.0,False,5.963809523809527
42,1.4,178.82857142857154,1.0,False,5.960952380952384
43,1.4333333333333331,178.4285714285715,1.0,False,5.947619047619051
44,1.4666666666666666,177.14285714285722,1.0,False,5.904761904761909
45,1.5,177.2000000000001,1.0,False,5.90666666666667
46,1.5333333333333332,178.57142857142867,1.0,False,5.952380952380955
47,1.5666666666666669,179.05714285714294,1.0,False,5.9685714285714315
48,1.6,178.37142857142868,1.0,False,5.945714285714289
49,1.6333333333333333,178.2285714285715,1.0,False,5.940952380952384
50,1.6666666666666667,179.08571428571437,1.0,False,5.969523809523813
51,1.7,179.5142857142858,1.0,False,5.983809523809527
52,1.7333333333333334,178.88571428571439,1.0,False,5.962857142857146
53,1.7666666666666666,178.1142857142858,1.0,False,5.93714285714286
54,1.8,177.48571428571438,1.0,False,5.916190476190479
55,1.8333333333333333,178.17142857142866,1.0,False,5.9390476190476225
56,1.8666666666666667,177.57142857142867,1.0,False,5.919047619047622
57,1.9,178.02857142857152,1.0,False,5.934285714285718
58,1.9333333333333331,177.62857142857155,1.0,False,5.920952380952384
59,1.9666666666666663,176.85714285714295,1.0,False,5.895238095238097
60,2.0,176.08571428571437,1.0,False,5.8695238095238125
61,2.033333333333333,176.48571428571438,1.0,False,5.882857142857146
62,2.0666666666666664,176.17142857142866,1.0,False,5.872380952380954
63,2.1,176.4285714285715,1.0,False,5.880952380952384
64,2.1333333333333333,177.3142857142858,1.0,False,5.910476190476194
65,2.1666666666666665,179.02857142857152,1.0,False,5.967619047619051
66,2.2,178.2857142857144,1.0,False,5.942857142857147
67,2.2333333333333334,177.80000000000007,1.0,False,5.926666666666669
68,2.2666666666666666,176.7142857142858,1.0,False,5.8904761904761935
69,2.3,178.02857142857152,1.0,False,5.934285714285718
70,2.333333333333333,178.14285714285722,1.0,False,5.938095238095241
71,2.3666666666666667,178.5142857142858,1.0,False,5.950476190476194
72,2.4,177.57142857142867,1.0,False,5.919047619047622
73,2.433333333333333,177.34285714285724,1.0,False,5.911428571428575
74,2.466666666666667,178.17142857142866,1.0,False,5.9390476190476225
75,2.5,179.57142857142867,1.0,False,5.985714285714289
76,2.533333333333333,180.34285714285724,0.8888888955116272,True,6.011428571428575
77,2.5666666666666664,180.25714285714295,1.0,False,6.0085714285714324
78,2.6,176.2000000000001,1.0,False,5.873333333333337
79,2.6333333333333333,171.4000000000001,1.0,False,5.7133333333333365
80,2.6666666666666665,168.05714285714294,1.0,False,5.601904761904765
81,2.7,165.05714285714294,1.0,False,5.501904761904765
82,2.7333333333333334,160.88571428571436,1.0,False,5.362857142857146
83,2.7666666666666666,155.68571428571437,1.0,False,5.189523809523812
84,2.8,153.91428571428582,1.0,False,5.130476190476194
85,2.833333333333333,149.8285714285715,1.0,False,4.994285714285716
86,2.8666666666666667,147.3142857142858,1.0,False,4.910476190476193
87,2.9,144.40000000000006,1.0,False,4.813333333333335
88,2.933333333333333,143.2285714285715,1.0,False,4.774285714285717
89,2.966666666666667,140.9428571428572,1.0,False,4.698095238095241
90,3.0,139.82857142857148,1.0,False,4.660952380952384
91,3.033333333333333,139.48571428571435,1.0,False,4.649523809523812
92,3.0666666666666664,138.77142857142863,1.0,False,4.625714285714288
93,3.1,136.97142857142865,1.0,False,4.565714285714288
94,3.1333333333333333,135.9428571428572,1.0,False,4.531428571428574
95,3.1666666666666665,135.74285714285722,1.0,False,4.524761904761906
96,3.2,137.00000000000006,1.0,False,4.566666666666668
97,3.2333333333333334,136.3142857142858,1.0,False,4.543809523809526
98,3.2666666666666666,136.28571428571436,1.0,False,4.5428571428571445
99,3.3,137.2285714285715,1.0,False,4.5742857142857165
100,3.333333333333333,137.40000000000006,1.0,False,4.580000000000002
101,3.3666666666666667,137.5428571428572,1.0,False,4.584761904761907
102,3.4,138.71428571428578,1.0,False,4.623809523809526
103,3.433333333333333,140.60000000000008,1.0,False,4.686666666666669
104,3.466666666666667,140.4000000000001,1.0,False,4.680000000000003
105,3.5,142.11428571428578,1.0,False,4.73714285714286
106,3.533333333333333,143.88571428571436,1.0,False,4.796190476190478
107,3.5666666666666664,145.60000000000008,1.0,False,4.853333333333335
108,3.6,145.82857142857154,1.0,False,4.860952380952384
109,3.633333333333333,145.9142857142858,1.0,False,4.863809523809526
110,3.6666666666666665,144.82857142857148,1.0,False,4.82761904761905
111,3.7,144.60000000000008,1.0,False,4.820000000000002
112,3.733333333333333,145.4000000000001,1.0,False,4.846666666666669
113,3.7666666666666666,147.60000000000008,1.0,False,4.9200000000000035
114,3.8,149.57142857142864,1.0,False,4.985714285714288
115,3.8333333333333335,151.00000000000009,1.0,False,5.033333333333336
116,3.8666666666666663,151.00000000000009,1.0,False,5.033333333333336
117,3.9,151.25714285714295,1.0,False,5.041904761904764
118,3.933333333333333,151.8285714285715,1.0,False,5.060952380952383
119,3.966666666666667,151.4000000000001,1.0,False,5.046666666666669
120,4.0,152.80000000000007,1.0,False,5.0933333333333355
121,4.033333333333333,153.77142857142866,1.0,False,5.125714285714288
122,4.066666666666666,154.28571428571436,1.0,False,5.142857142857146
123,4.1,154.00000000000009,1.0,False,5.133333333333336
124,4.133333333333333,155.74285714285722,1.0,False,5.191428571428574
125,4.166666666666667,155.57142857142867,1.0,False,5.185714285714289
126,4.2,154.4285714285715,1.0,False,5.147619047619051
127,4.233333333333333,155.68571428571437,1.0,False,5.189523809523813
128,4.266666666666667,157.88571428571436,1.0,False,5.262857142857146
129,4.3,158.5142857142858,1.0,False,5.283809523809527
130,4.333333333333333,156.3142857142858,1.0,False,5.210476190476193
131,4.366666666666666,156.6285714285715,1.0,False,5.220952380952384
132,4.4,157.2000000000001,1.0,False,5.240000000000003
133,4.433333333333334,158.02857142857152,1.0,False,5.26761904761905
134,4.466666666666667,157.8285714285715,1.0,False,5.260952380952384
135,4.5,158.9142857142858,1.0,False,5.29714285714286
136,4.533333333333333,158.9142857142858,1.0,False,5.29714285714286
137,4.566666666666666,157.65714285714293,1.0,False,5.255238095238099
138,4.6,158.11428571428578,1.0,False,5.270476190476193
139,4.633333333333333,160.3142857142858,1.0,False,5.343809523809527
140,4.666666666666667,161.2285714285715,1.0,False,5.374285714285717
141,4.7,161.71428571428578,1.0,False,5.390476190476193
142,4.733333333333333,162.62857142857152,1.0,False,5.420952380952384
143,4.766666666666667,163.4285714285715,1.0,False,5.4476190476190505
144,4.8,161.74285714285725,1.0,False,5.391428571428575
145,4.833333333333333,161.85714285714295,1.0,False,5.395238095238098
146,4.866666666666666,161.9285714285715,1.0,False,5.39761904761905
147,4.9,161.60000000000008,1.0,False,5.386666666666669
148,4.933333333333334,160.07142857142867,1.0,True,5.335714285714288
149,4.966666666666667,160.77142857142866,1.0,False,5.359047619047622
150,5.0,162.52857142857152,1.0,False,5.41761904761905
151,5.033333333333333,163.74285714285725,1.0,False,5.458095238095241
152,5.066666666666666,163.3428571428572,1.0,False,5.444761904761908
153,5.1,162.8285714285715,1.0,False,5.42761904761905
154,5.133333333333333,162.9142857142858,1.0,False,5.430476190476194
155,5.166666666666667,164.94285714285724,1.0,False,5.498095238095241
156,5.2,166.7142857142858,1.0,False,5.55714285714286
157,5.233333333333333,166.00000000000009,1.0,False,5.533333333333336
158,5.266666666666667,165.54285714285723,1.0,False,5.518095238095241
159,5.3,166.37142857142868,1.0,False,5.545714285714288
160,5.333333333333333,166.5142857142858,1.0,False,5.550476190476193
161,5.366666666666666,165.25714285714295,1.0,False,5.508571428571431
162,5.4,165.8285714285715,1.0,False,5.5276190476190505
163,5.433333333333334,167.17142857142866,1.0,False,5.572380952380955
164,5.466666666666667,167.57142857142867,1.0,False,5.585714285714288
165,5.5,167.34285714285724,1.0,False,5.578095238095241
166,5.533333333333333,166.82857142857154,1.0,False,5.560952380952384
167,5.566666666666666,167.4285714285715,1.0,False,5.580952380952384
168,5.6,167.14285714285722,1.0,False,5.571428571428575
169,5.633333333333333,166.85714285714295,1.0,False,5.561904761904765
170,5.666666666666667,166.57142857142867,1.0,False,5.552380952380956
171,5.7,167.17142857142866,1.0,False,5.572380952380955
172,5.733333333333333,166.65714285714296,1.0,False,5.555238095238098
173,5.766666666666667,166.3428571428572,1.0,False,5.5447619047619074
174,5.8,167.34285714285724,1.0,False,5.5780952380952415
175,5.833333333333333,168.05714285714294,1.0,False,5.601904761904764
176,5.866666666666666,167.5142857142858,1.0,False,5.583809523809526
177,5.9,167.60000000000008,1.0,False,5.58666666666667
178,5.933333333333334,167.62857142857152,1.0,False,5.587619047619051
179,5.966666666666667,167.28571428571436,1.0,False,5.576190476190479
180,6.0,165.97142857142865,1.0,False,5.532380952380955
181,6.033333333333333,167.11428571428578,1.0,False,5.570476190476192
182,6.066666666666666,168.14285714285722,1.0,False,5.604761904761908
183,6.1,169.34285714285724,1.0,False,5.644761904761909
184,6.133333333333333,168.7000000000001,1.0,False,5.623333333333337
185,6.166666666666667,168.3428571428572,1.0,False,5.611428571428574
186,6.2,168.24285714285725,1.0,True,5.608095238095242
187,6.233333333333333,169.68571428571437,1.0,False,5.6561904761904795
188,6.266666666666667,169.58571428571437,1.0,False,5.652857142857146
189,6.3,169.37142857142868,1.0,False,5.645714285714289
190,6.333333333333333,169.48571428571438,1.0,False,5.649523809523814
191,6.366666666666666,170.9142857142858,1.0,False,5.69714285714286
192,6.4,171.25714285714295,1.0,True,5.708571428571432
193,6.433333333333334,170.65714285714296,1.0,False,5.688571428571432
194,6.466666666666667,168.82857142857154,1.0,False,5.627619047619051
195,6.5,168.02857142857152,1.0,False,5.600952380952384
196,6.533333333333333,167.62857142857152,1.0,False,5.58761904761905
197,6.566666666666666,168.2000000000001,1.0,False,5.60666666666667
198,6.6,168.14285714285722,1.0,False,5.604761904761908
199,6.633333333333333,169.85714285714295,1.0,False,5.661904761904765
200,6.666666666666667,169.97142857142865,1.0,False,5.665714285714289
201,6.7,169.51428571428582,1.0,False,5.650476190476194
202,6.733333333333333,169.51428571428582,1.0,False,5.650476190476194
203,6.766666666666667,169.88571428571436,1.0,False,5.6628571428571455
204,6.8,169.94285714285724,1.0,False,5.664761904761908
205,6.833333333333333,169.57142857142867,1.0,False,5.652380952380956
206,6.866666666666666,169.91428571428582,1.0,False,5.663809523809527
207,6.9,170.60000000000008,1.0,False,5.68666666666667
208,6.933333333333334,171.2285714285715,1.0,False,5.707619047619051
209,6.966666666666667,171.4285714285715,1.0,False,5.714285714285717
210,7.0,170.9142857142858,1.0,True,5.697142857142861
211,7.033333333333333,170.9142857142858,1.0,False,5.697142857142861
212,7.066666666666666,171.4285714285715,1.0,False,5.714285714285717
213,7.1,171.14285714285722,1.0,False,5.704761904761908
214,7.133333333333333,170.85714285714295,1.0,False,5.695238095238098
215,7.166666666666667,170.57142857142867,1.0,False,5.685714285714289
216,7.2,171.08571428571437,1.0,False,5.702857142857146
217,7.233333333333333,170.9142857142858,1.0,False,5.697142857142861
218,7.266666666666667,171.3428571428572,1.0,False,5.711428571428574
219,7.3,171.4000000000001,1.0,False,5.7133333333333365
220,7.333333333333333,171.68571428571437,1.0,False,5.722857142857146
221,7.366666666666666,171.2285714285715,1.0,False,5.707619047619051
222,7.399999999999999,172.02857142857152,1.0,False,5.734285714285717
223,7.433333333333334,171.8000000000001,1.0,False,5.72666666666667
224,7.466666666666667,172.02857142857152,1.0,False,5.734285714285717
225,7.5,171.2285714285715,1.0,False,5.707619047619051
226,7.533333333333333,171.4285714285715,1.0,False,5.714285714285717
227,7.566666666666666,172.34285714285724,1.0,False,5.744761904761908
228,7.6,172.97142857142867,1.0,False,5.765714285714289
229,7.633333333333333,173.02857142857152,1.0,False,5.767619047619051
230,7.666666666666667,172.3142857142858,1.0,False,5.743809523809527
231,7.7,172.17142857142866,1.0,False,5.739047619047622
232,7.733333333333333,172.4285714285715,1.0,False,5.74761904761905
233,7.766666666666667,173.65714285714296,1.0,False,5.788571428571432
234,7.8,173.57142857142867,1.0,False,5.785714285714288
235,7.833333333333333,172.77142857142866,1.0,False,5.759047619047623
236,7.866666666666666,172.57142857142867,1.0,False,5.752380952380955
237,7.899999999999999,173.00000000000009,1.0,True,5.766666666666669
238,7.933333333333334,173.5142857142858,1.0,False,5.783809523809527
239,7.966666666666667,172.8000000000001,1.0,False,5.760000000000003
240,8.0,172.3285714285715,1.0,False,5.744285714285717
241,8.033333333333333,172.3142857142858,1.0,False,5.743809523809527
242,8.066666666666666,173.8428571428572,1.0,True,5.7947619047619074
243,8.1,173.3142857142858,1.0,False,5.777142857142859
244,8.133333333333333,172.98571428571438,1.0,False,5.766190476190479
245,8.166666666666666,171.8000000000001,1.0,False,5.72666666666667
246,8.2,172.45714285714294,1.0,False,5.748571428571432
247,8.233333333333333,172.97142857142867,1.0,False,5.765714285714289
248,8.266666666666666,172.74285714285725,1.0,False,5.75809523809524
249,8.3,172.28571428571436,1.0,False,5.7428571428571455
250,8.333333333333334,172.62857142857152,1.0,False,5.754285714285718
251,8.366666666666667,174.02857142857152,1.0,False,5.800952380952384
252,8.4,174.74285714285725,1.0,False,5.824761904761908
253,8.433333333333334,174.05714285714294,1.0,False,5.8019047619047655
254,8.466666666666667,172.1142857142858,1.0,False,5.73714285714286
255,8.5,172.00000000000009,1.0,False,5.733333333333336
256,8.533333333333333,173.4000000000001,1.0,False,5.780000000000003
257,8.566666666666666,173.25714285714292,1.0,False,5.775238095238098
258,8.6,171.74285714285725,1.0,False,5.724761904761908
259,8.633333333333333,171.77142857142866,1.0,False,5.725714285714289
260,8.666666666666666,172.05714285714294,1.0,False,5.735238095238098
261,8.7,172.77142857142866,1.0,False,5.759047619047623
262,8.733333333333333,172.3142857142858,1.0,False,5.743809523809527
263,8.766666666666666,172.77142857142866,1.0,False,5.759047619047623
264,8.8,172.14285714285722,1.0,False,5.738095238095241
265,8.833333333333334,171.55714285714294,1.0,False,5.7185714285714315
266,8.866666666666667,170.9142857142858,1.0,False,5.697142857142861
267,8.9,171.50000000000009,1.0,True,5.71666666666667
268,8.933333333333334,171.9142857142858,1.0,False,5.730476190476193
269,8.966666666666667,171.95714285714297,1.0,True,5.731904761904765
270,9.0,172.34285714285724,1.0,False,5.744761904761908
271,9.033333333333331,172.3142857142858,1.0,False,5.743809523809527
272,9.066666666666666,173.02857142857152,1.0,False,5.767619047619051
273,9.1,172.88571428571439,1.0,False,5.762857142857146
274,9.133333333333333,172.64285714285722,1.0,False,5.754761904761908
275,9.166666666666666,171.9142857142858,1.0,False,5.730476190476194
276,9.2,172.67142857142866,1.0,True,5.755714285714289
277,9.233333333333333,172.05714285714294,1.0,False,5.735238095238097
278,9.266666666666666,172.67142857142863,1.0,False,5.755714285714289
279,9.3,173.37142857142868,1.0,False,5.779047619047622
280,9.333333333333334,175.2000000000001,1.0,False,5.840000000000003
281,9.366666666666667,175.2285714285715,1.0,False,5.840952380952384
282,9.4,175.25714285714295,1.0,False,5.841904761904765
283,9.433333333333334,173.74285714285725,1.0,False,5.7914285714285745
284,9.466666666666669,173.77142857142866,1.0,False,5.792380952380955
285,9.5,174.05714285714294,1.0,False,5.8019047619047655
286,9.533333333333331,174.85714285714295,1.0,False,5.828571428571432
287,9.566666666666666,173.97142857142865,1.0,False,5.799047619047622
288,9.6,174.37142857142868,1.0,False,5.8123809523809555
289,9.633333333333333,173.2000000000001,1.0,False,5.773333333333336
290,9.666666666666666,173.7142857142858,1.0,False,5.790476190476194
291,9.7,175.91428571428582,1.0,False,5.863809523809527
292,9.733333333333333,177.2857142857144,1.0,False,5.9095238095238125
293,9.766666666666666,175.54285714285726,1.0,False,5.851428571428574
294,9.8,173.74285714285725,1.0,False,5.7914285714285745
295,9.833333333333334,173.14285714285722,1.0,False,5.771428571428574
296,9.866666666666667,173.8000000000001,1.0,False,5.7933333333333366
297,9.9,173.77142857142866,1.0,False,5.792380952380955
298,9.933333333333334,175.05714285714294,1.0,False,5.835238095238098
299,9.966666666666669,174.28571428571436,1.0,False,5.809523809523812
300,10.0,175.1142857142858,1.0,False,5.83714285714286
301,10.033333333333331,176.08571428571437,1.0,False,5.8695238095238125
302,10.066666666666666,176.88571428571439,1.0,False,5.89619047619048
303,10.1,175.94285714285724,1.0,False,5.864761904761908
304,10.133333333333333,174.65714285714296,1.0,True,5.821904761904765
305,10.166666666666666,175.25714285714295,1.0,False,5.8419047619047655
306,10.2,175.74285714285725,1.0,False,5.858095238095241
307,10.233333333333333,176.08571428571437,1.0,False,5.869523809523812
308,10.266666666666666,176.17142857142866,1.0,False,5.872380952380954
309,10.3,175.3142857142858,1.0,False,5.843809523809527
310,10.333333333333334,175.02857142857152,1.0,False,5.834285714285716
311,10.366666666666667,175.48571428571438,1.0,False,5.849523809523813
312,10.4,175.57142857142867,1.0,False,5.852380952380955
313,10.433333333333334,174.85714285714295,1.0,False,5.828571428571432
314,10.466666666666669,174.27142857142866,1.0,False,5.809047619047622
315,10.5,174.42857142857153,1.0,False,5.814285714285717
316,10.533333333333331,174.50000000000009,1.0,True,5.81666666666667
317,10.566666666666666,174.48571428571438,1.0,False,5.81619047619048
318,10.6,174.9000000000001,1.0,False,5.830000000000004
319,10.633333333333333,175.14285714285722,1.0,False,5.8380952380952404
320,10.666666666666666,175.34285714285724,1.0,False,5.844761904761908
321,10.7,175.17142857142866,1.0,False,5.839047619047623
322,10.733333333333333,175.74285714285725,1.0,False,5.858095238095241
323,10.766666666666666,176.08571428571437,1.0,False,5.869523809523812
324,10.8,176.00000000000009,1.0,False,5.866666666666669
325,10.833333333333334,176.08571428571437,1.0,False,5.869523809523812
326,10.866666666666667,175.57142857142867,1.0,False,5.852380952380956
327,10.9,176.02857142857152,1.0,False,5.86761904761905
328,10.933333333333334,175.54285714285723,1.0,False,5.851428571428575
329,10.966666666666669,175.1142857142858,1.0,False,5.837142857142861
330,11.0,174.82857142857154,1.0,True,5.82761904761905
331,11.033333333333331,175.4000000000001,1.0,False,5.846666666666669
332,11.066666666666666,175.77142857142866,1.0,False,5.8590476190476215
333,11.1,176.82857142857154,1.0,False,5.894285714285717
334,11.133333333333333,177.48571428571438,1.0,False,5.916190476190479
335,11.166666666666666,176.17142857142866,1.0,False,5.872380952380954
336,11.2,175.77142857142866,1.0,False,5.8590476190476215
337,11.233333333333333,175.97142857142867,1.0,False,5.865714285714289
338,11.266666666666666,175.25714285714295,1.0,False,5.8419047619047655
339,11.3,174.68571428571437,1.0,False,5.822857142857146
340,11.333333333333334,174.97142857142865,1.0,False,5.832380952380955
341,11.366666666666667,176.1142857142858,1.0,False,5.870476190476193
342,11.4,175.8000000000001,1.0,False,5.860000000000003
343,11.433333333333334,176.02857142857152,1.0,False,5.86761904761905
344,11.466666666666669,175.65714285714296,1.0,False,5.855238095238098
345,11.5,174.3000000000001,1.0,False,5.810000000000003
346,11.533333333333331,171.97142857142865,1.0,False,5.7323809523809555
347,11.566666666666666,170.8095238095239,0.0,True,5.6936507936507965
348,11.6,171.33333333333343,0.0277777779847383,True,5.711111111111115
349,11.633333333333333,171.50000000000009,0.0833333358168602,True,5.71666666666667
350,11.666666666666666,171.66666666666677,1.0,True,5.722222222222225
351,11.7,170.90476190476198,0.6944444179534912,True,5.6968253968254
352,11.733333333333333,174.92857142857153,1.0,False,5.830952380952384
353,11.766666666666666,179.9285714285715,1.0,False,5.99761904761905
354,11.8,182.52857142857152,0.9444444179534912,True,6.084285714285717
355,11.833333333333334,180.34285714285724,1.0,False,6.011428571428574
356,11.866666666666667,178.10000000000008,1.0,False,5.936666666666669
357,11.9,175.9000000000001,1.0,False,5.863333333333337
358,11.933333333333334,174.74285714285725,1.0,False,5.824761904761908
359,11.966666666666669,175.24285714285725,1.0,True,5.841428571428574
360,12.0,177.2857142857144,1.0,False,5.9095238095238125
361,12.033333333333331,176.3000000000001,1.0,False,5.87666666666667
362,12.066666666666666,174.48571428571438,1.0,False,5.816190476190479
363,12.1,173.14285714285722,1.0,False,5.771428571428574
364,12.133333333333333,175.08571428571437,1.0,False,5.836190476190479
365,12.166666666666666,174.3142857142858,1.0,False,5.8104761904761935
366,12.2,174.2857142857144,1.0,False,5.809523809523813
367,12.233333333333333,174.97142857142865,1.0,False,5.832380952380955
368,12.266666666666666,176.5142857142858,1.0,False,5.883809523809526
369,12.3,176.74285714285725,1.0,False,5.891428571428574
370,12.333333333333334,177.17142857142866,1.0,True,5.905714285714289
371,12.366666666666667,176.65714285714296,1.0,False,5.8885714285714315
372,12.4,176.55714285714294,1.0,False,5.8852380952380985
373,12.433333333333334,176.57142857142867,1.0,False,5.885714285714289
374,12.466666666666669,176.67142857142866,1.0,True,5.889047619047622
375,12.5,175.8285714285715,1.0,False,5.860952380952384
376,12.533333333333331,175.3000000000001,1.0,False,5.843333333333336
377,12.566666666666666,174.48571428571438,1.0,False,5.81619047619048
378,12.6,175.1142857142858,1.0,False,5.83714285714286
379,12.633333333333333,174.2000000000001,1.0,False,5.806666666666669
380,12.666666666666666,173.54285714285726,1.0,False,5.784761904761908
381,12.7,173.91428571428582,1.0,False,5.79714285714286
382,12.733333333333333,174.88571428571436,1.0,False,5.829523809523812
383,12.766666666666666,174.1142857142858,1.0,False,5.803809523809527
384,12.8,172.05714285714294,1.0,False,5.735238095238098
385,12.833333333333334,172.02857142857152,1.0,False,5.7342857142857175
386,12.866666666666667,172.05714285714294,1.0,False,5.735238095238098
387,12.9,173.77142857142866,1.0,False,5.792380952380955
388,12.933333333333334,176.25714285714295,1.0,False,5.875238095238098
389,12.966666666666669,175.85714285714295,1.0,False,5.861904761904765
390,13.0,174.91428571428582,1.0,False,5.830476190476194
391,13.033333333333331,174.2000000000001,1.0,False,5.806666666666669
392,13.066666666666666,173.65714285714296,1.0,False,5.788571428571432
393,13.1,173.2285714285715,1.0,False,5.774285714285718
394,13.133333333333333,173.08571428571437,1.0,False,5.769523809523813
395,13.166666666666666,174.65714285714296,1.0,False,5.821904761904765
396,13.2,174.1142857142858,1.0,False,5.803809523809527
397,13.233333333333333,174.85714285714295,1.0,False,5.828571428571432
398,13.266666666666666,173.91428571428582,1.0,False,5.79714285714286
399,13.3,173.4000000000001,1.0,False,5.780000000000003
400,13.333333333333334,174.2857142857144,1.0,False,5.809523809523813
401,13.366666666666667,175.88571428571439,1.0,False,5.8628571428571465
402,13.4,177.60000000000008,1.0,False,5.9200000000000035
403,13.433333333333334,176.14285714285722,1.0,False,5.8714285714285745
404,13.466666666666669,174.94285714285724,1.0,False,5.8314285714285745
405,13.5,174.82857142857154,1.0,False,5.82761904761905
406,13.533333333333331,175.82857142857154,1.0,False,5.860952380952384
407,13.566666666666666,174.48571428571438,1.0,False,5.81619047619048
408,13.6,172.5142857142858,1.0,False,5.750476190476194
409,13.633333333333333,173.85714285714295,1.0,False,5.795238095238098
410,13.666666666666666,176.62857142857152,1.0,False,5.887619047619051
411,13.7,177.42857142857153,1.0,False,5.914285714285718
412,13.733333333333333,176.4285714285715,1.0,False,5.880952380952383
413,13.766666666666666,175.05714285714294,1.0,False,5.835238095238098
414,13.8,174.2000000000001,1.0,False,5.80666666666667
415,13.833333333333334,172.8000000000001,1.0,False,5.760000000000003
416,13.866666666666667,173.1142857142858,1.0,False,5.770476190476193
417,13.9,173.3142857142858,1.0,False,5.77714285714286
418,13.933333333333334,174.08571428571437,1.0,False,5.802857142857146
419,13.966666666666669,174.25714285714295,1.0,False,5.808571428571431
420,14.0,174.8285714285715,1.0,False,5.82761904761905
421,14.033333333333331,174.48571428571438,1.0,False,5.816190476190479
422,14.066666666666666,175.45714285714297,1.0,False,5.848571428571431
423,14.1,176.54285714285726,1.0,False,5.884761904761908
424,14.133333333333333,176.25714285714295,1.0,False,5.875238095238098
425,14.166666666666666,174.6000000000001,1.0,False,5.820000000000003
426,14.2,174.48571428571438,1.0,False,5.81619047619048
427,14.233333333333333,175.51428571428582,1.0,False,5.8504761904761935
428,14.266666666666666,175.3142857142858,1.0,False,5.843809523809527
429,14.3,174.08571428571437,1.0,False,5.802857142857146
430,14.333333333333334,173.85714285714295,1.0,False,5.795238095238098
431,14.366666666666667,174.97142857142865,1.0,False,5.832380952380955
432,14.4,177.02857142857152,1.0,False,5.9009523809523845
433,14.433333333333334,176.8000000000001,1.0,False,5.893333333333337
434,14.466666666666669,175.68571428571437,1.0,False,5.85619047619048
435,14.5,174.00000000000009,1.0,False,5.8000000000000025
436,14.533333333333331,174.00000000000009,1.0,False,5.8000000000000025
437,14.566666666666666,173.82857142857154,1.0,False,5.794285714285717
438,14.6,172.9142857142858,1.0,False,5.763809523809527
439,14.633333333333333,172.4285714285715,1.0,False,5.74761904761905
440,14.666666666666666,172.57142857142867,1.0,False,5.752380952380955
441,14.7,173.3428571428572,1.0,False,5.778095238095241
442,14.733333333333333,173.82857142857154,1.0,False,5.794285714285717
443,14.766666666666666,173.91428571428582,1.0,False,5.797142857142861
444,14.8,173.17142857142866,1.0,False,5.772380952380955
445,14.833333333333334,171.48571428571438,1.0,False,5.716190476190479
446,14.866666666666667,170.85714285714295,1.0,False,5.695238095238099
447,14.9,171.65714285714296,1.0,False,5.721904761904765
448,14.933333333333334,172.57142857142867,1.0,False,5.752380952380955
449,14.966666666666669,172.60000000000008,1.0,False,5.7533333333333365
450,15.0,172.48571428571438,1.0,False,5.749523809523812
451,15.033333333333331,173.68571428571437,1.0,False,5.789523809523812
452,15.066666666666666,174.3142857142858,1.0,False,5.8104761904761935
453,15.1,173.91428571428582,1.0,False,5.79714285714286
454,15.133333333333333,173.68571428571437,1.0,False,5.789523809523812
455,15.166666666666666,176.5142857142858,1.0,False,5.883809523809527
456,15.2,176.42857142857153,1.0,False,5.880952380952384
457,15.233333333333333,174.82857142857154,1.0,False,5.827619047619051
458,15.266666666666666,173.7142857142858,1.0,False,5.790476190476194
459,15.3,175.25714285714292,1.0,False,5.841904761904765
460,15.333333333333334,173.48571428571438,1.0,False,5.782857142857146
461,15.366666666666667,171.7285714285715,1.0,False,5.724285714285717
462,15.4,170.65714285714293,1.0,False,5.688571428571431
463,15.433333333333334,170.5000000000001,1.0,True,5.683333333333336
464,15.466666666666669,170.00000000000009,1.0,False,5.6666666666666705
465,15.5,170.2142857142858,1.0,False,5.673809523809528
466,15.533333333333331,170.57142857142867,1.0,False,5.685714285714289
467,15.566666666666666,171.77142857142866,1.0,False,5.725714285714289
468,15.6,172.05714285714294,1.0,False,5.735238095238098
469,15.633333333333333,171.25714285714292,1.0,False,5.708571428571432
470,15.666666666666666,170.60000000000008,1.0,False,5.68666666666667
471,15.7,171.3142857142858,1.0,False,5.710476190476194
472,15.733333333333333,172.5142857142858,1.0,False,5.750476190476194
473,15.766666666666666,172.4000000000001,1.0,False,5.74666666666667
474,15.8,172.60000000000008,1.0,False,5.7533333333333365
475,15.833333333333334,172.48571428571438,1.0,False,5.749523809523812
476,15.866666666666667,173.68571428571437,1.0,False,5.789523809523812
477,15.9,174.3142857142858,1.0,False,5.8104761904761935
478,15.933333333333334,174.25714285714295,1.0,False,5.808571428571431
479,15.966666666666669,172.8285714285715,1.0,False,5.760952380952384
480,16.0,172.5142857142858,1.0,False,5.750476190476194
481,16.03333333333333,172.2285714285715,1.0,False,5.740952380952384
482,16.066666666666666,172.77142857142866,1.0,False,5.759047619047623
483,16.1,173.74285714285725,1.0,False,5.7914285714285745
484,16.133333333333333,174.74285714285725,1.0,False,5.824761904761908
485,16.166666666666668,174.08571428571437,1.0,False,5.802857142857146
486,16.2,173.17142857142866,1.0,False,5.7723809523809555
487,16.233333333333334,172.74285714285725,1.0,False,5.75809523809524
488,16.266666666666666,173.68571428571437,1.0,False,5.789523809523812
489,16.3,174.14285714285722,1.0,False,5.804761904761907
490,16.333333333333332,173.00000000000009,1.0,False,5.766666666666669
491,16.366666666666667,171.94285714285724,1.0,False,5.731428571428575
492,16.4,172.0142857142858,1.0,False,5.733809523809526
493,16.433333333333334,172.51428571428582,1.0,False,5.750476190476193
494,16.466666666666665,172.5000000000001,1.0,True,5.7500000000000036
495,16.5,172.48571428571438,1.0,False,5.749523809523812
496,16.53333333333333,173.07142857142867,1.0,False,5.7690476190476225
497,16.566666666666666,172.45714285714297,1.0,False,5.748571428571432
498,16.6,172.28571428571436,1.0,False,5.7428571428571455
499,16.633333333333333,172.8285714285715,0.9411764740943908,True,5.760952380952384
500,16.666666666666668,174.4000000000001,1.0,False,5.813333333333336
501,16.7,174.4285714285715,1.0,False,5.814285714285717
502,16.733333333333334,174.25714285714295,1.0,True,5.808571428571431
503,16.766666666666666,172.62857142857152,1.0,False,5.754285714285718
504,16.8,172.2285714285715,1.0,False,5.740952380952384
505,16.833333333333332,172.2857142857144,1.0,False,5.7428571428571455
506,16.866666666666667,172.17142857142866,1.0,False,5.739047619047622
507,16.9,170.68571428571437,1.0,False,5.689523809523813
508,16.933333333333334,172.17142857142866,1.0,False,5.739047619047622
509,16.966666666666665,172.62857142857155,1.0,False,5.754285714285718
510,17.0,170.85714285714295,1.0,False,5.695238095238099
511,17.03333333333333,170.85714285714295,1.0,False,5.695238095238099
512,17.066666666666666,172.54285714285726,1.0,False,5.751428571428574
513,17.1,172.4285714285715,1.0,False,5.74761904761905
514,17.133333333333333,171.60000000000008,1.0,False,5.720000000000002
515,17.166666666666668,172.48571428571438,1.0,False,5.749523809523812
516,17.2,172.65714285714296,1.0,False,5.755238095238098
517,17.233333333333334,173.2000000000001,1.0,False,5.773333333333336
518,17.266666666666666,173.54285714285723,1.0,False,5.784761904761908
519,17.3,174.02857142857152,1.0,False,5.800952380952384
520,17.333333333333332,173.65714285714296,1.0,False,5.788571428571432
521,17.366666666666667,173.57142857142867,1.0,False,5.785714285714288
522,17.4,174.2857142857144,1.0,False,5.809523809523812
523,17.433333333333334,174.37142857142865,1.0,False,5.8123809523809555
524,17.466666666666665,173.98571428571438,1.0,False,5.799523809523812
525,17.5,172.82857142857154,1.0,False,5.760952380952384
526,17.53333333333333,173.4142857142858,1.0,True,5.780476190476193
527,17.566666666666666,174.0857142857144,1.0,False,5.802857142857146
528,17.6,174.87142857142868,1.0,False,5.829047619047622
529,17.633333333333333,176.60000000000008,1.0,False,5.8866666666666685
530,17.666666666666668,176.62857142857152,1.0,False,5.887619047619051
531,17.7,176.62857142857152,1.0,False,5.887619047619051
532,17.733333333333334,175.8000000000001,1.0,False,5.860000000000003
533,17.766666666666666,175.17142857142866,1.0,False,5.839047619047622
534,17.8,174.77142857142866,1.0,False,5.825714285714289
535,17.833333333333332,176.65714285714296,1.0,False,5.888571428571432
536,17.866666666666667,177.3142857142858,1.0,False,5.910476190476194
537,17.9,175.5142857142858,1.0,False,5.8504761904761935
538,17.933333333333334,174.42857142857153,1.0,False,5.814285714285718
539,17.966666666666665,173.54285714285723,1.0,False,5.784761904761908
540,18.0,175.74285714285725,1.0,False,5.858095238095241
541,18.03333333333333,176.9142857142858,1.0,False,5.89714285714286
542,18.066666666666663,178.05714285714294,1.0,False,5.935238095238098
543,18.1,175.62857142857155,1.0,False,5.854285714285718
544,18.133333333333333,176.45714285714294,1.0,False,5.881904761904765
545,18.166666666666668,177.05714285714294,1.0,False,5.901904761904766
546,18.2,176.48571428571438,1.0,False,5.882857142857146
547,18.23333333333333,175.45714285714297,1.0,False,5.848571428571432
548,18.266666666666666,176.14285714285722,1.0,False,5.8714285714285745
549,18.3,176.57142857142867,1.0,False,5.88571428571429
550,18.33333333333333,176.1142857142858,1.0,False,5.870476190476194
551,18.366666666666667,176.14285714285722,1.0,False,5.8714285714285745
552,18.4,176.08571428571437,1.0,False,5.8695238095238125
553,18.433333333333334,175.47142857142867,1.0,False,5.849047619047622
554,18.466666666666665,175.57142857142867,1.0,False,5.852380952380955
555,18.5,175.32857142857154,1.0,True,5.844285714285717
556,18.53333333333333,176.02857142857152,1.0,False,5.867619047619051
557,18.566666666666663,176.58571428571437,1.0,False,5.88619047619048
558,18.6,176.94285714285724,1.0,False,5.898095238095241
559,18.633333333333333,176.91428571428582,1.0,False,5.897142857142861
560,18.666666666666668,177.57142857142867,1.0,False,5.919047619047623
561,18.7,177.5142857142858,1.0,False,5.91714285714286
562,18.73333333333333,176.4000000000001,1.0,False,5.8800000000000034
563,18.766666666666666,175.42857142857153,1.0,False,5.847619047619051
564,18.8,174.91428571428582,1.0,False,5.830476190476194
565,18.83333333333333,176.25714285714295,1.0,False,5.875238095238098
566,18.866666666666667,177.74285714285725,1.0,False,5.924761904761909
567,18.9,177.57142857142867,1.0,False,5.919047619047623
568,18.933333333333334,176.77142857142866,1.0,False,5.892380952380955
569,18.966666666666665,176.4000000000001,1.0,False,5.880000000000003
570,19.0,177.60000000000008,1.0,False,5.9200000000000035
571,19.03333333333333,178.65714285714296,1.0,False,5.955238095238098
572,19.066666666666663,178.74285714285725,1.0,False,5.958095238095241
573,19.1,177.17142857142866,1.0,False,5.905714285714289
574,19.133333333333333,176.3428571428572,1.0,False,5.878095238095241
575,19.166666666666668,176.57142857142867,1.0,False,5.885714285714289
576,19.2,177.60000000000008,1.0,False,5.9200000000000035
577,19.23333333333333,176.8000000000001,1.0,False,5.893333333333337
578,19.266666666666666,176.2857142857144,1.0,False,5.876190476190479
579,19.3,176.57142857142867,1.0,False,5.885714285714289
580,19.33333333333333,177.74285714285725,1.0,False,5.924761904761909
581,19.366666666666667,177.08571428571437,1.0,False,5.902857142857147
582,19.4,176.00000000000009,1.0,False,5.866666666666669
583,19.433333333333334,176.68571428571437,1.0,False,5.889523809523813
584,19.466666666666665,176.54285714285723,1.0,False,5.884761904761908
585,19.5,176.45714285714294,1.0,False,5.881904761904765
586,19.53333333333333,176.3142857142858,1.0,False,5.877142857142861
587,19.566666666666663,176.91428571428582,1.0,False,5.89714285714286
588,19.6,176.17142857142866,1.0,False,5.872380952380954
589,19.633333333333333,175.9142857142858,1.0,False,5.863809523809526
590,19.666666666666668,177.60000000000008,1.0,False,5.9200000000000035
591,19.7,179.3142857142858,1.0,False,5.97714285714286
592,19.73333333333333,178.57142857142867,1.0,False,5.952380952380955
593,19.766666666666666,177.2000000000001,1.0,False,5.90666666666667
594,19.8,177.3142857142858,1.0,False,5.910476190476194
595,19.83333333333333,177.82857142857154,1.0,False,5.927619047619051
596,19.866666666666667,177.60000000000008,1.0,False,5.9200000000000035
597,19.9,177.48571428571438,1.0,False,5.91619047619048
598,19.933333333333334,177.08571428571437,1.0,False,5.902857142857147
599,19.966666666666665,176.17142857142866,1.0,False,5.872380952380954
600,20.0,175.9142857142858,1.0,False,5.863809523809526
601,20.03333333333333,175.9142857142858,1.0,False,5.863809523809526
602,20.066666666666663,176.25714285714295,1.0,False,5.875238095238098
603,20.1,176.65714285714296,1.0,False,5.8885714285714315
604,20.133333333333333,177.5142857142858,1.0,False,5.91714285714286
605,20.166666666666668,177.2285714285715,1.0,False,5.90761904761905
606,20.2,176.5142857142858,1.0,False,5.883809523809527
607,20.23333333333333,176.25714285714295,1.0,False,5.875238095238098
608,20.266666666666666,176.14285714285722,1.0,False,5.871428571428575
609,20.3,175.68571428571437,1.0,False,5.856190476190479
610,20.33333333333333,176.08571428571437,1.0,False,5.869523809523812
611,20.366666666666667,177.65714285714296,1.0,False,5.921904761904766
612,20.4,178.00000000000009,1.0,False,5.933333333333337
613,20.433333333333334,176.82857142857154,1.0,False,5.894285714285719
614,20.466666666666665,176.60000000000008,1.0,False,5.886666666666669
615,20.5,177.7000000000001,1.0,False,5.9233333333333364
616,20.53333333333333,178.82857142857154,1.0,False,5.960952380952383
617,20.566666666666663,178.9285714285715,1.0,True,5.964285714285717
618,20.6,176.88571428571436,1.0,False,5.89619047619048
619,20.633333333333333,175.41428571428582,1.0,False,5.8471428571428605
620,20.666666666666668,175.48571428571438,1.0,False,5.849523809523813
621,20.7,176.74285714285725,1.0,False,5.891428571428574
622,20.73333333333333,175.82857142857154,1.0,False,5.860952380952384
623,20.766666666666666,176.1142857142858,1.0,False,5.870476190476194
624,20.8,176.7142857142858,1.0,False,5.890476190476194
625,20.83333333333333,176.3428571428572,1.0,False,5.8780952380952405
626,20.866666666666667,175.68571428571437,1.0,False,5.856190476190479
627,20.9,176.05714285714296,1.0,False,5.868571428571432
628,20.933333333333334,176.85714285714295,1.0,False,5.895238095238099
629,20.966666666666665,175.88571428571439,1.0,False,5.8628571428571465
630,21.0,176.54285714285723,1.0,False,5.884761904761907
631,21.03333333333333,176.54285714285723,1.0,False,5.884761904761908
632,21.066666666666663,176.77142857142866,1.0,False,5.892380952380956
633,21.1,175.7857142857144,1.0,False,5.859523809523812
634,21.133333333333333,176.08571428571437,1.0,False,5.8695238095238125
635,21.166666666666668,176.41428571428582,1.0,True,5.880476190476193
636,21.2,177.34285714285724,1.0,False,5.911428571428575
637,21.23333333333333,177.10000000000008,1.0,False,5.903333333333336
638,21.266666666666666,177.2000000000001,1.0,False,5.90666666666667
639,21.3,177.05714285714294,1.0,False,5.901904761904765
640,21.33333333333333,177.42857142857153,1.0,False,5.914285714285717
641,21.366666666666667,176.82857142857154,1.0,False,5.894285714285719
642,21.4,177.25714285714295,1.0,False,5.908571428571432
643,21.433333333333334,177.65714285714296,1.0,False,5.921904761904765
644,21.466666666666665,178.5142857142858,1.0,False,5.950476190476194
645,21.5,178.14285714285722,1.0,False,5.938095238095241
646,21.53333333333333,177.77142857142866,1.0,False,5.925714285714289
647,21.566666666666663,178.00000000000009,1.0,False,5.933333333333337
648,21.6,178.4000000000001,1.0,False,5.94666666666667
649,21.633333333333333,177.25714285714295,1.0,False,5.908571428571432
650,21.666666666666668,176.30000000000007,1.0,False,5.8766666666666705
651,21.7,176.74285714285725,1.0,False,5.891428571428575
652,21.73333333333333,177.5857142857144,1.0,True,5.919523809523813
653,21.766666666666666,178.08571428571437,1.0,False,5.93619047619048
654,21.8,177.52857142857152,1.0,False,5.917619047619052
655,21.83333333333333,176.3428571428572,1.0,False,5.878095238095241
656,21.866666666666667,176.4285714285715,1.0,False,5.880952380952384
657,21.9,176.97142857142865,1.0,False,5.8990476190476215
658,21.933333333333334,178.45714285714294,1.0,False,5.948571428571432
659,21.966666666666665,178.37142857142868,1.0,False,5.945714285714289
660,22.0,178.1142857142858,1.0,False,5.93714285714286
661,22.03333333333333,176.3142857142858,1.0,False,5.87714285714286
662,22.066666666666663,176.94285714285724,1.0,False,5.898095238095241
663,22.1,176.8000000000001,1.0,False,5.893333333333336
664,22.133333333333333,177.02857142857152,1.0,False,5.900952380952384
665,22.166666666666668,176.2285714285715,1.0,False,5.874285714285717
666,22.2,176.60000000000008,1.0,False,5.88666666666667
667,22.23333333333333,176.57142857142867,1.0,False,5.885714285714289
668,22.266666666666666,177.5142857142858,1.0,False,5.91714285714286
669,22.3,177.14285714285722,1.0,False,5.904761904761908
670,22.33333333333333,176.94285714285724,1.0,False,5.898095238095241
671,22.366666666666667,176.2285714285715,1.0,False,5.874285714285717
672,22.4,176.3428571428572,1.0,False,5.878095238095241
673,22.433333333333334,177.77142857142866,1.0,False,5.925714285714289
674,22.466666666666665,178.2857142857144,1.0,False,5.942857142857146
675,22.5,177.2000000000001,1.0,False,5.90666666666667
676,22.53333333333333,175.82857142857154,1.0,False,5.860952380952384
677,22.566666666666663,177.17142857142866,1.0,False,5.905714285714289
678,22.6,177.4000000000001,1.0,False,5.913333333333337
679,22.633333333333333,176.25714285714295,1.0,False,5.875238095238098
680,22.666666666666668,175.34285714285724,1.0,False,5.844761904761907
681,22.7,175.65714285714296,1.0,False,5.855238095238098
682,22.73333333333333,175.82857142857154,1.0,False,5.860952380952384
683,22.766666666666666,176.94285714285724,1.0,False,5.898095238095241
684,22.8,177.54285714285726,1.0,False,5.9180952380952405
685,22.83333333333333,178.37142857142868,1.0,False,5.945714285714289
686,22.866666666666667,178.14285714285722,1.0,False,5.938095238095241
687,22.9,178.3428571428572,1.0,False,5.944761904761908
688,22.933333333333334,176.4000000000001,1.0,False,5.880000000000003
689,22.966666666666665,176.2000000000001,1.0,False,5.873333333333337
690,23.0,177.05714285714294,1.0,False,5.901904761904765
691,23.03333333333333,178.25714285714295,1.0,False,5.941904761904765
692,23.066666666666663,178.17142857142866,1.0,False,5.9390476190476225
693,23.1,177.48571428571438,1.0,False,5.91619047619048
694,23.133333333333333,176.17142857142866,1.0,False,5.872380952380956
695,23.166666666666668,176.85714285714295,1.0,False,5.895238095238097
696,23.2,179.14285714285722,1.0,False,5.971428571428575
697,23.23333333333333,180.00000000000009,1.0,False,6.0000000000000036
698,23.266666666666666,177.82857142857154,1.0,False,5.927619047619051
699,23.3,176.85714285714295,1.0,False,5.895238095238097
700,23.33333333333333,177.2285714285715,1.0,False,5.907619047619051
701,23.366666666666667,178.3428571428572,1.0,False,5.944761904761908
702,23.4,179.17142857142866,1.0,False,5.972380952380956
703,23.433333333333334,179.3142857142858,1.0,False,5.97714285714286
704,23.466666666666665,178.68571428571437,1.0,False,5.95619047619048
705,23.5,177.48571428571438,1.0,False,5.916190476190479
706,23.53333333333333,177.55714285714294,1.0,False,5.918571428571432
707,23.566666666666663,177.57142857142867,1.0,False,5.919047619047623
708,23.6,177.41428571428582,1.0,True,5.913809523809527
709,23.633333333333333,177.6000000000001,1.0,False,5.920000000000003
710,23.666666666666668,178.52857142857152,1.0,False,5.950952380952383
711,23.7,179.0000000000001,1.0,False,5.96666666666667
712,23.73333333333333,178.08571428571437,1.0,False,5.93619047619048
713,23.766666666666666,176.74285714285725,1.0,False,5.891428571428575
714,23.8,176.85714285714295,1.0,False,5.895238095238097
715,23.83333333333333,176.7142857142858,1.0,False,5.8904761904761935
716,23.866666666666667,177.37142857142865,1.0,False,5.912380952380955
717,23.9,176.62857142857152,1.0,False,5.887619047619051
718,23.933333333333334,176.94285714285724,1.0,False,5.898095238095241
719,23.966666666666665,178.25714285714295,1.0,False,5.941904761904764
720,24.0,179.9285714285715,1.0,False,5.99761904761905
721,24.03333333333333,179.68571428571437,1.0,False,5.989523809523813
722,24.066666666666663,178.32857142857154,1.0,True,5.9442857142857175
723,24.1,178.25714285714295,1.0,False,5.941904761904765
724,24.133333333333333,177.35714285714295,1.0,False,5.911904761904766
725,24.166666666666668,176.77142857142866,1.0,False,5.892380952380955
726,24.2,176.74285714285725,1.0,False,5.891428571428574
727,24.23333333333333,176.3142857142858,1.0,False,5.877142857142861
728,24.266666666666666,176.45714285714294,1.0,False,5.881904761904765
729,24.3,176.54285714285723,1.0,False,5.884761904761908
730,24.33333333333333,176.85714285714295,1.0,False,5.895238095238099
731,24.366666666666667,175.2285714285715,1.0,False,5.840952380952384
732,24.4,176.45714285714294,1.0,False,5.881904761904765
733,24.433333333333334,177.54285714285726,1.0,False,5.918095238095241
734,24.466666666666665,177.17142857142866,1.0,False,5.905714285714289
735,24.5,176.1142857142858,1.0,False,5.870476190476194
736,24.53333333333333,175.45714285714294,1.0,False,5.848571428571431
737,24.566666666666663,175.02857142857152,1.0,False,5.834285714285717
738,24.6,174.91428571428582,1.0,False,5.830476190476194
739,24.633333333333333,177.0000000000001,1.0,False,5.900000000000003
740,24.666666666666668,177.4000000000001,1.0,False,5.913333333333337
741,24.7,176.55714285714294,1.0,False,5.8852380952380985
742,24.73333333333333,175.9142857142858,1.0,False,5.863809523809526
743,24.766666666666666,176.75714285714295,1.0,True,5.891904761904764
744,24.8,176.05714285714294,1.0,False,5.868571428571432
745,24.83333333333333,174.9000000000001,1.0,False,5.830000000000004
746,24.866666666666667,175.17142857142866,1.0,False,5.839047619047622
747,24.9,176.05714285714296,1.0,False,5.868571428571432
748,24.933333333333334,175.68571428571437,1.0,False,5.85619047619048
749,24.966666666666665,174.74285714285725,1.0,True,5.824761904761908
750,25.0,175.08571428571437,1.0,False,5.836190476190479
751,25.03333333333333,176.4285714285715,1.0,False,5.880952380952383
752,25.066666666666663,177.14285714285722,1.0,False,5.904761904761908
753,25.1,176.17142857142866,1.0,False,5.872380952380954
754,25.133333333333333,175.5142857142858,1.0,False,5.850476190476194
755,25.166666666666668,178.77142857142866,1.0,False,5.959047619047622
756,25.2,179.38571428571439,1.0,False,5.979523809523812
757,25.23333333333333,177.2285714285715,1.0,False,5.90761904761905
758,25.266666666666666,174.98571428571438,1.0,True,5.832857142857145
759,25.3,175.65714285714296,1.0,False,5.855238095238098
760,25.33333333333333,174.95714285714297,1.0,False,5.831904761904765
761,25.366666666666667,175.77142857142866,1.0,False,5.859047619047622
762,25.4,178.65714285714296,1.0,False,5.955238095238098
763,25.433333333333334,180.74285714285725,1.0,False,6.024761904761908
764,25.466666666666665,178.14285714285722,1.0,False,5.938095238095241
765,25.5,175.88571428571439,1.0,False,5.862857142857146
766,25.53333333333333,175.54285714285726,1.0,False,5.851428571428575
767,25.566666666666663,178.45714285714297,1.0,False,5.948571428571432
768,25.6,177.77142857142866,1.0,False,5.925714285714289
769,25.633333333333333,176.97142857142865,1.0,False,5.899047619047622
770,25.666666666666668,176.48571428571438,1.0,False,5.882857142857146
771,25.7,177.2285714285715,1.0,False,5.90761904761905
772,25.73333333333333,177.1142857142858,1.0,False,5.903809523809526
773,25.766666666666666,177.3142857142858,1.0,False,5.910476190476194
774,25.8,178.17142857142866,1.0,False,5.9390476190476225
775,25.83333333333333,178.17142857142866,1.0,False,5.9390476190476225
776,25.866666666666667,177.44285714285724,1.0,False,5.914761904761908
777,25.9,176.60000000000008,1.0,False,5.886666666666669
778,25.933333333333334,176.50000000000009,1.0,True,5.8833333333333355
779,25.966666666666665,176.2285714285715,1.0,False,5.874285714285717
780,26.0,176.24285714285725,1.0,False,5.874761904761908
781,26.03333333333333,175.1142857142858,1.0,False,5.837142857142861
782,26.066666666666663,178.25714285714295,1.0,False,5.941904761904765
783,26.1,179.2285714285715,1.0,False,5.974285714285718
784,26.133333333333333,179.2285714285715,1.0,False,5.974285714285718
785,26.166666666666668,176.52857142857152,1.0,False,5.884285714285719
786,26.2,176.9142857142858,1.0,False,5.89714285714286
787,26.23333333333333,176.24285714285725,1.0,True,5.8747619047619075
788,26.266666666666666,177.02857142857152,1.0,False,5.9009523809523845
789,26.3,177.6714285714287,1.0,False,5.922380952380955
790,26.33333333333333,177.5142857142858,1.0,False,5.91714285714286
791,26.366666666666667,177.85714285714295,1.0,False,5.928571428571432
792,26.4,178.45714285714297,1.0,False,5.948571428571432
793,26.433333333333334,177.5142857142858,1.0,False,5.917142857142861
794,26.466666666666665,178.54285714285726,1.0,False,5.9514285714285755
795,26.5,180.77142857142866,1.0,False,6.0257142857142885
796,26.53333333333333,180.68571428571437,1.0,False,6.022857142857146
797,26.566666666666663,180.2000000000001,1.0,False,6.0066666666666695
798,26.6,181.32857142857154,1.0,False,6.044285714285718
799,26.633333333333333,181.94285714285724,1.0,False,6.064761904761907
800,26.666666666666668,181.58571428571437,1.0,True,6.052857142857146
801,26.7,181.3142857142858,1.0,False,6.043809523809527
802,26.73333333333333,178.95714285714297,1.0,False,5.965238095238099
803,26.766666666666666,178.45714285714297,1.0,False,5.948571428571432
804,26.8,179.2857142857144,1.0,False,5.976190476190479
805,26.83333333333333,179.6857142857144,1.0,False,5.9895238095238135
806,26.866666666666667,179.51428571428582,1.0,False,5.983809523809527
807,26.9,179.88571428571436,1.0,False,5.996190476190479
808,26.933333333333334,179.94285714285724,1.0,False,5.998095238095241
809,26.966666666666665,179.57142857142867,1.0,False,5.985714285714289
810,27.0,180.0857142857144,1.0,False,6.002857142857147
811,27.03333333333333,180.0857142857144,1.0,False,6.002857142857147
812,27.066666666666663,179.65714285714296,1.0,False,5.988571428571432
813,27.1,179.6000000000001,1.0,False,5.98666666666667
814,27.133333333333333,179.4000000000001,1.0,False,5.980000000000004
815,27.166666666666668,179.08571428571437,1.0,False,5.969523809523813
816,27.2,179.94285714285724,1.0,False,5.998095238095241
817,27.23333333333333,180.37142857142868,1.0,False,6.012380952380956
818,27.266666666666666,180.45714285714297,1.0,False,6.015238095238098
819,27.3,178.8000000000001,1.0,False,5.9600000000000035
820,27.33333333333333,179.1142857142858,1.0,False,5.9704761904761945
821,27.366666666666667,179.4000000000001,1.0,False,5.980000000000004
822,27.4,179.82857142857154,1.0,False,5.994285714285718
823,27.433333333333334,179.34285714285724,1.0,False,5.978095238095242
824,27.466666666666665,180.42857142857153,1.0,False,6.014285714285718
825,27.5,180.62857142857152,1.0,False,6.020952380952385
826,27.53333333333333,180.37142857142868,1.0,False,6.012380952380956
827,27.566666666666663,180.65714285714296,1.0,False,6.021904761904764
828,27.6,181.3142857142858,1.0,False,6.043809523809527
829,27.633333333333333,181.02857142857152,1.0,False,6.034285714285717
830,27.666666666666668,180.14285714285722,1.0,False,6.004761904761908
831,27.7,179.08571428571437,1.0,False,5.969523809523813
832,27.73333333333333,179.02857142857152,1.0,False,5.967619047619052
833,27.766666666666666,179.62857142857152,1.0,False,5.9876190476190505
834,27.8,179.7714285714287,1.0,False,5.992380952380956
835,27.83333333333333,178.57142857142867,1.0,True,5.952380952380956
836,27.866666666666667,180.02857142857152,1.0,False,6.000952380952384
837,27.9,180.45714285714297,1.0,False,6.015238095238098
838,27.933333333333334,180.02857142857152,1.0,False,6.000952380952384
839,27.966666666666665,178.65714285714296,1.0,False,5.955238095238099
840,28.0,179.08571428571437,1.0,False,5.969523809523813
841,28.03333333333333,180.42857142857153,1.0,False,6.014285714285718
842,28.066666666666663,181.22857142857154,1.0,False,6.040952380952384
843,28.1,179.91428571428582,1.0,False,5.997142857142861
844,28.133333333333333,179.02857142857152,1.0,False,5.967619047619051
845,28.166666666666668,180.57142857142867,1.0,False,6.0190476190476225
846,28.2,181.3142857142858,1.0,False,6.043809523809527
847,28.23333333333333,179.6000000000001,1.0,False,5.98666666666667
848,28.266666666666666,178.08571428571437,1.0,False,5.93619047619048
849,28.3,177.65714285714296,1.0,False,5.921904761904765
850,28.33333333333333,177.25714285714295,1.0,False,5.908571428571432
851,28.366666666666667,176.74285714285725,1.0,True,5.891428571428575
852,28.4,177.5142857142858,1.0,False,5.91714285714286
853,28.433333333333334,178.65714285714296,1.0,False,5.955238095238098
854,28.466666666666665,178.48571428571438,1.0,False,5.9495238095238125
855,28.5,178.02857142857152,1.0,False,5.934285714285718
856,28.53333333333333,178.3142857142858,1.0,False,5.943809523809527
857,28.566666666666663,179.08571428571437,1.0,False,5.969523809523813
858,28.6,179.25714285714295,1.0,False,5.975238095238099
859,28.633333333333333,179.74285714285725,1.0,False,5.991428571428575
860,28.666666666666668,180.34285714285724,1.0,False,6.011428571428575
861,28.7,179.05714285714294,1.0,False,5.9685714285714315
862,28.73333333333333,178.37142857142868,1.0,False,5.945714285714289
863,28.766666666666666,177.88571428571439,1.0,False,5.929523809523813
864,28.8,178.60000000000008,1.0,False,5.953333333333337
865,28.83333333333333,178.91428571428582,1.0,False,5.963809523809527
866,28.866666666666667,180.08571428571437,1.0,False,6.002857142857146
867,28.9,179.05714285714294,1.0,False,5.9685714285714315
868,28.933333333333334,178.54285714285726,1.0,False,5.9514285714285755
869,28.966666666666665,178.97142857142865,1.0,False,5.965714285714289
870,29.0,180.25714285714295,1.0,False,6.0085714285714324
871,29.03333333333333,180.1714285714287,1.0,False,6.005714285714289
872,29.066666666666663,179.3142857142858,1.0,False,5.97714285714286
873,29.1,178.94285714285724,1.0,False,5.964761904761909
874,29.133333333333333,179.65714285714296,1.0,False,5.988571428571432
875,29.166666666666668,180.65714285714296,1.0,False,6.021904761904765
876,29.2,180.25714285714295,1.0,False,6.008571428571432
877,29.23333333333333,180.34285714285724,1.0,False,6.011428571428574
878,29.266666666666666,180.3142857142858,1.0,False,6.010476190476194
879,29.3,179.34285714285724,1.0,False,5.978095238095241
880,29.33333333333333,178.00000000000009,1.0,False,5.933333333333337
881,29.366666666666667,178.25714285714295,1.0,False,5.941904761904765
882,29.4,178.48571428571438,1.0,False,5.9495238095238125
883,29.433333333333334,178.17142857142866,1.0,False,5.9390476190476225
884,29.466666666666665,178.5142857142858,1.0,False,5.950476190476194
885,29.5,179.05714285714294,1.0,False,5.9685714285714315
886,29.53333333333333,179.77142857142866,1.0,False,5.992380952380955
887,29.566666666666663,181.25714285714295,1.0,False,6.041904761904765
888,29.6,181.54285714285726,1.0,False,6.051428571428575
889,29.633333333333333,180.54285714285726,1.0,False,6.018095238095241
890,29.666666666666668,179.05714285714294,1.0,False,5.9685714285714315
891,29.7,179.6857142857144,1.0,False,5.9895238095238135
892,29.73333333333333,179.2285714285715,1.0,False,5.974285714285718
893,29.766666666666666,179.94285714285724,1.0,False,5.998095238095241
894,29.8,180.4000000000001,1.0,False,6.013333333333336
895,29.83333333333333,179.2285714285715,1.0,False,5.974285714285718
896,29.866666666666667,179.2285714285715,1.0,False,5.974285714285718
897,29.9,179.77142857142866,1.0,False,5.992380952380955
898,29.933333333333334,179.7714285714287,1.0,False,5.992380952380956
899,29.966666666666665,178.4285714285715,1.0,False,5.947619047619051
900,30.0,179.82857142857154,1.0,False,5.994285714285718
901,30.03333333333333,180.57142857142867,1.0,False,6.0190476190476225
902,30.066666666666663,178.82857142857154,1.0,False,5.960952380952384
903,30.1,178.2000000000001,1.0,False,5.940000000000004
904,30.133333333333333,178.62857142857152,1.0,False,5.954285714285717
905,30.166666666666668,180.2857142857144,1.0,False,6.009523809523812
906,30.2,179.62857142857152,1.0,False,5.9876190476190505
907,30.23333333333333,178.68571428571437,1.0,False,5.95619047619048
908,30.266666666666666,178.77142857142866,1.0,False,5.959047619047623
909,30.3,179.37142857142865,1.0,False,5.979047619047622
910,30.33333333333333,179.2000000000001,1.0,False,5.973333333333337
911,30.366666666666667,178.82857142857154,1.0,False,5.960952380952384
912,30.4,179.4000000000001,1.0,False,5.980000000000004
913,30.433333333333334,180.02857142857152,1.0,False,6.000952380952384
914,30.466666666666665,179.80000000000007,1.0,False,5.993333333333337
915,30.5,179.94285714285724,1.0,False,5.998095238095241
916,30.53333333333333,179.74285714285725,1.0,False,5.991428571428575
917,30.566666666666663,179.65714285714296,1.0,False,5.988571428571432
918,30.6,178.00000000000009,1.0,False,5.933333333333337
919,30.633333333333333,177.85714285714295,1.0,False,5.928571428571432
920,30.666666666666668,179.14285714285722,1.0,False,5.971428571428575
921,30.7,180.34285714285724,1.0,False,6.011428571428575
922,30.73333333333333,179.82857142857154,1.0,False,5.994285714285718
923,30.766666666666666,178.91428571428582,1.0,False,5.963809523809527
924,30.8,178.3428571428572,1.0,False,5.944761904761909
925,30.83333333333333,178.82857142857154,1.0,False,5.960952380952384
926,30.866666666666667,180.0000000000001,1.0,False,6.0000000000000036
927,30.9,181.34285714285724,1.0,False,6.0447619047619074
928,30.933333333333334,181.22857142857154,1.0,False,6.040952380952384
929,30.966666666666665,179.00000000000009,1.0,False,5.96666666666667
930,31.0,178.2000000000001,1.0,False,5.940000000000004
931,31.03333333333333,180.14285714285722,1.0,False,6.004761904761908
932,31.066666666666663,181.74285714285725,1.0,False,6.058095238095241
933,31.1,181.77142857142866,1.0,False,6.059047619047622
934,31.133333333333333,181.2285714285715,1.0,False,6.040952380952383
935,31.166666666666668,180.25714285714295,1.0,False,6.008571428571432
936,31.2,179.34285714285724,1.0,False,5.978095238095242
937,31.23333333333333,179.74285714285725,1.0,False,5.991428571428575
938,31.266666666666666,179.65714285714296,1.0,False,5.988571428571432
939,31.3,180.02857142857152,1.0,False,6.000952380952384
940,31.33333333333333,179.62857142857152,1.0,False,5.9876190476190505
941,31.366666666666667,178.68571428571437,1.0,False,5.95619047619048
942,31.4,178.4285714285715,1.0,False,5.947619047619051
943,31.433333333333334,180.4000000000001,1.0,False,6.013333333333337
944,31.466666666666665,182.0000000000001,1.0,False,6.06666666666667
945,31.5,183.94285714285724,1.0,False,6.131428571428574
946,31.53333333333333,184.2857142857144,1.0,False,6.142857142857146
947,31.566666666666663,183.54285714285723,1.0,False,6.118095238095241
948,31.6,180.71428571428584,1.0,False,6.023809523809526
949,31.633333333333333,180.45714285714297,1.0,False,6.015238095238098
950,31.666666666666668,179.54285714285723,1.0,False,5.984761904761908
951,31.7,180.2000000000001,1.0,False,6.0066666666666695
952,31.73333333333333,180.4000000000001,1.0,False,6.013333333333337
953,31.766666666666666,180.74285714285725,1.0,False,6.024761904761908
954,31.8,180.7285714285715,1.0,False,6.024285714285718
955,31.83333333333333,181.48571428571438,1.0,False,6.049523809523812
956,31.866666666666667,182.84285714285724,1.0,True,6.094761904761908
957,31.9,182.4000000000001,1.0,False,6.080000000000004
958,31.933333333333334,181.12857142857152,1.0,False,6.03761904761905
959,31.966666666666665,182.2857142857144,1.0,False,6.0761904761904795
960,32.0,184.45714285714294,1.0,False,6.148571428571432
961,32.03333333333333,184.17142857142866,1.0,False,6.139047619047623
962,32.06666666666666,181.60000000000008,1.0,False,6.053333333333336
963,32.1,180.74285714285725,1.0,False,6.024761904761908
964,32.13333333333333,181.08571428571437,1.0,False,6.0361904761904785
965,32.166666666666664,180.57142857142867,1.0,False,6.019047619047622
966,32.2,181.02857142857152,1.0,False,6.034285714285717
967,32.233333333333334,180.45714285714294,1.0,False,6.015238095238098
968,32.266666666666666,180.37142857142868,1.0,False,6.012380952380956
969,32.3,180.57142857142867,1.0,False,6.019047619047622
970,32.333333333333336,181.65714285714296,1.0,False,6.055238095238098
971,32.36666666666667,181.34285714285724,1.0,False,6.0447619047619074
972,32.4,181.00000000000009,1.0,False,6.033333333333336
973,32.43333333333333,180.82857142857154,1.0,False,6.0276190476190505
974,32.46666666666667,179.91428571428582,1.0,False,5.997142857142861
975,32.5,179.42857142857153,1.0,False,5.980952380952385
976,32.53333333333333,179.57142857142867,1.0,False,5.985714285714289
977,32.56666666666666,180.6000000000001,1.0,False,6.020000000000003
978,32.6,179.45714285714294,1.0,False,5.981904761904765
979,32.63333333333333,180.65714285714296,1.0,False,6.021904761904766
980,32.666666666666664,181.34285714285724,1.0,False,6.044761904761908
981,32.7,182.54285714285723,1.0,False,6.0847619047619075
982,32.733333333333334,181.57142857142867,1.0,False,6.052380952380956
983,32.766666666666666,181.7857142857144,1.0,False,6.059523809523813
984,32.8,181.3428571428572,1.0,False,6.044761904761908
985,32.833333333333336,181.45714285714297,1.0,True,6.048571428571432
986,32.86666666666667,181.82857142857154,1.0,False,6.060952380952384
987,32.9,181.62857142857152,1.0,True,6.054285714285717
988,32.93333333333333,180.8285714285715,1.0,False,6.0276190476190505
989,32.96666666666667,180.3000000000001,1.0,False,6.010000000000003
990,33.0,179.48571428571438,1.0,False,5.982857142857147
991,33.03333333333333,179.77142857142866,1.0,False,5.992380952380955
992,33.06666666666666,180.48571428571438,1.0,False,6.01619047619048
993,33.1,181.08571428571437,1.0,False,6.0361904761904785
994,33.13333333333333,179.65714285714296,1.0,False,5.988571428571432
995,33.166666666666664,178.60000000000008,1.0,False,5.953333333333337
996,33.2,178.91428571428582,1.0,False,5.963809523809527
997,33.233333333333334,179.65714285714296,1.0,False,5.988571428571432
998,33.266666666666666,178.91428571428582,1.0,False,5.963809523809527
999,33.3,178.60000000000008,1.0,False,5.953333333333337
1000,33.333333333333336,179.65714285714296,1.0,False,5.988571428571432
1001,33.36666666666667,181.17142857142866,1.0,False,6.039047619047622
1002,33.4,180.4000000000001,1.0,False,6.013333333333336
1003,33.43333333333333,178.47142857142865,1.0,False,5.949047619047622
1004,33.46666666666667,177.0857142857144,1.0,False,5.902857142857147
1005,33.5,177.15714285714296,1.0,True,5.905238095238099
1006,33.53333333333333,178.77142857142866,1.0,False,5.959047619047622
1007,33.56666666666666,180.0142857142858,1.0,False,6.000476190476194
1008,33.6,180.51428571428582,1.0,False,6.01714285714286
1009,33.63333333333333,180.0857142857144,1.0,True,6.002857142857147
1010,33.666666666666664,179.05714285714294,1.0,False,5.9685714285714315
1011,33.7,179.54285714285723,1.0,False,5.984761904761909
1012,33.733333333333334,182.82857142857154,1.0,False,6.094285714285718
1013,33.766666666666666,184.02857142857152,1.0,False,6.134285714285717
1014,33.8,182.14285714285722,1.0,False,6.071428571428575
1015,33.833333333333336,179.97142857142867,1.0,False,5.999047619047623
1016,33.86666666666667,180.34285714285724,1.0,False,6.011428571428574
1017,33.9,179.91428571428582,1.0,False,5.997142857142861
1018,33.93333333333333,179.82857142857154,1.0,False,5.994285714285718
1019,33.96666666666667,180.60000000000008,1.0,False,6.020000000000003
1020,34.0,181.2285714285715,1.0,False,6.040952380952383
1021,34.03333333333333,181.5142857142858,1.0,False,6.050476190476194
1022,34.06666666666666,180.82857142857154,1.0,False,6.0276190476190505
1023,34.1,179.74285714285725,1.0,False,5.991428571428575
1024,34.13333333333333,178.17142857142866,1.0,False,5.9390476190476225
1025,34.166666666666664,178.77142857142866,1.0,False,5.959047619047623
1026,34.2,179.7142857142858,1.0,False,5.990476190476193
1027,34.233333333333334,179.85714285714295,1.0,False,5.995238095238099
1028,34.266666666666666,178.57142857142867,1.0,False,5.952380952380956
1029,34.3,178.17142857142866,1.0,False,5.9390476190476225
1030,34.333333333333336,178.2142857142858,1.0,False,5.940476190476193
1031,34.36666666666667,178.65714285714296,1.0,False,5.955238095238098
1032,34.4,178.50000000000009,1.0,True,5.950000000000003
1033,34.43333333333333,178.42857142857153,1.0,False,5.947619047619051
1034,34.46666666666667,178.18571428571437,1.0,False,5.939523809523813
1035,34.5,179.1142857142858,1.0,False,5.9704761904761945
1036,34.53333333333333,180.3142857142858,1.0,False,6.010476190476194
1037,34.56666666666666,180.6142857142858,1.0,False,6.020476190476193
1038,34.6,179.77142857142866,1.0,False,5.992380952380955
1039,34.63333333333333,180.41428571428582,1.0,True,6.013809523809527
1040,34.666666666666664,181.4000000000001,1.0,False,6.04666666666667
1041,34.7,181.55714285714294,1.0,False,6.0519047619047655
1042,34.733333333333334,182.25714285714295,1.0,False,6.075238095238099
1043,34.766666666666666,181.62857142857152,1.0,False,6.054285714285717
1044,34.8,180.8000000000001,1.0,False,6.02666666666667
1045,34.833333333333336,179.45714285714294,1.0,False,5.981904761904765
1046,34.86666666666667,180.15714285714296,1.0,False,6.005238095238099
1047,34.9,180.4000000000001,1.0,False,6.013333333333336
1048,34.93333333333333,181.92857142857153,1.0,True,6.064285714285717
1049,34.96666666666667,180.97142857142867,1.0,False,6.032380952380955
1050,35.0,180.41428571428582,1.0,False,6.013809523809527
1051,35.03333333333333,179.88571428571436,1.0,False,5.996190476190479
1052,35.06666666666666,180.68571428571437,1.0,False,6.022857142857146
1053,35.1,180.48571428571438,1.0,False,6.016190476190479
1054,35.13333333333333,181.77142857142866,1.0,False,6.059047619047622
1055,35.166666666666664,182.14285714285722,1.0,False,6.071428571428575
1056,35.2,181.00000000000009,1.0,False,6.033333333333336
1057,35.233333333333334,179.85714285714295,1.0,False,5.995238095238098
1058,35.266666666666666,180.2285714285715,1.0,False,6.007619047619051
1059,35.3,181.4285714285715,1.0,False,6.047619047619051
1060,35.333333333333336,181.7857142857144,1.0,False,6.059523809523813
1061,35.36666666666667,182.00000000000009,1.0,False,6.06666666666667
1062,35.4,181.5000000000001,1.0,True,6.0500000000000025
1063,35.43333333333333,181.08571428571437,1.0,False,6.0361904761904785
1064,35.46666666666667,181.04285714285723,1.0,False,6.034761904761908
1065,35.5,180.57142857142867,1.0,False,6.019047619047622
1066,35.53333333333333,180.77142857142866,1.0,False,6.0257142857142885
1067,35.56666666666666,181.48571428571438,1.0,False,6.049523809523812
1068,35.6,182.0000000000001,1.0,False,6.06666666666667
1069,35.63333333333333,181.00000000000009,1.0,False,6.033333333333336
1070,35.666666666666664,179.74285714285725,1.0,False,5.991428571428575
1071,35.7,181.45714285714297,1.0,False,6.048571428571432
1072,35.733333333333334,183.02857142857152,1.0,False,6.100952380952384
1073,35.766666666666666,183.1142857142858,1.0,False,6.1038095238095265
1074,35.8,180.4000000000001,1.0,False,6.013333333333335
1075,35.833333333333336,179.51428571428582,1.0,False,5.983809523809526
1076,35.86666666666667,180.0000000000001,1.0,False,6.000000000000003
1077,35.9,181.82857142857154,1.0,False,6.060952380952384
1078,35.93333333333333,182.91428571428582,1.0,False,6.0971428571428605
1079,35.96666666666667,183.08571428571437,1.0,False,6.102857142857146
1080,36.0,183.25714285714295,1.0,False,6.108571428571431
1081,36.03333333333333,181.97142857142867,1.0,False,6.065714285714289
1082,36.06666666666666,181.54285714285723,1.0,False,6.051428571428574
1083,36.1,182.2285714285715,1.0,False,6.074285714285717
1084,36.13333333333333,182.48571428571438,1.0,False,6.082857142857146
1085,36.16666666666666,180.8142857142858,1.0,False,6.02714285714286
1086,36.2,179.65714285714296,1.0,False,5.988571428571432
1087,36.23333333333333,179.24285714285722,1.0,True,5.974761904761908
1088,36.266666666666666,179.85714285714295,1.0,False,5.995238095238099
1089,36.3,181.1857142857144,1.0,False,6.039523809523812
1090,36.333333333333336,181.91428571428582,1.0,False,6.063809523809526
1091,36.36666666666667,183.2000000000001,1.0,False,6.106666666666669
1092,36.4,184.54285714285723,1.0,False,6.151428571428574
1093,36.43333333333333,184.77142857142866,1.0,False,6.159047619047622
1094,36.46666666666667,182.57142857142867,1.0,False,6.085714285714289
1095,36.5,181.25714285714295,1.0,False,6.041904761904765
1096,36.53333333333333,181.34285714285724,1.0,False,6.0447619047619074
1097,36.56666666666666,182.48571428571438,1.0,False,6.082857142857146
1098,36.6,183.34285714285724,1.0,False,6.111428571428574
1099,36.63333333333333,182.48571428571438,1.0,False,6.082857142857146
1100,36.66666666666666,181.25714285714295,1.0,False,6.041904761904765
1101,36.7,181.5142857142858,1.0,False,6.050476190476194
1102,36.73333333333333,183.57142857142867,1.0,False,6.119047619047622
1103,36.766666666666666,184.74285714285725,1.0,False,6.1580952380952425
1104,36.8,184.68571428571437,1.0,False,6.1561904761904795
1105,36.833333333333336,182.71428571428584,1.0,False,6.090476190476194
1106,36.86666666666667,181.54285714285723,1.0,False,6.051428571428574
1107,36.9,181.2285714285715,1.0,False,6.040952380952383
1108,36.93333333333333,181.74285714285725,1.0,False,6.058095238095241
1109,36.96666666666667,181.85714285714295,1.0,False,6.061904761904765
1110,37.0,182.3142857142858,1.0,False,6.07714285714286
1111,37.03333333333333,181.74285714285725,1.0,False,6.058095238095241
1112,37.06666666666666,180.85714285714295,1.0,False,6.028571428571432
1113,37.1,181.65714285714296,1.0,False,6.055238095238098
1114,37.13333333333333,182.65714285714296,1.0,False,6.088571428571432
1115,37.16666666666666,182.42857142857153,1.0,False,6.080952380952384
1116,37.2,181.65714285714296,1.0,False,6.055238095238098
1117,37.23333333333333,181.17142857142866,1.0,False,6.039047619047622
1118,37.266666666666666,181.34285714285724,1.0,False,6.0447619047619074
1119,37.3,181.05714285714296,1.0,False,6.035238095238098
1120,37.333333333333336,181.2000000000001,1.0,False,6.040000000000004
1121,37.36666666666667,180.88571428571439,1.0,False,6.029523809523813
1122,37.4,182.1142857142858,1.0,False,6.070476190476194
1123,37.43333333333333,181.7142857142858,1.0,False,6.0571428571428605
1124,37.46666666666667,182.37142857142865,1.0,False,6.079047619047621
1125,37.5,181.8000000000001,1.0,False,6.060000000000003
1126,37.53333333333333,181.60000000000008,1.0,False,6.053333333333336
1127,37.56666666666666,181.17142857142866,1.0,False,6.039047619047622
1128,37.6,181.4000000000001,1.0,False,6.0466666666666695
1129,37.63333333333333,181.60000000000008,1.0,False,6.053333333333336
1130,37.66666666666666,181.74285714285725,1.0,False,6.058095238095241
1131,37.7,181.65714285714296,1.0,False,6.055238095238098
1132,37.73333333333333,181.85714285714295,1.0,False,6.061904761904765
1133,37.766666666666666,181.97142857142867,1.0,False,6.065714285714289
1134,37.8,183.02857142857152,1.0,False,6.100952380952385
1135,37.833333333333336,183.3142857142858,1.0,False,6.110476190476194
1136,37.86666666666667,182.91428571428582,1.0,False,6.0971428571428605
1137,37.9,181.25714285714295,1.0,False,6.041904761904765
1138,37.93333333333333,181.38571428571436,1.0,False,6.046190476190479
1139,37.96666666666667,182.4000000000001,1.0,False,6.080000000000004
1140,38.0,182.5857142857144,1.0,True,6.086190476190479
1141,38.03333333333333,182.42857142857153,1.0,False,6.080952380952384
1142,38.06666666666666,182.18571428571437,1.0,False,6.072857142857146
1143,38.1,183.2000000000001,1.0,False,6.106666666666669
1144,38.13333333333333,184.05714285714294,1.0,False,6.1352380952380985
1145,38.16666666666666,184.0000000000001,1.0,False,6.133333333333337
1146,38.2,182.42857142857153,1.0,False,6.080952380952383
1147,38.23333333333333,181.82857142857154,1.0,False,6.060952380952385
1148,38.266666666666666,182.0000000000001,1.0,False,6.06666666666667
1149,38.3,182.0000000000001,1.0,False,6.06666666666667
1150,38.333333333333336,182.0857142857144,1.0,False,6.069523809523813
1151,38.36666666666667,181.65714285714296,1.0,False,6.055238095238098
1152,38.4,181.5142857142858,1.0,False,6.050476190476194
1153,38.43333333333333,181.65714285714296,1.0,False,6.055238095238098
1154,38.46666666666667,181.82857142857154,1.0,True,6.060952380952385
1155,38.5,183.02857142857152,1.0,False,6.100952380952385
1156,38.53333333333333,183.2857142857144,1.0,False,6.109523809523813
1157,38.56666666666666,183.7142857142858,1.0,False,6.123809523809527
1158,38.6,182.62857142857155,1.0,False,6.087619047619051
1159,38.63333333333333,183.02857142857152,1.0,False,6.100952380952385
1160,38.66666666666666,182.3142857142858,1.0,False,6.07714285714286
1161,38.7,182.25714285714295,1.0,False,6.075238095238099
1162,38.73333333333333,182.42857142857153,1.0,False,6.080952380952384
1163,38.766666666666666,181.88571428571439,1.0,False,6.062857142857146
1164,38.8,180.94285714285724,1.0,False,6.031428571428575
1165,38.833333333333336,181.00000000000009,1.0,False,6.033333333333337
1166,38.86666666666667,182.74285714285725,1.0,False,6.091428571428574
1167,38.9,182.65714285714296,1.0,False,6.088571428571432
1168,38.93333333333333,181.5142857142858,1.0,False,6.050476190476194
1169,38.96666666666667,180.74285714285725,1.0,False,6.024761904761908
1170,39.0,181.25714285714295,1.0,False,6.041904761904765
1171,39.03333333333333,181.74285714285725,1.0,False,6.058095238095241
1172,39.06666666666666,182.25714285714295,1.0,False,6.075238095238099
1173,39.1,181.4000000000001,1.0,False,6.0466666666666695
1174,39.13333333333333,180.77142857142866,1.0,False,6.0257142857142885
1175,39.16666666666666,180.74285714285725,1.0,False,6.024761904761908
1176,39.2,180.14285714285722,1.0,False,6.004761904761908
1177,39.23333333333333,180.97142857142867,1.0,False,6.032380952380956
1178,39.266666666666666,181.85714285714295,1.0,False,6.061904761904765
1179,39.3,183.5000000000001,1.0,False,6.116666666666671
1180,39.333333333333336,183.22857142857154,1.0,False,6.107619047619051
1181,39.36666666666667,183.84285714285724,1.0,True,6.128095238095241
1182,39.4,182.4000000000001,1.0,False,6.080000000000003
1183,39.43333333333333,182.15714285714296,1.0,False,6.071904761904764
1184,39.46666666666667,181.7142857142858,1.0,False,6.0571428571428605
1185,39.5,182.1142857142858,1.0,False,6.070476190476194
1186,39.53333333333333,180.97142857142867,1.0,False,6.032380952380955
1187,39.56666666666666,181.02857142857152,1.0,False,6.034285714285717
1188,39.6,180.05714285714294,1.0,False,6.001904761904765
1189,39.63333333333333,179.42857142857153,1.0,False,5.980952380952385
1190,39.66666666666666,179.42857142857153,1.0,False,5.980952380952385
1191,39.7,180.3142857142858,1.0,False,6.010476190476194
1192,39.73333333333333,180.0857142857144,1.0,False,6.002857142857147
1193,39.766666666666666,179.34285714285724,1.0,False,5.978095238095242
1194,39.8,180.0000000000001,1.0,False,6.0000000000000036
1195,39.833333333333336,180.48571428571438,1.0,False,6.01619047619048
1196,39.86666666666667,180.60000000000008,1.0,False,6.020000000000003
1197,39.9,180.65714285714296,1.0,False,6.021904761904764
1198,39.93333333333333,180.91428571428582,1.0,True,6.030476190476193
1199,39.96666666666667,181.68571428571437,1.0,False,6.056190476190479
1200,40.0,181.8000000000001,1.0,False,6.060000000000003
1201,40.03333333333333,182.45714285714294,1.0,False,6.081904761904765
1202,40.06666666666666,181.45714285714297,1.0,False,6.048571428571432
1203,40.1,181.1142857142858,1.0,False,6.037142857142861
1204,40.13333333333333,181.00000000000009,1.0,False,6.033333333333336
1205,40.16666666666666,180.88571428571439,1.0,False,6.029523809523813
1206,40.2,180.54285714285726,1.0,False,6.018095238095241
1207,40.23333333333333,179.62857142857152,1.0,False,5.9876190476190505
1208,40.266666666666666,179.85714285714295,1.0,False,5.995238095238098
1209,40.3,179.74285714285725,0.0,True,5.991428571428575
1210,40.333333333333336,181.00000000000009,0.0,True,6.033333333333336
1211,40.36666666666667,182.0000000000001,0.0,True,6.06666666666667
1212,40.4,183.34285714285724,0.0,True,6.111428571428575
1213,40.43333333333333,183.3142857142858,0.9411764740943908,False,6.110476190476194
1214,40.46666666666667,180.05714285714294,1.0,False,6.001904761904765
1215,40.5,181.85714285714295,1.0,False,6.061904761904765
1216,40.53333333333333,186.2285714285715,1.0,False,6.207619047619051
1217,40.56666666666666,188.02857142857152,1.0,False,6.267619047619052
1218,40.6,183.00000000000009,1.0,False,6.100000000000004
1219,40.63333333333333,180.51428571428582,1.0,False,6.0171428571428605
1220,40.66666666666666,179.57142857142867,1.0,False,5.985714285714289
1221,40.7,178.82857142857154,1.0,False,5.960952380952384
1222,40.73333333333333,178.5142857142858,1.0,False,5.950476190476194
1223,40.766666666666666,180.0000000000001,1.0,False,6.0000000000000036
1224,40.8,181.48571428571438,1.0,False,6.049523809523812
1225,40.833333333333336,181.34285714285724,1.0,False,6.0447619047619074
1226,40.86666666666667,179.4000000000001,1.0,False,5.980000000000004
1227,40.9,179.2000000000001,1.0,False,5.973333333333336
1228,40.93333333333333,180.2285714285715,1.0,False,6.007619047619051
1229,40.96666666666667,180.91428571428582,1.0,False,6.030476190476194
1230,41.0,178.74285714285725,1.0,False,5.958095238095241
1231,41.03333333333333,178.2857142857144,1.0,False,5.942857142857147
1232,41.06666666666666,178.54285714285723,1.0,False,5.951428571428575
1233,41.1,178.5142857142858,1.0,False,5.950476190476194
1234,41.13333333333333,178.77142857142866,1.0,False,5.959047619047623
1235,41.16666666666666,179.54285714285723,1.0,False,5.984761904761908
1236,41.2,180.62857142857155,1.0,False,6.020952380952384
1237,41.23333333333333,179.2000000000001,1.0,False,5.973333333333336
1238,41.266666666666666,178.2857142857144,1.0,False,5.942857142857147
1239,41.3,177.8285714285715,1.0,False,5.927619047619051
1240,41.333333333333336,180.00000000000009,1.0,False,6.0000000000000036
1241,41.36666666666667,180.57142857142867,1.0,False,6.0190476190476225
1242,41.4,178.91428571428582,1.0,False,5.963809523809527
1243,41.43333333333333,177.85714285714295,1.0,False,5.928571428571432
1244,41.46666666666667,178.3142857142858,1.0,False,5.943809523809527
1245,41.5,179.17142857142866,1.0,False,5.972380952380956
1246,41.53333333333333,178.91428571428582,1.0,False,5.963809523809527
1247,41.56666666666666,179.34285714285724,1.0,False,5.978095238095241
1248,41.6,179.57142857142867,1.0,False,5.985714285714289
1249,41.63333333333333,179.0000000000001,1.0,False,5.96666666666667
1250,41.66666666666666,178.4285714285715,1.0,False,5.947619047619051
1251,41.7,178.57142857142867,1.0,False,5.952380952380956
1252,41.73333333333333,179.5142857142858,1.0,False,5.983809523809527
1253,41.766666666666666,179.14285714285722,1.0,False,5.971428571428575
1254,41.8,178.85714285714295,1.0,False,5.961904761904766
1255,41.833333333333336,178.74285714285725,1.0,False,5.958095238095241
1256,41.86666666666667,178.4000000000001,1.0,False,5.94666666666667
1257,41.9,177.77142857142866,1.0,False,5.925714285714289
1258,41.93333333333333,179.25714285714295,1.0,False,5.975238095238099
1259,41.96666666666667,181.05714285714294,1.0,False,6.035238095238099
1260,42.0,180.0000000000001,1.0,False,6.0000000000000036
1261,42.03333333333333,179.2857142857144,1.0,False,5.97619047619048
1262,42.06666666666666,179.7142857142858,1.0,False,5.990476190476193
1263,42.1,179.0000000000001,1.0,False,5.96666666666667
1264,42.13333333333333,178.1142857142858,1.0,False,5.937142857142861
1265,42.16666666666666,178.88571428571436,1.0,False,5.962857142857146
1266,42.2,181.2000000000001,1.0,False,6.040000000000003
1267,42.23333333333333,179.94285714285724,1.0,False,5.9980952380952415
1268,42.266666666666666,179.14285714285722,1.0,False,5.971428571428575
1269,42.3,179.4000000000001,1.0,False,5.980000000000004
1270,42.333333333333336,179.80000000000007,1.0,False,5.993333333333336
1271,42.36666666666667,178.62857142857155,1.0,False,5.954285714285718
1272,42.4,178.2285714285715,1.0,False,5.940952380952384
1273,42.43333333333333,178.57142857142867,1.0,False,5.952380952380956
1274,42.46666666666667,179.2000000000001,1.0,False,5.973333333333336
1275,42.5,181.74285714285725,1.0,False,6.058095238095241
1276,42.53333333333333,181.1142857142858,1.0,False,6.037142857142861
1277,42.56666666666666,178.14285714285722,1.0,False,5.93809523809524
1278,42.6,177.74285714285725,1.0,False,5.924761904761907
1279,42.63333333333333,180.2285714285715,1.0,False,6.007619047619051
1280,42.66666666666666,180.34285714285724,1.0,False,6.011428571428575
1281,42.7,178.91428571428582,1.0,False,5.963809523809527
1282,42.73333333333333,177.9142857142858,1.0,False,5.930476190476194
1283,42.766666666666666,178.94285714285724,1.0,False,5.964761904761908
1284,42.8,179.2857142857144,1.0,False,5.976190476190479
1285,42.833333333333336,179.54285714285726,1.0,False,5.984761904761908
1286,42.86666666666667,179.2285714285715,1.0,False,5.974285714285718
1287,42.9,180.1714285714287,1.0,False,6.005714285714289
1288,42.93333333333333,180.0000000000001,1.0,False,6.0000000000000036
1289,42.96666666666667,180.25714285714295,1.0,False,6.0085714285714324
1290,43.0,179.05714285714294,1.0,False,5.9685714285714315
1291,43.03333333333333,178.24285714285725,1.0,False,5.941428571428575
1292,43.06666666666666,178.3142857142858,1.0,False,5.943809523809526
1293,43.1,179.8428571428572,1.0,True,5.9947619047619085
1294,43.13333333333333,179.44285714285724,1.0,False,5.981428571428575
1295,43.16666666666666,178.47142857142865,1.0,False,5.949047619047623
1296,43.2,177.15714285714296,1.0,True,5.905238095238099
1297,43.23333333333333,177.77142857142866,1.0,False,5.925714285714289
1298,43.266666666666666,177.92857142857153,1.0,False,5.930952380952385
1299,43.3,177.60000000000008,1.0,False,5.9200000000000035
1300,43.333333333333336,177.08571428571437,1.0,False,5.902857142857146
1301,43.36666666666667,177.74285714285725,1.0,False,5.924761904761908
1302,43.4,177.9142857142858,1.0,False,5.930476190476194
1303,43.43333333333333,178.68571428571437,1.0,False,5.95619047619048
1304,43.46666666666667,178.8000000000001,1.0,False,5.960000000000003
1305,43.5,179.45714285714297,1.0,False,5.981904761904766
1306,43.53333333333333,178.37142857142868,1.0,False,5.945714285714288
1307,43.56666666666666,178.54285714285723,1.0,False,5.9514285714285755
1308,43.6,178.14285714285722,1.0,False,5.938095238095241
1309,43.63333333333333,177.65714285714296,1.0,False,5.921904761904765
1310,43.66666666666666,177.2000000000001,1.0,False,5.90666666666667
1311,43.7,177.88571428571439,1.0,False,5.929523809523813
1312,43.73333333333333,179.94285714285724,1.0,False,5.998095238095242
1313,43.766666666666666,179.80000000000007,1.0,False,5.993333333333337
1314,43.8,180.45714285714297,1.0,False,6.015238095238098
1315,43.833333333333336,179.45714285714294,1.0,False,5.981904761904765
1316,43.86666666666667,179.2857142857144,1.0,False,5.97619047619048
1317,43.9,178.2285714285715,1.0,False,5.940952380952384
1318,43.93333333333333,178.17142857142866,1.0,False,5.9390476190476225
1319,43.96666666666667,178.5142857142858,1.0,False,5.950476190476194
1320,44.0,179.2285714285715,1.0,False,5.974285714285718
1321,44.03333333333333,179.42857142857153,1.0,False,5.980952380952385
1322,44.06666666666666,178.91428571428582,1.0,False,5.963809523809527
1323,44.1,178.82857142857154,1.0,False,5.960952380952384
1324,44.13333333333333,179.6000000000001,1.0,False,5.98666666666667
1325,44.16666666666666,180.3142857142858,1.0,False,6.010476190476194
1326,44.2,180.25714285714295,1.0,False,6.0085714285714324
1327,44.23333333333333,178.91428571428582,1.0,False,5.963809523809527
1328,44.266666666666666,178.00000000000009,1.0,False,5.933333333333337
1329,44.3,178.3428571428572,1.0,False,5.944761904761909
1330,44.333333333333336,179.74285714285725,1.0,False,5.991428571428575
1331,44.36666666666667,180.91428571428582,1.0,False,6.030476190476193
1332,44.4,181.34285714285724,1.0,True,6.0447619047619074
1333,44.43333333333333,180.2285714285715,1.0,False,6.007619047619051
1334,44.46666666666667,178.68571428571437,1.0,False,5.95619047619048
1335,44.5,178.00000000000009,1.0,False,5.933333333333337
1336,44.53333333333333,178.65714285714296,1.0,False,5.955238095238098
1337,44.56666666666666,179.5142857142858,1.0,False,5.983809523809527
1338,44.6,178.8000000000001,1.0,False,5.9600000000000035
1339,44.63333333333333,180.4000000000001,1.0,False,6.013333333333337
1340,44.66666666666666,179.48571428571438,1.0,False,5.982857142857146
1341,44.7,180.77142857142866,1.0,False,6.0257142857142885
1342,44.73333333333333,180.25714285714295,1.0,False,6.008571428571432
1343,44.766666666666666,180.94285714285724,1.0,False,6.031428571428575
1344,44.8,179.25714285714298,1.0,False,5.975238095238099
1345,44.833333333333336,179.74285714285725,1.0,False,5.991428571428575
1346,44.86666666666667,179.82857142857154,1.0,False,5.994285714285718
1347,44.9,179.25714285714295,1.0,False,5.975238095238099
1348,44.93333333333333,179.0000000000001,1.0,False,5.96666666666667
1349,44.96666666666667,178.65714285714296,1.0,False,5.955238095238098
1350,45.0,178.5142857142858,1.0,False,5.950476190476194
1351,45.03333333333333,178.4000000000001,1.0,False,5.94666666666667
1352,45.06666666666666,180.1142857142858,1.0,False,6.003809523809527
1353,45.1,180.37142857142868,1.0,False,6.012380952380956
1354,45.13333333333333,180.45714285714297,1.0,False,6.015238095238098
1355,45.16666666666666,178.7142857142858,1.0,False,5.957142857142861
1356,45.2,179.2857142857144,1.0,False,5.97619047619048
1357,45.23333333333333,180.4000000000001,1.0,False,6.013333333333337
1358,45.266666666666666,181.91428571428582,1.0,False,6.063809523809526
1359,45.3,180.65714285714296,1.0,False,6.021904761904764
1360,45.333333333333336,179.85714285714295,1.0,False,5.995238095238098
1361,45.36666666666667,180.91428571428582,1.0,False,6.030476190476193
1362,45.4,180.8000000000001,1.0,False,6.02666666666667
1363,45.43333333333333,179.2857142857144,1.0,False,5.97619047619048
1364,45.46666666666667,178.82857142857154,1.0,False,5.960952380952384
1365,45.5,179.05714285714294,1.0,False,5.9685714285714315
1366,45.53333333333333,179.2857142857144,1.0,False,5.97619047619048
1367,45.56666666666666,180.48571428571438,1.0,False,6.01619047619048
1368,45.6,181.4000000000001,1.0,False,6.0466666666666695
1369,45.63333333333333,181.1142857142858,1.0,False,6.037142857142861
1370,45.66666666666666,179.62857142857152,1.0,False,5.9876190476190505
1371,45.7,179.45714285714297,1.0,False,5.981904761904765
1372,45.73333333333333,178.62857142857152,1.0,False,5.954285714285717
1373,45.766666666666666,180.62857142857155,1.0,False,6.020952380952384
1374,45.8,181.45714285714297,1.0,False,6.0485714285714325
1375,45.833333333333336,181.5142857142858,1.0,False,6.050476190476194
1376,45.86666666666667,180.34285714285724,1.0,False,6.011428571428574
1377,45.9,180.74285714285725,1.0,False,6.024761904761908
1378,45.93333333333333,180.82857142857154,1.0,False,6.0276190476190505
1379,45.96666666666667,180.34285714285724,1.0,False,6.011428571428574
1380,46.0,179.65714285714296,1.0,False,5.988571428571432
1381,46.03333333333333,179.08571428571437,1.0,False,5.969523809523813
1382,46.06666666666666,179.42857142857153,1.0,False,5.980952380952385
1383,46.1,180.4000000000001,1.0,False,6.013333333333337
1384,46.13333333333333,181.60000000000008,1.0,False,6.053333333333336
1385,46.16666666666666,181.2285714285715,1.0,False,6.040952380952383
1386,46.2,180.68571428571437,1.0,False,6.022857142857146
1387,46.23333333333333,179.4000000000001,1.0,False,5.980000000000004
1388,46.266666666666666,179.6857142857144,1.0,False,5.989523809523813
1389,46.3,180.82857142857154,1.0,False,6.0276190476190505
1390,46.333333333333336,181.3142857142858,1.0,False,6.043809523809527
1391,46.36666666666667,180.77142857142866,1.0,False,6.0257142857142885
1392,46.4,181.00000000000009,1.0,False,6.033333333333336
1393,46.43333333333333,181.2285714285715,1.0,False,6.040952380952383
1394,46.46666666666667,181.02857142857152,1.0,False,6.034285714285717
1395,46.5,180.05714285714294,1.0,False,6.001904761904765
1396,46.53333333333333,179.51428571428582,1.0,False,5.983809523809527
1397,46.56666666666666,178.95714285714297,1.0,False,5.965238095238099
1398,46.6,180.00000000000009,1.0,False,6.0000000000000036
1399,46.63333333333333,181.67142857142866,0.9722222089767456,True,6.055714285714289
1400,46.66666666666666,182.48571428571438,1.0,False,6.082857142857146
1401,46.7,182.64285714285722,1.0,False,6.088095238095241
1402,46.73333333333333,180.97142857142867,1.0,False,6.032380952380955
1403,46.766666666666666,180.45714285714297,1.0,False,6.015238095238098
1404,46.8,179.54285714285723,1.0,False,5.984761904761908
1405,46.833333333333336,180.2857142857144,1.0,False,6.009523809523813
1406,46.86666666666667,179.88571428571436,1.0,False,5.996190476190479
1407,46.9,180.68571428571437,1.0,False,6.022857142857146
1408,46.93333333333333,182.60000000000008,1.0,False,6.08666666666667
1409,46.96666666666667,182.85714285714295,1.0,False,6.0952380952380985
1410,47.0,182.74285714285725,1.0,False,6.091428571428574
1411,47.03333333333333,180.25714285714295,1.0,False,6.0085714285714324
1412,47.06666666666666,180.3142857142858,1.0,False,6.010476190476194
1413,47.1,179.80000000000007,1.0,False,5.993333333333337
1414,47.13333333333333,181.42857142857153,1.0,False,6.04761904761905
1415,47.16666666666666,180.2285714285715,1.0,False,6.007619047619051
1416,47.2,180.2000000000001,1.0,False,6.0066666666666695
1417,47.23333333333333,181.65714285714296,1.0,False,6.055238095238098
1418,47.266666666666666,181.97142857142867,1.0,False,6.0657142857142885
1419,47.3,179.85714285714295,1.0,False,5.995238095238098
1420,47.333333333333336,179.51428571428582,1.0,False,5.983809523809526
1421,47.36666666666667,181.05714285714296,1.0,False,6.035238095238099
1422,47.4,180.91428571428582,1.0,False,6.030476190476193
1423,47.43333333333333,181.54285714285723,1.0,False,6.051428571428575
1424,47.46666666666667,181.85714285714295,1.0,False,6.061904761904765
1425,47.5,181.2857142857144,1.0,False,6.042857142857146
1426,47.53333333333333,179.87142857142868,1.0,False,5.995714285714289
1427,47.56666666666666,180.8285714285715,1.0,False,6.0276190476190505
1428,47.6,181.67142857142866,1.0,True,6.055714285714289
1429,47.63333333333333,181.4000000000001,1.0,False,6.046666666666669
1430,47.66666666666666,182.50000000000009,1.0,False,6.083333333333336
1431,47.7,181.94285714285724,1.0,False,6.064761904761909
1432,47.73333333333333,180.2000000000001,1.0,False,6.0066666666666695
1433,47.766666666666666,178.08571428571437,1.0,False,5.93619047619048
1434,47.8,178.74285714285725,1.0,False,5.958095238095241
1435,47.833333333333336,178.57142857142867,1.0,False,5.952380952380956
1436,47.86666666666667,179.2000000000001,1.0,False,5.973333333333337
1437,47.9,179.54285714285723,1.0,False,5.984761904761908
1438,47.93333333333333,180.1142857142858,1.0,False,6.003809523809527
1439,47.96666666666667,179.4000000000001,1.0,False,5.980000000000004
1440,48.0,179.0000000000001,1.0,False,5.96666666666667
1441,48.03333333333333,178.25714285714292,1.0,False,5.941904761904766
1442,48.06666666666666,179.12857142857152,1.0,False,5.970952380952385
1443,48.1,180.65714285714296,1.0,False,6.021904761904765
1444,48.13333333333333,181.84285714285724,1.0,True,6.061428571428575
1445,48.16666666666666,181.57142857142867,1.0,False,6.052380952380956
1446,48.2,179.87142857142868,1.0,False,5.995714285714289
1447,48.23333333333333,178.85714285714295,1.0,False,5.961904761904766
1448,48.266666666666666,179.3142857142858,1.0,False,5.97714285714286
1449,48.3,180.1714285714287,1.0,False,6.005714285714289
1450,48.333333333333336,180.0857142857144,1.0,False,6.002857142857147
1451,48.36666666666667,179.57142857142867,1.0,False,5.985714285714289
1452,48.4,180.02857142857152,1.0,False,6.000952380952384
1453,48.43333333333333,179.54285714285723,1.0,False,5.984761904761908
1454,48.46666666666667,179.1142857142858,1.0,False,5.9704761904761945
1455,48.5,178.82857142857154,1.0,False,5.960952380952384
1456,48.53333333333333,180.2400000000001,1.0,False,6.008000000000004
1457,48.56666666666666,178.00571428571442,1.0,False,5.933523809523813
1458,48.6,171.78285714285724,0.0,True,5.726095238095241
1459,48.63333333333333,163.4000000000001,0.1388888955116272,True,5.44666666666667
1460,48.66666666666666,155.60000000000008,0.0277777779847383,True,5.186666666666671
1461,48.7,145.58857142857153,0.0,True,4.8529523809523845
1462,48.73333333333333,145.10857142857148,0.8888888955116272,False,4.836952380952384
1463,48.766666666666666,154.0742857142858,0.96875,False,5.135809523809526
1464,48.8,170.91428571428582,0.9722222089767456,False,5.697142857142859
1465,48.833333333333336,178.3142857142858,1.0,False,5.943809523809527
1466,48.86666666666667,179.97142857142865,1.0,False,5.999047619047623
1467,48.9,176.82857142857154,1.0,False,5.894285714285718
1468,48.93333333333333,177.0000000000001,1.0,False,5.900000000000003
1469,48.96666666666667,178.3428571428572,1.0,False,5.944761904761908
1470,49.0,179.2285714285715,1.0,False,5.974285714285718
1471,49.03333333333333,179.51428571428582,1.0,False,5.983809523809527
1472,49.06666666666666,180.34285714285724,1.0,False,6.011428571428574
1473,49.1,180.88571428571439,1.0,False,6.029523809523813
1474,49.13333333333333,181.45714285714297,1.0,False,6.048571428571432
1475,49.16666666666666,179.94285714285724,1.0,False,5.9980952380952415
1476,49.2,182.0000000000001,1.0,False,6.06666666666667
1477,49.23333333333333,183.42857142857153,1.0,False,6.114285714285717
1478,49.266666666666666,183.60000000000008,1.0,False,6.120000000000003
1479,49.3,180.25714285714295,1.0,False,6.008571428571432
1480,49.333333333333336,180.68571428571437,1.0,False,6.022857142857146
1481,49.36666666666667,181.7142857142858,1.0,False,6.0571428571428605
1482,49.4,181.94285714285724,1.0,False,6.064761904761908
1483,49.43333333333333,180.3142857142858,1.0,False,6.010476190476194
1484,49.46666666666667,179.42857142857153,1.0,False,5.980952380952385
1485,49.5,179.25714285714295,1.0,False,5.975238095238099
1486,49.53333333333333,179.05714285714294,1.0,False,5.9685714285714315
1487,49.56666666666666,179.37142857142868,1.0,False,5.979047619047623
1488,49.6,178.62857142857152,1.0,False,5.954285714285717
1489,49.63333333333333,177.68571428571437,1.0,False,5.922857142857146
1490,49.66666666666666,176.00000000000009,1.0,False,5.866666666666669
1491,49.7,175.82857142857154,1.0,True,5.860952380952384
1492,49.73333333333333,175.74285714285725,1.0,False,5.85809523809524
1493,49.766666666666666,178.62857142857152,1.0,False,5.954285714285717
1494,49.8,180.5142857142858,1.0,False,6.0171428571428605
1495,49.833333333333336,180.45714285714297,1.0,False,6.015238095238098
1496,49.86666666666667,178.82857142857154,1.0,False,5.960952380952384
1497,49.9,180.0000000000001,1.0,False,6.0000000000000036
1498,49.93333333333333,181.0000000000001,1.0,False,6.033333333333336
1499,49.96666666666667,180.57142857142867,1.0,False,6.0190476190476225
1500,50.0,179.6000000000001,1.0,False,5.98666666666667
1501,50.03333333333333,178.57142857142867,1.0,False,5.952380952380956
1502,50.06666666666666,178.3428571428572,1.0,False,5.944761904761908
1503,50.1,177.74285714285725,1.0,False,5.924761904761908
1504,50.13333333333333,176.82857142857154,1.0,False,5.894285714285719
1505,50.16666666666666,176.68571428571437,1.0,False,5.889523809523812
1506,50.2,177.2285714285715,1.0,False,5.907619047619051
1507,50.23333333333333,178.64285714285722,1.0,False,5.9547619047619085
1508,50.266666666666666,179.57142857142867,1.0,False,5.985714285714289
1509,50.3,180.75714285714298,1.0,True,6.025238095238098
1510,50.333333333333336,180.82857142857154,1.0,False,6.0276190476190505
1511,50.36666666666667,179.52857142857152,1.0,False,5.9842857142857175
1512,50.4,179.2000000000001,1.0,False,5.973333333333336
1513,50.43333333333333,180.14285714285722,1.0,False,6.004761904761908
1514,50.46666666666667,181.08571428571437,1.0,False,6.0361904761904785
1515,50.5,179.91428571428582,1.0,False,5.997142857142861
1516,50.53333333333333,179.34285714285724,1.0,False,5.978095238095242
1517,50.56666666666666,180.0857142857144,1.0,False,6.002857142857147
1518,50.6,180.14285714285722,1.0,False,6.004761904761908
1519,50.63333333333333,180.2000000000001,1.0,False,6.0066666666666695
1520,50.66666666666666,180.05714285714294,1.0,False,6.001904761904765
1521,50.7,180.42857142857153,1.0,False,6.014285714285718
1522,50.73333333333333,180.0857142857144,1.0,False,6.002857142857147
1523,50.766666666666666,179.48571428571438,1.0,False,5.982857142857146
1524,50.8,178.25714285714292,1.0,False,5.941904761904766
1525,50.833333333333336,178.68571428571437,1.0,False,5.95619047619048
1526,50.86666666666667,179.97142857142865,1.0,False,5.999047619047622
1527,50.9,180.42857142857153,1.0,False,6.014285714285718
1528,50.93333333333333,180.34285714285724,1.0,False,6.011428571428574
1529,50.96666666666667,180.05714285714294,1.0,False,6.001904761904765
1530,51.0,180.1142857142858,1.0,False,6.003809523809527
1531,51.03333333333333,180.3142857142858,1.0,False,6.010476190476194
1532,51.06666666666666,181.00000000000009,1.0,False,6.033333333333336
1533,51.1,181.68571428571437,1.0,False,6.056190476190479
1534,51.13333333333333,181.97142857142867,1.0,False,6.0657142857142885
1535,51.16666666666666,181.60000000000008,1.0,False,6.053333333333336
1536,51.2,181.25714285714295,1.0,False,6.041904761904765
1537,51.23333333333333,181.2285714285715,1.0,False,6.040952380952383
1538,51.266666666666666,180.60000000000008,1.0,False,6.020000000000003
1539,51.3,179.91428571428582,1.0,False,5.997142857142861
1540,51.333333333333336,179.57142857142867,1.0,False,5.985714285714289
1541,51.36666666666667,179.77142857142866,1.0,False,5.992380952380955
1542,51.4,180.3142857142858,1.0,False,6.010476190476194
1543,51.43333333333333,181.38571428571439,1.0,False,6.046190476190479
1544,51.46666666666667,181.82857142857154,1.0,False,6.060952380952385
1545,51.5,182.6714285714287,1.0,True,6.089047619047623
1546,51.53333333333333,182.4000000000001,1.0,False,6.080000000000003
1547,51.56666666666666,183.15714285714296,1.0,False,6.105238095238098
1548,51.6,184.14285714285722,1.0,False,6.138095238095241
1549,51.63333333333333,183.91428571428582,1.0,False,6.130476190476193
1550,51.66666666666666,181.00000000000009,1.0,False,6.033333333333337
1551,51.7,179.77142857142866,1.0,False,5.992380952380955
1552,51.73333333333333,180.3142857142858,1.0,False,6.010476190476194
1553,51.766666666666666,181.08571428571437,1.0,False,6.0361904761904785
1554,51.8,181.2142857142858,1.0,False,6.040476190476193
1555,51.833333333333336,181.82857142857154,1.0,False,6.060952380952385
1556,51.86666666666667,182.75714285714295,1.0,True,6.0919047619047655
1557,51.9,182.48571428571438,1.0,False,6.082857142857146
1558,51.93333333333333,181.3000000000001,1.0,False,6.0433333333333366
1559,51.96666666666667,180.0857142857144,1.0,False,6.002857142857145
1560,52.0,179.57142857142867,1.0,True,5.985714285714289
1561,52.03333333333333,181.37142857142868,1.0,False,6.045714285714289
1562,52.06666666666666,181.85714285714295,1.0,False,6.061904761904765
1563,52.1,181.62857142857152,1.0,False,6.054285714285718
1564,52.13333333333333,180.82857142857154,1.0,False,6.0276190476190505
1565,52.16666666666666,180.14285714285722,1.0,False,6.0047619047619065
1566,52.2,176.00000000000009,1.0,False,5.866666666666669
1567,52.23333333333333,173.4000000000001,1.0,False,5.780000000000003
1568,52.266666666666666,173.8285714285715,0.75,False,5.794285714285717
1569,52.3,174.95238095238105,0.0,True,5.831746031746034
1570,52.333333333333336,174.33333333333343,0.0,True,5.811111111111114
1571,52.36666666666667,174.00000000000009,0.2222222238779068,True,5.800000000000003
1572,52.4,173.66666666666674,0.0,True,5.788888888888892
1573,52.43333333333333,173.33333333333343,0.0882352963089943,True,5.77777777777778
1574,52.46666666666667,173.00000000000009,0.0277777779847383,True,5.766666666666669
1575,52.5,172.66666666666677,0.3030303120613098,True,5.755555555555558
1576,52.53333333333333,171.96190476190486,0.8611111044883728,True,5.732063492063494
1577,52.56666666666666,173.1714285714287,0.8055555820465088,False,5.7723809523809555
1578,52.6,173.9142857142858,0.9166666865348816,False,5.79714285714286
1579,52.63333333333333,177.82857142857154,1.0,False,5.927619047619051
1580,52.66666666666666,181.85714285714295,1.0,False,6.061904761904765
1581,52.7,185.77142857142866,1.0,False,6.192380952380956
1582,52.73333333333333,184.48571428571438,1.0,False,6.149523809523814
1583,52.766666666666666,182.42857142857153,1.0,False,6.080952380952384
1584,52.8,179.57142857142867,1.0,False,5.985714285714289
1585,52.833333333333336,178.68571428571437,1.0,False,5.95619047619048
1586,52.86666666666667,179.57142857142867,1.0,False,5.985714285714289
1587,52.9,182.85714285714295,1.0,False,6.0952380952380985
1588,52.93333333333333,183.02857142857152,1.0,False,6.100952380952384
1589,52.96666666666667,181.7142857142858,1.0,False,6.05714285714286
1590,53.0,180.65714285714296,1.0,False,6.021904761904764
1591,53.03333333333333,181.3142857142858,1.0,False,6.043809523809527
1592,53.06666666666666,182.02857142857152,1.0,False,6.067619047619051
1593,53.1,183.74285714285725,1.0,False,6.1247619047619075
1594,53.13333333333333,184.14285714285722,1.0,False,6.138095238095242
1595,53.16666666666666,181.34285714285724,1.0,False,6.0447619047619074
1596,53.2,180.02857142857152,1.0,False,6.000952380952384
1597,53.23333333333333,180.71428571428584,1.0,False,6.023809523809527
1598,53.266666666666666,181.77142857142866,1.0,False,6.059047619047622
1599,53.3,181.65714285714296,1.0,False,6.055238095238098
1600,53.333333333333336,182.0857142857144,0.8055555820465088,True,6.069523809523813
1601,53.36666666666667,182.0857142857144,1.0,False,6.069523809523813
1602,53.4,181.74285714285725,1.0,False,6.058095238095241
1603,53.43333333333333,181.25714285714295,1.0,False,6.041904761904765
1604,53.46666666666667,180.91428571428582,1.0,False,6.030476190476193
1605,53.5,181.00000000000009,1.0,False,6.033333333333336
1606,53.53333333333333,181.00000000000009,1.0,False,6.033333333333336
1607,53.56666666666666,181.08571428571437,1.0,False,6.0361904761904785
1608,53.6,180.82857142857154,1.0,False,6.0276190476190505
1609,53.63333333333333,180.0000000000001,1.0,True,6.0000000000000036
1610,53.66666666666666,179.17142857142866,1.0,False,5.972380952380956
1611,53.7,178.14285714285722,1.0,True,5.938095238095242
1612,53.73333333333333,181.27142857142866,1.0,False,6.042380952380956
1613,53.766666666666666,185.77142857142866,1.0,False,6.192380952380956
1614,53.8,189.44285714285726,1.0,True,6.314761904761909
1615,53.833333333333336,188.82857142857154,1.0,False,6.294285714285717
1616,53.86666666666667,186.2714285714287,1.0,False,6.209047619047622
1617,53.9,183.37142857142868,1.0,False,6.112380952380955
1618,53.93333333333333,180.62857142857155,1.0,False,6.020952380952384
1619,53.96666666666667,180.1142857142858,1.0,False,6.003809523809527
1620,54.0,180.82857142857154,1.0,False,6.0276190476190505
1621,54.03333333333333,182.48571428571438,1.0,False,6.082857142857147
1622,54.06666666666666,182.25714285714295,1.0,True,6.075238095238099
1623,54.1,180.74285714285725,0.8333333134651184,True,6.024761904761908
1624,54.13333333333333,180.51428571428582,1.0,False,6.0171428571428605
1625,54.16666666666666,182.0000000000001,1.0,False,6.06666666666667
1626,54.2,183.14285714285725,1.0,False,6.104761904761908
1627,54.23333333333333,184.1142857142858,1.0,False,6.137142857142861
1628,54.266666666666666,185.4000000000001,1.0,False,6.180000000000003
1629,54.3,186.65714285714296,1.0,False,6.221904761904765
1630,54.333333333333336,188.7142857142858,1.0,False,6.290476190476194
1631,54.36666666666667,187.57142857142867,1.0,False,6.252380952380956
1632,54.4,188.54285714285723,1.0,False,6.284761904761908
1633,54.43333333333333,187.2285714285715,1.0,False,6.240952380952385
1634,54.46666666666667,184.6857142857144,1.0,False,6.1561904761904795
1635,54.5,180.62857142857152,1.0,False,6.020952380952385
1636,54.53333333333333,183.14285714285722,1.0,False,6.104761904761909
1637,54.56666666666666,188.60000000000008,1.0,False,6.286666666666671
1638,54.6,187.6000000000001,1.0,False,6.2533333333333365
1639,54.63333333333333,184.2285714285715,1.0,False,6.140952380952385
1640,54.66666666666666,184.55714285714296,1.0,False,6.151904761904765
1641,54.7,188.2000000000001,1.0,False,6.273333333333336
1642,54.73333333333333,187.97142857142867,1.0,True,6.265714285714289
1643,54.766666666666666,185.51428571428582,1.0,False,6.183809523809527
1644,54.8,185.2000000000001,0.9444444179534912,True,6.173333333333337
1645,54.833333333333336,186.08571428571437,1.0,False,6.202857142857146
1646,54.86666666666667,187.3000000000001,1.0,True,6.243333333333337
1647,54.9,187.2285714285715,1.0,False,6.240952380952384
1648,54.93333333333333,185.1714285714287,1.0,False,6.172380952380956
1649,54.96666666666667,183.77142857142866,1.0,False,6.125714285714289
1650,55.0,184.05714285714294,1.0,False,6.1352380952380985
1651,55.03333333333333,186.02857142857152,1.0,False,6.200952380952385
1652,55.06666666666666,186.88571428571439,1.0,False,6.229523809523813
1653,55.1,187.68571428571437,1.0,False,6.256190476190479
1654,55.13333333333333,186.97142857142867,0.9722222089767456,True,6.2323809523809555
1655,55.16666666666666,193.02857142857155,1.0,False,6.434285714285718
1656,55.2,193.2285714285715,1.0,False,6.4409523809523845
1657,55.23333333333333,188.88571428571439,1.0,False,6.296190476190479
1658,55.266666666666666,181.45714285714294,1.0,False,6.048571428571432
1659,55.3,182.7285714285715,1.0,False,6.090952380952384
1660,55.333333333333336,183.31428571428583,1.0,False,6.110476190476193
1661,55.36666666666667,183.75714285714295,0.9722222089767456,True,6.125238095238099
1662,55.4,183.68571428571437,1.0,False,6.122857142857146
1663,55.43333333333333,179.47142857142867,1.0,False,5.9823809523809555
1664,55.46666666666667,174.65714285714296,1.0,False,5.821904761904765
1665,55.5,173.82857142857154,1.0,False,5.794285714285717
1666,55.53333333333333,174.74285714285725,1.0,False,5.824761904761909
1667,55.56666666666666,184.05714285714294,1.0,False,6.135238095238098
1668,55.6,189.0857142857144,0.9722222089767456,False,6.302857142857146
1669,55.63333333333333,181.8000000000001,1.0,True,6.060000000000004
1670,55.66666666666666,165.55714285714294,1.0,False,5.518571428571432
1671,55.7,160.77142857142866,1.0,False,5.359047619047622
1672,55.73333333333333,160.24285714285725,1.0,True,5.341428571428574
1673,55.766666666666666,160.05714285714294,1.0,False,5.335238095238098
1674,55.8,158.7857142857144,1.0,False,5.292857142857146
1675,55.833333333333336,157.48571428571438,1.0,False,5.249523809523812
1676,55.86666666666667,156.4000000000001,1.0,False,5.2133333333333365
1677,55.9,158.65714285714296,1.0,False,5.288571428571432
1678,55.93333333333333,158.74285714285722,1.0,False,5.291428571428574
1679,55.96666666666667,160.7142857142858,1.0,False,5.357142857142859
1680,56.0,161.25714285714292,1.0,False,5.375238095238098
1681,56.03333333333333,161.14285714285722,1.0,False,5.371428571428574
1682,56.06666666666666,159.88571428571439,1.0,False,5.3295238095238116
1683,56.1,163.28571428571436,1.0,False,5.442857142857147
1684,56.13333333333333,165.54285714285723,1.0,False,5.518095238095242
1685,56.16666666666666,166.60000000000008,1.0,False,5.553333333333336
1686,56.2,166.17142857142866,1.0,False,5.539047619047622
1687,56.23333333333333,166.65714285714296,1.0,False,5.555238095238098
1688,56.266666666666666,167.08571428571437,1.0,False,5.569523809523812
1689,56.3,168.77142857142866,1.0,False,5.625714285714288
1690,56.333333333333336,169.54285714285723,1.0,False,5.651428571428574
1691,56.36666666666667,168.68571428571437,1.0,False,5.622857142857146
1692,56.4,168.94285714285724,1.0,False,5.6314285714285734
1693,56.43333333333333,170.2000000000001,1.0,False,5.6733333333333364
1694,56.46666666666667,171.8000000000001,1.0,False,5.72666666666667
1695,56.5,171.45714285714294,1.0,False,5.715238095238098
1696,56.53333333333333,172.2000000000001,1.0,False,5.740000000000003
1697,56.56666666666666,170.88571428571439,1.0,False,5.69619047619048
1698,56.6,170.85714285714295,1.0,False,5.695238095238099
1699,56.63333333333333,172.17142857142866,1.0,False,5.739047619047622
1700,56.66666666666666,173.8000000000001,1.0,False,5.7933333333333366
1701,56.7,175.88571428571439,1.0,False,5.862857142857146
1702,56.73333333333333,175.85714285714295,1.0,False,5.861904761904765
1703,56.766666666666666,175.1142857142858,1.0,False,5.837142857142861
1704,56.8,174.51428571428582,1.0,False,5.81714285714286
1705,56.833333333333336,175.97142857142867,1.0,False,5.865714285714289
1706,56.86666666666667,176.5142857142858,1.0,False,5.883809523809527
1707,56.9,175.95714285714294,1.0,True,5.865238095238097
1708,56.93333333333333,175.9142857142858,1.0,False,5.863809523809526
1709,56.96666666666667,175.32857142857154,1.0,True,5.844285714285717
1710,57.0,175.64285714285722,1.0,False,5.854761904761908
1711,57.03333333333333,176.35714285714295,1.0,False,5.878571428571432
1712,57.06666666666666,176.84285714285724,1.0,True,5.894761904761907
1713,57.1,175.4000000000001,1.0,False,5.846666666666669
1714,57.13333333333333,175.07142857142867,1.0,False,5.835714285714288
1715,57.16666666666666,175.05714285714294,1.0,False,5.835238095238098
1716,57.2,175.51428571428582,1.0,False,5.8504761904761935
1717,57.23333333333333,174.57142857142867,1.0,False,5.819047619047622
1718,57.266666666666666,174.6000000000001,1.0,False,5.820000000000003
1719,57.3,174.35714285714295,1.0,False,5.811904761904765
1720,57.333333333333336,174.42857142857153,1.0,False,5.814285714285717
1721,57.36666666666667,174.4142857142858,1.0,True,5.813809523809526
1722,57.4,174.87142857142868,1.0,False,5.829047619047621
1723,57.43333333333333,175.12857142857152,1.0,False,5.83761904761905
1724,57.46666666666667,175.41428571428582,1.0,True,5.84714285714286
1725,57.5,176.25714285714292,1.0,False,5.875238095238098
1726,57.53333333333333,176.52857142857152,1.0,False,5.884285714285717
1727,57.56666666666666,176.3428571428572,1.0,False,5.8780952380952405
1728,57.6,175.74285714285725,1.0,False,5.85809523809524
1729,57.63333333333333,176.5142857142858,1.0,False,5.883809523809527
1730,57.66666666666666,177.74285714285725,1.0,False,5.924761904761909
1731,57.7,177.3142857142858,1.0,False,5.910476190476194
1732,57.73333333333333,175.5142857142858,1.0,False,5.850476190476194
1733,57.766666666666666,177.2000000000001,1.0,False,5.906666666666668
1734,57.8,180.2000000000001,1.0,False,6.0066666666666695
1735,57.833333333333336,180.6000000000001,1.0,False,6.020000000000004
1736,57.86666666666667,178.25714285714295,1.0,False,5.941904761904766
1737,57.9,176.48571428571438,1.0,False,5.882857142857146
1738,57.93333333333333,175.70714285714297,1.0,False,5.856904761904764
1739,57.96666666666667,175.52857142857152,1.0,False,5.850952380952384
1740,58.0,175.85714285714295,0.9166666865348816,True,5.861904761904764
1741,58.03333333333333,175.5000000000001,0.9722222089767456,True,5.850000000000003
1742,58.06666666666666,175.18571428571437,1.0,True,5.839523809523813
1743,58.1,175.12857142857152,1.0,False,5.837619047619051
1744,58.13333333333333,175.22142857142867,1.0,True,5.840714285714289
1745,58.16666666666666,176.68571428571437,1.0,False,5.889523809523812
1746,58.2,178.10000000000008,1.0,False,5.936666666666669
1747,58.23333333333333,179.8142857142858,1.0,False,5.993809523809528
1748,58.266666666666666,180.4000000000001,1.0,False,6.013333333333336
1749,58.3,181.01428571428582,0.9722222089767456,True,6.033809523809527
1750,58.333333333333336,179.01428571428582,1.0,False,5.96714285714286
1751,58.36666666666667,177.07142857142867,1.0,False,5.9023809523809545
1752,58.4,176.2000000000001,1.0,True,5.873333333333336
1753,58.43333333333333,176.82857142857154,1.0,False,5.894285714285717
1754,58.46666666666667,176.37142857142868,1.0,True,5.879047619047622
1755,58.5,176.55714285714294,1.0,False,5.885238095238098
1756,58.53333333333333,177.52857142857152,1.0,False,5.917619047619051
1757,58.56666666666666,179.0142857142858,1.0,True,5.967142857142861
1758,58.6,177.8000000000001,1.0,False,5.926666666666669
1759,58.63333333333333,176.32857142857154,1.0,False,5.877619047619051
1760,58.66666666666666,175.2285714285715,1.0,False,5.840952380952384
1761,58.7,176.68571428571437,1.0,False,5.889523809523813
1762,58.73333333333333,176.88571428571439,1.0,False,5.89619047619048
1763,58.766666666666666,178.54285714285723,1.0,False,5.9514285714285755
1764,58.8,179.80000000000007,1.0,False,5.993333333333336
1765,58.833333333333336,179.82857142857154,1.0,False,5.994285714285718
1766,58.86666666666667,179.2857142857144,1.0,False,5.97619047619048
1767,58.9,179.97142857142865,1.0,False,5.999047619047622
1768,58.93333333333333,180.08571428571437,1.0,False,6.002857142857146
1769,58.96666666666667,178.00000000000009,1.0,False,5.933333333333337
1770,59.0,177.4285714285715,1.0,False,5.914285714285718
1771,59.03333333333333,178.82857142857154,1.0,False,5.960952380952384
1772,59.06666666666666,181.0000000000001,1.0,False,6.033333333333336
1773,59.1,181.74285714285725,1.0,False,6.058095238095241
1774,59.13333333333333,180.91428571428582,1.0,True,6.030476190476193
1775,59.16666666666666,180.77142857142866,1.0,False,6.0257142857142885
1776,59.2,181.4000000000001,1.0,False,6.0466666666666695
1777,59.23333333333333,180.48571428571438,1.0,False,6.01619047619048
1778,59.266666666666666,179.54285714285726,1.0,False,5.984761904761908
1779,59.3,178.14285714285722,1.0,False,5.938095238095242
1780,59.333333333333336,177.3142857142858,1.0,False,5.910476190476193
1781,59.36666666666667,176.26666666666677,0.9722222089767456,True,5.875555555555559
1782,59.4,177.56190476190483,1.0,True,5.918730158730162
1783,59.43333333333333,177.0285714285715,1.0,False,5.9009523809523845
1784,59.46666666666667,177.68571428571437,1.0,False,5.922857142857145
1785,59.5,178.8000000000001,1.0,False,5.960000000000003
1786,59.53333333333333,178.91428571428582,1.0,False,5.963809523809527
1787,59.56666666666666,176.25714285714295,1.0,False,5.875238095238099
1788,59.6,175.5142857142858,1.0,False,5.8504761904761935
1789,59.63333333333333,176.48571428571438,1.0,False,5.882857142857146
1790,59.66666666666666,176.82857142857154,1.0,False,5.894285714285717
1791,59.7,176.3428571428572,1.0,False,5.878095238095241
1792,59.73333333333333,177.17142857142866,1.0,False,5.905714285714289
1793,59.766666666666666,178.57142857142867,1.0,False,5.952380952380956
1794,59.8,179.34285714285724,1.0,True,5.978095238095241
1795,59.833333333333336,178.48571428571438,1.0,False,5.9495238095238125
1796,59.86666666666667,177.34285714285724,1.0,False,5.911428571428575
1797,59.9,177.42857142857153,1.0,False,5.914285714285717
1798,59.93333333333333,178.2285714285715,1.0,False,5.940952380952384
1799,59.96666666666667,178.47142857142865,1.0,False,5.949047619047622
1800,60.0,177.82857142857154,1.0,False,5.927619047619052
1801,60.03333333333333,177.32857142857154,1.0,True,5.910952380952384
1802,60.06666666666666,177.17142857142866,1.0,False,5.905714285714288
1803,60.1,179.85714285714295,1.0,False,5.995238095238099
1804,60.13333333333333,182.62857142857155,1.0,False,6.087619047619051
1805,60.16666666666666,183.05714285714296,0.9722222089767456,True,6.101904761904766
1806,60.2,181.00000000000009,1.0,False,6.033333333333336
1807,60.23333333333333,179.28571428571436,0.9444444179534912,True,5.97619047619048
1808,60.266666666666666,178.17142857142866,1.0,False,5.9390476190476225
1809,60.3,179.8142857142858,1.0,False,5.993809523809527
1810,60.333333333333336,181.62857142857155,1.0,False,6.054285714285718
1811,60.36666666666667,181.60000000000008,1.0,False,6.053333333333336
1812,60.4,179.95714285714297,1.0,False,5.998571428571432
1813,60.43333333333333,180.17142857142866,1.0,False,6.005714285714289
1814,60.46666666666667,181.75714285714295,0.9444444179534912,True,6.058571428571431
1815,60.5,181.8000000000001,1.0,False,6.060000000000003
1816,60.53333333333333,181.67142857142866,1.0,False,6.05571428571429
1817,60.56666666666666,180.2857142857144,1.0,False,6.009523809523813
1818,60.6,180.54285714285726,1.0,False,6.018095238095241
1819,60.63333333333333,179.97142857142865,1.0,False,5.999047619047622
1820,60.66666666666666,180.85714285714295,1.0,False,6.028571428571432
1821,60.7,177.94285714285724,1.0,False,5.931428571428574
1822,60.73333333333333,178.77142857142866,1.0,False,5.959047619047622
1823,60.766666666666666,179.14285714285722,1.0,False,5.971428571428574
1824,60.8,180.2285714285715,1.0,False,6.007619047619051
1825,60.833333333333336,178.48571428571438,1.0,False,5.9495238095238125
1826,60.86666666666667,178.65714285714296,1.0,False,5.955238095238098
1827,60.9,176.74285714285725,1.0,False,5.891428571428575
1828,60.93333333333333,177.80000000000007,1.0,False,5.926666666666669
1829,60.96666666666667,179.68571428571437,1.0,False,5.989523809523813
1830,61.0,181.88571428571439,1.0,False,6.062857142857146
1831,61.03333333333333,180.45714285714297,1.0,False,6.015238095238098
1832,61.06666666666666,178.4285714285715,1.0,False,5.947619047619051
1833,61.1,176.85714285714295,1.0,False,5.895238095238098
1834,61.13333333333333,178.57142857142867,1.0,False,5.952380952380955
1835,61.16666666666666,179.05714285714294,1.0,False,5.9685714285714315
1836,61.2,178.2857142857144,1.0,False,5.942857142857147
1837,61.23333333333333,178.52857142857152,1.0,False,5.950952380952384
1838,61.266666666666666,179.82857142857154,1.0,False,5.994285714285717
1839,61.3,179.58571428571437,1.0,True,5.98619047619048
1840,61.333333333333336,179.0857142857144,1.0,False,5.969523809523812
1841,61.36666666666667,179.04285714285723,1.0,True,5.968095238095241
1842,61.4,178.82857142857154,1.0,False,5.960952380952384
1843,61.43333333333333,178.00000000000009,1.0,False,5.933333333333337
1844,61.46666666666667,176.91428571428582,1.0,False,5.89714285714286
1845,61.5,177.94285714285724,1.0,False,5.931428571428575
1846,61.53333333333333,178.2857142857144,1.0,False,5.942857142857147
1847,61.56666666666666,178.62857142857152,1.0,False,5.954285714285718
1848,61.6,177.97142857142867,1.0,False,5.932380952380955
1849,61.63333333333333,178.25714285714295,1.0,False,5.941904761904765
1850,61.66666666666666,178.60000000000008,1.0,False,5.953333333333337
1851,61.7,178.8000000000001,1.0,False,5.960000000000003
1852,61.73333333333333,179.45714285714297,1.0,False,5.981904761904766
1853,61.766666666666666,178.37142857142868,1.0,False,5.945714285714288
1854,61.8,178.54285714285723,1.0,False,5.9514285714285755
1855,61.833333333333336,177.8000000000001,1.0,False,5.926666666666669
1856,61.86666666666667,179.1142857142858,1.0,False,5.9704761904761945
1857,61.9,178.8000000000001,1.0,False,5.960000000000003
1858,61.93333333333333,179.1142857142858,1.0,False,5.9704761904761945
1859,61.96666666666667,177.54285714285726,1.0,False,5.9180952380952405
1860,62.0,179.3142857142858,1.0,False,5.97714285714286
1861,62.03333333333333,180.68571428571437,1.0,False,6.022857142857147
1862,62.06666666666666,182.02857142857152,1.0,False,6.067619047619051
1863,62.1,183.02857142857152,1.0,False,6.100952380952384
1864,62.13333333333333,181.9142857142858,1.0,False,6.063809523809527
1865,62.16666666666666,180.5142857142858,1.0,False,6.01714285714286
1866,62.2,178.85714285714295,1.0,False,5.961904761904765
1867,62.23333333333333,179.60000000000008,1.0,False,5.98666666666667
1868,62.266666666666666,177.9142857142858,1.0,False,5.930476190476194
1869,62.3,178.4285714285715,1.0,False,5.947619047619051
1870,62.333333333333336,179.48571428571438,1.0,False,5.982857142857146
1871,62.36666666666667,180.0000000000001,1.0,False,6.0000000000000036
1872,62.4,180.68571428571437,1.0,False,6.022857142857146
1873,62.43333333333333,181.22857142857154,1.0,False,6.040952380952384
1874,62.46666666666667,179.48571428571438,1.0,False,5.982857142857147
1875,62.5,179.2285714285715,1.0,False,5.974285714285718
1876,62.53333333333333,179.17142857142866,1.0,False,5.972380952380956
1877,62.56666666666666,180.18571428571437,1.0,False,6.006190476190479
1878,62.6,179.97142857142865,1.0,False,5.999047619047622
1879,62.63333333333333,181.92857142857153,1.0,True,6.064285714285717
1880,62.66666666666666,181.4000000000001,1.0,False,6.04666666666667
1881,62.7,180.60000000000008,1.0,False,6.020000000000003
1882,62.73333333333333,179.74285714285725,1.0,False,5.991428571428575
1883,62.766666666666666,179.58571428571437,1.0,True,5.98619047619048
1884,62.8,178.48571428571438,1.0,False,5.949523809523813
1885,62.833333333333336,179.07142857142867,1.0,False,5.969047619047622
1886,62.86666666666667,181.82857142857154,1.0,False,6.060952380952384
1887,62.9,182.45714285714297,1.0,False,6.081904761904765
1888,62.93333333333333,180.62857142857155,1.0,False,6.020952380952384
1889,62.96666666666667,179.57142857142867,1.0,False,5.985714285714289
1890,63.0,180.91428571428582,1.0,False,6.030476190476193
1891,63.03333333333333,180.82857142857154,1.0,False,6.0276190476190505
1892,63.06666666666666,180.17142857142866,1.0,False,6.005714285714289
1893,63.1,180.0000000000001,1.0,False,6.000000000000003
1894,63.13333333333333,181.5142857142858,1.0,False,6.050476190476194
1895,63.16666666666666,181.97142857142867,1.0,False,6.0657142857142885
1896,63.2,180.38571428571439,1.0,False,6.012857142857146
1897,63.23333333333333,178.34285714285724,1.0,False,5.944761904761908
1898,63.266666666666666,178.41428571428582,1.0,True,5.94714285714286
1899,63.3,178.57142857142867,1.0,False,5.952380952380955
1900,63.333333333333336,178.55714285714294,1.0,False,5.951904761904766
1901,63.36666666666667,178.4000000000001,1.0,False,5.94666666666667
1902,63.4,179.94285714285724,1.0,False,5.998095238095241
1903,63.43333333333333,181.22857142857154,1.0,False,6.040952380952384
1904,63.46666666666667,180.57142857142867,1.0,False,6.0190476190476225
1905,63.5,179.37142857142868,1.0,False,5.9790476190476225
1906,63.53333333333333,178.54285714285723,1.0,False,5.951428571428575
1907,63.56666666666666,179.2857142857144,1.0,False,5.97619047619048
1908,63.6,178.8000000000001,1.0,False,5.9600000000000035
1909,63.63333333333333,180.1142857142858,1.0,False,6.003809523809527
1910,63.66666666666666,181.65714285714296,1.0,False,6.055238095238098
1911,63.7,182.14285714285722,1.0,False,6.071428571428575
1912,63.73333333333333,181.2000000000001,1.0,False,6.040000000000004
1913,63.766666666666666,179.97142857142867,1.0,False,5.999047619047623
1914,63.8,181.2000000000001,1.0,False,6.040000000000004
1915,63.833333333333336,181.7142857142858,1.0,False,6.0571428571428605
1916,63.86666666666667,183.15714285714296,1.0,False,6.105238095238098
1917,63.9,183.14285714285725,1.0,False,6.104761904761908
1918,63.93333333333333,182.6714285714287,1.0,True,6.089047619047623
1919,63.96666666666667,181.3428571428572,1.0,False,6.044761904761908
1920,64.0,180.7857142857144,1.0,False,6.026190476190479
1921,64.03333333333333,179.57142857142867,1.0,False,5.985714285714289
1922,64.06666666666666,178.85714285714295,1.0,False,5.961904761904766
1923,64.1,179.57142857142867,1.0,False,5.985714285714289
1924,64.13333333333333,180.91428571428582,1.0,False,6.030476190476193
1925,64.16666666666667,181.12857142857152,1.0,True,6.03761904761905
1926,64.2,180.9142857142858,1.0,False,6.030476190476193
1927,64.23333333333333,180.5000000000001,1.0,True,6.016666666666669
1928,64.26666666666667,180.00000000000009,1.0,False,6.0000000000000036
1929,64.3,180.38571428571439,1.0,False,6.012857142857146
1930,64.33333333333333,180.14285714285722,1.0,False,6.004761904761908
1931,64.36666666666666,179.6857142857144,1.0,False,5.989523809523813
1932,64.4,180.34285714285724,1.0,False,6.011428571428574
1933,64.43333333333334,180.62857142857152,1.0,False,6.020952380952385
1934,64.46666666666667,180.54285714285726,1.0,False,6.018095238095241
1935,64.5,179.88571428571436,1.0,False,5.996190476190479
1936,64.53333333333333,180.42857142857153,1.0,False,6.014285714285718
1937,64.56666666666666,181.60000000000008,1.0,False,6.053333333333336
1938,64.6,182.97142857142867,1.0,False,6.099047619047623
1939,64.63333333333333,182.0857142857144,1.0,True,6.069523809523813
1940,64.66666666666667,181.2000000000001,1.0,False,6.040000000000004
1941,64.7,180.1142857142858,1.0,False,6.003809523809527
1942,64.73333333333333,179.8000000000001,1.0,False,5.993333333333337
1943,64.76666666666667,178.7142857142858,1.0,False,5.957142857142861
1944,64.8,180.1142857142858,1.0,False,6.003809523809527
1945,64.83333333333333,179.80000000000007,1.0,False,5.993333333333337
1946,64.86666666666666,179.85714285714295,1.0,False,5.995238095238098
1947,64.9,179.91428571428582,1.0,False,5.997142857142861
1948,64.93333333333334,180.65714285714296,1.0,False,6.021904761904765
1949,64.96666666666667,180.25714285714295,1.0,False,6.0085714285714324
1950,65.0,178.48571428571438,1.0,False,5.9495238095238125
1951,65.03333333333333,177.94285714285724,1.0,False,5.931428571428575
1952,65.06666666666666,178.4000000000001,1.0,False,5.94666666666667
1953,65.1,178.91428571428582,1.0,False,5.963809523809527
1954,65.13333333333333,178.3428571428572,1.0,False,5.944761904761908
1955,65.16666666666667,177.4000000000001,1.0,False,5.913333333333337
1956,65.2,178.1142857142858,1.0,False,5.93714285714286
1957,65.23333333333333,178.8000000000001,1.0,False,5.960000000000003
1958,65.26666666666667,179.51428571428582,1.0,False,5.983809523809527
1959,65.3,180.42857142857153,1.0,False,6.014285714285718
1960,65.33333333333333,182.35714285714295,1.0,False,6.078571428571432
1961,65.36666666666666,183.17142857142866,1.0,False,6.1057142857142885
1962,65.4,182.75714285714295,1.0,True,6.0919047619047655
1963,65.43333333333334,181.3142857142858,1.0,False,6.043809523809527
1964,65.46666666666667,179.55714285714296,1.0,False,5.985238095238098
1965,65.5,179.34285714285724,1.0,False,5.978095238095242
1966,65.53333333333333,180.2285714285715,1.0,False,6.007619047619051
1967,65.56666666666666,180.0000000000001,1.0,False,6.000000000000003
1968,65.6,181.62857142857152,1.0,False,6.054285714285718
1969,65.63333333333333,182.51428571428582,1.0,False,6.083809523809528
1970,65.66666666666667,181.37142857142868,1.0,False,6.045714285714289
1971,65.7,179.25714285714298,1.0,False,5.975238095238099
1972,65.73333333333333,178.97142857142865,1.0,False,5.965714285714289
1973,65.76666666666667,179.07142857142867,1.0,False,5.969047619047623
1974,65.8,179.4000000000001,1.0,False,5.980000000000003
1975,65.83333333333333,180.5000000000001,0.8333333134651184,True,6.016666666666669
1976,65.86666666666666,181.85714285714295,1.0,False,6.061904761904765
1977,65.9,181.07142857142867,1.0,False,6.035714285714289
1978,65.93333333333334,179.88571428571439,1.0,False,5.996190476190479
1979,65.96666666666667,179.48571428571438,1.0,False,5.982857142857147
1980,66.0,180.48571428571438,1.0,False,6.016190476190479
1981,66.03333333333333,179.17142857142866,1.0,False,5.972380952380956
1982,66.06666666666666,178.4285714285715,1.0,False,5.947619047619051
1983,66.1,180.0857142857144,1.0,False,6.002857142857147
1984,66.13333333333333,181.3142857142858,1.0,False,6.043809523809527
1985,66.16666666666667,180.0000000000001,1.0,False,6.0000000000000036
1986,66.2,178.68571428571437,1.0,False,5.95619047619048
1987,66.23333333333333,180.0857142857144,1.0,False,6.002857142857147
1988,66.26666666666667,180.8000000000001,1.0,False,6.02666666666667
1989,66.3,180.2857142857144,1.0,False,6.009523809523813
1990,66.33333333333333,179.14285714285722,1.0,False,5.971428571428575
1991,66.36666666666666,179.6857142857144,1.0,False,5.9895238095238135
1992,66.4,179.3142857142858,1.0,False,5.97714285714286
1993,66.43333333333334,179.6000000000001,1.0,False,5.98666666666667
1994,66.46666666666667,179.65714285714296,1.0,False,5.988571428571432
1995,66.5,179.91428571428582,1.0,True,5.997142857142861
1996,66.53333333333333,180.42857142857153,1.0,False,6.014285714285718
1997,66.56666666666666,182.0000000000001,1.0,False,6.06666666666667
1998,66.6,181.97142857142867,1.0,False,6.0657142857142885
1999,66.63333333333333,181.37142857142868,1.0,False,6.045714285714289
2000,66.66666666666667,181.48571428571438,1.0,False,6.049523809523812
2001,66.7,181.3142857142858,1.0,False,6.043809523809527
2002,66.73333333333333,179.85714285714295,1.0,False,5.995238095238098
2003,66.76666666666667,179.91428571428582,1.0,False,5.99714285714286
2004,66.8,182.0857142857144,1.0,False,6.069523809523813
2005,66.83333333333333,182.14285714285722,1.0,False,6.071428571428575
2006,66.86666666666666,180.77142857142866,1.0,False,6.0257142857142885
2007,66.9,180.0000000000001,1.0,False,6.000000000000003
2008,66.93333333333334,180.74285714285725,1.0,False,6.024761904761908
2009,66.96666666666667,180.91428571428582,1.0,False,6.030476190476193
2010,67.0,181.68571428571437,1.0,False,6.056190476190479
2011,67.03333333333333,182.05714285714294,1.0,False,6.068571428571431
2012,67.06666666666666,181.34285714285724,1.0,False,6.0447619047619074
2013,67.1,180.25714285714295,1.0,False,6.008571428571432
2014,67.13333333333333,181.00000000000009,1.0,False,6.033333333333336
2015,67.16666666666667,181.48571428571438,1.0,False,6.049523809523812
2016,67.2,181.55714285714294,1.0,False,6.0519047619047655
2017,67.23333333333333,181.74285714285725,1.0,False,6.058095238095242
2018,67.26666666666667,183.01428571428582,0.9722222089767456,True,6.1004761904761935
2019,67.3,181.37142857142868,1.0,False,6.045714285714289
2020,67.33333333333333,179.9285714285715,1.0,False,5.997619047619051
2021,67.36666666666666,180.48571428571438,1.0,False,6.016190476190479
2022,67.4,182.14285714285722,1.0,False,6.071428571428575
2023,67.43333333333334,181.77142857142866,1.0,False,6.059047619047622
2024,67.46666666666667,182.0000000000001,1.0,False,6.06666666666667
2025,67.5,184.17142857142866,1.0,False,6.139047619047623
2026,67.53333333333333,183.8000000000001,1.0,False,6.1266666666666705
2027,67.56666666666666,182.54285714285723,1.0,False,6.084761904761908
2028,67.6,180.45714285714297,1.0,False,6.015238095238098
2029,67.63333333333333,182.4000000000001,1.0,False,6.080000000000004
2030,67.66666666666667,181.2285714285715,1.0,False,6.040952380952385
2031,67.7,183.37142857142868,1.0,False,6.112380952380956
2032,67.73333333333333,185.25714285714295,1.0,False,6.1752380952380985
2033,67.76666666666667,186.74285714285725,1.0,False,6.224761904761908
2034,67.8,185.05714285714294,1.0,False,6.168571428571433
2035,67.83333333333333,183.94285714285724,1.0,False,6.131428571428575
2036,67.86666666666666,182.94285714285724,1.0,False,6.098095238095242
2037,67.9,181.34285714285724,1.0,False,6.0447619047619074
2038,67.93333333333334,181.14285714285725,1.0,False,6.038095238095241
2039,67.96666666666667,180.60000000000008,1.0,False,6.020000000000003
2040,68.0,179.74285714285725,1.0,True,5.991428571428575
2041,68.03333333333333,180.34285714285724,1.0,False,6.011428571428574
2042,68.06666666666666,180.4000000000001,1.0,False,6.013333333333337
2043,68.1,180.68571428571437,1.0,False,6.022857142857146
2044,68.13333333333333,180.3142857142858,1.0,False,6.010476190476194
2045,68.16666666666667,180.60000000000008,1.0,False,6.020000000000003
2046,68.2,180.57142857142867,1.0,False,6.019047619047622
2047,68.23333333333333,181.5142857142858,1.0,False,6.050476190476194
2048,68.26666666666667,181.05714285714296,1.0,False,6.035238095238098
2049,68.3,181.1142857142858,1.0,False,6.037142857142861
2050,68.33333333333333,181.3142857142858,1.0,False,6.043809523809527
2051,68.36666666666666,182.25714285714295,1.0,False,6.075238095238099
2052,68.4,181.82857142857154,1.0,False,6.060952380952384
2053,68.43333333333334,180.95714285714297,1.0,False,6.031904761904765
2054,68.46666666666667,180.25714285714295,1.0,False,6.0085714285714324
2055,68.5,180.24285714285725,1.0,True,6.008095238095241
2056,68.53333333333333,181.4285714285715,1.0,False,6.047619047619051
2057,68.56666666666666,182.52857142857152,1.0,False,6.084285714285718
2058,68.6,183.25714285714295,1.0,True,6.108571428571431
2059,68.63333333333333,182.82857142857154,1.0,False,6.094285714285718
2060,68.66666666666667,182.17142857142866,1.0,False,6.072380952380955
2061,68.7,180.48571428571438,1.0,False,6.016190476190479
2062,68.73333333333333,179.51428571428582,1.0,False,5.983809523809526
2063,68.76666666666667,181.85714285714295,1.0,False,6.061904761904765
2064,68.8,184.1142857142858,1.0,False,6.137142857142861
2065,68.83333333333333,184.2000000000001,1.0,False,6.140000000000003
2066,68.86666666666666,182.65714285714296,1.0,True,6.088571428571431
2067,68.9,183.4285714285715,1.0,False,6.114285714285718
2068,68.93333333333334,183.3142857142858,1.0,False,6.110476190476194
2069,68.96666666666667,182.25714285714295,1.0,False,6.075238095238099
2070,69.0,181.17142857142866,1.0,False,6.039047619047622
2071,69.03333333333333,182.25714285714295,1.0,False,6.075238095238099
2072,69.06666666666666,183.57142857142867,1.0,False,6.119047619047622
2073,69.1,182.6142857142858,1.0,False,6.087142857142861
2074,69.13333333333333,180.77142857142866,1.0,False,6.025714285714289
2075,69.16666666666667,180.24285714285725,1.0,True,6.008095238095241
2076,69.2,180.48571428571438,1.0,False,6.016190476190479
2077,69.23333333333333,182.50000000000009,1.0,False,6.083333333333337
2078,69.26666666666667,184.2857142857144,1.0,False,6.142857142857146
2079,69.3,184.77142857142866,1.0,False,6.159047619047622
2080,69.33333333333333,182.91428571428582,1.0,False,6.09714285714286
2081,69.36666666666666,181.91428571428582,1.0,False,6.063809523809526
2082,69.4,181.17142857142866,1.0,False,6.039047619047622
2083,69.43333333333334,180.7857142857144,1.0,True,6.026190476190479
2084,69.46666666666667,181.25714285714292,1.0,False,6.041904761904766
2085,69.5,182.41428571428582,0.9722222089767456,True,6.080476190476194
2086,69.53333333333333,184.0857142857144,1.0,False,6.13619047619048
2087,69.56666666666666,184.52857142857152,1.0,False,6.1509523809523845
2088,69.6,184.6000000000001,1.0,False,6.153333333333337
2089,69.63333333333333,184.82857142857154,1.0,False,6.160952380952384
2090,69.66666666666667,184.57142857142867,1.0,False,6.152380952380955
2091,69.7,183.5142857142858,1.0,False,6.11714285714286
2092,69.73333333333333,182.82857142857154,1.0,False,6.094285714285717
2093,69.76666666666667,182.91428571428582,1.0,False,6.09714285714286
2094,69.8,183.17142857142866,1.0,False,6.105714285714289
2095,69.83333333333333,184.17142857142866,1.0,False,6.139047619047622
2096,69.86666666666666,184.4000000000001,1.0,False,6.146666666666671
2097,69.9,182.9142857142858,1.0,False,6.0971428571428605
2098,69.93333333333334,183.2857142857144,1.0,False,6.109523809523813
2099,69.96666666666667,185.92857142857153,1.0,False,6.197619047619051
2100,70.0,188.0857142857144,1.0,False,6.269523809523813
2101,70.03333333333333,188.01428571428582,1.0,True,6.2671428571428605
2102,70.06666666666666,185.7142857142858,1.0,False,6.190476190476194
2103,70.1,183.5000000000001,1.0,False,6.11666666666667
2104,70.13333333333333,182.3142857142858,1.0,False,6.077142857142861
2105,70.16666666666667,182.74285714285725,1.0,False,6.091428571428574
2106,70.2,184.2000000000001,1.0,False,6.140000000000003
2107,70.23333333333333,185.37142857142868,1.0,False,6.179047619047622
2108,70.26666666666667,186.02857142857152,1.0,False,6.200952380952385
2109,70.3,186.0000000000001,1.0,False,6.200000000000003
2110,70.33333333333333,186.4000000000001,1.0,False,6.2133333333333365
2111,70.36666666666666,185.51428571428582,1.0,False,6.183809523809527
2112,70.4,183.57142857142867,1.0,False,6.119047619047623
2113,70.43333333333334,182.34285714285724,1.0,False,6.078095238095241
2114,70.46666666666667,182.17142857142866,1.0,False,6.072380952380955
2115,70.5,182.48571428571438,1.0,False,6.082857142857146
2116,70.53333333333333,181.91428571428582,1.0,False,6.063809523809527
2117,70.56666666666666,183.37142857142868,1.0,False,6.112380952380955
2118,70.6,185.45714285714297,1.0,False,6.181904761904765
2119,70.63333333333333,185.2142857142858,1.0,False,6.173809523809528
2120,70.66666666666667,182.51428571428582,1.0,False,6.083809523809527
2121,70.7,181.24285714285725,1.0,True,6.0414285714285745
2122,70.73333333333333,181.08571428571437,1.0,False,6.0361904761904785
2123,70.76666666666667,180.7857142857144,1.0,True,6.026190476190479
2124,70.8,181.60000000000008,1.0,False,6.053333333333336
2125,70.83333333333333,182.2285714285715,1.0,False,6.074285714285717
2126,70.86666666666666,182.42857142857153,1.0,False,6.080952380952384
2127,70.9,182.0000000000001,1.0,False,6.06666666666667
2128,70.93333333333334,181.48571428571438,1.0,False,6.049523809523812
2129,70.96666666666667,182.2000000000001,1.0,False,6.073333333333336
2130,71.0,182.62857142857155,1.0,False,6.087619047619051
2131,71.03333333333333,182.77142857142866,1.0,False,6.092380952380955
2132,71.06666666666666,181.91428571428582,1.0,False,6.063809523809526
2133,71.1,181.74285714285725,1.0,False,6.058095238095241
2134,71.13333333333333,181.17142857142866,1.0,False,6.039047619047622
2135,71.16666666666667,181.17142857142866,1.0,False,6.039047619047622
2136,71.2,182.0000000000001,1.0,False,6.06666666666667
2137,71.23333333333333,180.88571428571439,1.0,False,6.029523809523813
2138,71.26666666666667,181.3142857142858,1.0,False,6.043809523809527
2139,71.3,181.85714285714295,1.0,False,6.061904761904765
2140,71.33333333333333,181.4285714285715,1.0,False,6.047619047619051
2141,71.36666666666666,179.94285714285724,1.0,False,5.998095238095241
2142,71.4,181.57142857142867,1.0,False,6.052380952380956
2143,71.43333333333334,182.05714285714294,1.0,False,6.068571428571431
2144,71.46666666666667,181.45714285714297,1.0,False,6.048571428571432
2145,71.5,180.88571428571439,1.0,False,6.029523809523813
2146,71.53333333333333,181.85714285714295,1.0,False,6.061904761904765
2147,71.56666666666666,180.8000000000001,1.0,False,6.026666666666669
2148,71.6,182.2285714285715,1.0,False,6.0742857142857165
2149,71.63333333333333,180.82857142857154,1.0,False,6.027619047619051
2150,71.66666666666667,179.48571428571438,1.0,False,5.9828571428571475
2151,71.7,178.14285714285722,1.0,False,5.938095238095242
2152,71.73333333333333,181.60000000000008,1.0,False,6.053333333333337
2153,71.76666666666667,182.8000000000001,1.0,False,6.093333333333336
2154,71.8,183.02857142857152,1.0,False,6.100952380952385
2155,71.83333333333333,182.74285714285725,1.0,False,6.091428571428574
2156,71.86666666666666,182.65714285714296,1.0,False,6.088571428571432
2157,71.9,181.25714285714295,1.0,False,6.041904761904765
2158,71.93333333333334,180.17142857142866,1.0,False,6.005714285714289
2159,71.96666666666667,179.65714285714296,1.0,False,5.988571428571432
2160,72.0,179.25714285714295,1.0,False,5.975238095238099
2161,72.03333333333333,178.7857142857144,1.0,True,5.959523809523813
2162,72.06666666666666,179.25714285714295,1.0,False,5.975238095238098
2163,72.1,180.5000000000001,1.0,True,6.016666666666669
2164,72.13333333333333,181.91428571428582,1.0,False,6.063809523809526
2165,72.16666666666667,181.6142857142858,1.0,False,6.053809523809527
2166,72.2,180.51428571428582,1.0,False,6.0171428571428605
2167,72.23333333333333,179.74285714285725,1.0,True,5.991428571428575
2168,72.26666666666667,180.25714285714295,1.0,False,6.008571428571432
2169,72.3,180.74285714285725,1.0,False,6.024761904761908
2170,72.33333333333333,180.82857142857154,1.0,True,6.0276190476190505
2171,72.36666666666666,182.02857142857152,1.0,False,6.067619047619051
2172,72.4,182.37142857142868,1.0,False,6.079047619047622
2173,72.43333333333334,182.2000000000001,1.0,False,6.073333333333336
2174,72.46666666666667,181.82857142857154,1.0,False,6.060952380952385
2175,72.5,182.4000000000001,1.0,False,6.080000000000004
2176,72.53333333333333,183.1142857142858,1.0,False,6.103809523809527
2177,72.56666666666666,182.54285714285726,1.0,False,6.084761904761908
2178,72.6,182.37142857142865,1.0,False,6.079047619047621
2179,72.63333333333333,180.97142857142867,1.0,False,6.032380952380955
2180,72.66666666666667,180.42857142857153,1.0,False,6.014285714285718
2181,72.7,180.60000000000008,1.0,False,6.020000000000003
2182,72.73333333333333,180.54285714285723,1.0,False,6.018095238095242
2183,72.76666666666667,180.2857142857144,1.0,False,6.009523809523813
2184,72.8,180.82857142857154,1.0,False,6.0276190476190505
2185,72.83333333333333,182.3142857142858,1.0,False,6.07714285714286
2186,72.86666666666666,182.94285714285724,1.0,False,6.09809523809524
2187,72.9,181.88571428571439,1.0,False,6.062857142857146
2188,72.93333333333334,180.85714285714295,1.0,False,6.028571428571432
2189,72.96666666666667,179.65714285714296,1.0,False,5.988571428571432
2190,73.0,180.34285714285724,1.0,False,6.011428571428574
2191,73.03333333333333,180.48571428571438,1.0,False,6.01619047619048
2192,73.06666666666666,180.34285714285724,1.0,False,6.011428571428574
2193,73.1,179.91428571428582,1.0,False,5.997142857142861
2194,73.13333333333333,179.82857142857154,1.0,False,5.994285714285718
2195,73.16666666666667,180.34285714285724,1.0,False,6.011428571428574
2196,73.2,182.17142857142866,1.0,False,6.072380952380955
2197,73.23333333333333,183.2285714285715,1.0,False,6.1076190476190515
2198,73.26666666666667,182.51428571428582,1.0,False,6.083809523809527
2199,73.3,180.74285714285725,1.0,False,6.024761904761908
2200,73.33333333333333,180.17142857142866,1.0,False,6.005714285714289
2201,73.36666666666666,181.60000000000008,1.0,False,6.053333333333336
2202,73.4,182.88571428571439,1.0,False,6.096190476190479
2203,73.43333333333334,182.34285714285724,1.0,False,6.0780952380952415
2204,73.46666666666667,181.77142857142866,1.0,False,6.059047619047622
2205,73.5,181.8000000000001,1.0,False,6.060000000000003
2206,73.53333333333333,181.85714285714295,1.0,False,6.061904761904765
2207,73.56666666666666,181.91428571428582,1.0,False,6.063809523809527
2208,73.6,182.57142857142867,1.0,False,6.085714285714289
2209,73.63333333333333,182.25714285714295,1.0,False,6.075238095238099
2210,73.66666666666667,182.25714285714295,1.0,False,6.075238095238099
2211,73.7,182.4000000000001,1.0,False,6.080000000000004
2212,73.73333333333333,182.64285714285722,1.0,False,6.0880952380952404
2213,73.76666666666667,182.57142857142867,1.0,False,6.085714285714289
2214,73.8,182.41428571428582,1.0,True,6.080476190476194
2215,73.83333333333333,182.94285714285724,1.0,False,6.098095238095241
2216,73.86666666666666,182.24285714285725,1.0,False,6.074761904761908
2217,73.9,181.7142857142858,1.0,False,6.05714285714286
2218,73.93333333333334,181.14285714285725,1.0,False,6.0380952380952415
2219,73.96666666666667,182.25714285714295,1.0,False,6.075238095238099
2220,74.0,181.65714285714296,1.0,False,6.055238095238098
2221,74.03333333333333,181.60000000000008,1.0,False,6.053333333333336
2222,74.06666666666666,181.14285714285725,1.0,False,6.0380952380952415
2223,74.1,182.2857142857144,1.0,False,6.076190476190479
2224,74.13333333333333,182.62857142857155,1.0,False,6.087619047619051
2225,74.16666666666667,182.68571428571437,1.0,False,6.089523809523812
2226,74.2,182.17142857142866,1.0,False,6.072380952380955
2227,74.23333333333333,182.3142857142858,1.0,False,6.07714285714286
2228,74.26666666666667,183.02857142857152,1.0,False,6.100952380952385
2229,74.3,182.88571428571439,1.0,False,6.09619047619048
2230,74.33333333333333,182.68571428571437,1.0,False,6.089523809523812
2231,74.36666666666666,181.91428571428582,1.0,True,6.063809523809526
2232,74.4,181.74285714285725,1.0,False,6.058095238095241
2233,74.43333333333334,181.25714285714295,1.0,False,6.041904761904765
2234,74.46666666666667,180.57142857142867,1.0,True,6.019047619047622
2235,74.5,182.1142857142858,1.0,False,6.070476190476192
2236,74.53333333333333,183.97142857142867,1.0,False,6.132380952380956
2237,74.56666666666666,184.0000000000001,1.0,False,6.133333333333336
2238,74.6,181.17142857142866,1.0,False,6.039047619047623
2239,74.63333333333333,179.0000000000001,1.0,False,5.96666666666667
2240,74.66666666666667,179.51428571428582,1.0,False,5.983809523809526
2241,74.7,181.57142857142867,1.0,False,6.052380952380956
2242,74.73333333333333,182.57142857142867,1.0,False,6.085714285714289
2243,74.76666666666667,183.1142857142858,1.0,False,6.103809523809527
2244,74.8,182.54285714285726,1.0,False,6.084761904761908
2245,74.83333333333333,182.2000000000001,1.0,False,6.073333333333336
2246,74.86666666666666,181.4000000000001,1.0,False,6.0466666666666695
2247,74.9,182.42857142857153,1.0,False,6.080952380952384
2248,74.93333333333334,182.4000000000001,1.0,False,6.080000000000004
2249,74.96666666666667,182.60000000000008,1.0,False,6.08666666666667
2250,75.0,182.65714285714296,1.0,False,6.0885714285714325
2251,75.03333333333333,183.17142857142866,1.0,True,6.1057142857142885
2252,75.06666666666666,182.65714285714296,1.0,False,6.0885714285714325
2253,75.1,182.60000000000008,1.0,False,6.08666666666667
2254,75.13333333333333,182.4000000000001,1.0,False,6.080000000000004
2255,75.16666666666667,182.42857142857153,1.0,False,6.080952380952384
2256,75.2,181.57142857142867,1.0,False,6.052380952380956
2257,75.23333333333333,181.5142857142858,1.0,False,6.050476190476194
2258,75.26666666666667,181.82857142857154,1.0,False,6.060952380952384
2259,75.3,181.14285714285725,1.0,False,6.0380952380952415
2260,75.33333333333333,181.97142857142865,1.0,False,6.065714285714289
2261,75.36666666666666,183.2857142857144,1.0,False,6.109523809523813
2262,75.4,182.91428571428582,1.0,False,6.0971428571428605
2263,75.43333333333334,181.1142857142858,1.0,False,6.03714285714286
2264,75.46666666666667,183.17142857142866,1.0,False,6.1057142857142885
2265,75.5,184.37142857142868,1.0,False,6.1457142857142895
2266,75.53333333333333,181.68571428571437,1.0,False,6.05619047619048
2267,75.56666666666666,180.15714285714296,1.0,False,6.005238095238099
2268,75.6,181.7142857142858,1.0,False,6.0571428571428605
2269,75.63333333333333,181.47142857142867,1.0,True,6.049047619047622
2270,75.66666666666667,187.57142857142867,1.0,False,6.252380952380956
2271,75.7,189.7285714285715,1.0,False,6.324285714285717
2272,75.73333333333333,187.48571428571438,1.0,False,6.249523809523812
2273,75.76666666666667,180.7142857142858,1.0,False,6.023809523809527
2274,75.8,181.74285714285725,1.0,False,6.058095238095241
2275,75.83333333333333,181.08571428571437,1.0,False,6.036190476190479
2276,75.86666666666666,181.5142857142858,1.0,False,6.050476190476194
2277,75.9,182.4000000000001,1.0,False,6.080000000000004
2278,75.93333333333334,181.87142857142868,1.0,False,6.0623809523809555
2279,75.96666666666667,180.5142857142858,1.0,False,6.01714285714286
2280,76.0,180.32857142857154,1.0,True,6.010952380952384
2281,76.03333333333333,180.9142857142858,1.0,False,6.030476190476193
2282,76.06666666666666,180.95714285714297,1.0,False,6.031904761904765
2283,76.1,181.34285714285724,1.0,False,6.0447619047619074
2284,76.13333333333333,181.2285714285715,1.0,False,6.040952380952383
2285,76.16666666666667,182.7142857142858,1.0,False,6.090476190476193
2286,76.2,181.17142857142866,1.0,False,6.039047619047622
2287,76.23333333333333,179.48571428571438,1.0,False,5.9828571428571475
2288,76.26666666666667,178.2285714285715,1.0,False,5.940952380952384
2289,76.3,179.48571428571438,1.0,False,5.982857142857146
2290,76.33333333333333,180.02857142857152,1.0,False,6.000952380952384
2291,76.36666666666666,179.54285714285723,1.0,False,5.984761904761908
2292,76.4,180.84285714285724,1.0,False,6.028095238095242
2293,76.43333333333334,181.54285714285723,1.0,False,6.051428571428575
2294,76.46666666666667,181.84285714285724,1.0,True,6.061428571428575
2295,76.5,180.34285714285724,1.0,False,6.011428571428575
2296,76.53333333333333,179.52857142857152,1.0,False,5.9842857142857175
2297,76.56666666666666,179.51428571428582,1.0,False,5.983809523809527
2298,76.6,179.82857142857154,1.0,False,5.994285714285718
2299,76.63333333333333,179.65714285714296,1.0,False,5.988571428571432
2300,76.66666666666667,178.08571428571437,1.0,False,5.93619047619048
2301,76.7,177.34285714285724,1.0,False,5.911428571428575
2302,76.73333333333333,179.25714285714295,1.0,False,5.975238095238099
2303,76.76666666666667,181.14285714285725,1.0,False,6.0380952380952415
2304,76.8,181.5142857142858,1.0,False,6.050476190476194
2305,76.83333333333333,181.08571428571437,1.0,True,6.0361904761904785
2306,76.86666666666666,180.4000000000001,1.0,False,6.013333333333337
2307,76.9,179.85714285714295,1.0,False,5.995238095238098
2308,76.93333333333334,179.3142857142858,1.0,False,5.97714285714286
2309,76.96666666666667,179.34285714285724,1.0,False,5.978095238095241
2310,77.0,178.74285714285725,1.0,True,5.958095238095241
2311,77.03333333333333,179.6857142857144,1.0,False,5.9895238095238135
2312,77.06666666666666,179.80000000000007,1.0,False,5.993333333333337
2313,77.1,180.1142857142858,1.0,False,6.003809523809527
2314,77.13333333333333,180.82857142857154,1.0,False,6.0276190476190505
2315,77.16666666666667,181.22857142857154,1.0,False,6.040952380952384
2316,77.2,179.51428571428582,1.0,False,5.983809523809527
2317,77.23333333333333,178.25714285714292,1.0,False,5.941904761904766
2318,77.26666666666667,178.57142857142867,1.0,False,5.952380952380956
2319,77.3,179.17142857142866,1.0,False,5.972380952380956
2320,77.33333333333333,180.25714285714295,1.0,False,6.008571428571432
2321,77.36666666666666,181.6142857142858,1.0,False,6.053809523809527
2322,77.4,182.08571428571437,1.0,False,6.0695238095238135
2323,77.43333333333334,181.5000000000001,1.0,True,6.0500000000000025
2324,77.46666666666667,181.25714285714292,1.0,False,6.041904761904764
2325,77.5,180.10000000000008,1.0,False,6.0033333333333365
2326,77.53333333333333,180.88571428571439,1.0,False,6.029523809523813
2327,77.56666666666666,180.60000000000008,1.0,False,6.020000000000003
2328,77.6,180.88571428571439,1.0,False,6.029523809523813
2329,77.63333333333333,180.05714285714294,1.0,False,6.001904761904766
2330,77.66666666666667,181.4285714285715,1.0,False,6.047619047619051
2331,77.7,181.74285714285725,1.0,False,6.058095238095241
2332,77.73333333333333,182.42857142857153,1.0,False,6.080952380952384
2333,77.76666666666667,180.88571428571439,1.0,False,6.029523809523813
2334,77.8,179.1142857142858,1.0,False,5.970476190476194
2335,77.83333333333333,178.82857142857154,1.0,False,5.960952380952384
2336,77.86666666666666,181.0000000000001,1.0,False,6.033333333333336
2337,77.9,181.2285714285715,1.0,False,6.040952380952383
2338,77.93333333333334,181.2000000000001,1.0,False,6.040000000000004
2339,77.96666666666667,180.97142857142867,1.0,False,6.032380952380955
2340,78.0,181.68571428571437,1.0,False,6.056190476190479
2341,78.03333333333333,181.65714285714296,1.0,False,6.055238095238098
2342,78.06666666666666,182.0857142857144,1.0,False,6.069523809523813
2343,78.1,182.0857142857144,1.0,False,6.069523809523813
2344,78.13333333333333,181.82857142857154,1.0,False,6.060952380952384
2345,78.16666666666667,181.08571428571437,1.0,False,6.0361904761904785
2346,78.2,179.82857142857154,1.0,False,5.994285714285718
2347,78.23333333333333,179.42857142857153,1.0,False,5.980952380952385
2348,78.26666666666667,179.48571428571438,1.0,False,5.982857142857147
2349,78.3,180.51428571428582,1.0,False,6.0171428571428605
2350,78.33333333333333,182.0000000000001,1.0,False,6.06666666666667
2351,78.36666666666666,182.3142857142858,1.0,False,6.07714285714286
2352,78.4,180.0857142857144,1.0,False,6.002857142857145
2353,78.43333333333334,179.02857142857152,1.0,False,5.967619047619051
2354,78.46666666666667,179.97142857142865,1.0,False,5.999047619047622
2355,78.5,181.68571428571437,1.0,False,6.056190476190479
2356,78.53333333333333,181.14285714285725,1.0,False,6.038095238095241
2357,78.56666666666666,181.02857142857152,1.0,False,6.034285714285717
2358,78.6,180.05714285714294,1.0,False,6.001904761904765
2359,78.63333333333333,179.42857142857153,1.0,False,5.980952380952385
2360,78.66666666666667,179.51428571428582,1.0,False,5.983809523809527
2361,78.7,179.80000000000007,1.0,False,5.993333333333337
2362,78.73333333333333,180.1142857142858,1.0,False,6.003809523809527
2363,78.76666666666667,180.74285714285725,1.0,False,6.024761904761908
2364,78.8,181.2285714285715,1.0,False,6.040952380952383
2365,78.83333333333333,181.54285714285726,1.0,False,6.051428571428575
2366,78.86666666666666,179.77142857142866,1.0,False,5.992380952380955
2367,78.9,179.2285714285715,1.0,False,5.974285714285718
2368,78.93333333333334,178.8000000000001,1.0,False,5.9600000000000035
2369,78.96666666666667,180.1714285714287,1.0,True,6.005714285714289
2370,79.0,180.51428571428582,1.0,False,6.01714285714286
2371,79.03333333333333,179.80000000000007,1.0,False,5.993333333333337
2372,79.06666666666666,179.2857142857144,1.0,False,5.97619047619048
2373,79.1,179.65714285714296,1.0,False,5.988571428571432
2374,79.13333333333333,180.3142857142858,1.0,False,6.010476190476194
2375,79.16666666666667,179.85714285714295,1.0,False,5.995238095238098
2376,79.2,179.57142857142867,1.0,False,5.985714285714289
2377,79.23333333333333,180.0000000000001,1.0,True,6.0000000000000036
2378,79.26666666666667,180.34285714285724,1.0,False,6.011428571428574
2379,79.3,180.65714285714296,1.0,False,6.021904761904765
2380,79.33333333333333,179.57142857142867,1.0,False,5.985714285714289
2381,79.36666666666666,179.37142857142868,1.0,False,5.9790476190476225
2382,79.4,179.45714285714294,1.0,False,5.981904761904765
2383,79.43333333333334,180.02857142857152,1.0,False,6.000952380952384
2384,79.46666666666667,179.57142857142867,1.0,False,5.985714285714289
2385,79.5,180.0000000000001,1.0,False,6.0000000000000036
2386,79.53333333333333,180.42857142857153,1.0,False,6.014285714285718
2387,79.56666666666666,180.14285714285722,1.0,False,6.004761904761908
2388,79.6,179.94285714285724,1.0,False,5.998095238095241
2389,79.63333333333333,179.14285714285722,1.0,False,5.971428571428575
2390,79.66666666666667,179.6857142857144,1.0,False,5.989523809523813
2391,79.7,180.91428571428582,1.0,False,6.030476190476193
2392,79.73333333333333,182.82857142857154,1.0,False,6.094285714285718
2393,79.76666666666667,182.74285714285725,1.0,False,6.091428571428574
2394,79.8,181.34285714285724,1.0,False,6.0447619047619074
2395,79.83333333333333,179.57142857142867,1.0,False,5.985714285714289
2396,79.86666666666666,180.1142857142858,1.0,False,6.003809523809527
2397,79.9,180.8000000000001,1.0,False,6.02666666666667
2398,79.93333333333334,180.1714285714287,1.0,False,6.005714285714289
2399,79.96666666666667,178.3428571428572,1.0,False,5.944761904761909
2400,80.0,179.51428571428582,1.0,False,5.983809523809527
2401,80.03333333333333,180.88571428571439,1.0,False,6.029523809523813
2402,80.06666666666666,180.34285714285724,1.0,False,6.011428571428574
2403,80.1,179.6000000000001,1.0,False,5.98666666666667
2404,80.13333333333333,180.57142857142867,1.0,False,6.0190476190476225
2405,80.16666666666667,180.48571428571438,1.0,False,6.01619047619048
2406,80.2,180.1142857142858,1.0,False,6.003809523809527
2407,80.23333333333333,180.05714285714294,1.0,False,6.001904761904765
2408,80.26666666666667,180.42857142857153,1.0,False,6.014285714285718
2409,80.3,179.91428571428582,1.0,False,5.997142857142861
2410,80.33333333333333,179.82857142857154,1.0,False,5.994285714285718
2411,80.36666666666666,180.60000000000008,1.0,False,6.020000000000003
2412,80.4,181.05714285714296,1.0,False,6.035238095238098
2413,80.43333333333334,182.02857142857152,1.0,False,6.067619047619051
2414,80.46666666666667,182.2285714285715,1.0,False,6.074285714285717
2415,80.5,182.25714285714295,1.0,True,6.075238095238099
2416,80.53333333333333,180.7857142857144,1.0,False,6.026190476190479
2417,80.56666666666666,180.4285714285715,1.0,False,6.014285714285717
2418,80.6,181.67142857142866,1.0,True,6.055714285714289
2419,80.63333333333333,181.8000000000001,1.0,False,6.060000000000003
2420,80.66666666666667,181.58571428571437,1.0,False,6.052857142857146
2421,80.7,180.62857142857155,1.0,False,6.020952380952385
2422,80.73333333333333,180.77142857142866,1.0,False,6.0257142857142885
2423,80.76666666666667,181.25714285714295,1.0,False,6.041904761904765
2424,80.8,182.3142857142858,1.0,False,6.07714285714286
2425,80.83333333333333,180.91428571428582,1.0,False,6.030476190476193
2426,80.86666666666666,178.60000000000008,1.0,False,5.953333333333337
2427,80.9,177.4000000000001,0.9166666865348816,True,5.913333333333337
2428,80.93333333333334,178.85714285714295,1.0,False,5.961904761904766
2429,80.96666666666667,181.74285714285725,1.0,False,6.058095238095241
2430,81.0,183.05714285714296,1.0,False,6.101904761904765
2431,81.03333333333333,182.02857142857152,1.0,False,6.067619047619051
2432,81.06666666666666,180.57142857142867,1.0,False,6.019047619047622
2433,81.1,179.74285714285725,1.0,False,5.991428571428575
2434,81.13333333333333,180.1142857142858,1.0,False,6.003809523809527
2435,81.16666666666667,180.54285714285723,1.0,False,6.018095238095242
2436,81.2,181.02857142857152,1.0,False,6.034285714285717
2437,81.23333333333333,180.4000000000001,1.0,False,6.013333333333336
2438,81.26666666666667,181.85714285714295,1.0,False,6.061904761904765
2439,81.3,181.62857142857152,1.0,False,6.054285714285717
2440,81.33333333333333,181.37142857142868,1.0,False,6.045714285714289
2441,81.36666666666666,179.71428571428578,1.0,False,5.990476190476194
2442,81.4,180.54285714285726,1.0,False,6.018095238095241
2443,81.43333333333334,180.7142857142858,1.0,False,6.023809523809527
2444,81.46666666666667,180.0857142857144,1.0,False,6.002857142857147
2445,81.5,178.85714285714295,1.0,False,5.961904761904766
2446,81.53333333333333,179.14285714285722,1.0,False,5.971428571428575
2447,81.56666666666666,180.68571428571437,1.0,False,6.022857142857146
2448,81.6,181.48571428571438,1.0,False,6.049523809523812
2449,81.63333333333333,182.25714285714295,1.0,True,6.075238095238099
2450,81.66666666666667,181.74285714285725,1.0,False,6.058095238095241
2451,81.7,181.17142857142866,1.0,False,6.039047619047622
2452,81.73333333333333,181.17142857142866,1.0,False,6.039047619047622
2453,81.76666666666667,182.0000000000001,1.0,False,6.06666666666667
2454,81.8,181.3142857142858,1.0,False,6.043809523809527
2455,81.83333333333333,179.6000000000001,1.0,False,5.98666666666667
2456,81.86666666666666,179.6000000000001,1.0,False,5.98666666666667
2457,81.9,179.2857142857144,1.0,False,5.976190476190479
2458,81.93333333333334,178.62857142857155,1.0,False,5.954285714285718
2459,81.96666666666667,178.4000000000001,1.0,False,5.94666666666667
2460,82.0,179.82857142857154,1.0,False,5.994285714285718
2461,82.03333333333333,180.77142857142866,1.0,False,6.0257142857142885
2462,82.06666666666666,179.2000000000001,1.0,False,5.973333333333336
2463,82.1,178.05714285714294,1.0,False,5.935238095238098
2464,82.13333333333333,177.88571428571439,1.0,False,5.929523809523813
2465,82.16666666666667,180.68571428571437,1.0,False,6.022857142857146
2466,82.2,181.14285714285725,1.0,False,6.0380952380952415
2467,82.23333333333333,180.25714285714295,1.0,False,6.008571428571432
2468,82.26666666666667,179.77142857142866,1.0,False,5.992380952380955
2469,82.3,179.88571428571436,1.0,False,5.996190476190479
2470,82.33333333333333,179.6857142857144,1.0,False,5.9895238095238135
2471,82.36666666666666,178.91428571428582,1.0,True,5.963809523809527
2472,82.4,178.48571428571438,1.0,False,5.9495238095238125
2473,82.43333333333334,179.02857142857152,1.0,False,5.967619047619052
2474,82.46666666666667,180.2285714285715,1.0,False,6.007619047619051
2475,82.5,181.0000000000001,1.0,False,6.033333333333336
2476,82.53333333333333,180.25714285714295,1.0,False,6.008571428571432
2477,82.56666666666666,179.57142857142867,1.0,False,5.985714285714289
2478,82.6,181.45714285714297,1.0,False,6.048571428571432
2479,82.63333333333333,181.60000000000008,1.0,False,6.053333333333337
2480,82.66666666666667,181.14285714285725,1.0,False,6.0380952380952415
2481,82.7,178.02857142857152,1.0,False,5.934285714285718
2482,82.73333333333333,179.65714285714296,1.0,False,5.988571428571432
2483,82.76666666666667,180.4285714285715,1.0,False,6.014285714285718
2484,82.8,181.2857142857144,1.0,False,6.042857142857146
2485,82.83333333333333,179.65714285714296,1.0,False,5.988571428571432
2486,82.86666666666666,180.17142857142866,1.0,False,6.005714285714289
2487,82.9,181.08571428571437,1.0,False,6.0361904761904785
2488,82.93333333333334,181.65714285714296,1.0,False,6.055238095238098
2489,82.96666666666667,180.91428571428582,1.0,False,6.030476190476193
2490,83.0,180.68571428571437,1.0,False,6.022857142857146
2491,83.03333333333333,181.48571428571438,1.0,False,6.049523809523812
2492,83.06666666666666,181.91428571428582,1.0,False,6.063809523809526
2493,83.1,180.65714285714296,1.0,False,6.021904761904765
2494,83.13333333333333,183.05714285714294,1.0,False,6.101904761904764
2495,83.16666666666667,185.42857142857153,1.0,False,6.180952380952385
2496,83.2,184.51428571428582,1.0,False,6.150476190476194
2497,83.23333333333333,182.71428571428578,1.0,False,6.090476190476194
2498,83.26666666666667,183.2000000000001,1.0,False,6.10666666666667
2499,83.3,182.17142857142866,1.0,False,6.072380952380955
2500,83.33333333333333,180.02857142857152,1.0,False,6.000952380952384
2501,83.36666666666666,180.3142857142858,1.0,False,6.010476190476194
2502,83.4,180.57142857142867,1.0,False,6.019047619047622
2503,83.43333333333334,181.2857142857144,1.0,False,6.042857142857146
2504,83.46666666666667,183.3142857142858,1.0,False,6.110476190476194
2505,83.5,182.8000000000001,1.0,False,6.093333333333337
2506,83.53333333333333,181.14285714285722,1.0,False,6.038095238095241
2507,83.56666666666666,180.54285714285726,1.0,False,6.018095238095242
2508,83.6,181.4285714285715,1.0,False,6.047619047619051
2509,83.63333333333333,181.25714285714295,1.0,False,6.041904761904765
2510,83.66666666666667,181.4000000000001,1.0,False,6.0466666666666695
2511,83.7,181.68571428571437,1.0,False,6.056190476190479
2512,83.73333333333333,181.4000000000001,1.0,False,6.0466666666666695
2513,83.76666666666667,181.25714285714295,1.0,False,6.041904761904765
2514,83.8,181.25714285714295,1.0,False,6.041904761904765
2515,83.83333333333333,181.57142857142867,1.0,False,6.052380952380956
2516,83.86666666666666,181.08571428571437,1.0,False,6.0361904761904785
2517,83.9,180.17142857142866,1.0,False,6.005714285714289
2518,83.93333333333334,179.82857142857154,1.0,False,5.994285714285718
2519,83.96666666666667,180.17142857142866,1.0,False,6.005714285714289
2520,84.0,180.91428571428582,1.0,False,6.030476190476193
2521,84.03333333333333,182.34285714285724,1.0,True,6.0780952380952415
2522,84.06666666666666,181.88571428571439,1.0,False,6.062857142857146
2523,84.1,181.2857142857144,1.0,False,6.042857142857146
2524,84.13333333333333,181.52857142857152,1.0,False,6.050952380952384
2525,84.16666666666667,182.82857142857154,1.0,False,6.094285714285717
2526,84.2,182.5857142857144,1.0,True,6.086190476190479
2527,84.23333333333333,182.0857142857144,1.0,False,6.069523809523813
2528,84.26666666666667,182.12857142857155,1.0,True,6.070952380952384
2529,84.3,181.4000000000001,1.0,False,6.0466666666666695
2530,84.33333333333333,180.94285714285724,1.0,False,6.031428571428575
2531,84.36666666666666,179.88571428571436,1.0,False,5.996190476190479
2532,84.4,180.02857142857152,1.0,False,6.000952380952384
2533,84.43333333333334,180.57142857142867,1.0,False,6.019047619047622
2534,84.46666666666667,182.0000000000001,1.0,False,6.06666666666667
2535,84.5,181.82857142857154,1.0,False,6.060952380952384
2536,84.53333333333333,181.17142857142866,1.0,False,6.039047619047622
2537,84.56666666666666,181.4285714285715,1.0,False,6.047619047619051
2538,84.6,180.8000000000001,1.0,False,6.02666666666667
2539,84.63333333333333,180.02857142857152,1.0,False,6.000952380952384
2540,84.66666666666667,181.34285714285724,1.0,False,6.0447619047619074
2541,84.7,184.05714285714294,1.0,False,6.135238095238099
2542,84.73333333333333,184.0857142857144,1.0,False,6.13619047619048
2543,84.76666666666667,182.51428571428582,1.0,False,6.083809523809526
2544,84.8,181.3142857142858,1.0,False,6.043809523809527
2545,84.83333333333333,182.2000000000001,1.0,False,6.073333333333336
2546,84.86666666666666,182.45714285714297,1.0,False,6.081904761904765
2547,84.9,183.54285714285723,1.0,False,6.118095238095242
2548,84.93333333333334,182.37142857142868,1.0,False,6.079047619047622
2549,84.96666666666667,182.54285714285723,1.0,False,6.084761904761908
2550,85.0,181.97142857142867,1.0,False,6.065714285714289
2551,85.03333333333333,182.34285714285724,1.0,False,6.0780952380952415
2552,85.06666666666666,182.17142857142866,1.0,False,6.072380952380955
2553,85.1,182.65714285714296,1.0,False,6.0885714285714325
2554,85.13333333333333,183.60000000000008,1.0,False,6.120000000000004
2555,85.16666666666667,183.05714285714296,1.0,False,6.101904761904765
2556,85.2,181.17142857142866,1.0,False,6.039047619047622
2557,85.23333333333333,181.45714285714297,1.0,False,6.048571428571432
2558,85.26666666666667,183.2000000000001,1.0,False,6.10666666666667
2559,85.3,183.60000000000008,1.0,False,6.120000000000004
2560,85.33333333333333,182.25714285714295,1.0,False,6.075238095238098
2561,85.36666666666666,182.91428571428582,1.0,False,6.09714285714286
2562,85.4,184.0000000000001,1.0,False,6.133333333333337
2563,85.43333333333334,183.48571428571438,1.0,False,6.116190476190479
2564,85.46666666666667,182.94285714285724,1.0,False,6.098095238095242
2565,85.5,182.05714285714294,1.0,False,6.068571428571431
2566,85.53333333333333,181.34285714285724,1.0,False,6.0447619047619074
2567,85.56666666666666,181.77142857142866,1.0,False,6.059047619047623
2568,85.6,182.62857142857155,1.0,False,6.087619047619051
2569,85.63333333333333,183.2000000000001,1.0,False,6.10666666666667
2570,85.66666666666667,181.88571428571439,1.0,False,6.062857142857146
2571,85.7,181.94285714285724,1.0,False,6.064761904761907
2572,85.73333333333333,183.08571428571437,1.0,False,6.102857142857146
2573,85.76666666666667,183.92857142857153,1.0,False,6.130952380952385
2574,85.8,182.85714285714295,1.0,False,6.0952380952380985
2575,85.83333333333333,180.9000000000001,1.0,True,6.030000000000003
2576,85.86666666666666,182.1142857142858,1.0,False,6.070476190476193
2577,85.9,184.18571428571437,1.0,False,6.139523809523812
2578,85.93333333333334,184.05714285714294,1.0,False,6.135238095238099
2579,85.96666666666667,184.65714285714296,1.0,False,6.155238095238099
2580,86.0,185.34285714285724,1.0,False,6.17809523809524
2581,86.03333333333333,185.2000000000001,1.0,False,6.1733333333333364
2582,86.06666666666666,181.4000000000001,1.0,False,6.0466666666666695
2583,86.1,181.2000000000001,1.0,False,6.040000000000004
2584,86.13333333333333,181.8000000000001,1.0,False,6.060000000000003
2585,86.16666666666667,182.77142857142866,1.0,False,6.092380952380956
2586,86.2,180.71428571428584,1.0,False,6.023809523809526
2587,86.23333333333333,181.2285714285715,1.0,False,6.040952380952383
2588,86.26666666666667,181.7714285714287,1.0,False,6.059047619047622
2589,86.3,183.62857142857152,1.0,False,6.120952380952385
2590,86.33333333333333,182.71428571428584,1.0,False,6.090476190476194
2591,86.36666666666666,182.68571428571437,1.0,False,6.089523809523813
2592,86.4,183.3428571428572,1.0,False,6.111428571428574
2593,86.43333333333334,185.35714285714295,1.0,False,6.1785714285714315
2594,86.46666666666667,186.17142857142866,1.0,False,6.205714285714288
2595,86.5,186.01428571428582,1.0,True,6.200476190476194
2596,86.53333333333333,183.37142857142868,1.0,False,6.112380952380955
2597,86.56666666666666,180.92857142857153,1.0,False,6.0309523809523835
2598,86.6,180.2285714285715,1.0,False,6.00761904761905
2599,86.63333333333333,181.91428571428582,1.0,False,6.063809523809526
2600,86.66666666666667,182.0000000000001,1.0,True,6.06666666666667
2601,86.7,182.51428571428582,1.0,False,6.083809523809527
2602,86.73333333333333,181.88571428571439,1.0,False,6.062857142857146
2603,86.76666666666667,181.02857142857152,1.0,False,6.034285714285717
2604,86.8,180.82857142857154,1.0,False,6.0276190476190505
2605,86.83333333333333,181.4000000000001,1.0,False,6.0466666666666695
2606,86.86666666666666,181.77142857142866,1.0,False,6.059047619047622
2607,86.9,182.82857142857154,1.0,False,6.094285714285718
2608,86.93333333333334,183.48571428571438,1.0,False,6.1161904761904795
2609,86.96666666666667,182.51428571428582,1.0,False,6.083809523809527
2610,87.0,180.4000000000001,1.0,False,6.013333333333335
2611,87.03333333333333,180.02857142857152,1.0,False,6.000952380952384
2612,87.06666666666666,179.88571428571436,1.0,False,5.996190476190479
2613,87.1,180.85714285714295,1.0,False,6.028571428571432
2614,87.13333333333333,181.82857142857154,1.0,False,6.060952380952384
2615,87.16666666666667,182.2285714285715,1.0,False,6.074285714285717
2616,87.2,182.2857142857144,1.0,False,6.076190476190479
2617,87.23333333333333,181.88571428571439,1.0,False,6.062857142857146
2618,87.26666666666667,181.4285714285715,1.0,False,6.047619047619051
2619,87.3,180.0857142857144,1.0,False,6.002857142857145
2620,87.33333333333333,179.65714285714296,1.0,True,5.988571428571432
2621,87.36666666666666,180.85714285714295,1.0,False,6.028571428571432
2622,87.4,182.05714285714294,1.0,False,6.068571428571431
2623,87.43333333333334,182.25714285714295,1.0,False,6.075238095238099
2624,87.46666666666667,181.08571428571437,1.0,False,6.036190476190479
2625,87.5,181.34285714285724,1.0,False,6.0447619047619074
2626,87.53333333333333,180.88571428571439,1.0,False,6.029523809523813
2627,87.56666666666666,181.67142857142866,1.0,False,6.055714285714289
2628,87.6,182.7142857142858,1.0,False,6.090476190476195
2629,87.63333333333333,184.0142857142858,1.0,True,6.133809523809528
2630,87.66666666666667,182.65714285714296,1.0,False,6.088571428571432
2631,87.7,180.95714285714294,1.0,False,6.031904761904765
2632,87.73333333333333,181.02857142857152,1.0,False,6.034285714285717
2633,87.76666666666667,181.7142857142858,1.0,False,6.0571428571428605
2634,87.8,181.34285714285724,1.0,False,6.0447619047619074
2635,87.83333333333333,180.68571428571437,1.0,False,6.022857142857146
2636,87.86666666666666,181.14285714285725,1.0,False,6.038095238095241
2637,87.9,181.60000000000008,1.0,False,6.053333333333336
2638,87.93333333333334,180.05714285714294,1.0,False,6.001904761904766
2639,87.96666666666667,180.62857142857155,1.0,False,6.020952380952384
2640,88.0,181.54285714285726,1.0,False,6.051428571428574
2641,88.03333333333333,182.94285714285724,1.0,False,6.098095238095241
2642,88.06666666666666,180.54285714285726,1.0,False,6.018095238095242
2643,88.1,180.05714285714294,1.0,False,6.001904761904766
2644,88.13333333333333,180.62857142857155,1.0,False,6.020952380952385
2645,88.16666666666667,182.25714285714295,1.0,True,6.075238095238099
2646,88.2,182.34285714285724,1.0,False,6.0780952380952415
2647,88.23333333333333,182.65714285714296,1.0,False,6.088571428571432
2648,88.26666666666667,181.74285714285725,1.0,False,6.058095238095241
2649,88.3,180.77142857142866,1.0,False,6.0257142857142885
2650,88.33333333333333,180.2285714285715,1.0,False,6.007619047619051
2651,88.36666666666666,180.68571428571437,1.0,False,6.022857142857146
2652,88.4,180.2285714285715,1.0,False,6.007619047619051
2653,88.43333333333334,180.60000000000008,1.0,False,6.020000000000003
2654,88.46666666666667,182.34285714285724,1.0,False,6.0780952380952415
2655,88.5,184.14285714285722,1.0,False,6.138095238095242
2656,88.53333333333333,183.00000000000009,1.0,False,6.100000000000003
2657,88.56666666666666,180.34285714285724,1.0,False,6.011428571428574
2658,88.6,180.60000000000008,1.0,False,6.020000000000003
2659,88.63333333333333,181.2000000000001,1.0,False,6.040000000000003
2660,88.66666666666667,185.6000000000001,1.0,False,6.186666666666669
2661,88.7,186.2857142857144,1.0,False,6.209523809523813
2662,88.73333333333333,185.1714285714287,1.0,False,6.172380952380956
2663,88.76666666666667,180.88571428571439,1.0,False,6.029523809523813
2664,88.8,181.60000000000008,1.0,False,6.053333333333336
2665,88.83333333333333,181.35714285714295,1.0,False,6.045238095238098
2666,88.86666666666666,181.4285714285715,1.0,False,6.047619047619051
2667,88.9,181.07142857142867,1.0,True,6.035714285714288
2668,88.93333333333334,183.45714285714297,1.0,False,6.115238095238098
2669,88.96666666666667,183.3000000000001,1.0,False,6.110000000000003
2670,89.0,182.57142857142867,1.0,False,6.085714285714289
2671,89.03333333333333,180.2857142857144,1.0,False,6.009523809523813
2672,89.06666666666666,181.37142857142868,1.0,False,6.045714285714289
2673,89.1,180.62857142857155,1.0,False,6.020952380952385
2674,89.13333333333333,181.2000000000001,1.0,False,6.040000000000004
2675,89.16666666666667,181.4000000000001,1.0,False,6.0466666666666695
2676,89.2,181.82857142857154,1.0,False,6.060952380952384
2677,89.23333333333333,181.5142857142858,1.0,False,6.050476190476194
2678,89.26666666666667,181.74285714285725,1.0,False,6.058095238095241
2679,89.3,181.91428571428582,1.0,False,6.063809523809526
2680,89.33333333333333,181.00000000000009,1.0,False,6.033333333333336
2681,89.36666666666666,180.0857142857144,1.0,False,6.002857142857145
2682,89.4,180.17142857142866,1.0,False,6.005714285714289
2683,89.43333333333334,180.65714285714296,1.0,False,6.021904761904764
2684,89.46666666666667,181.25714285714295,1.0,False,6.041904761904765
2685,89.5,182.0000000000001,1.0,False,6.06666666666667
2686,89.53333333333333,182.82857142857154,1.0,False,6.094285714285718
2687,89.56666666666666,184.2857142857144,1.0,True,6.142857142857146
2688,89.6,179.37857142857152,1.0,False,5.979285714285718
2689,89.63333333333333,172.64285714285725,1.0,False,5.754761904761908
2690,89.66666666666667,168.02857142857152,0.0285714287310838,True,5.600952380952386
2691,89.7,169.50000000000009,0.4444444477558136,True,5.650000000000004
2692,89.73333333333333,169.42857142857153,0.0,True,5.647619047619051
2693,89.76666666666667,170.64285714285722,0.8333333134651184,False,5.688095238095242
2694,89.8,173.50714285714295,0.6111111044883728,True,5.783571428571433
2695,89.83333333333333,178.3428571428572,1.0,False,5.944761904761909
2696,89.86666666666666,185.2000000000001,0.9722222089767456,True,6.173333333333336
2697,89.9,186.14285714285722,1.0,False,6.204761904761908
2698,89.93333333333334,184.12857142857152,1.0,False,6.137619047619052
2699,89.96666666666667,180.82857142857154,1.0,False,6.0276190476190505
2700,90.0,180.36190476190487,0.7222222089767456,True,6.012063492063495
2701,90.03333333333333,176.6666666666668,-1.0,True,5.888888888888892
2702,90.06666666666666,173.50000000000009,0.1388888955116272,True,5.783333333333337
2703,90.1,170.33333333333343,0.03125,True,5.677777777777781
2704,90.13333333333333,166.2952380952382,0.2222222238779068,True,5.543174603174607
2705,90.16666666666669,165.65714285714296,1.0,False,5.521904761904764
2706,90.2,171.07142857142867,1.0,False,5.702380952380955
2707,90.23333333333332,177.07142857142867,1.0,False,5.902380952380955
2708,90.26666666666668,179.37142857142868,1.0,False,5.9790476190476225
2709,90.3,180.32857142857154,0.8888888955116272,True,6.010952380952384
2710,90.33333333333331,182.74285714285725,1.0,False,6.091428571428574
2711,90.36666666666666,184.3000000000001,1.0,True,6.143333333333336
2712,90.4,184.65714285714296,1.0,False,6.155238095238099
2713,90.43333333333334,184.17142857142866,1.0,False,6.139047619047622
2714,90.46666666666668,182.74285714285725,0.8888888955116272,True,6.091428571428574
2715,90.5,182.42857142857153,1.0,False,6.080952380952384
2716,90.53333333333332,184.2142857142858,1.0,False,6.1404761904761935
2717,90.56666666666666,186.3142857142858,1.0,False,6.210476190476195
2718,90.6,186.67142857142866,1.0,True,6.222380952380956
2719,90.63333333333333,186.85714285714295,1.0,False,6.228571428571431
2720,90.66666666666669,185.15714285714296,1.0,False,6.171904761904766
2721,90.7,182.37142857142865,1.0,False,6.079047619047621
2722,90.73333333333332,181.3428571428572,1.0,False,6.044761904761908
2723,90.76666666666668,183.3142857142858,1.0,False,6.110476190476194
2724,90.8,182.3142857142858,1.0,False,6.077142857142861
2725,90.83333333333331,180.2857142857144,1.0,False,6.009523809523813
2726,90.86666666666666,181.00000000000009,1.0,False,6.033333333333336
2727,90.9,181.62857142857155,1.0,False,6.054285714285718
2728,90.93333333333334,180.02857142857152,1.0,False,6.000952380952384
2729,90.96666666666668,179.21428571428584,1.0,False,5.9738095238095275
2730,91.0,180.4000000000001,1.0,False,6.013333333333336
2731,91.03333333333332,180.6714285714287,1.0,True,6.0223809523809555
2732,91.06666666666666,180.17142857142866,1.0,False,6.005714285714289
2733,91.1,179.87142857142865,1.0,False,5.995714285714289
2734,91.13333333333333,178.48571428571438,1.0,False,5.9495238095238125
2735,91.16666666666669,178.02857142857152,1.0,False,5.934285714285718
2736,91.2,179.74285714285725,1.0,False,5.991428571428575
2737,91.23333333333332,181.4000000000001,1.0,False,6.04666666666667
2738,91.26666666666668,179.74285714285725,1.0,False,5.991428571428575
2739,91.3,179.88571428571439,1.0,False,5.996190476190479
2740,91.33333333333331,180.77142857142866,1.0,False,6.025714285714289
2741,91.36666666666666,181.02857142857152,1.0,False,6.034285714285717
2742,91.4,180.17142857142866,1.0,False,6.005714285714289
2743,91.43333333333334,181.74285714285725,1.0,False,6.058095238095241
2744,91.46666666666668,182.82857142857154,1.0,False,6.094285714285718
2745,91.5,183.25714285714295,1.0,False,6.108571428571431
2746,91.53333333333332,184.25714285714295,1.0,True,6.141904761904764
2747,91.56666666666666,183.88571428571439,1.0,False,6.129523809523812
2748,91.6,183.2857142857144,1.0,False,6.109523809523813
2749,91.63333333333333,184.0000000000001,1.0,False,6.133333333333337
2750,91.66666666666669,183.37142857142868,1.0,False,6.112380952380956
2751,91.7,180.45714285714297,1.0,False,6.015238095238098
2752,91.73333333333332,178.65714285714296,1.0,False,5.955238095238099
2753,91.76666666666668,181.5142857142858,1.0,False,6.050476190476194
2754,91.8,184.27142857142866,1.0,False,6.142380952380956
2755,91.83333333333331,185.0857142857144,1.0,False,6.169523809523813
2756,91.86666666666666,183.41428571428582,1.0,True,6.113809523809527
2757,91.9,182.6000000000001,1.0,False,6.08666666666667
2758,91.93333333333334,182.0142857142858,1.0,False,6.06714285714286
2759,91.96666666666668,183.45714285714297,1.0,False,6.115238095238098
2760,92.0,184.97142857142865,1.0,False,6.165714285714289
2761,92.03333333333332,184.57142857142867,1.0,False,6.152380952380956
2762,92.06666666666666,181.8142857142858,1.0,False,6.060476190476193
2763,92.1,180.9142857142858,1.0,False,6.030476190476194
2764,92.13333333333333,182.5857142857144,0.9166666865348816,True,6.08619047619048
2765,92.16666666666669,183.57142857142867,1.0,False,6.119047619047622
2766,92.2,182.87142857142868,1.0,True,6.095714285714289
2767,92.23333333333332,182.9000000000001,1.0,False,6.096666666666669
2768,92.26666666666668,184.2285714285715,1.0,False,6.140952380952385
2769,92.3,185.92857142857153,1.0,True,6.197619047619051
2770,92.33333333333331,185.35714285714295,1.0,False,6.178571428571432
2771,92.36666666666666,184.64285714285725,1.0,False,6.154761904761909
2772,92.4,184.4142857142858,1.0,True,6.14714285714286
2773,92.43333333333334,184.48571428571438,1.0,False,6.149523809523814
2774,92.46666666666668,184.94285714285724,1.0,False,6.164761904761908
2775,92.5,185.14285714285722,1.0,False,6.171428571428574
2776,92.53333333333332,184.75714285714295,0.9166666865348816,True,6.158571428571432
2777,92.56666666666666,183.0000000000001,1.0,False,6.100000000000003
2778,92.6,182.12857142857152,1.0,False,6.070952380952384
2779,92.63333333333333,181.65714285714296,1.0,True,6.055238095238098
2780,92.66666666666669,182.60000000000008,1.0,False,6.0866666666666704
2781,92.7,184.7000000000001,1.0,False,6.15666666666667
2782,92.73333333333332,186.82857142857154,1.0,False,6.227619047619052
2783,92.76666666666668,187.6714285714287,1.0,True,6.255714285714289
2784,92.8,187.9142857142858,1.0,False,6.263809523809527
2785,92.83333333333331,188.38571428571439,1.0,False,6.279523809523813
2786,92.86666666666666,186.97142857142867,1.0,False,6.2323809523809555
2787,92.9,185.02857142857152,1.0,False,6.167619047619051
2788,92.93333333333334,183.74285714285725,1.0,True,6.124761904761908
2789,92.96666666666668,183.7000000000001,1.0,False,6.123333333333337
2790,93.0,183.34285714285724,1.0,False,6.111428571428575
2791,93.03333333333332,183.5000000000001,1.0,True,6.116666666666671
2792,93.06666666666666,183.57142857142867,1.0,False,6.119047619047622
2793,93.1,183.64285714285722,1.0,False,6.121428571428575
2794,93.13333333333333,183.4000000000001,1.0,False,6.113333333333336
2795,93.16666666666669,183.34285714285724,1.0,False,6.111428571428576
2796,93.2,183.08571428571437,1.0,True,6.102857142857145
2797,93.23333333333332,182.14285714285722,1.0,False,6.071428571428575
2798,93.26666666666668,182.45714285714294,1.0,False,6.081904761904765
2799,93.3,184.05714285714294,1.0,False,6.135238095238099
2800,93.33333333333331,186.34285714285724,1.0,False,6.211428571428574
2801,93.36666666666666,185.2285714285715,1.0,False,6.174285714285717
2802,93.4,183.68571428571437,1.0,False,6.122857142857146
2803,93.43333333333334,184.72857142857154,1.0,False,6.157619047619051
2804,93.46666666666668,186.62857142857152,1.0,False,6.220952380952385
2805,93.5,185.75714285714298,1.0,True,6.191904761904766
2806,93.53333333333332,183.60000000000008,1.0,False,6.120000000000004
2807,93.56666666666666,183.87142857142868,1.0,False,6.129047619047622
2808,93.6,184.57142857142867,1.0,False,6.152380952380956
2809,93.63333333333333,184.34285714285724,1.0,False,6.144761904761908
2810,93.66666666666669,184.0857142857144,1.0,False,6.13619047619048
2811,93.7,183.4000000000001,1.0,False,6.113333333333336
2812,93.73333333333332,182.77142857142866,1.0,False,6.092380952380956
2813,93.76666666666668,182.57142857142867,1.0,False,6.085714285714289
2814,93.8,183.00000000000009,1.0,False,6.100000000000003
2815,93.83333333333331,183.4285714285715,1.0,False,6.114285714285718
2816,93.86666666666666,183.05714285714296,1.0,False,6.101904761904765
2817,93.9,183.2857142857144,1.0,False,6.109523809523814
2818,93.93333333333334,182.88571428571439,1.0,False,6.096190476190479
2819,93.96666666666668,182.51428571428582,1.0,False,6.083809523809527
2820,94.0,180.65714285714296,0.9444444179534912,True,6.021904761904764
2821,94.03333333333332,180.77142857142866,1.0,False,6.0257142857142885
2822,94.06666666666666,181.2285714285715,1.0,False,6.040952380952383
2823,94.1,180.74285714285725,1.0,True,6.024761904761908
2824,94.13333333333333,181.62857142857152,1.0,False,6.054285714285717
2825,94.16666666666669,183.2857142857144,1.0,False,6.109523809523813
2826,94.2,183.34285714285724,1.0,False,6.111428571428574
2827,94.23333333333332,181.60000000000008,1.0,False,6.053333333333336
2828,94.26666666666668,181.6142857142858,1.0,False,6.053809523809527
2829,94.3,182.00000000000009,1.0,False,6.06666666666667
2830,94.33333333333331,181.45714285714297,1.0,True,6.048571428571432
2831,94.36666666666666,181.17142857142866,1.0,False,6.039047619047622
2832,94.4,181.37142857142868,1.0,True,6.045714285714289
2833,94.43333333333334,182.42857142857153,1.0,False,6.080952380952384
2834,94.46666666666668,181.58571428571437,1.0,False,6.052857142857146
2835,94.5,182.14285714285722,1.0,False,6.071428571428575
2836,94.53333333333332,183.62857142857152,1.0,False,6.120952380952385
2837,94.56666666666666,184.91428571428582,1.0,False,6.163809523809527
2838,94.6,183.3428571428572,1.0,False,6.111428571428574
2839,94.63333333333333,183.68571428571437,1.0,False,6.122857142857146
2840,94.66666666666669,183.37142857142868,1.0,False,6.112380952380956
2841,94.7,182.45714285714294,1.0,False,6.081904761904766
2842,94.73333333333332,181.3142857142858,1.0,False,6.043809523809527
2843,94.76666666666668,182.17142857142866,1.0,False,6.072380952380955
2844,94.8,183.4285714285715,1.0,False,6.114285714285718
2845,94.83333333333331,184.2285714285715,1.0,False,6.140952380952384
2846,94.86666666666666,182.91428571428582,1.0,False,6.09714285714286
2847,94.9,181.94285714285724,1.0,False,6.064761904761908
2848,94.93333333333334,183.91428571428582,1.0,False,6.130476190476195
2849,94.96666666666668,184.7142857142858,1.0,False,6.15714285714286
2850,95.0,182.94285714285724,1.0,False,6.098095238095241
2851,95.03333333333332,182.68571428571437,1.0,False,6.089523809523813
2852,95.06666666666666,183.45714285714297,1.0,False,6.115238095238099
2853,95.1,182.94285714285724,1.0,False,6.098095238095242
2854,95.13333333333333,182.0000000000001,1.0,False,6.06666666666667
2855,95.16666666666669,182.65714285714296,1.0,False,6.0885714285714325
2856,95.2,183.4285714285715,1.0,False,6.114285714285718
2857,95.23333333333332,183.65714285714296,1.0,False,6.121904761904765
2858,95.26666666666668,182.82857142857154,1.0,False,6.094285714285718
2859,95.3,181.34285714285724,1.0,False,6.0447619047619074
2860,95.33333333333331,181.12857142857152,1.0,False,6.03761904761905
2861,95.36666666666666,181.65714285714296,1.0,False,6.0552380952380975
2862,95.4,181.67142857142866,1.0,True,6.055714285714289
2863,95.43333333333334,180.74285714285725,1.0,False,6.024761904761908
2864,95.46666666666668,180.38571428571439,1.0,False,6.012857142857146
2865,95.5,181.08571428571437,1.0,False,6.0361904761904785
2866,95.53333333333332,180.97142857142867,1.0,False,6.032380952380955
2867,95.56666666666666,181.8000000000001,1.0,False,6.060000000000002
2868,95.6,182.2857142857144,1.0,False,6.0761904761904795
2869,95.63333333333333,182.85714285714295,1.0,False,6.095238095238098
2870,95.66666666666669,181.74285714285725,1.0,False,6.058095238095241
2871,95.7,182.0857142857144,1.0,False,6.069523809523813
2872,95.73333333333332,183.4285714285715,1.0,False,6.114285714285718
2873,95.76666666666668,184.2285714285715,1.0,False,6.140952380952384
2874,95.8,183.17142857142866,1.0,False,6.1057142857142885
2875,95.83333333333331,181.34285714285724,1.0,False,6.0447619047619074
2876,95.86666666666666,181.08571428571437,1.0,False,6.0361904761904785
2877,95.9,179.80000000000007,1.0,False,5.993333333333337
2878,95.93333333333334,180.14285714285722,1.0,False,6.004761904761908
2879,95.96666666666668,181.2000000000001,1.0,False,6.040000000000004
2880,96.0,182.77142857142866,1.0,False,6.092380952380956
2881,96.03333333333332,181.48571428571438,1.0,False,6.049523809523812
2882,96.06666666666666,182.1142857142858,1.0,False,6.070476190476194
2883,96.1,181.2857142857144,1.0,False,6.042857142857146
2884,96.13333333333333,180.37142857142868,1.0,False,6.012380952380956
2885,96.16666666666669,179.48571428571438,1.0,False,5.982857142857147
2886,96.2,181.4285714285715,1.0,False,6.047619047619051
2887,96.23333333333332,181.97142857142867,1.0,False,6.065714285714289
2888,96.26666666666668,183.97142857142865,1.0,False,6.132380952380956
2889,96.3,183.0000000000001,1.0,False,6.100000000000003
2890,96.33333333333331,182.91428571428582,1.0,False,6.0971428571428605
2891,96.36666666666666,182.8000000000001,1.0,False,6.093333333333337
2892,96.4,183.2285714285715,1.0,False,6.1076190476190515
2893,96.43333333333334,181.2857142857144,1.0,False,6.042857142857146
2894,96.46666666666668,179.97142857142865,1.0,False,5.999047619047621
2895,96.5,182.2000000000001,1.0,False,6.073333333333337
2896,96.53333333333332,185.74285714285725,1.0,False,6.191428571428574
2897,96.56666666666666,186.54285714285723,1.0,False,6.218095238095241
2898,96.6,183.15714285714296,1.0,False,6.105238095238098
2899,96.63333333333333,180.08571428571437,1.0,False,6.002857142857145
2900,96.66666666666669,180.41428571428582,1.0,True,6.013809523809527
2901,96.7,180.65714285714296,1.0,False,6.021904761904765
2902,96.73333333333332,180.12857142857155,1.0,False,6.004285714285717
2903,96.76666666666668,180.77142857142866,1.0,False,6.0257142857142885
2904,96.8,180.1142857142858,1.0,False,6.003809523809527
2905,96.83333333333331,180.2285714285715,1.0,False,6.007619047619051
2906,96.86666666666666,180.54285714285726,1.0,False,6.018095238095242
2907,96.9,182.60000000000008,1.0,False,6.08666666666667
2908,96.93333333333334,182.65714285714296,1.0,False,6.0885714285714325
2909,96.96666666666668,183.5142857142858,1.0,False,6.117142857142861
2910,97.0,182.97142857142867,1.0,False,6.099047619047623
2911,97.03333333333332,183.37142857142868,1.0,False,6.112380952380955
2912,97.06666666666666,184.05714285714294,1.0,False,6.135238095238099
2913,97.1,185.34285714285724,1.0,False,6.178095238095242
2914,97.13333333333333,184.91428571428582,1.0,False,6.163809523809527
2915,97.16666666666669,183.91428571428582,1.0,False,6.130476190476195
2916,97.2,182.0857142857144,1.0,False,6.069523809523813
2917,97.23333333333332,179.2285714285715,1.0,False,5.974285714285718
2918,97.26666666666668,180.48571428571438,1.0,False,6.01619047619048
2919,97.3,181.82857142857154,1.0,False,6.060952380952385
2920,97.33333333333331,183.3142857142858,1.0,False,6.110476190476193
2921,97.36666666666666,181.62857142857152,1.0,False,6.054285714285717
2922,97.4,181.4285714285715,1.0,False,6.047619047619051
2923,97.43333333333334,181.77142857142866,1.0,False,6.059047619047623
2924,97.46666666666668,182.8000000000001,1.0,False,6.093333333333336
2925,97.5,182.25714285714295,1.0,False,6.075238095238099
2926,97.53333333333332,181.94285714285724,1.0,False,6.064761904761907
2927,97.56666666666666,182.8000000000001,1.0,False,6.093333333333337
2928,97.6,183.77142857142866,1.0,False,6.12571428571429
2929,97.63333333333333,183.65714285714296,1.0,False,6.121904761904766
2930,97.66666666666669,184.17142857142866,1.0,True,6.1390476190476235
2931,97.7,184.0000000000001,1.0,False,6.133333333333337
2932,97.73333333333332,182.4000000000001,1.0,False,6.080000000000004
2933,97.76666666666668,180.94285714285724,1.0,False,6.031428571428575
2934,97.8,180.4000000000001,1.0,False,6.013333333333336
2935,97.83333333333331,181.34285714285724,1.0,False,6.0447619047619074
2936,97.86666666666666,181.74285714285725,1.0,False,6.058095238095242
2937,97.9,182.0857142857144,1.0,True,6.0695238095238135
2938,97.93333333333334,181.74285714285725,1.0,True,6.058095238095241
2939,97.96666666666668,182.85714285714295,1.0,False,6.0952380952380985
2940,98.0,184.14285714285722,1.0,False,6.138095238095241
2941,98.03333333333332,184.0857142857144,1.0,False,6.13619047619048
2942,98.06666666666666,182.0857142857144,1.0,False,6.069523809523813
2943,98.1,181.25714285714295,1.0,False,6.041904761904765
2944,98.13333333333333,181.91428571428582,1.0,False,6.063809523809527
2945,98.16666666666669,182.87142857142868,1.0,False,6.095714285714289
2946,98.2,183.0000000000001,1.0,False,6.100000000000003
2947,98.23333333333332,182.32857142857154,1.0,True,6.07761904761905
2948,98.26666666666668,182.55714285714296,1.0,False,6.085238095238099
2949,98.3,183.52857142857152,1.0,False,6.117619047619051
2950,98.33333333333331,184.9285714285715,1.0,True,6.164285714285717
2951,98.36666666666666,184.2285714285715,1.0,False,6.140952380952385
2952,98.4,182.55714285714294,1.0,False,6.085238095238098
2953,98.43333333333334,180.65714285714296,1.0,False,6.021904761904764
2954,98.46666666666668,182.45714285714294,1.0,False,6.081904761904765
2955,98.5,182.1714285714287,1.0,False,6.072380952380956
2956,98.53333333333332,181.57142857142867,1.0,False,6.052380952380956
2957,98.56666666666666,181.14285714285725,1.0,False,6.0380952380952415
2958,98.6,182.3142857142858,1.0,False,6.07714285714286
2959,98.63333333333333,182.1142857142858,1.0,False,6.070476190476193
2960,98.66666666666669,182.4000000000001,1.0,False,6.080000000000004
2961,98.7,183.00000000000009,1.0,False,6.100000000000003
2962,98.73333333333332,181.82857142857154,1.0,False,6.060952380952385
2963,98.76666666666668,181.85714285714295,1.0,False,6.061904761904765
2964,98.8,181.97142857142867,1.0,False,6.0657142857142885
2965,98.83333333333331,181.4285714285715,1.0,False,6.047619047619051
2966,98.86666666666666,179.82857142857154,1.0,False,5.994285714285717
2967,98.9,180.77142857142866,1.0,False,6.0257142857142885
2968,98.93333333333334,181.88571428571439,1.0,False,6.062857142857146
2969,98.96666666666668,182.60000000000008,1.0,False,6.08666666666667
2970,99.0,183.60000000000008,1.0,False,6.120000000000004
2971,99.03333333333332,183.2000000000001,1.0,False,6.10666666666667
2972,99.06666666666666,181.7142857142858,1.0,False,6.05714285714286
2973,99.1,180.4000000000001,1.0,False,6.013333333333335
2974,99.13333333333333,180.65714285714296,1.0,False,6.021904761904764
2975,99.16666666666669,180.77142857142866,1.0,False,6.0257142857142885
2976,99.2,181.57142857142867,1.0,False,6.052380952380956
2977,99.23333333333332,181.48571428571438,1.0,False,6.049523809523812
2978,99.26666666666668,181.2000000000001,1.0,False,6.040000000000004
2979,99.3,180.71428571428584,1.0,False,6.023809523809527
2980,99.33333333333331,180.77142857142866,1.0,False,6.0257142857142885
2981,99.36666666666666,181.17142857142866,1.0,False,6.039047619047622
2982,99.4,182.2285714285715,1.0,False,6.074285714285717
2983,99.43333333333334,182.68571428571437,1.0,False,6.089523809523812
2984,99.46666666666668,182.91428571428582,1.0,False,6.0971428571428605
2985,99.5,182.14285714285722,1.0,False,6.071428571428575
2986,99.53333333333332,181.37142857142868,1.0,False,6.045714285714289
2987,99.56666666666666,180.88571428571439,1.0,False,6.029523809523813
2988,99.6,181.60000000000008,1.0,False,6.053333333333336
2989,99.63333333333333,182.0000000000001,0.9722222089767456,True,6.06666666666667
2990,99.66666666666669,182.57142857142867,1.0,False,6.085714285714289
2991,99.7,182.17142857142866,1.0,False,6.072380952380955
2992,99.73333333333332,182.77142857142866,1.0,False,6.092380952380955
2993,99.76666666666668,182.37142857142868,1.0,False,6.079047619047622
2994,99.8,181.62857142857152,1.0,False,6.054285714285718
2995,99.83333333333331,179.80000000000007,1.0,False,5.993333333333337
2996,99.86666666666666,179.6857142857144,1.0,False,5.989523809523813
2997,99.9,179.74285714285725,1.0,False,5.991428571428575
2998,99.93333333333334,182.68571428571437,1.0,False,6.089523809523812
2999,99.96666666666668,185.05714285714294,1.0,False,6.168571428571433
3000,100.0,185.00000000000009,1.0,False,6.16666666666667
3001,100.03333333333332,183.77142857142866,1.0,False,6.125714285714289
3002,100.06666666666666,183.14285714285722,1.0,False,6.104761904761908
3003,100.1,184.2857142857144,1.0,False,6.142857142857146
3004,100.13333333333333,183.2000000000001,1.0,False,6.10666666666667
3005,100.16666666666669,181.1142857142858,1.0,False,6.037142857142861
3006,100.2,179.0857142857144,1.0,False,5.969523809523813
3007,100.23333333333332,179.65714285714296,1.0,False,5.988571428571432
3008,100.26666666666668,179.82857142857154,1.0,False,5.994285714285718
3009,100.3,180.94285714285724,1.0,False,6.031428571428575
3010,100.33333333333331,181.7142857142858,1.0,False,6.0571428571428605
3011,100.36666666666666,181.94285714285724,1.0,False,6.064761904761908
3012,100.4,179.97142857142867,1.0,False,5.999047619047623
3013,100.43333333333334,180.62857142857155,1.0,False,6.020952380952384
3014,100.46666666666668,181.7142857142858,1.0,False,6.0571428571428605
3015,100.5,182.0000000000001,1.0,False,6.06666666666667
3016,100.53333333333332,180.68571428571437,1.0,False,6.022857142857146
3017,100.56666666666666,180.6142857142858,1.0,False,6.020476190476193
3018,100.6,181.00000000000009,1.0,False,6.033333333333337
3019,100.63333333333333,180.5000000000001,1.0,True,6.016666666666669
3020,100.66666666666669,180.17142857142866,1.0,False,6.005714285714289
3021,100.7,179.52857142857152,1.0,False,5.9842857142857175
3022,100.73333333333332,179.85714285714295,1.0,False,5.995238095238098
3023,100.76666666666668,179.97142857142865,1.0,False,5.999047619047622
3024,100.8,180.94285714285724,1.0,False,6.031428571428575
3025,100.83333333333331,181.4000000000001,1.0,False,6.0466666666666695
3026,100.86666666666666,182.17142857142866,1.0,False,6.072380952380955
3027,100.9,182.0000000000001,1.0,False,6.06666666666667
3028,100.93333333333334,182.25714285714295,1.0,False,6.075238095238099
3029,100.96666666666668,181.14285714285725,1.0,False,6.038095238095241
3030,101.0,179.94285714285724,1.0,False,5.998095238095241
3031,101.03333333333332,179.74285714285725,1.0,False,5.991428571428575
3032,101.06666666666666,180.74285714285725,1.0,False,6.024761904761908
3033,101.1,181.17142857142866,1.0,False,6.039047619047622
3034,101.13333333333333,182.60000000000008,1.0,False,6.08666666666667
3035,101.16666666666669,182.37142857142868,1.0,False,6.079047619047622
3036,101.2,181.54285714285723,1.0,False,6.051428571428574
3037,101.23333333333332,181.57142857142867,1.0,True,6.052380952380956
3038,101.26666666666668,184.25714285714295,1.0,False,6.141904761904765
3039,101.3,183.7142857142858,1.0,False,6.123809523809528
3040,101.33333333333331,182.62857142857152,1.0,False,6.08761904761905
3041,101.36666666666666,181.97142857142865,1.0,False,6.065714285714289
3042,101.4,183.94285714285724,1.0,False,6.131428571428574
3043,101.43333333333334,183.62857142857152,1.0,False,6.120952380952385
3044,101.46666666666668,183.2000000000001,1.0,False,6.106666666666669
3045,101.5,182.74285714285725,1.0,False,6.091428571428574
3046,101.53333333333332,182.05714285714294,1.0,False,6.068571428571432
3047,101.56666666666666,181.45714285714297,1.0,False,6.048571428571432
3048,101.6,182.57142857142867,1.0,False,6.085714285714289
3049,101.63333333333333,182.8000000000001,1.0,False,6.093333333333336
3050,101.66666666666669,181.7142857142858,1.0,False,6.05714285714286
3051,101.7,180.71428571428584,1.0,False,6.023809523809526
3052,101.73333333333332,182.02857142857152,1.0,False,6.067619047619051
3053,101.76666666666668,182.05714285714294,1.0,False,6.068571428571432
3054,101.8,182.85714285714295,1.0,False,6.095238095238098
3055,101.83333333333331,182.10000000000008,1.0,False,6.070000000000003
3056,101.86666666666666,181.68571428571437,1.0,False,6.056190476190479
3057,101.9,181.5000000000001,1.0,True,6.0500000000000025
3058,101.93333333333334,181.14285714285722,1.0,False,6.0380952380952415
3059,101.96666666666668,181.41428571428582,1.0,False,6.047142857142861
3060,102.0,181.62857142857152,1.0,False,6.054285714285717
3061,102.03333333333332,183.02857142857152,1.0,False,6.100952380952385
3062,102.06666666666666,183.57142857142867,1.0,False,6.119047619047622
3063,102.1,183.74285714285725,1.0,False,6.1247619047619075
3064,102.13333333333333,182.25714285714295,1.0,False,6.075238095238099
3065,102.16666666666669,180.91428571428582,1.0,False,6.030476190476193
3066,102.2,181.5142857142858,1.0,False,6.050476190476194
3067,102.23333333333332,182.05714285714294,1.0,False,6.068571428571431
3068,102.26666666666668,182.94285714285724,1.0,False,6.098095238095242
3069,102.3,183.65714285714296,1.0,False,6.121904761904765
3070,102.33333333333331,183.14285714285725,1.0,False,6.104761904761908
3071,102.36666666666666,182.54285714285723,1.0,False,6.084761904761908
3072,102.4,183.14285714285725,1.0,False,6.104761904761908
3073,102.43333333333334,183.82857142857154,1.0,False,6.12761904761905
3074,102.46666666666668,181.91428571428582,1.0,False,6.063809523809527
3075,102.5,182.2000000000001,1.0,False,6.073333333333337
3076,102.53333333333332,183.62857142857152,1.0,False,6.120952380952385
3077,102.56666666666666,184.60000000000008,1.0,False,6.153333333333336
3078,102.6,184.0857142857144,1.0,True,6.13619047619048
3079,102.63333333333333,183.48571428571438,1.0,False,6.116190476190479
3080,102.66666666666669,182.42857142857153,1.0,False,6.080952380952383
3081,102.7,182.25714285714295,1.0,False,6.075238095238099
3082,102.73333333333332,182.05714285714294,1.0,False,6.068571428571432
3083,102.76666666666668,182.2857142857144,1.0,False,6.076190476190479
3084,102.8,181.54285714285726,1.0,False,6.051428571428574
3085,102.83333333333331,182.54285714285723,1.0,False,6.084761904761908
3086,102.86666666666666,182.8000000000001,1.0,False,6.093333333333337
3087,102.9,183.5142857142858,1.0,False,6.117142857142861
3088,102.93333333333334,183.08571428571437,1.0,False,6.102857142857145
3089,102.96666666666668,182.2285714285715,1.0,False,6.074285714285717
3090,103.0,182.1142857142858,1.0,False,6.070476190476194
3091,103.03333333333332,183.82857142857154,1.0,False,6.127619047619051
3092,103.06666666666666,185.2285714285715,1.0,False,6.174285714285718
3093,103.1,183.00000000000009,1.0,False,6.100000000000003
3094,103.13333333333333,181.2000000000001,1.0,False,6.040000000000004
3095,103.16666666666669,180.2857142857144,1.0,False,6.009523809523813
3096,103.2,182.4000000000001,1.0,False,6.080000000000004
3097,103.23333333333332,181.91428571428582,1.0,False,6.063809523809528
3098,103.26666666666668,182.82857142857154,1.0,False,6.094285714285718
3099,103.3,182.37142857142868,1.0,False,6.079047619047622
3100,103.33333333333331,183.25714285714295,1.0,False,6.108571428571431
3101,103.36666666666666,182.42857142857153,1.0,False,6.080952380952383
3102,103.4,182.65714285714296,1.0,False,6.0885714285714325
3103,103.43333333333334,183.17142857142866,1.0,False,6.1057142857142885
3104,103.46666666666668,182.74285714285725,1.0,False,6.091428571428575
3105,103.5,182.0857142857144,1.0,False,6.069523809523813
3106,103.53333333333332,182.42857142857153,1.0,False,6.080952380952383
3107,103.56666666666666,183.48571428571438,1.0,False,6.116190476190479
3108,103.6,184.42857142857153,1.0,True,6.1476190476190515
3109,103.63333333333333,183.2285714285715,1.0,False,6.1076190476190515
3110,103.66666666666669,181.85714285714295,1.0,False,6.061904761904765
3111,103.7,180.57142857142867,1.0,False,6.019047619047622
3112,103.73333333333332,179.65714285714296,1.0,False,5.988571428571432
3113,103.76666666666668,180.37142857142868,1.0,False,6.012380952380956
3114,103.8,181.41428571428582,1.0,False,6.047142857142861
3115,103.83333333333331,181.77142857142866,1.0,False,6.059047619047623
3116,103.86666666666666,180.24285714285725,1.0,True,6.008095238095241
3117,103.9,180.08571428571437,1.0,False,6.002857142857146
3118,103.93333333333334,181.64285714285722,1.0,False,6.054761904761908
3119,103.96666666666668,182.62857142857155,1.0,False,6.087619047619051
3120,104.0,183.62857142857152,1.0,False,6.120952380952385
3121,104.03333333333332,182.37142857142868,1.0,False,6.079047619047622
3122,104.06666666666666,180.68571428571437,1.0,False,6.022857142857147
3123,104.1,179.77142857142866,1.0,False,5.992380952380955
3124,104.13333333333333,180.8000000000001,1.0,False,6.02666666666667
3125,104.16666666666669,181.60000000000008,1.0,False,6.053333333333336
3126,104.2,182.25714285714295,1.0,False,6.075238095238099
3127,104.23333333333332,183.2285714285715,1.0,False,6.1076190476190515
3128,104.26666666666668,183.94285714285724,1.0,False,6.131428571428575
3129,104.3,182.97142857142867,1.0,False,6.099047619047623
3130,104.33333333333331,181.5142857142858,1.0,False,6.050476190476194
3131,104.36666666666666,180.25714285714295,1.0,False,6.008571428571432
3132,104.4,180.4000000000001,1.0,False,6.013333333333335
3133,104.43333333333334,182.02857142857152,1.0,False,6.067619047619051
3134,104.46666666666668,182.45714285714297,1.0,False,6.081904761904765
3135,104.5,183.54285714285723,1.0,False,6.118095238095242
3136,104.53333333333332,184.4000000000001,1.0,False,6.14666666666667
3137,104.56666666666666,184.14285714285722,1.0,False,6.138095238095241
3138,104.6,182.2857142857144,1.0,False,6.0761904761904795
3139,104.63333333333333,181.2285714285715,1.0,False,6.040952380952384
3140,104.66666666666669,182.60000000000008,1.0,False,6.08666666666667
3141,104.7,183.57142857142867,1.0,False,6.119047619047622
3142,104.73333333333332,183.91428571428582,1.0,False,6.130476190476195
3143,104.76666666666668,183.34285714285724,1.0,False,6.111428571428576
3144,104.8,182.82857142857154,1.0,False,6.094285714285718
3145,104.83333333333331,181.3142857142858,1.0,False,6.043809523809527
3146,104.86666666666666,181.62857142857152,1.0,False,6.054285714285718
3147,104.9,184.14285714285722,1.0,False,6.138095238095241
3148,104.93333333333334,184.97142857142865,1.0,False,6.165714285714289
3149,104.96666666666668,183.71428571428584,1.0,False,6.123809523809527
3150,105.0,182.88571428571439,1.0,False,6.09619047619048
3151,105.03333333333332,183.5142857142858,1.0,False,6.117142857142861
3152,105.06666666666666,182.65714285714296,1.0,False,6.0885714285714325
3153,105.1,182.34285714285724,1.0,False,6.0780952380952415
3154,105.13333333333333,181.4000000000001,1.0,False,6.0466666666666695
3155,105.16666666666669,182.2857142857144,1.0,False,6.076190476190479
3156,105.2,182.37142857142868,1.0,False,6.079047619047622
3157,105.23333333333332,181.68571428571437,1.0,False,6.05619047619048
3158,105.26666666666668,181.94285714285724,1.0,False,6.064761904761907
3159,105.3,183.45714285714297,1.0,False,6.115238095238099
3160,105.33333333333331,183.85714285714295,1.0,False,6.128571428571432
3161,105.36666666666666,182.91428571428582,1.0,True,6.09714285714286
3162,105.4,182.82857142857154,1.0,False,6.094285714285718
3163,105.43333333333334,181.74285714285725,1.0,False,6.058095238095241
3164,105.46666666666668,181.94285714285724,1.0,False,6.064761904761907
3165,105.5,183.2285714285715,1.0,False,6.1076190476190515
3166,105.53333333333332,184.04285714285726,1.0,False,6.134761904761909
3167,105.56666666666666,183.17142857142866,1.0,False,6.1057142857142885
3168,105.6,182.32857142857154,1.0,True,6.07761904761905
3169,105.63333333333333,182.6000000000001,1.0,False,6.08666666666667
3170,105.66666666666669,181.41428571428582,1.0,False,6.04714285714286
3171,105.7,182.74285714285725,1.0,False,6.091428571428574
3172,105.73333333333332,183.17142857142866,1.0,False,6.1057142857142885
3173,105.76666666666668,183.37142857142868,1.0,False,6.112380952380955
3174,105.8,182.34285714285724,1.0,False,6.078095238095241
3175,105.83333333333331,183.05714285714296,1.0,False,6.101904761904765
3176,105.86666666666666,182.0857142857144,1.0,False,6.069523809523813
3177,105.9,182.2857142857144,1.0,False,6.0761904761904795
3178,105.93333333333334,183.37142857142868,1.0,False,6.112380952380956
3179,105.96666666666668,183.94285714285724,1.0,False,6.131428571428574
3180,106.0,182.48571428571438,1.0,False,6.082857142857146
3181,106.03333333333332,182.42857142857153,1.0,False,6.080952380952383
3182,106.06666666666666,183.00000000000009,1.0,False,6.100000000000003
3183,106.1,183.4000000000001,1.0,False,6.113333333333336
3184,106.13333333333333,184.1142857142858,1.0,False,6.137142857142861
3185,106.16666666666669,183.58571428571437,1.0,False,6.119523809523813
3186,106.2,183.02857142857152,1.0,False,6.100952380952384
3187,106.23333333333332,182.15714285714296,1.0,True,6.071904761904765
3188,106.26666666666668,183.17142857142866,1.0,False,6.1057142857142885
3189,106.3,183.52857142857152,1.0,False,6.117619047619051
3190,106.33333333333331,185.2857142857144,1.0,False,6.17619047619048
3191,106.36666666666666,184.85714285714295,1.0,False,6.161904761904765
3192,106.4,183.71428571428584,1.0,False,6.123809523809527
3193,106.43333333333334,182.65714285714296,1.0,False,6.088571428571432
3194,106.46666666666668,183.4000000000001,1.0,False,6.113333333333336
3195,106.5,184.02857142857152,1.0,False,6.134285714285717
3196,106.53333333333332,183.8000000000001,1.0,False,6.12666666666667
3197,106.56666666666666,183.94285714285724,1.0,False,6.131428571428574
3198,106.6,183.4000000000001,1.0,False,6.113333333333337
3199,106.63333333333333,184.42857142857153,1.0,False,6.147619047619051
3200,106.66666666666669,186.51428571428582,1.0,True,6.217142857142861
3201,106.7,186.02857142857152,1.0,False,6.200952380952383
3202,106.73333333333332,183.88571428571439,1.0,False,6.129523809523812
3203,106.76666666666668,182.2285714285715,1.0,False,6.0742857142857165
3204,106.8,184.7714285714287,1.0,False,6.159047619047622
3205,106.83333333333331,185.8000000000001,1.0,False,6.193333333333337
3206,106.86666666666666,185.85714285714295,1.0,False,6.195238095238099
3207,106.9,184.57142857142867,1.0,False,6.152380952380955
3208,106.93333333333334,184.25714285714295,1.0,False,6.141904761904765
3209,106.96666666666668,184.0000000000001,1.0,False,6.133333333333337
3210,107.0,183.65714285714296,1.0,False,6.121904761904766
3211,107.03333333333332,183.5142857142858,1.0,False,6.117142857142861
3212,107.06666666666666,183.57142857142867,1.0,False,6.119047619047623
3213,107.1,184.34285714285724,1.0,False,6.144761904761908
3214,107.13333333333333,184.82857142857154,1.0,False,6.160952380952384
3215,107.16666666666669,184.65714285714296,1.0,False,6.155238095238099
3216,107.2,185.1142857142858,1.0,False,6.170476190476194
3217,107.23333333333332,184.45714285714294,1.0,False,6.148571428571431
3218,107.26666666666668,182.94285714285724,1.0,False,6.098095238095242
3219,107.3,180.74285714285725,1.0,False,6.024761904761908
3220,107.33333333333331,181.25714285714295,1.0,False,6.041904761904765
3221,107.36666666666666,183.00000000000009,1.0,False,6.100000000000003
3222,107.4,185.08571428571437,1.0,False,6.169523809523813
3223,107.43333333333334,183.2857142857144,1.0,False,6.109523809523814
3224,107.46666666666668,183.25714285714295,1.0,False,6.108571428571432
3225,107.5,184.51428571428582,1.0,False,6.150476190476194
3226,107.53333333333332,185.34285714285724,1.0,False,6.178095238095241
3227,107.56666666666666,182.77142857142866,1.0,False,6.092380952380956
3228,107.6,180.97142857142867,1.0,False,6.032380952380955
3229,107.63333333333333,181.1142857142858,1.0,False,6.037142857142861
3230,107.66666666666669,182.74285714285725,1.0,False,6.091428571428575
3231,107.7,184.2285714285715,1.0,False,6.140952380952384
3232,107.73333333333332,183.60000000000008,1.0,False,6.120000000000003
3233,107.76666666666668,183.17142857142866,1.0,False,6.105714285714289
3234,107.8,183.65714285714296,1.0,False,6.121904761904765
3235,107.83333333333331,182.48571428571438,1.0,False,6.082857142857146
3236,107.86666666666666,182.54285714285723,1.0,False,6.0847619047619075
3237,107.9,183.62857142857152,1.0,False,6.120952380952385
3238,107.93333333333334,184.42857142857153,1.0,False,6.147619047619051
3239,107.96666666666668,182.91428571428582,1.0,True,6.09714285714286
3240,108.0,182.0857142857144,1.0,False,6.069523809523813
3241,108.03333333333332,182.0857142857144,1.0,False,6.069523809523813
3242,108.06666666666666,183.25714285714295,1.0,False,6.108571428571431
3243,108.1,182.97142857142867,1.0,False,6.099047619047623
3244,108.13333333333333,182.02857142857152,1.0,False,6.067619047619051
3245,108.16666666666669,181.74285714285725,1.0,True,6.058095238095241
3246,108.2,182.65714285714296,1.0,False,6.0885714285714325
3247,108.23333333333332,183.85714285714295,1.0,False,6.128571428571432
3248,108.26666666666668,183.54285714285726,1.0,False,6.118095238095242
3249,108.3,183.45714285714297,1.0,False,6.115238095238098
3250,108.33333333333331,183.3142857142858,1.0,False,6.110476190476193
3251,108.36666666666666,183.74285714285725,1.0,False,6.124761904761908
3252,108.4,183.94285714285724,1.0,False,6.131428571428574
3253,108.43333333333334,183.97142857142867,1.0,False,6.132380952380956
3254,108.46666666666668,183.4285714285715,1.0,False,6.114285714285718
3255,108.5,182.0857142857144,1.0,False,6.069523809523813
3256,108.53333333333332,181.74285714285725,1.0,False,6.058095238095241
3257,108.56666666666666,182.77142857142866,1.0,False,6.092380952380955
3258,108.6,182.54285714285726,1.0,False,6.084761904761908
3259,108.63333333333333,182.62857142857152,1.0,False,6.087619047619051
3260,108.66666666666669,181.54285714285726,1.0,False,6.051428571428574
3261,108.7,182.2000000000001,1.0,False,6.073333333333336
3262,108.73333333333332,182.3142857142858,1.0,False,6.07714285714286
3263,108.76666666666668,183.00000000000009,1.0,False,6.100000000000003
3264,108.8,183.5142857142858,1.0,False,6.11714285714286
3265,108.83333333333331,184.48571428571438,1.0,False,6.149523809523813
3266,108.86666666666666,185.34285714285724,1.0,True,6.178095238095242
3267,108.9,184.48571428571438,1.0,False,6.149523809523813
3268,108.93333333333334,183.3428571428572,1.0,False,6.111428571428574
3269,108.96666666666668,183.3428571428572,1.0,False,6.111428571428574
3270,109.0,184.57142857142867,1.0,False,6.152380952380955
3271,109.03333333333332,185.00000000000009,1.0,False,6.16666666666667
3272,109.06666666666666,184.0000000000001,1.0,False,6.133333333333336
3273,109.1,183.00000000000009,1.0,False,6.100000000000003
3274,109.13333333333333,183.68571428571437,1.0,False,6.122857142857146
3275,109.16666666666669,183.7142857142858,1.0,False,6.123809523809528
3276,109.2,182.94285714285724,1.0,False,6.098095238095242
3277,109.23333333333332,181.65714285714296,1.0,False,6.055238095238098
3278,109.26666666666668,182.17142857142866,1.0,False,6.072380952380955
3279,109.3,183.17142857142866,1.0,False,6.1057142857142885
3280,109.33333333333331,182.88571428571439,1.0,False,6.09619047619048
3281,109.36666666666666,184.3142857142858,1.0,False,6.143809523809527
3282,109.4,184.3000000000001,1.0,False,6.143333333333336
3283,109.43333333333334,183.62857142857155,1.0,False,6.120952380952384
3284,109.46666666666668,181.07142857142867,1.0,True,6.035714285714288
3285,109.5,180.8285714285715,1.0,False,6.02761904761905
3286,109.53333333333332,181.47142857142865,1.0,False,6.049047619047622
3287,109.56666666666666,184.25714285714295,1.0,False,6.141904761904765
3288,109.6,185.88571428571439,1.0,False,6.1961904761904805
3289,109.63333333333333,184.34285714285724,1.0,False,6.144761904761908
3290,109.66666666666669,182.94285714285724,1.0,False,6.098095238095242
3291,109.7,182.54285714285726,1.0,False,6.084761904761908
3292,109.73333333333332,183.62857142857152,1.0,False,6.120952380952384
3293,109.76666666666668,183.62857142857152,1.0,False,6.120952380952385
3294,109.8,183.5142857142858,1.0,False,6.117142857142861
3295,109.83333333333331,182.0000000000001,1.0,False,6.06666666666667
3296,109.86666666666666,182.25714285714295,1.0,False,6.075238095238099
3297,109.9,182.4000000000001,1.0,False,6.080000000000004
3298,109.93333333333334,182.68571428571437,1.0,False,6.089523809523812
3299,109.96666666666668,182.05714285714294,1.0,False,6.068571428571432
3300,110.0,183.54285714285723,1.0,False,6.118095238095242
3301,110.03333333333332,184.45714285714294,1.0,False,6.148571428571431
3302,110.06666666666666,184.60000000000008,1.0,False,6.153333333333337
3303,110.1,183.25714285714295,1.0,False,6.108571428571432
3304,110.13333333333333,182.3142857142858,1.0,False,6.07714285714286
3305,110.16666666666669,181.85714285714295,1.0,False,6.061904761904765
3306,110.2,181.14285714285725,1.0,False,6.0380952380952415
3307,110.23333333333332,181.77142857142866,1.0,False,6.059047619047622
3308,110.26666666666668,182.7000000000001,1.0,False,6.090000000000003
3309,110.3,183.82857142857154,1.0,False,6.127619047619051
3310,110.33333333333331,183.67142857142866,1.0,True,6.122380952380956
3311,110.36666666666666,182.65714285714296,1.0,False,6.088571428571432
3312,110.4,182.7285714285715,1.0,False,6.090952380952384
3313,110.43333333333334,183.48571428571438,1.0,False,6.116190476190479
3314,110.46666666666668,184.0857142857144,1.0,False,6.13619047619048
3315,110.5,182.57142857142867,1.0,False,6.085714285714289
3316,110.53333333333332,182.1142857142858,1.0,False,6.070476190476192
3317,110.56666666666666,181.62857142857152,1.0,False,6.054285714285717
3318,110.6,182.2000000000001,1.0,False,6.073333333333336
3319,110.63333333333333,182.1999999999999,1.0,False,6.0733333333333315
3320,110.66666666666669,183.19999999999987,1.0,False,6.106666666666664
