frame_id,timestamp,diameter,confidence,is_bad_data,diameter_mm
0,0.0,,1.0,False,6.116666666666667
1,0.0333333333333333,,1.0,False,6.183333333333334
2,0.0666666666666666,,1.0,False,6.066666666666666
3,0.1,,1.0,False,6.15
4,0.1333333333333333,,1.0,False,6.116666666666667
5,0.1666666666666666,,1.0,False,6.183333333333334
6,0.2,,1.0,False,6.1
7,0.2333333333333333,,1.0,False,6.1
8,0.2666666666666666,,1.0,False,6.116666666666667
9,0.3,,1.0,False,6.1
10,0.3333333333333333,,1.0,False,7.266666666666667
11,0.3666666666666666,,1.0,False,5.983333333333333
12,0.4,,1.0,False,6.066666666666666
13,0.4333333333333333,,1.0,False,6.15
14,0.4666666666666667,,1.0,False,6.133333333333333
15,0.5,,1.0,False,6.15
16,0.5333333333333333,,1.0,False,6.116666666666667
17,0.5666666666666667,,1.0,False,8.116666666666667
18,0.6,,1.0,False,6.083333333333334
19,0.6333333333333333,,1.0,False,5.916666666666666
20,0.6666666666666666,,1.0,False,5.85
21,0.7,,1.0,False,5.916666666666666
22,0.7333333333333333,,1.0,False,5.85
23,0.7666666666666666,,1.0,False,5.983333333333333
24,0.8,,1.0,False,5.866666666666667
25,0.8333333333333334,,1.0,False,5.883333333333333
26,0.8666666666666667,,1.0,False,5.916666666666666
27,0.9,,1.0,False,5.883333333333333
28,0.9333333333333332,,1.0,False,5.933333333333334
29,0.9666666666666668,,1.0,False,5.883333333333333
30,1.0,,1.0,False,5.866666666666667
31,1.0333333333333332,,1.0,False,5.883333333333333
32,1.0666666666666669,,1.0,False,5.949999999999999
33,1.1,,1.0,False,6.083333333333334
34,1.1333333333333333,,0.875,False,5.483333333333333
35,1.1666666666666667,,1.0,False,6.133333333333334
36,1.2,,1.0,False,6.133333333333334
37,1.2333333333333334,,1.0,False,6.2333333333333325
38,1.2666666666666666,,1.0,False,6.9833333333333325
39,1.3,,1.0,False,6.033333333333333
40,1.3333333333333333,,1.0,False,5.983333333333333
41,1.3666666666666667,,1.0,False,6.183333333333334
42,1.4,,1.0,False,6.133333333333333
43,1.4333333333333331,,1.0,False,6.983333333333333
44,1.4666666666666666,,0.9722222089767456,False,8.266666666666667
45,1.5,,1.0,False,6.1
46,1.5333333333333332,,1.0,False,6.083333333333333
47,1.5666666666666669,,1.0,False,6.033333333333333
48,1.6,,1.0,False,6.0
49,1.6333333333333333,,1.0,False,6.166666666666667
50,1.6666666666666667,,1.0,False,6.083333333333333
51,1.7,,1.0,False,6.066666666666666
52,1.7333333333333334,,1.0,False,6.083333333333334
53,1.7666666666666666,,1.0,False,6.15
54,1.8,,1.0,False,6.916666666666666
55,1.8333333333333333,,1.0,False,6.05
56,1.8666666666666667,,1.0,False,8.183333333333334
57,1.9,,1.0,False,6.066666666666666
58,1.9333333333333331,,1.0,False,6.066666666666666
59,1.9666666666666663,,1.0,False,6.083333333333333
60,2.0,,1.0,False,6.1
61,2.033333333333333,,1.0,False,5.983333333333333
62,2.0666666666666664,,0.9861111044883728,False,5.7
63,2.1,,1.0,False,6.033333333333333
64,2.1333333333333333,,1.0,False,5.983333333333333
65,2.1666666666666665,,1.0,False,6.133333333333333
66,2.2,,1.0,False,5.95
67,2.2333333333333334,,1.0,False,5.983333333333333
68,2.2666666666666666,,1.0,False,6.116666666666667
69,2.3,,1.0,False,6.083333333333333
70,2.3333333333333335,,1.0,False,6.0
71,2.3666666666666667,,1.0,False,6.066666666666666
72,2.4,,1.0,False,6.0
73,2.433333333333333,,1.0,False,6.083333333333333
74,2.466666666666667,,1.0,False,6.066666666666666
75,2.5,,1.0,False,5.966666666666667
76,2.533333333333333,,1.0,False,6.083333333333333
77,2.5666666666666664,,1.0,False,6.0
78,2.6,,1.0,False,6.0
79,2.6333333333333333,,1.0,False,6.066666666666666
80,2.6666666666666665,,1.0,False,6.0
81,2.7,,1.0,False,6.016666666666667
82,2.7333333333333334,,1.0,False,6.016666666666667
83,2.7666666666666666,,1.0,False,6.066666666666666
84,2.8,,1.0,False,8.033333333333333
85,2.8333333333333335,,1.0,False,5.983333333333333
86,2.8666666666666667,,1.0,False,6.016666666666667
87,2.9,,1.0,False,5.966666666666667
88,2.933333333333333,,1.0,False,6.05
89,2.966666666666667,,1.0,False,6.066666666666666
90,3.0,,1.0,False,5.916666666666666
91,3.033333333333333,,1.0,False,5.966666666666667
92,3.0666666666666664,,1.0,False,6.016666666666667
93,3.1,,0.875,False,5.316666666666666
94,3.1333333333333333,,1.0,False,5.833333333333333
95,3.1666666666666665,,1.0,False,5.733333333333333
96,3.2,,1.0,False,5.766666666666667
97,3.2333333333333334,,1.0,False,5.5
98,3.2666666666666666,,0.9583333432674408,False,5.75
99,3.3,,1.0,False,5.233333333333333
100,3.3333333333333335,,0.9305555522441864,False,4.716666666666667
101,3.3666666666666667,,1.0,False,5.166666666666666
102,3.4,,1.0,False,5.016666666666667
103,3.433333333333333,,0.9861111044883728,False,4.716666666666667
104,3.466666666666667,,1.0,False,4.816666666666666
105,3.5,,1.0,False,5.066666666666666
106,3.533333333333333,,1.0,False,4.8
107,3.5666666666666664,,1.0,False,4.783333333333333
108,3.6,,1.0,False,4.633333333333334
109,3.6333333333333337,,1.0,False,4.6
110,3.6666666666666665,,1.0,False,4.533333333333333
111,3.7,,0.9861111044883728,False,4.2
112,3.7333333333333334,,1.0,False,4.283333333333333
113,3.7666666666666666,,1.0,False,4.3
114,3.8,,1.0,False,4.366666666666666
115,3.8333333333333335,,0.9861111044883728,False,4.066666666666666
116,3.8666666666666663,,1.0,False,4.266666666666667
117,3.9,,0.9571428596973419,False,4.05
118,3.933333333333333,,,True,
119,3.966666666666667,,0.9444444179534912,False,4.2
120,4.0,,0.9583333432674408,False,3.9333333333333336
121,4.033333333333333,,0.9722222089767456,False,4.233333333333333
122,4.066666666666666,,0.9722222089767456,False,7.266666666666667
123,4.1,,0.7777777910232544,False,4.666666666666667
124,4.133333333333333,,0.9705882370471954,False,4.116666666666667
125,4.166666666666667,,0.9444444477558136,False,7.25
126,4.2,,0.9583333134651184,False,7.033333333333333
127,4.233333333333333,,0.8333333134651184,False,4.433333333333334
128,4.266666666666667,,0.9444444179534912,False,4.133333333333334
129,4.3,,0.875,False,7.933333333333334
130,4.333333333333333,,0.8888888955116272,False,4.366666666666666
131,4.366666666666666,,1.0,False,10.4
132,4.4,,0.9583333134651184,False,4.183333333333334
133,4.433333333333334,,0.9861111044883728,False,4.316666666666666
134,4.466666666666667,,0.9444444477558136,False,4.216666666666667
135,4.5,,0.9444444477558136,False,4.216666666666667
136,4.533333333333333,,0.9027777910232544,False,4.333333333333334
137,4.566666666666666,,1.0,False,4.483333333333333
138,4.6,,1.0,False,4.35
139,4.633333333333333,,1.0,False,4.5
140,4.666666666666667,,0.9583333432674408,False,4.433333333333334
141,4.7,,1.0,False,4.533333333333333
142,4.733333333333333,,1.0,False,4.616666666666667
143,4.766666666666667,,1.0,False,4.616666666666667
144,4.8,,1.0,False,4.6
145,4.833333333333333,,1.0,False,4.616666666666667
146,4.866666666666666,,1.0,False,4.633333333333333
147,4.9,,1.0,False,4.65
148,4.933333333333334,,1.0,False,4.783333333333333
149,4.966666666666667,,1.0,False,4.783333333333333
150,5.0,,1.0,False,4.883333333333333
151,5.033333333333333,,1.0,False,4.833333333333334
152,5.066666666666666,,1.0,False,5.233333333333333
153,5.1,,1.0,False,4.933333333333334
154,5.133333333333333,,1.0,False,4.8
155,5.166666666666667,,1.0,False,4.966666666666667
156,5.2,,1.0,False,4.933333333333334
157,5.233333333333333,,1.0,False,4.933333333333334
158,5.266666666666667,,1.0,False,4.95
159,5.3,,1.0,False,5.033333333333333
160,5.333333333333333,,1.0,False,5.016666666666667
161,5.366666666666666,,1.0,False,5.0
162,5.4,,0.9166666567325592,False,7.166666666666667
163,5.433333333333334,,1.0,False,5.066666666666666
164,5.466666666666667,,1.0,False,5.083333333333333
165,5.5,,0.9305555522441864,False,6.1
166,5.533333333333333,,0.9027777910232544,False,7.216666666666667
167,5.566666666666666,,1.0,False,5.266666666666667
168,5.6,,1.0,False,4.983333333333333
169,5.633333333333333,,1.0,False,5.133333333333333
170,5.666666666666667,,0.9583333432674408,False,5.0
171,5.7,,1.0,False,5.216666666666667
172,5.733333333333333,,0.9027777910232544,False,5.9
173,5.766666666666667,,0.9027777910232544,False,7.583333333333334
174,5.8,,1.0,False,5.366666666666667
175,5.833333333333333,,1.0,False,5.2
176,5.866666666666666,,1.0,False,5.416666666666666
177,5.9,,0.9305555522441864,False,8.35
178,5.933333333333334,,1.0,False,5.233333333333333
179,5.966666666666667,,0.9166666567325592,False,6.583333333333334
180,6.0,,0.9583333432674408,False,6.833333333333334
181,6.033333333333333,,1.0,False,5.316666666666666
182,6.066666666666666,,1.0,False,5.4
183,6.1,,1.0,False,5.333333333333333
184,6.133333333333333,,1.0,False,5.283333333333333
185,6.166666666666667,,1.0,False,5.333333333333334
186,6.2,,1.0,False,5.316666666666666
187,6.233333333333333,,0.9722222089767456,False,5.15
188,6.266666666666667,,1.0,False,5.383333333333333
189,6.3,,1.0,False,5.3
190,6.333333333333333,,0.9166666567325592,False,7.116666666666667
191,6.366666666666666,,1.0,False,5.466666666666667
192,6.4,,1.0,False,5.433333333333334
193,6.433333333333334,,0.9583333432674408,False,7.216666666666667
194,6.466666666666667,,0.9583333432674408,False,8.2
195,6.5,,0.9027777910232544,False,5.433333333333334
196,6.533333333333333,,0.8888888955116272,False,6.233333333333333
197,6.566666666666666,,1.0,False,5.6
198,6.6,,1.0,False,7.916666666666667
199,6.633333333333333,,1.0,False,5.449999999999999
200,6.666666666666667,,1.0,False,5.5
201,6.7,,1.0,False,5.583333333333334
202,6.733333333333333,,1.0,False,5.516666666666667
203,6.766666666666667,,1.0,False,5.5
204,6.8,,1.0,False,5.533333333333333
205,6.833333333333333,,0.9166666567325592,False,6.316666666666666
206,6.866666666666666,,1.0,False,5.566666666666666
207,6.8999999999999995,,1.0,False,5.6
208,6.933333333333334,,0.9722222089767456,False,6.716666666666667
209,6.966666666666667,,0.9583333432674408,False,6.883333333333333
210,7.0,,1.0,False,5.533333333333333
211,7.033333333333333,,0.9444444477558136,False,7.816666666666666
212,7.066666666666666,,0.9861111044883728,False,5.816666666666666
213,7.1,,1.0,False,5.866666666666667
214,7.133333333333333,,1.0,False,5.516666666666667
215,7.166666666666667,,1.0,False,5.55
216,7.2,,0.9444444477558136,False,11.400000000000002
217,7.233333333333333,,0.875,False,5.233333333333333
218,7.266666666666667,,1.0,False,5.55
219,7.3,,1.0,False,5.533333333333333
220,7.333333333333333,,1.0,False,5.5
221,7.366666666666666,,1.0,False,5.466666666666667
222,7.4,,1.0,False,5.533333333333333
223,7.433333333333334,,0.9138655364513397,False,5.233333333333333
224,7.466666666666667,,,True,
225,7.5,,,True,
226,7.533333333333333,,1.0,False,10.2
227,7.566666666666666,,1.0,False,5.433333333333334
228,7.6,,0.9411764740943909,False,5.466666666666667
229,7.633333333333333,,0.9861111044883728,False,7.8
230,7.666666666666667,,1.0,False,5.550000000000001
231,7.7,,1.0,False,5.516666666666667
232,7.733333333333333,,1.0,False,5.55
233,7.766666666666667,,1.0,False,5.483333333333333
234,7.8,,1.0,False,5.566666666666666
235,7.833333333333333,,1.0,False,5.566666666666666
236,7.866666666666666,,1.0,False,5.5
237,7.9,,1.0,False,8.083333333333332
238,7.933333333333334,,1.0,False,5.616666666666667
239,7.966666666666667,,1.0,False,5.5
240,8.0,,1.0,False,5.583333333333334
241,8.033333333333333,,1.0,False,5.433333333333334
242,8.066666666666666,,1.0,False,5.616666666666667
243,8.1,,1.0,False,5.583333333333334
244,8.133333333333333,,1.0,False,5.666666666666666
245,8.166666666666666,,1.0,False,5.55
246,8.2,,1.0,False,5.616666666666667
247,8.233333333333333,,1.0,False,5.55
248,8.266666666666666,,1.0,False,5.550000000000001
249,8.3,,1.0,False,5.55
250,8.333333333333334,,1.0,False,5.55
251,8.366666666666667,,1.0,False,5.5
252,8.4,,1.0,False,5.533333333333333
253,8.433333333333334,,1.0,False,5.55
254,8.466666666666667,,1.0,False,5.633333333333333
255,8.5,,1.0,False,5.533333333333333
256,8.533333333333333,,1.0,False,5.533333333333333
257,8.566666666666666,,1.0,False,5.583333333333334
258,8.6,,1.0,False,8.05
259,8.633333333333333,,1.0,False,5.616666666666667
260,8.666666666666666,,1.0,False,5.699999999999999
261,8.7,,1.0,False,5.566666666666666
262,8.733333333333333,,1.0,False,5.566666666666666
263,8.766666666666666,,1.0,False,7.983333333333334
264,8.8,,1.0,False,5.683333333333334
265,8.833333333333334,,1.0,False,8.133333333333333
266,8.866666666666667,,1.0,False,5.616666666666667
267,8.9,,1.0,False,5.683333333333334
268,8.933333333333334,,1.0,False,5.7
269,8.966666666666667,,1.0,False,5.633333333333334
270,9.0,,1.0,False,5.683333333333334
271,9.033333333333331,,1.0,False,5.716666666666667
272,9.066666666666666,,1.0,False,6.616666666666667
273,9.1,,1.0,False,5.6
274,9.133333333333333,,1.0,False,8.116666666666667
275,9.166666666666666,,1.0,False,5.716666666666667
276,9.2,,1.0,False,5.633333333333333
277,9.233333333333333,,1.0,False,5.65
278,9.266666666666666,,1.0,False,5.683333333333334
279,9.3,,1.0,False,5.683333333333334
280,9.333333333333334,,0.9861111044883728,False,8.033333333333335
281,9.366666666666667,,1.0,False,5.733333333333333
282,9.4,,1.0,False,5.65
283,9.433333333333334,,1.0,False,5.7
284,9.466666666666669,,1.0,False,5.716666666666667
285,9.5,,1.0,False,5.75
286,9.533333333333331,,1.0,False,5.666666666666666
287,9.566666666666666,,1.0,False,5.716666666666667
288,9.6,,1.0,False,5.733333333333333
289,9.633333333333333,,1.0,False,5.7
290,9.666666666666666,,1.0,False,5.666666666666666
291,9.7,,1.0,False,5.733333333333333
292,9.733333333333333,,1.0,False,5.699999999999999
293,9.766666666666666,,1.0,False,5.716666666666667
294,9.8,,1.0,False,5.65
295,9.833333333333334,,1.0,False,5.65
296,9.866666666666667,,1.0,False,5.7
297,9.9,,1.0,False,5.716666666666667
298,9.933333333333334,,1.0,False,5.733333333333333
299,9.966666666666669,,1.0,False,5.75
300,10.0,,1.0,False,5.65
301,10.033333333333331,,1.0,False,5.783333333333333
302,10.066666666666666,,1.0,False,5.716666666666667
303,10.1,,1.0,False,5.75
304,10.133333333333333,,1.0,False,5.683333333333334
305,10.166666666666666,,1.0,False,5.7333333333333325
306,10.2,,1.0,False,5.783333333333333
307,10.233333333333333,,1.0,False,5.666666666666667
308,10.266666666666666,,1.0,False,5.783333333333333
309,10.3,,1.0,False,5.75
310,10.333333333333334,,1.0,False,5.7333333333333325
311,10.366666666666667,,1.0,False,5.683333333333334
312,10.4,,1.0,False,5.75
313,10.433333333333334,,1.0,False,5.7666666666666675
314,10.466666666666669,,1.0,False,5.783333333333333
315,10.5,,1.0,False,5.716666666666667
316,10.533333333333331,,1.0,False,6.85
317,10.566666666666666,,1.0,False,5.783333333333333
318,10.6,,1.0,False,8.133333333333333
319,10.633333333333333,,1.0,False,5.683333333333334
320,10.666666666666666,,1.0,False,5.8
321,10.7,,1.0,False,5.716666666666667
322,10.733333333333333,,1.0,False,5.75
323,10.766666666666666,,1.0,False,5.7
324,10.8,,1.0,False,5.75
325,10.833333333333334,,1.0,False,5.783333333333333
326,10.866666666666667,,1.0,False,5.766666666666667
327,10.9,,1.0,False,5.683333333333334
328,10.933333333333334,,1.0,False,5.8
329,10.966666666666669,,1.0,False,5.85
330,11.0,,1.0,False,5.816666666666666
331,11.033333333333331,,0.9166666567325592,False,7.683333333333334
332,11.066666666666666,,1.0,False,7.933333333333334
333,11.1,,1.0,False,5.8
334,11.133333333333333,,1.0,False,5.533333333333333
335,11.166666666666666,,1.0,False,5.783333333333333
336,11.2,,1.0,False,5.833333333333334
337,11.233333333333333,,1.0,False,5.766666666666667
338,11.266666666666666,,1.0,False,6.0
339,11.3,,1.0,False,5.716666666666667
340,11.333333333333334,,1.0,False,6.033333333333333
341,11.366666666666667,,1.0,False,5.9
342,11.4,,1.0,False,5.9
343,11.433333333333334,,1.0,False,5.85
344,11.466666666666669,,1.0,False,5.983333333333333
345,11.5,,1.0,False,5.833333333333334
346,11.533333333333331,,1.0,False,5.883333333333333
347,11.566666666666666,,1.0,False,5.916666666666666
348,11.6,,1.0,False,6.016666666666667
349,11.633333333333333,,1.0,False,5.866666666666667
350,11.666666666666666,,1.0,False,5.800000000000001
351,11.7,,1.0,False,5.833333333333333
352,11.733333333333333,,1.0,False,8.416666666666668
353,11.766666666666666,,1.0,False,6.116666666666667
354,11.8,,1.0,False,5.933333333333334
355,11.833333333333334,,1.0,False,5.883333333333333
356,11.866666666666667,,1.0,False,5.75
357,11.9,,1.0,False,8.1
358,11.933333333333334,,1.0,False,5.966666666666667
359,11.966666666666669,,1.0,False,5.783333333333333
360,12.0,,0.9861111044883728,False,7.1
361,12.033333333333331,,1.0,False,5.783333333333333
362,12.066666666666666,,1.0,False,5.883333333333333
363,12.1,,1.0,False,5.8
364,12.133333333333333,,1.0,False,5.916666666666667
365,12.166666666666666,,1.0,False,5.816666666666666
366,12.2,,1.0,False,5.816666666666666
367,12.233333333333333,,1.0,False,5.9
368,12.266666666666666,,1.0,False,5.816666666666666
369,12.3,,1.0,False,5.833333333333333
370,12.333333333333334,,1.0,False,5.916666666666666
371,12.366666666666667,,1.0,False,5.8
372,12.4,,1.0,False,5.866666666666667
373,12.433333333333334,,1.0,False,5.9
374,12.466666666666669,,1.0,False,5.866666666666667
375,12.5,,1.0,False,5.933333333333334
376,12.533333333333331,,1.0,False,5.933333333333334
377,12.566666666666666,,1.0,False,5.949999999999999
378,12.6,,1.0,False,5.866666666666666
379,12.633333333333333,,1.0,False,5.949999999999999
380,12.666666666666666,,1.0,False,5.916666666666666
381,12.7,,1.0,False,5.916666666666666
382,12.733333333333333,,1.0,False,5.883333333333333
383,12.766666666666666,,1.0,False,5.85
384,12.8,,1.0,False,5.916666666666666
385,12.833333333333334,,1.0,False,5.933333333333334
386,12.866666666666667,,1.0,False,5.916666666666666
387,12.9,,1.0,False,5.933333333333334
388,12.933333333333334,,1.0,False,5.866666666666667
389,12.966666666666669,,1.0,False,8.166666666666668
390,13.0,,1.0,False,5.883333333333333
391,13.033333333333331,,1.0,False,5.916666666666666
392,13.066666666666666,,1.0,False,5.866666666666667
393,13.1,,1.0,False,5.933333333333334
394,13.133333333333333,,1.0,False,5.866666666666667
395,13.166666666666666,,1.0,False,5.816666666666666
396,13.2,,1.0,False,5.8
397,13.233333333333333,,1.0,False,5.916666666666666
398,13.266666666666666,,1.0,False,5.816666666666666
399,13.3,,1.0,False,5.916666666666666
400,13.333333333333334,,1.0,False,5.966666666666667
401,13.366666666666667,,1.0,False,5.9
402,13.4,,1.0,False,5.833333333333333
403,13.433333333333334,,1.0,False,5.916666666666667
404,13.466666666666669,,1.0,False,5.916666666666666
405,13.5,,1.0,False,5.883333333333333
406,13.533333333333331,,1.0,False,5.883333333333333
407,13.566666666666666,,1.0,False,5.85
408,13.6,,1.0,False,5.816666666666666
409,13.633333333333333,,1.0,False,5.866666666666667
410,13.666666666666666,,1.0,False,5.916666666666667
411,13.7,,1.0,False,5.9
412,13.733333333333333,,1.0,False,5.85
413,13.766666666666666,,1.0,False,8.266666666666666
414,13.8,,1.0,False,5.949999999999999
415,13.833333333333334,,1.0,False,5.9
416,13.866666666666667,,1.0,False,5.866666666666666
417,13.9,,1.0,False,5.966666666666667
418,13.933333333333334,,1.0,False,5.916666666666667
419,13.966666666666669,,1.0,False,5.85
420,14.0,,1.0,False,5.866666666666667
421,14.033333333333331,,1.0,False,5.85
422,14.066666666666666,,1.0,False,5.866666666666667
423,14.1,,1.0,False,5.9
424,14.133333333333333,,1.0,False,5.866666666666667
425,14.166666666666666,,1.0,False,5.816666666666666
426,14.2,,1.0,False,5.85
427,14.233333333333333,,1.0,False,5.866666666666667
428,14.266666666666666,,1.0,False,5.866666666666667
429,14.3,,1.0,False,5.9
430,14.333333333333334,,1.0,False,5.9
431,14.366666666666667,,1.0,False,5.866666666666667
432,14.4,,1.0,False,5.833333333333334
433,14.433333333333334,,1.0,False,5.883333333333333
434,14.466666666666669,,1.0,False,5.85
435,14.5,,1.0,False,5.95
436,14.533333333333331,,1.0,False,5.9
437,14.566666666666666,,1.0,False,6.85
438,14.6,,1.0,False,5.833333333333333
439,14.633333333333333,,1.0,False,5.85
440,14.666666666666666,,1.0,False,5.883333333333333
441,14.7,,1.0,False,5.9
442,14.733333333333333,,1.0,False,5.9833333333333325
443,14.766666666666666,,1.0,False,5.933333333333334
444,14.8,,1.0,False,5.883333333333333
445,14.833333333333334,,1.0,False,5.833333333333334
446,14.866666666666667,,1.0,False,5.883333333333333
447,14.9,,1.0,False,5.933333333333334
448,14.933333333333334,,1.0,False,5.966666666666667
449,14.966666666666669,,1.0,False,5.85
450,15.0,,1.0,False,6.0
451,15.033333333333331,,1.0,False,5.866666666666667
452,15.066666666666666,,1.0,False,5.866666666666667
453,15.1,,1.0,False,6.033333333333333
454,15.133333333333333,,1.0,False,5.933333333333334
455,15.166666666666666,,1.0,False,5.916666666666666
456,15.2,,1.0,False,5.916666666666667
457,15.233333333333333,,1.0,False,5.95
458,15.266666666666666,,1.0,False,5.966666666666667
459,15.3,,1.0,False,5.966666666666667
460,15.333333333333334,,1.0,False,5.949999999999999
461,15.366666666666667,,1.0,False,5.933333333333334
462,15.4,,1.0,False,5.9
463,15.433333333333334,,1.0,False,5.85
464,15.466666666666669,,1.0,False,5.933333333333334
465,15.5,,1.0,False,5.85
466,15.533333333333331,,1.0,False,5.949999999999999
467,15.566666666666666,,1.0,False,5.866666666666667
468,15.6,,1.0,False,5.916666666666666
469,15.633333333333333,,1.0,False,5.85
470,15.666666666666666,,1.0,False,5.933333333333334
471,15.7,,1.0,False,5.916666666666666
472,15.733333333333333,,1.0,False,5.866666666666666
473,15.766666666666666,,1.0,False,5.983333333333333
474,15.8,,1.0,False,5.983333333333333
475,15.833333333333334,,1.0,False,5.916666666666666
476,15.866666666666667,,1.0,False,6.016666666666667
477,15.9,,1.0,False,5.966666666666667
478,15.933333333333334,,1.0,False,5.883333333333333
479,15.966666666666669,,1.0,False,5.983333333333333
480,16.0,,1.0,False,6.0
481,16.03333333333333,,1.0,False,5.933333333333334
482,16.066666666666666,,1.0,False,5.933333333333334
483,16.1,,1.0,False,5.933333333333334
484,16.133333333333333,,1.0,False,8.183333333333334
485,16.166666666666668,,1.0,False,5.85
486,16.2,,1.0,False,5.9
487,16.233333333333334,,1.0,False,5.983333333333333
488,16.266666666666666,,1.0,False,5.966666666666667
489,16.3,,1.0,False,5.983333333333333
490,16.333333333333332,,1.0,False,5.933333333333334
491,16.366666666666667,,1.0,False,5.9
492,16.4,,1.0,False,5.9
493,16.433333333333334,,1.0,False,5.933333333333334
494,16.466666666666665,,1.0,False,5.916666666666666
495,16.5,,1.0,False,5.95
496,16.53333333333333,,1.0,False,5.9
497,16.566666666666666,,1.0,False,6.0
498,16.6,,1.0,False,5.949999999999999
499,16.633333333333333,,1.0,False,5.916666666666666
500,16.666666666666668,,1.0,False,5.983333333333333
501,16.7,,1.0,False,5.933333333333334
502,16.733333333333334,,1.0,False,5.9
503,16.766666666666666,,1.0,False,5.949999999999999
504,16.8,,1.0,False,6.0
505,16.833333333333332,,1.0,False,6.0
506,16.866666666666667,,1.0,False,5.983333333333333
507,16.9,,1.0,False,5.966666666666667
508,16.933333333333334,,1.0,False,5.95
509,16.966666666666665,,1.0,False,6.0
510,17.0,,1.0,False,5.966666666666667
511,17.03333333333333,,1.0,False,6.083333333333334
512,17.066666666666666,,1.0,False,5.9
513,17.1,,1.0,False,5.933333333333334
514,17.133333333333333,,1.0,False,7.1
515,17.166666666666668,,1.0,False,5.966666666666667
516,17.2,,1.0,False,6.033333333333333
517,17.233333333333334,,1.0,False,5.933333333333334
518,17.266666666666666,,1.0,False,6.0
519,17.3,,1.0,False,5.966666666666667
520,17.333333333333332,,1.0,False,7.016666666666667
521,17.366666666666667,,1.0,False,5.95
522,17.4,,1.0,False,5.949999999999999
523,17.433333333333334,,1.0,False,5.933333333333334
524,17.466666666666665,,1.0,False,5.966666666666667
525,17.5,,1.0,False,5.9
526,17.53333333333333,,1.0,False,8.283333333333333
527,17.566666666666666,,1.0,False,5.966666666666667
528,17.6,,1.0,False,6.016666666666667
529,17.633333333333333,,1.0,False,5.983333333333333
530,17.666666666666668,,1.0,False,6.033333333333333
531,17.7,,1.0,False,8.233333333333334
532,17.733333333333334,,1.0,False,5.949999999999999
533,17.766666666666666,,1.0,False,5.933333333333334
534,17.8,,1.0,False,5.966666666666667
535,17.833333333333332,,1.0,False,6.033333333333333
536,17.866666666666667,,1.0,False,6.966666666666667
537,17.9,,1.0,False,5.983333333333333
538,17.933333333333334,,1.0,False,6.016666666666667
539,17.966666666666665,,1.0,False,6.033333333333333
540,18.0,,1.0,False,6.050000000000001
541,18.03333333333333,,1.0,False,5.983333333333333
542,18.066666666666663,,1.0,False,8.2
543,18.1,,1.0,False,5.916666666666666
544,18.133333333333333,,1.0,False,6.0
545,18.166666666666668,,1.0,False,5.966666666666667
546,18.2,,1.0,False,5.983333333333333
547,18.233333333333334,,1.0,False,5.966666666666667
548,18.266666666666666,,1.0,False,5.933333333333334
549,18.3,,1.0,False,5.966666666666667
550,18.333333333333332,,1.0,False,5.916666666666666
551,18.366666666666667,,1.0,False,5.95
552,18.4,,1.0,False,6.016666666666667
553,18.433333333333337,,1.0,False,5.983333333333333
554,18.466666666666665,,1.0,False,6.0
555,18.5,,1.0,False,5.95
556,18.53333333333333,,1.0,False,6.0
557,18.566666666666663,,1.0,False,5.966666666666667
558,18.6,,1.0,False,6.016666666666667
559,18.633333333333333,,1.0,False,5.9
560,18.666666666666668,,1.0,False,5.933333333333334
561,18.7,,1.0,False,6.033333333333333
562,18.733333333333334,,1.0,False,5.983333333333333
563,18.766666666666666,,1.0,False,5.933333333333334
564,18.8,,1.0,False,6.05
565,18.833333333333332,,1.0,False,6.033333333333333
566,18.866666666666667,,1.0,False,6.0
567,18.9,,1.0,False,5.966666666666667
568,18.933333333333337,,1.0,False,5.933333333333334
569,18.966666666666665,,1.0,False,5.866666666666666
570,19.0,,1.0,False,6.033333333333333
571,19.03333333333333,,1.0,False,5.666666666666667
572,19.066666666666663,,1.0,False,6.800000000000001
573,19.1,,1.0,False,6.066666666666666
574,19.133333333333333,,1.0,False,5.949999999999999
575,19.166666666666668,,1.0,False,5.933333333333334
576,19.2,,1.0,False,5.983333333333333
577,19.233333333333334,,1.0,False,5.966666666666667
578,19.266666666666666,,1.0,False,5.916666666666666
579,19.3,,1.0,False,6.0
580,19.333333333333332,,1.0,False,5.966666666666667
581,19.366666666666667,,1.0,False,5.9
582,19.4,,1.0,False,5.916666666666666
583,19.433333333333337,,1.0,False,5.9
584,19.466666666666665,,1.0,False,5.866666666666666
585,19.5,,1.0,False,5.9
586,19.53333333333333,,1.0,False,5.833333333333333
587,19.566666666666663,,1.0,False,5.766666666666667
588,19.6,,1.0,False,5.966666666666667
589,19.633333333333333,,1.0,False,6.633333333333333
590,19.666666666666668,,1.0,False,6.116666666666667
591,19.7,,1.0,False,6.033333333333333
592,19.733333333333334,,1.0,False,5.966666666666667
593,19.766666666666666,,1.0,False,6.016666666666667
594,19.8,,1.0,False,6.016666666666667
595,19.833333333333332,,1.0,False,6.0
596,19.866666666666667,,1.0,False,5.966666666666667
597,19.9,,1.0,False,6.05
598,19.933333333333337,,1.0,False,6.066666666666666
599,19.966666666666665,,1.0,False,5.983333333333333
600,20.0,,1.0,False,6.0166666666666675
601,20.03333333333333,,1.0,False,6.0
602,20.066666666666663,,1.0,False,6.033333333333333
603,20.1,,1.0,False,5.95
604,20.133333333333333,,1.0,False,6.016666666666667
605,20.166666666666668,,1.0,False,5.933333333333334
606,20.2,,1.0,False,5.916666666666666
607,20.233333333333334,,1.0,False,5.949999999999999
608,20.266666666666666,,1.0,False,6.0
609,20.3,,1.0,False,5.95
610,20.333333333333332,,1.0,False,5.966666666666667
611,20.366666666666667,,1.0,False,6.05
612,20.4,,1.0,False,5.933333333333334
613,20.433333333333337,,1.0,False,5.983333333333333
614,20.466666666666665,,1.0,False,6.0
615,20.5,,1.0,False,5.933333333333334
616,20.53333333333333,,1.0,False,6.05
617,20.566666666666663,,1.0,False,5.983333333333333
618,20.6,,1.0,False,5.983333333333333
619,20.633333333333333,,1.0,False,6.066666666666666
620,20.666666666666668,,1.0,False,6.033333333333333
621,20.7,,1.0,False,6.033333333333333
622,20.733333333333334,,1.0,False,6.05
623,20.766666666666666,,1.0,False,6.050000000000001
624,20.8,,1.0,False,6.05
625,20.833333333333332,,1.0,False,5.933333333333334
626,20.866666666666667,,1.0,False,6.05
627,20.9,,1.0,False,5.966666666666667
628,20.933333333333337,,1.0,False,5.983333333333333
629,20.966666666666665,,1.0,False,6.016666666666667
630,21.0,,1.0,False,6.033333333333333
631,21.03333333333333,,1.0,False,6.066666666666666
632,21.066666666666663,,1.0,False,6.016666666666667
633,21.1,,1.0,False,6.016666666666667
634,21.133333333333333,,1.0,False,6.033333333333333
635,21.166666666666668,,1.0,False,5.966666666666667
636,21.2,,1.0,False,5.983333333333333
637,21.233333333333334,,1.0,False,6.05
638,21.266666666666666,,1.0,False,5.933333333333334
639,21.3,,1.0,False,6.016666666666667
640,21.333333333333332,,1.0,False,6.05
641,21.366666666666667,,1.0,False,8.283333333333331
642,21.4,,1.0,False,6.0
643,21.433333333333337,,1.0,False,6.0
644,21.466666666666665,,1.0,False,6.016666666666667
645,21.5,,1.0,False,6.0
646,21.53333333333333,,1.0,False,6.016666666666667
647,21.566666666666663,,1.0,False,5.983333333333333
648,21.6,,1.0,False,5.983333333333333
649,21.633333333333333,,1.0,False,6.0
650,21.666666666666668,,1.0,False,6.05
651,21.7,,1.0,False,6.033333333333333
652,21.733333333333334,,1.0,False,5.95
653,21.766666666666666,,1.0,False,6.033333333333333
654,21.8,,1.0,False,5.983333333333333
655,21.833333333333332,,1.0,False,5.933333333333334
656,21.866666666666667,,1.0,False,5.983333333333333
657,21.9,,1.0,False,6.866666666666667
658,21.933333333333337,,1.0,False,5.95
659,21.966666666666665,,1.0,False,5.933333333333334
660,22.0,,1.0,False,5.966666666666667
661,22.03333333333333,,1.0,False,5.966666666666667
662,22.066666666666663,,1.0,False,6.0
663,22.1,,1.0,False,5.966666666666667
664,22.133333333333333,,1.0,False,6.033333333333333
665,22.166666666666668,,1.0,False,5.95
666,22.2,,1.0,False,6.033333333333333
667,22.233333333333334,,1.0,False,5.95
668,22.266666666666666,,1.0,False,6.033333333333333
669,22.3,,1.0,False,5.95
670,22.333333333333332,,1.0,False,6.016666666666667
671,22.366666666666667,,1.0,False,6.05
672,22.4,,1.0,False,6.083333333333333
673,22.433333333333337,,1.0,False,6.016666666666667
674,22.466666666666665,,1.0,False,5.983333333333333
675,22.5,,1.0,False,5.966666666666667
676,22.53333333333333,,1.0,False,6.016666666666667
677,22.566666666666663,,1.0,False,5.966666666666667
678,22.6,,1.0,False,6.033333333333333
679,22.633333333333333,,1.0,False,6.05
680,22.666666666666668,,1.0,False,6.116666666666667
681,22.7,,1.0,False,5.95
682,22.733333333333334,,1.0,False,5.949999999999999
683,22.766666666666666,,1.0,False,6.016666666666667
684,22.8,,1.0,False,5.95
685,22.833333333333332,,1.0,False,5.9833333333333325
686,22.866666666666667,,1.0,False,5.966666666666667
687,22.9,,1.0,False,5.95
688,22.933333333333337,,1.0,False,5.966666666666667
689,22.966666666666665,,1.0,False,6.016666666666667
690,23.0,,1.0,False,5.966666666666667
691,23.03333333333333,,1.0,False,6.066666666666666
692,23.066666666666663,,1.0,False,5.933333333333334
693,23.1,,1.0,False,6.0
694,23.133333333333333,,1.0,False,5.983333333333333
695,23.166666666666668,,1.0,False,6.0
696,23.2,,1.0,False,6.05
697,23.233333333333334,,1.0,False,5.983333333333333
698,23.266666666666666,,1.0,False,6.016666666666667
699,23.3,,1.0,False,6.116666666666667
700,23.333333333333332,,1.0,False,6.05
701,23.366666666666667,,1.0,False,6.066666666666666
702,23.4,,1.0,False,6.0
703,23.433333333333337,,1.0,False,5.983333333333333
704,23.466666666666665,,1.0,False,6.016666666666667
705,23.5,,1.0,False,6.016666666666667
706,23.53333333333333,,1.0,False,6.116666666666667
707,23.566666666666663,,1.0,False,6.916666666666666
708,23.6,,1.0,False,8.266666666666666
709,23.633333333333333,,1.0,False,6.0
710,23.666666666666668,,1.0,False,6.05
711,23.7,,1.0,False,6.1
712,23.733333333333334,,1.0,False,8.233333333333334
713,23.766666666666666,,1.0,False,6.0
714,23.8,,1.0,False,5.983333333333333
715,23.833333333333332,,1.0,False,6.033333333333333
716,23.866666666666667,,1.0,False,6.05
717,23.9,,1.0,False,6.016666666666667
718,23.933333333333337,,1.0,False,6.033333333333333
719,23.966666666666665,,1.0,False,6.033333333333333
720,24.0,,1.0,False,5.983333333333333
721,24.03333333333333,,1.0,False,6.05
722,24.066666666666663,,1.0,False,6.033333333333333
723,24.1,,1.0,False,6.033333333333333
724,24.133333333333333,,1.0,False,8.133333333333333
725,24.166666666666668,,1.0,False,6.0
726,24.2,,1.0,False,5.983333333333333
727,24.233333333333334,,1.0,False,5.983333333333333
728,24.266666666666666,,1.0,False,5.949999999999999
729,24.3,,1.0,False,6.016666666666667
730,24.333333333333332,,1.0,False,5.983333333333333
731,24.366666666666667,,1.0,False,6.016666666666667
732,24.4,,1.0,False,5.983333333333333
733,24.433333333333337,,1.0,False,6.066666666666666
734,24.466666666666665,,1.0,False,5.983333333333333
735,24.5,,1.0,False,6.116666666666667
736,24.53333333333333,,1.0,False,6.033333333333333
737,24.566666666666663,,1.0,False,6.033333333333333
738,24.6,,1.0,False,5.916666666666666
739,24.633333333333333,,1.0,False,6.083333333333333
740,24.666666666666668,,1.0,False,6.066666666666666
741,24.7,,1.0,False,5.949999999999999
742,24.733333333333334,,1.0,False,6.05
743,24.766666666666666,,1.0,False,6.05
744,24.8,,1.0,False,6.033333333333333
745,24.833333333333332,,1.0,False,6.05
746,24.866666666666667,,1.0,False,5.933333333333334
747,24.9,,1.0,False,6.066666666666666
748,24.933333333333337,,1.0,False,6.05
749,24.966666666666665,,1.0,False,6.066666666666666
750,25.0,,1.0,False,5.983333333333333
751,25.03333333333333,,1.0,False,6.0166666666666675
752,25.066666666666663,,1.0,False,6.033333333333333
753,25.1,,1.0,False,6.083333333333334
754,25.133333333333333,,1.0,False,6.033333333333333
755,25.166666666666668,,1.0,False,6.05
756,25.2,,1.0,False,6.016666666666667
757,25.233333333333334,,1.0,False,5.983333333333333
758,25.266666666666666,,1.0,False,6.0
759,25.3,,1.0,False,6.05
760,25.333333333333332,,1.0,False,5.966666666666667
761,25.366666666666667,,1.0,False,9.216666666666665
762,25.4,,0.9861111044883728,False,8.55
763,25.433333333333337,,1.0,False,6.05
764,25.466666666666665,,1.0,False,6.0
765,25.5,,1.0,False,5.866666666666667
766,25.53333333333333,,1.0,False,6.083333333333334
767,25.566666666666663,,1.0,False,5.983333333333333
768,25.6,,1.0,False,6.050000000000001
769,25.633333333333333,,1.0,False,5.966666666666667
770,25.666666666666668,,1.0,False,6.083333333333334
771,25.7,,1.0,False,6.0
772,25.733333333333334,,1.0,False,5.95
773,25.766666666666666,,1.0,False,6.016666666666667
774,25.8,,1.0,False,6.016666666666667
775,25.833333333333332,,1.0,False,5.966666666666667
776,25.866666666666667,,1.0,False,6.033333333333333
777,25.9,,1.0,False,6.033333333333333
778,25.933333333333337,,0.9861111044883728,False,9.083333333333332
779,25.966666666666665,,1.0,False,6.016666666666667
780,26.0,,1.0,False,6.083333333333334
781,26.03333333333333,,1.0,False,6.133333333333333
782,26.066666666666663,,1.0,False,6.033333333333333
783,26.1,,1.0,False,6.066666666666666
784,26.133333333333333,,1.0,False,6.05
785,26.166666666666668,,1.0,False,6.016666666666667
786,26.2,,1.0,False,5.983333333333333
787,26.233333333333334,,1.0,False,6.15
788,26.266666666666666,,1.0,False,6.066666666666666
789,26.3,,1.0,False,6.0
790,26.333333333333332,,1.0,False,5.933333333333334
791,26.366666666666667,,1.0,False,6.033333333333333
792,26.4,,1.0,False,6.033333333333333
793,26.433333333333337,,1.0,False,5.933333333333334
794,26.466666666666665,,1.0,False,6.033333333333333
795,26.5,,1.0,False,5.95
796,26.53333333333333,,1.0,False,6.016666666666667
797,26.566666666666663,,1.0,False,6.083333333333334
798,26.6,,1.0,False,6.0
799,26.633333333333333,,1.0,False,5.966666666666667
800,26.666666666666668,,1.0,False,6.05
801,26.7,,1.0,False,6.05
802,26.733333333333334,,1.0,False,6.033333333333333
803,26.766666666666666,,1.0,False,6.0
804,26.8,,1.0,False,6.016666666666667
805,26.833333333333332,,1.0,False,6.033333333333333
806,26.866666666666667,,1.0,False,6.0
807,26.9,,1.0,False,6.05
808,26.933333333333337,,1.0,False,6.016666666666667
809,26.966666666666665,,1.0,False,6.016666666666667
810,27.0,,1.0,False,6.116666666666667
811,27.03333333333333,,1.0,False,6.0
812,27.066666666666663,,0.9861111044883728,False,8.25
813,27.1,,1.0,False,6.033333333333333
814,27.133333333333333,,1.0,False,5.983333333333333
815,27.166666666666668,,1.0,False,5.983333333333333
816,27.2,,1.0,False,5.95
817,27.233333333333334,,1.0,False,5.95
818,27.266666666666666,,1.0,False,5.949999999999999
819,27.3,,1.0,False,6.0
820,27.333333333333332,,1.0,False,5.949999999999999
821,27.366666666666667,,1.0,False,6.016666666666667
822,27.4,,1.0,False,6.033333333333333
823,27.433333333333337,,1.0,False,5.983333333333333
824,27.466666666666665,,1.0,False,5.966666666666667
825,27.5,,1.0,False,5.983333333333333
826,27.53333333333333,,1.0,False,5.983333333333333
827,27.566666666666663,,1.0,False,6.0
828,27.6,,1.0,False,6.0
829,27.633333333333333,,1.0,False,5.983333333333333
830,27.666666666666668,,1.0,False,5.95
831,27.7,,1.0,False,6.0
832,27.733333333333334,,1.0,False,6.033333333333333
833,27.766666666666666,,1.0,False,6.066666666666666
834,27.8,,1.0,False,6.033333333333333
835,27.833333333333332,,1.0,False,6.0
836,27.866666666666667,,1.0,False,6.033333333333333
837,27.9,,1.0,False,6.05
838,27.933333333333337,,1.0,False,6.033333333333333
839,27.966666666666665,,1.0,False,5.916666666666666
840,28.0,,1.0,False,5.983333333333333
841,28.03333333333333,,1.0,False,6.1
842,28.066666666666663,,1.0,False,6.0
843,28.1,,1.0,False,8.216666666666667
844,28.133333333333333,,1.0,False,6.016666666666667
845,28.166666666666668,,1.0,False,6.016666666666667
846,28.2,,1.0,False,6.0
847,28.233333333333334,,1.0,False,5.916666666666667
848,28.266666666666666,,1.0,False,6.083333333333333
849,28.3,,1.0,False,6.05
850,28.333333333333332,,1.0,False,6.1
851,28.366666666666667,,1.0,False,6.05
852,28.4,,1.0,False,6.066666666666666
853,28.433333333333337,,1.0,False,6.050000000000001
854,28.466666666666665,,1.0,False,6.1
855,28.5,,1.0,False,8.2
856,28.53333333333333,,1.0,False,6.066666666666666
857,28.566666666666663,,1.0,False,6.033333333333333
858,28.6,,1.0,False,6.016666666666667
859,28.633333333333333,,1.0,False,6.05
860,28.666666666666668,,1.0,False,6.0
861,28.7,,1.0,False,6.1
862,28.733333333333334,,1.0,False,6.1
863,28.766666666666666,,1.0,False,6.066666666666666
864,28.8,,1.0,False,6.083333333333334
865,28.833333333333332,,1.0,False,6.066666666666666
866,28.866666666666667,,1.0,False,6.05
867,28.9,,1.0,False,6.1
868,28.933333333333337,,1.0,False,6.083333333333334
869,28.966666666666665,,1.0,False,7.016666666666667
870,29.0,,1.0,False,5.966666666666667
871,29.03333333333333,,1.0,False,6.066666666666666
872,29.066666666666663,,1.0,False,6.050000000000001
873,29.1,,1.0,False,6.066666666666666
874,29.133333333333333,,1.0,False,6.066666666666666
875,29.166666666666668,,1.0,False,6.016666666666667
876,29.2,,1.0,False,6.05
877,29.233333333333334,,1.0,False,6.033333333333333
878,29.266666666666666,,1.0,False,6.15
879,29.3,,1.0,False,6.133333333333333
880,29.333333333333332,,1.0,False,6.1
881,29.366666666666667,,1.0,False,6.15
882,29.4,,1.0,False,6.15
883,29.433333333333337,,1.0,False,6.1
884,29.466666666666665,,1.0,False,6.133333333333333
885,29.5,,1.0,False,6.116666666666667
886,29.53333333333333,,1.0,False,6.066666666666666
887,29.566666666666663,,1.0,False,6.116666666666667
888,29.6,,1.0,False,6.116666666666667
889,29.633333333333333,,1.0,False,6.05
890,29.666666666666668,,1.0,False,7.0
891,29.7,,1.0,False,6.116666666666667
892,29.733333333333334,,1.0,False,6.15
893,29.766666666666666,,1.0,False,6.033333333333333
894,29.8,,1.0,False,6.0166666666666675
895,29.833333333333332,,1.0,False,7.166666666666667
896,29.866666666666667,,1.0,False,6.116666666666667
897,29.9,,1.0,False,6.083333333333333
898,29.933333333333337,,1.0,False,6.066666666666666
899,29.966666666666665,,1.0,False,6.0166666666666675
900,30.0,,1.0,False,6.166666666666666
901,30.03333333333333,,1.0,False,6.233333333333333
902,30.066666666666663,,1.0,False,6.133333333333334
903,30.1,,1.0,False,6.133333333333333
904,30.133333333333333,,1.0,False,6.033333333333333
905,30.166666666666668,,1.0,False,6.083333333333334
906,30.2,,1.0,False,6.1
907,30.233333333333334,,1.0,False,6.083333333333334
908,30.266666666666666,,1.0,False,6.083333333333334
909,30.3,,1.0,False,6.033333333333333
910,30.333333333333332,,1.0,False,6.083333333333334
911,30.366666666666667,,1.0,False,6.066666666666666
912,30.4,,1.0,False,6.066666666666666
913,30.433333333333337,,1.0,False,6.083333333333334
914,30.466666666666665,,1.0,False,6.15
915,30.5,,1.0,False,6.066666666666666
916,30.53333333333333,,1.0,False,7.2
917,30.566666666666663,,1.0,False,6.083333333333333
918,30.6,,1.0,False,6.083333333333333
919,30.633333333333333,,1.0,False,6.066666666666666
920,30.666666666666668,,1.0,False,6.116666666666667
921,30.7,,1.0,False,6.116666666666667
922,30.733333333333334,,1.0,False,6.116666666666667
923,30.766666666666666,,1.0,False,6.133333333333333
924,30.8,,1.0,False,6.083333333333334
925,30.833333333333332,,1.0,False,6.1
926,30.866666666666667,,1.0,False,6.133333333333333
927,30.9,,1.0,False,6.1
928,30.933333333333337,,1.0,False,6.1
929,30.966666666666665,,1.0,False,6.116666666666667
930,31.0,,1.0,False,6.016666666666667
931,31.03333333333333,,1.0,False,6.983333333333333
932,31.066666666666663,,1.0,False,6.15
933,31.1,,1.0,False,6.066666666666666
934,31.133333333333333,,1.0,False,6.066666666666666
935,31.166666666666668,,1.0,False,6.050000000000001
936,31.2,,1.0,False,6.15
937,31.233333333333334,,1.0,False,6.1
938,31.266666666666666,,1.0,False,6.1
939,31.3,,1.0,False,6.050000000000001
940,31.333333333333332,,1.0,False,6.1
941,31.366666666666667,,1.0,False,6.083333333333333
942,31.4,,1.0,False,6.1
943,31.433333333333337,,1.0,False,6.133333333333333
944,31.466666666666665,,1.0,False,6.0
945,31.5,,1.0,False,6.1
946,31.53333333333333,,0.9861111044883728,False,8.283333333333333
947,31.566666666666663,,1.0,False,6.15
948,31.6,,1.0,False,6.133333333333333
949,31.633333333333333,,1.0,False,6.05
950,31.666666666666668,,1.0,False,6.083333333333333
951,31.7,,1.0,False,6.016666666666667
952,31.733333333333334,,1.0,False,6.1
953,31.766666666666666,,1.0,False,6.1
954,31.8,,1.0,False,6.033333333333333
955,31.833333333333332,,1.0,False,6.05
956,31.866666666666667,,1.0,False,6.033333333333333
957,31.9,,1.0,False,6.05
958,31.933333333333337,,1.0,False,6.066666666666666
959,31.966666666666665,,1.0,False,6.083333333333333
960,32.0,,1.0,False,6.1
961,32.03333333333333,,1.0,False,6.066666666666666
962,32.06666666666666,,1.0,False,6.116666666666667
963,32.1,,1.0,False,6.016666666666667
964,32.13333333333333,,1.0,False,7.0
965,32.166666666666664,,1.0,False,6.033333333333333
966,32.2,,1.0,False,7.0
967,32.233333333333334,,1.0,False,6.116666666666667
968,32.266666666666666,,1.0,False,6.066666666666666
969,32.3,,1.0,False,6.05
970,32.333333333333336,,1.0,False,6.033333333333333
971,32.36666666666667,,0.9857142865657806,False,7.1499999999999995
972,32.4,,1.0,False,6.166666666666667
973,32.43333333333333,,1.0,False,6.083333333333333
974,32.46666666666667,,1.0,False,6.116666666666667
975,32.5,,1.0,False,6.033333333333333
976,32.53333333333333,,1.0,False,6.1
977,32.56666666666666,,1.0,False,6.050000000000001
978,32.6,,1.0,False,6.083333333333334
979,32.63333333333333,,1.0,False,6.133333333333333
980,32.666666666666664,,1.0,False,6.166666666666667
981,32.7,,1.0,False,6.033333333333333
982,32.733333333333334,,1.0,False,6.083333333333334
983,32.766666666666666,,1.0,False,6.116666666666667
984,32.8,,1.0,False,6.083333333333334
985,32.833333333333336,,1.0,False,6.1
986,32.86666666666667,,1.0,False,6.2
987,32.9,,1.0,False,6.15
988,32.93333333333333,,1.0,False,6.133333333333333
989,32.96666666666667,,1.0,False,6.183333333333334
990,33.0,,1.0,False,6.933333333333334
991,33.03333333333333,,1.0,False,6.083333333333334
992,33.06666666666666,,1.0,False,6.083333333333333
993,33.1,,1.0,False,6.133333333333333
994,33.13333333333333,,1.0,False,6.05
995,33.166666666666664,,1.0,False,6.066666666666666
996,33.2,,1.0,False,6.133333333333333
997,33.233333333333334,,1.0,False,6.050000000000001
998,33.266666666666666,,1.0,False,6.1
999,33.3,,1.0,False,6.066666666666666
1000,33.333333333333336,,0.9861111044883728,False,8.383333333333333
1001,33.36666666666667,,1.0,False,6.133333333333334
1002,33.4,,1.0,False,6.1
1003,33.43333333333333,,1.0,False,6.1
1004,33.46666666666667,,1.0,False,6.066666666666666
1005,33.5,,1.0,False,6.15
1006,33.53333333333333,,1.0,False,6.116666666666667
1007,33.56666666666666,,1.0,False,6.116666666666667
1008,33.6,,1.0,False,6.116666666666667
1009,33.63333333333333,,1.0,False,6.133333333333333
1010,33.666666666666664,,1.0,False,6.066666666666666
1011,33.7,,1.0,False,6.15
1012,33.733333333333334,,1.0,False,6.166666666666666
1013,33.766666666666666,,1.0,False,6.15
1014,33.8,,1.0,False,6.083333333333333
1015,33.833333333333336,,1.0,False,6.1
1016,33.86666666666667,,1.0,False,7.05
1017,33.9,,1.0,False,6.066666666666666
1018,33.93333333333333,,1.0,False,7.183333333333334
1019,33.96666666666667,,1.0,False,6.083333333333333
1020,34.0,,1.0,False,6.016666666666667
1021,34.03333333333333,,1.0,False,6.1
1022,34.06666666666666,,1.0,False,6.1
1023,34.1,,1.0,False,6.15
1024,34.13333333333333,,1.0,False,6.166666666666666
1025,34.166666666666664,,1.0,False,6.1
1026,34.2,,1.0,False,6.066666666666666
1027,34.233333333333334,,1.0,False,6.083333333333333
1028,34.266666666666666,,1.0,False,6.1
1029,34.3,,1.0,False,6.133333333333334
1030,34.333333333333336,,1.0,False,6.133333333333333
1031,34.36666666666667,,1.0,False,6.166666666666666
1032,34.4,,1.0,False,6.133333333333333
1033,34.43333333333333,,1.0,False,6.1
1034,34.46666666666667,,1.0,False,6.133333333333334
1035,34.5,,1.0,False,6.15
1036,34.53333333333333,,1.0,False,6.116666666666667
1037,34.56666666666666,,1.0,False,5.983333333333333
1038,34.6,,1.0,False,6.083333333333334
1039,34.63333333333333,,1.0,False,6.15
1040,34.666666666666664,,1.0,False,6.116666666666667
1041,34.7,,1.0,False,6.016666666666667
1042,34.733333333333334,,1.0,False,6.0
1043,34.766666666666666,,1.0,False,6.050000000000001
1044,34.8,,1.0,False,6.116666666666667
1045,34.833333333333336,,0.9722222089767456,False,5.85
1046,34.86666666666667,,1.0,False,5.866666666666666
1047,34.9,,1.0,False,6.066666666666666
1048,34.93333333333333,,0.9375,False,5.55
1049,34.96666666666667,,1.0,False,6.066666666666666
1050,35.0,,1.0,False,6.333333333333334
1051,35.03333333333333,,1.0,False,7.066666666666666
1052,35.06666666666666,,1.0,False,6.166666666666666
1053,35.1,,1.0,False,6.15
1054,35.13333333333333,,1.0,False,6.116666666666667
1055,35.166666666666664,,1.0,False,6.05
1056,35.2,,1.0,False,6.083333333333333
1057,35.233333333333334,,1.0,False,6.1
1058,35.266666666666666,,1.0,False,6.066666666666666
1059,35.3,,1.0,False,6.05
1060,35.333333333333336,,1.0,False,6.066666666666666
1061,35.36666666666667,,1.0,False,6.033333333333333
1062,35.4,,1.0,False,6.083333333333333
1063,35.43333333333333,,1.0,False,6.033333333333333
1064,35.46666666666667,,1.0,False,6.083333333333333
1065,35.5,,0.9583333432674408,False,7.2666666666666675
1066,35.53333333333333,,1.0,False,6.05
1067,35.56666666666666,,1.0,False,6.016666666666667
1068,35.6,,1.0,False,6.2
1069,35.63333333333333,,1.0,False,6.05
1070,35.666666666666664,,1.0,False,6.133333333333333
1071,35.7,,1.0,False,7.183333333333334
1072,35.733333333333334,,1.0,False,6.066666666666666
1073,35.766666666666666,,1.0,False,6.1
1074,35.8,,1.0,False,5.983333333333333
1075,35.833333333333336,,1.0,False,6.083333333333333
1076,35.86666666666667,,1.0,False,6.116666666666667
1077,35.9,,1.0,False,6.1
1078,35.93333333333333,,1.0,False,7.1499999999999995
1079,35.96666666666667,,1.0,False,6.116666666666667
1080,36.0,,1.0,False,6.066666666666666
1081,36.03333333333333,,1.0,False,6.1
1082,36.06666666666666,,1.0,False,6.0
1083,36.1,,1.0,False,6.083333333333333
1084,36.13333333333333,,1.0,False,6.066666666666666
1085,36.166666666666664,,1.0,False,6.116666666666667
1086,36.2,,1.0,False,5.966666666666667
1087,36.233333333333334,,1.0,False,8.316666666666666
1088,36.266666666666666,,1.0,False,6.083333333333334
1089,36.3,,1.0,False,6.05
1090,36.333333333333336,,1.0,False,6.116666666666667
1091,36.36666666666667,,1.0,False,8.366666666666665
1092,36.4,,1.0,False,6.033333333333333
1093,36.43333333333333,,1.0,False,6.033333333333333
1094,36.46666666666667,,1.0,False,6.15
1095,36.5,,1.0,False,6.05
1096,36.53333333333333,,1.0,False,8.316666666666666
1097,36.56666666666666,,1.0,False,6.116666666666667
1098,36.6,,1.0,False,6.116666666666667
1099,36.63333333333333,,1.0,False,6.1
1100,36.666666666666664,,1.0,False,6.083333333333333
1101,36.7,,1.0,False,6.033333333333333
1102,36.733333333333334,,1.0,False,6.133333333333333
1103,36.766666666666666,,1.0,False,6.05
1104,36.8,,1.0,False,6.116666666666667
1105,36.833333333333336,,1.0,False,6.1
1106,36.86666666666667,,1.0,False,6.066666666666666
1107,36.9,,1.0,False,6.016666666666667
1108,36.93333333333333,,1.0,False,6.066666666666666
1109,36.96666666666667,,1.0,False,6.050000000000001
1110,37.0,,1.0,False,6.033333333333333
1111,37.03333333333333,,1.0,False,6.083333333333333
1112,37.06666666666666,,1.0,False,6.116666666666667
1113,37.1,,1.0,False,6.066666666666666
1114,37.13333333333333,,1.0,False,6.1
1115,37.166666666666664,,1.0,False,6.05
1116,37.2,,1.0,False,6.1
1117,37.233333333333334,,1.0,False,6.066666666666666
1118,37.266666666666666,,1.0,False,6.016666666666667
1119,37.3,,1.0,False,6.133333333333333
1120,37.333333333333336,,1.0,False,6.066666666666666
1121,37.36666666666667,,1.0,False,6.1
1122,37.4,,1.0,False,6.083333333333333
1123,37.43333333333333,,1.0,False,6.083333333333334
1124,37.46666666666667,,1.0,False,6.066666666666666
1125,37.5,,1.0,False,6.133333333333334
1126,37.53333333333333,,1.0,False,6.083333333333334
1127,37.56666666666666,,1.0,False,6.083333333333334
1128,37.6,,1.0,False,6.116666666666667
1129,37.63333333333333,,1.0,False,6.050000000000001
1130,37.666666666666664,,1.0,False,6.066666666666666
1131,37.7,,1.0,False,6.083333333333333
1132,37.733333333333334,,1.0,False,6.066666666666666
1133,37.766666666666666,,1.0,False,6.083333333333334
1134,37.8,,1.0,False,6.116666666666667
1135,37.833333333333336,,1.0,False,6.066666666666666
1136,37.86666666666667,,1.0,False,6.1
1137,37.9,,1.0,False,6.083333333333334
1138,37.93333333333333,,1.0,False,6.066666666666666
1139,37.96666666666667,,1.0,False,6.083333333333334
1140,38.0,,1.0,False,6.083333333333334
1141,38.03333333333333,,1.0,False,6.1
1142,38.06666666666666,,1.0,False,6.116666666666667
1143,38.1,,1.0,False,6.133333333333333
1144,38.13333333333333,,1.0,False,6.033333333333333
1145,38.166666666666664,,1.0,False,6.066666666666666
1146,38.2,,1.0,False,6.1
1147,38.233333333333334,,1.0,False,6.15
1148,38.266666666666666,,1.0,False,6.133333333333333
1149,38.3,,0.9861111044883728,False,8.25
1150,38.333333333333336,,1.0,False,6.116666666666667
1151,38.36666666666667,,1.0,False,6.15
1152,38.4,,1.0,False,6.116666666666667
1153,38.43333333333333,,1.0,False,6.116666666666667
1154,38.46666666666667,,1.0,False,6.166666666666667
1155,38.5,,1.0,False,6.116666666666667
1156,38.53333333333333,,1.0,False,6.066666666666666
1157,38.56666666666666,,1.0,False,6.05
1158,38.6,,1.0,False,6.083333333333333
1159,38.63333333333333,,1.0,False,6.083333333333334
1160,38.666666666666664,,1.0,False,6.066666666666666
1161,38.7,,1.0,False,6.083333333333333
1162,38.733333333333334,,1.0,False,6.066666666666666
1163,38.766666666666666,,1.0,False,8.299999999999999
1164,38.8,,1.0,False,6.033333333333333
1165,38.833333333333336,,1.0,False,6.083333333333333
1166,38.86666666666667,,1.0,False,8.266666666666667
1167,38.9,,1.0,False,6.15
1168,38.93333333333333,,1.0,False,6.066666666666666
1169,38.96666666666667,,1.0,False,6.916666666666666
1170,39.0,,1.0,False,6.066666666666666
1171,39.03333333333333,,1.0,False,6.016666666666667
1172,39.06666666666666,,1.0,False,5.983333333333333
1173,39.1,,1.0,False,6.05
1174,39.13333333333333,,1.0,False,6.016666666666667
1175,39.166666666666664,,1.0,False,6.083333333333333
1176,39.2,,1.0,False,6.066666666666666
1177,39.233333333333334,,1.0,False,6.083333333333334
1178,39.266666666666666,,1.0,False,6.083333333333334
1179,39.3,,1.0,False,8.183333333333334
1180,39.333333333333336,,1.0,False,6.05
1181,39.36666666666667,,1.0,False,6.1
1182,39.4,,1.0,False,6.1
1183,39.43333333333333,,1.0,False,6.066666666666666
1184,39.46666666666667,,1.0,False,6.033333333333333
1185,39.5,,1.0,False,6.066666666666666
1186,39.53333333333333,,1.0,False,6.1
1187,39.56666666666666,,1.0,False,6.083333333333334
1188,39.6,,1.0,False,6.083333333333333
1189,39.63333333333333,,1.0,False,6.083333333333334
1190,39.666666666666664,,1.0,False,5.983333333333333
1191,39.7,,1.0,False,6.083333333333333
1192,39.733333333333334,,1.0,False,6.1
1193,39.766666666666666,,1.0,False,6.066666666666666
1194,39.8,,1.0,False,6.083333333333333
1195,39.833333333333336,,1.0,False,6.083333333333333
1196,39.86666666666667,,1.0,False,6.083333333333334
1197,39.9,,1.0,False,8.2
1198,39.93333333333333,,1.0,False,6.083333333333333
1199,39.96666666666667,,1.0,False,6.133333333333333
1200,40.0,,0.9861111044883728,False,8.283333333333333
1201,40.03333333333333,,1.0,False,6.0
1202,40.06666666666666,,1.0,False,6.066666666666666
1203,40.1,,1.0,False,6.083333333333334
1204,40.13333333333333,,1.0,False,6.1
1205,40.166666666666664,,1.0,False,6.133333333333334
1206,40.2,,1.0,False,6.066666666666666
1207,40.233333333333334,,1.0,False,6.1
1208,40.266666666666666,,1.0,False,6.083333333333333
1209,40.3,,1.0,False,6.083333333333333
1210,40.333333333333336,,1.0,False,6.066666666666666
1211,40.36666666666667,,1.0,False,6.066666666666666
1212,40.4,,1.0,False,6.066666666666666
1213,40.43333333333333,,1.0,False,6.083333333333334
1214,40.46666666666667,,1.0,False,6.183333333333334
1215,40.5,,1.0,False,6.983333333333333
1216,40.53333333333333,,1.0,False,6.1
1217,40.56666666666666,,1.0,False,6.0
1218,40.6,,1.0,False,6.033333333333333
1219,40.63333333333333,,1.0,False,6.116666666666667
1220,40.666666666666664,,1.0,False,6.066666666666666
1221,40.7,,1.0,False,6.1
1222,40.733333333333334,,1.0,False,6.033333333333333
1223,40.766666666666666,,1.0,False,6.15
1224,40.8,,1.0,False,6.033333333333333
1225,40.833333333333336,,1.0,False,6.050000000000001
1226,40.86666666666667,,1.0,False,6.0
1227,40.9,,1.0,False,5.983333333333333
1228,40.93333333333333,,1.0,False,6.066666666666666
1229,40.96666666666667,,1.0,False,6.15
1230,41.0,,1.0,False,6.083333333333334
1231,41.03333333333333,,1.0,False,6.133333333333334
1232,41.06666666666666,,1.0,False,6.066666666666666
1233,41.1,,1.0,False,6.15
1234,41.13333333333333,,1.0,False,6.116666666666667
1235,41.166666666666664,,1.0,False,6.0166666666666675
1236,41.2,,1.0,False,6.1
1237,41.233333333333334,,1.0,False,6.050000000000001
1238,41.266666666666666,,1.0,False,6.066666666666666
1239,41.3,,1.0,False,6.016666666666667
1240,41.333333333333336,,1.0,False,6.083333333333334
1241,41.36666666666667,,1.0,False,6.166666666666666
1242,41.4,,1.0,False,6.2
1243,41.43333333333333,,1.0,False,6.066666666666666
1244,41.46666666666667,,1.0,False,6.083333333333333
1245,41.5,,1.0,False,6.166666666666666
1246,41.53333333333333,,1.0,False,6.05
1247,41.56666666666666,,1.0,False,6.133333333333333
1248,41.6,,1.0,False,6.083333333333333
1249,41.63333333333333,,1.0,False,8.35
1250,41.666666666666664,,1.0,False,6.083333333333334
1251,41.7,,1.0,False,6.066666666666666
1252,41.733333333333334,,1.0,False,6.166666666666667
1253,41.766666666666666,,1.0,False,6.133333333333333
1254,41.8,,1.0,False,6.2
1255,41.833333333333336,,1.0,False,8.35
1256,41.86666666666667,,1.0,False,6.050000000000001
1257,41.9,,1.0,False,6.183333333333334
1258,41.93333333333333,,1.0,False,6.166666666666667
1259,41.96666666666667,,1.0,False,6.066666666666666
1260,42.0,,1.0,False,6.133333333333333
1261,42.03333333333333,,1.0,False,6.166666666666666
1262,42.06666666666666,,1.0,False,6.166666666666666
1263,42.1,,1.0,False,6.15
1264,42.13333333333333,,1.0,False,6.183333333333334
1265,42.166666666666664,,1.0,False,6.133333333333333
1266,42.2,,1.0,False,6.083333333333334
1267,42.233333333333334,,1.0,False,6.066666666666666
1268,42.266666666666666,,1.0,False,6.116666666666667
1269,42.3,,1.0,False,6.050000000000001
1270,42.333333333333336,,1.0,False,6.066666666666666
1271,42.36666666666667,,1.0,False,6.066666666666666
1272,42.4,,1.0,False,8.3
1273,42.43333333333333,,1.0,False,6.05
1274,42.46666666666667,,1.0,False,6.183333333333334
1275,42.5,,1.0,False,6.050000000000001
1276,42.53333333333333,,1.0,False,6.083333333333334
1277,42.56666666666666,,1.0,False,6.116666666666667
1278,42.6,,0.9861111044883728,False,8.399999999999999
1279,42.63333333333333,,1.0,False,6.066666666666666
1280,42.666666666666664,,1.0,False,6.1
1281,42.7,,1.0,False,6.116666666666667
1282,42.733333333333334,,1.0,False,6.1
1283,42.766666666666666,,1.0,False,6.15
1284,42.8,,1.0,False,6.183333333333334
1285,42.833333333333336,,1.0,False,6.2
1286,42.86666666666667,,1.0,False,6.033333333333333
1287,42.9,,1.0,False,6.033333333333333
1288,42.93333333333333,,1.0,False,5.583333333333334
1289,42.96666666666667,,1.0,False,5.966666666666667
1290,43.0,,0.9861111044883728,False,7.333333333333333
1291,43.03333333333333,,1.0,False,6.033333333333333
1292,43.06666666666666,,1.0,False,6.1
1293,43.1,,0.9861111044883728,False,10.366666666666667
1294,43.13333333333333,,1.0,False,6.066666666666666
1295,43.166666666666664,,1.0,False,6.033333333333333
1296,43.2,,1.0,False,6.033333333333333
1297,43.233333333333334,,1.0,False,6.016666666666667
1298,43.266666666666666,,1.0,False,6.183333333333334
1299,43.3,,1.0,False,6.1
1300,43.333333333333336,,1.0,False,6.15
1301,43.36666666666667,,1.0,False,6.116666666666667
1302,43.4,,1.0,False,6.166666666666667
1303,43.43333333333333,,1.0,False,6.05
1304,43.46666666666667,,1.0,False,6.133333333333333
1305,43.5,,1.0,False,6.1
1306,43.53333333333333,,1.0,False,6.116666666666667
1307,43.56666666666666,,1.0,False,6.116666666666667
1308,43.6,,1.0,False,6.116666666666667
1309,43.63333333333333,,1.0,False,6.083333333333334
1310,43.666666666666664,,1.0,False,6.083333333333334
1311,43.7,,1.0,False,6.1
1312,43.733333333333334,,1.0,False,6.2
1313,43.766666666666666,,1.0,False,6.183333333333334
1314,43.8,,1.0,False,6.033333333333333
1315,43.833333333333336,,1.0,False,6.1
1316,43.86666666666667,,1.0,False,6.116666666666667
1317,43.9,,1.0,False,6.133333333333334
1318,43.93333333333333,,1.0,False,6.183333333333334
1319,43.96666666666667,,1.0,False,6.033333333333333
1320,44.0,,1.0,False,6.083333333333333
1321,44.03333333333333,,1.0,False,6.083333333333334
1322,44.06666666666666,,1.0,False,6.05
1323,44.1,,1.0,False,6.116666666666667
1324,44.13333333333333,,1.0,False,6.033333333333333
1325,44.166666666666664,,1.0,False,6.1
1326,44.2,,1.0,False,6.050000000000001
1327,44.233333333333334,,1.0,False,6.050000000000001
1328,44.266666666666666,,1.0,False,6.1
1329,44.3,,1.0,False,6.05
1330,44.333333333333336,,1.0,False,6.15
1331,44.36666666666667,,1.0,False,6.133333333333333
1332,44.4,,1.0,False,6.0
1333,44.43333333333333,,1.0,False,7.066666666666666
1334,44.46666666666667,,1.0,False,6.116666666666667
1335,44.5,,1.0,False,6.083333333333334
1336,44.53333333333333,,1.0,False,6.183333333333334
1337,44.56666666666666,,1.0,False,6.1
1338,44.6,,1.0,False,6.066666666666666
1339,44.63333333333333,,1.0,False,6.083333333333333
1340,44.666666666666664,,1.0,False,6.083333333333334
1341,44.7,,1.0,False,6.050000000000001
1342,44.733333333333334,,1.0,False,6.033333333333333
1343,44.766666666666666,,1.0,False,6.050000000000001
1344,44.8,,1.0,False,6.050000000000001
1345,44.833333333333336,,1.0,False,6.133333333333333
1346,44.86666666666667,,1.0,False,6.016666666666667
1347,44.9,,1.0,False,6.033333333333333
1348,44.93333333333333,,1.0,False,6.066666666666666
1349,44.96666666666667,,1.0,False,6.116666666666667
1350,45.0,,1.0,False,6.033333333333333
1351,45.03333333333333,,1.0,False,5.966666666666667
1352,45.06666666666666,,1.0,False,6.116666666666667
1353,45.1,,1.0,False,8.399999999999999
1354,45.13333333333333,,1.0,False,6.0
1355,45.166666666666664,,1.0,False,6.15
1356,45.2,,1.0,False,6.1
1357,45.233333333333334,,1.0,False,6.066666666666666
1358,45.266666666666666,,1.0,False,6.050000000000001
1359,45.3,,1.0,False,6.1
1360,45.333333333333336,,1.0,False,6.0
1361,45.36666666666667,,1.0,False,7.15
1362,45.4,,1.0,False,6.133333333333333
1363,45.43333333333333,,1.0,False,6.083333333333334
1364,45.46666666666667,,1.0,False,8.25
1365,45.5,,1.0,False,6.066666666666666
1366,45.53333333333333,,1.0,False,8.233333333333334
1367,45.56666666666666,,1.0,False,6.0166666666666675
1368,45.6,,1.0,False,6.066666666666666
1369,45.63333333333333,,1.0,False,6.083333333333334
1370,45.666666666666664,,1.0,False,6.15
1371,45.7,,1.0,False,6.05
1372,45.733333333333334,,1.0,False,6.15
1373,45.766666666666666,,1.0,False,6.050000000000001
1374,45.8,,1.0,False,6.166666666666666
1375,45.833333333333336,,1.0,False,6.066666666666666
1376,45.86666666666667,,1.0,False,6.166666666666666
1377,45.9,,1.0,False,6.233333333333333
1378,45.93333333333333,,1.0,False,6.066666666666666
1379,45.96666666666667,,1.0,False,6.116666666666667
1380,46.0,,1.0,False,6.083333333333334
1381,46.03333333333333,,1.0,False,6.166666666666666
1382,46.06666666666666,,1.0,False,6.1
1383,46.1,,1.0,False,6.066666666666666
1384,46.13333333333333,,1.0,False,6.016666666666667
1385,46.166666666666664,,1.0,False,6.183333333333334
1386,46.2,,0.9861111044883728,False,7.283333333333333
1387,46.233333333333334,,1.0,False,6.133333333333334
1388,46.266666666666666,,1.0,False,6.083333333333334
1389,46.3,,1.0,False,6.1
1390,46.333333333333336,,1.0,False,6.05
1391,46.36666666666667,,1.0,False,7.133333333333333
1392,46.4,,1.0,False,6.1
1393,46.43333333333333,,1.0,False,6.133333333333333
1394,46.46666666666667,,1.0,False,6.133333333333334
1395,46.5,,1.0,False,6.033333333333333
1396,46.53333333333333,,1.0,False,6.083333333333334
1397,46.56666666666666,,1.0,False,6.116666666666667
1398,46.6,,1.0,False,6.083333333333333
1399,46.63333333333333,,1.0,False,6.05
1400,46.666666666666664,,1.0,False,6.166666666666667
1401,46.7,,1.0,False,7.2
1402,46.733333333333334,,1.0,False,6.15
1403,46.766666666666666,,1.0,False,6.083333333333333
1404,46.8,,1.0,False,6.066666666666666
1405,46.833333333333336,,1.0,False,6.083333333333333
1406,46.86666666666667,,1.0,False,6.133333333333333
1407,46.9,,1.0,False,6.166666666666667
1408,46.93333333333333,,0.9861111044883728,False,8.416666666666666
1409,46.96666666666667,,1.0,False,6.066666666666666
1410,47.0,,1.0,False,6.133333333333333
1411,47.03333333333333,,1.0,False,6.166666666666666
1412,47.06666666666666,,1.0,False,6.083333333333334
1413,47.1,,1.0,False,6.05
1414,47.13333333333333,,1.0,False,6.0
1415,47.166666666666664,,1.0,False,7.233333333333334
1416,47.2,,1.0,False,6.083333333333334
1417,47.233333333333334,,1.0,False,6.066666666666666
1418,47.266666666666666,,1.0,False,6.133333333333333
1419,47.3,,1.0,False,6.133333333333333
1420,47.333333333333336,,1.0,False,6.033333333333333
1421,47.36666666666667,,1.0,False,6.0
1422,47.4,,1.0,False,6.066666666666666
1423,47.43333333333333,,1.0,False,6.083333333333333
1424,47.46666666666667,,1.0,False,6.05
1425,47.5,,1.0,False,6.083333333333334
1426,47.53333333333333,,1.0,False,6.050000000000001
1427,47.56666666666666,,1.0,False,6.1
1428,47.6,,1.0,False,6.066666666666666
1429,47.63333333333333,,1.0,False,6.116666666666667
1430,47.666666666666664,,1.0,False,6.116666666666667
1431,47.7,,1.0,False,7.266666666666667
1432,47.733333333333334,,1.0,False,6.083333333333333
1433,47.766666666666666,,1.0,False,6.1
1434,47.8,,1.0,False,6.083333333333333
1435,47.833333333333336,,1.0,False,6.05
1436,47.86666666666667,,1.0,False,6.1
1437,47.9,,1.0,False,6.066666666666666
1438,47.93333333333333,,1.0,False,6.033333333333333
1439,47.96666666666667,,1.0,False,6.1
1440,48.0,,1.0,False,6.0
1441,48.03333333333333,,1.0,False,6.05
1442,48.06666666666666,,1.0,False,6.0
1443,48.1,,1.0,False,6.0
1444,48.13333333333333,,1.0,False,6.016666666666667
1445,48.166666666666664,,1.0,False,5.933333333333334
1446,48.2,,1.0,False,6.1
1447,48.233333333333334,,1.0,False,7.0
1448,48.266666666666666,,1.0,False,6.116666666666667
1449,48.3,,1.0,False,8.233333333333334
1450,48.333333333333336,,1.0,False,6.05
1451,48.36666666666667,,1.0,False,6.050000000000001
1452,48.4,,1.0,False,6.016666666666667
1453,48.43333333333333,,1.0,False,6.133333333333334
1454,48.46666666666667,,1.0,False,6.166666666666666
1455,48.5,,1.0,False,6.083333333333333
1456,48.53333333333333,,1.0,False,6.133333333333333
1457,48.56666666666666,,1.0,False,6.116666666666667
1458,48.6,,1.0,False,6.0
1459,48.63333333333333,,1.0,False,6.116666666666667
1460,48.666666666666664,,1.0,False,6.083333333333333
1461,48.7,,1.0,False,6.033333333333333
1462,48.733333333333334,,1.0,False,6.083333333333334
1463,48.766666666666666,,1.0,False,6.066666666666666
1464,48.8,,1.0,False,6.133333333333334
1465,48.833333333333336,,1.0,False,6.033333333333333
1466,48.86666666666667,,1.0,False,6.033333333333333
1467,48.9,,1.0,False,6.75
1468,48.93333333333333,,1.0,False,6.033333333333333
1469,48.96666666666667,,1.0,False,8.166666666666666
1470,49.0,,1.0,False,6.15
1471,49.03333333333333,,1.0,False,6.083333333333333
1472,49.06666666666666,,1.0,False,6.066666666666666
1473,49.1,,1.0,False,6.016666666666667
1474,49.13333333333333,,1.0,False,6.15
1475,49.166666666666664,,1.0,False,6.083333333333333
1476,49.2,,1.0,False,6.1
1477,49.233333333333334,,1.0,False,6.15
1478,49.266666666666666,,1.0,False,6.066666666666666
1479,49.3,,1.0,False,6.050000000000001
1480,49.333333333333336,,1.0,False,6.05
1481,49.36666666666667,,1.0,False,6.033333333333333
1482,49.4,,1.0,False,6.133333333333333
1483,49.43333333333333,,1.0,False,6.083333333333334
1484,49.46666666666667,,1.0,False,6.083333333333334
1485,49.5,,1.0,False,6.050000000000001
1486,49.53333333333333,,1.0,False,6.0
1487,49.56666666666666,,1.0,False,6.983333333333333
1488,49.6,,1.0,False,6.066666666666666
1489,49.63333333333333,,1.0,False,6.016666666666667
1490,49.666666666666664,,1.0,False,6.05
1491,49.7,,1.0,False,6.05
1492,49.733333333333334,,1.0,False,6.1
1493,49.766666666666666,,1.0,False,7.05
1494,49.8,,1.0,False,6.116666666666667
1495,49.833333333333336,,1.0,False,6.15
1496,49.86666666666667,,1.0,False,6.133333333333333
1497,49.9,,1.0,False,6.116666666666667
1498,49.93333333333333,,1.0,False,8.333333333333332
1499,49.96666666666667,,1.0,False,6.083333333333334
1500,50.0,,1.0,False,6.116666666666667
1501,50.03333333333333,,1.0,False,6.083333333333333
1502,50.06666666666666,,1.0,False,6.1
1503,50.1,,1.0,False,6.133333333333333
1504,50.13333333333333,,1.0,False,6.116666666666667
1505,50.166666666666664,,1.0,False,6.1
1506,50.2,,1.0,False,6.2
1507,50.233333333333334,,1.0,False,6.1
1508,50.266666666666666,,1.0,False,6.033333333333333
1509,50.3,,1.0,False,6.066666666666666
1510,50.333333333333336,,1.0,False,6.050000000000001
1511,50.36666666666667,,1.0,False,6.0
1512,50.4,,1.0,False,6.15
1513,50.43333333333333,,1.0,False,6.016666666666667
1514,50.46666666666667,,1.0,False,6.083333333333333
1515,50.5,,1.0,False,6.016666666666667
1516,50.53333333333333,,1.0,False,8.15
1517,50.56666666666666,,1.0,False,7.033333333333333
1518,50.6,,1.0,False,6.1
1519,50.63333333333333,,1.0,False,6.0
1520,50.666666666666664,,1.0,False,6.033333333333333
1521,50.7,,1.0,False,6.050000000000001
1522,50.733333333333334,,1.0,False,6.050000000000001
1523,50.766666666666666,,1.0,False,6.15
1524,50.8,,1.0,False,6.05
1525,50.833333333333336,,1.0,False,6.083333333333333
1526,50.86666666666667,,1.0,False,6.0
1527,50.9,,1.0,False,6.050000000000001
1528,50.93333333333333,,1.0,False,6.116666666666667
1529,50.96666666666667,,1.0,False,6.0
1530,51.0,,1.0,False,6.066666666666666
1531,51.03333333333333,,1.0,False,6.116666666666667
1532,51.06666666666666,,1.0,False,6.066666666666666
1533,51.1,,1.0,False,6.033333333333333
1534,51.13333333333333,,1.0,False,6.066666666666666
1535,51.166666666666664,,1.0,False,6.116666666666667
1536,51.2,,1.0,False,6.050000000000001
1537,51.233333333333334,,1.0,False,6.1
1538,51.266666666666666,,1.0,False,6.05
1539,51.3,,1.0,False,6.083333333333334
1540,51.333333333333336,,1.0,False,6.116666666666667
1541,51.36666666666667,,1.0,False,6.116666666666667
1542,51.4,,1.0,False,6.133333333333333
1543,51.43333333333333,,1.0,False,6.016666666666667
1544,51.46666666666667,,1.0,False,6.050000000000001
1545,51.5,,1.0,False,5.933333333333334
1546,51.53333333333333,,1.0,False,5.966666666666667
1547,51.56666666666666,,1.0,False,5.9
1548,51.6,,1.0,False,5.966666666666667
1549,51.63333333333333,,1.0,False,5.933333333333334
1550,51.666666666666664,,1.0,False,5.866666666666667
1551,51.7,,1.0,False,6.0
1552,51.733333333333334,,1.0,False,5.95
1553,51.766666666666666,,1.0,False,5.816666666666666
1554,51.8,,1.0,False,5.833333333333334
1555,51.833333333333336,,1.0,False,5.916666666666667
1556,51.86666666666667,,1.0,False,5.883333333333334
1557,51.9,,1.0,False,5.949999999999999
1558,51.93333333333333,,1.0,False,5.966666666666667
1559,51.96666666666667,,1.0,False,5.9
1560,52.0,,1.0,False,5.933333333333334
1561,52.03333333333333,,1.0,False,5.933333333333334
1562,52.06666666666666,,1.0,False,5.966666666666667
1563,52.1,,1.0,False,6.016666666666667
1564,52.13333333333333,,1.0,False,5.933333333333334
1565,52.166666666666664,,1.0,False,5.95
1566,52.2,,1.0,False,5.983333333333333
1567,52.233333333333334,,1.0,False,6.083333333333334
1568,52.266666666666666,,1.0,False,6.050000000000001
1569,52.3,,1.0,False,5.966666666666667
1570,52.333333333333336,,1.0,False,6.033333333333333
1571,52.36666666666667,,1.0,False,6.050000000000001
1572,52.4,,1.0,False,5.983333333333333
1573,52.43333333333333,,1.0,False,6.033333333333333
1574,52.46666666666667,,1.0,False,6.016666666666667
1575,52.5,,1.0,False,6.05
1576,52.53333333333333,,1.0,False,6.016666666666667
1577,52.56666666666666,,1.0,False,7.1499999999999995
1578,52.6,,1.0,False,6.033333333333333
1579,52.63333333333333,,1.0,False,6.033333333333333
1580,52.666666666666664,,1.0,False,6.033333333333333
1581,52.7,,1.0,False,5.966666666666667
1582,52.733333333333334,,1.0,False,6.016666666666667
1583,52.766666666666666,,1.0,False,6.0
1584,52.8,,1.0,False,6.050000000000001
1585,52.833333333333336,,1.0,False,6.0
1586,52.86666666666667,,1.0,False,6.05
1587,52.9,,1.0,False,6.116666666666667
1588,52.93333333333333,,1.0,False,6.083333333333334
1589,52.96666666666667,,1.0,False,5.949999999999999
1590,53.0,,1.0,False,5.983333333333333
1591,53.03333333333333,,1.0,False,6.066666666666666
1592,53.06666666666666,,1.0,False,6.0
1593,53.1,,1.0,False,6.083333333333334
1594,53.13333333333333,,1.0,False,6.066666666666666
1595,53.166666666666664,,1.0,False,6.033333333333333
1596,53.2,,1.0,False,6.0
1597,53.233333333333334,,1.0,False,6.0
1598,53.266666666666666,,1.0,False,5.95
1599,53.3,,1.0,False,5.916666666666666
1600,53.333333333333336,,1.0,False,5.816666666666666
1601,53.36666666666667,,1.0,False,5.733333333333333
1602,53.4,,1.0,False,5.583333333333334
1603,53.43333333333333,,1.0,False,5.683333333333334
1604,53.46666666666667,,1.0,False,5.5
1605,53.5,,1.0,False,5.516666666666667
1606,53.53333333333333,,1.0,False,5.333333333333334
1607,53.56666666666666,,1.0,False,6.4
1608,53.6,,1.0,False,5.366666666666667
1609,53.63333333333333,,1.0,False,5.333333333333334
1610,53.666666666666664,,1.0,False,5.266666666666667
1611,53.7,,1.0,False,5.183333333333334
1612,53.733333333333334,,1.0,False,5.166666666666666
1613,53.766666666666666,,1.0,False,5.133333333333333
1614,53.8,,1.0,False,5.2
1615,53.833333333333336,,1.0,False,5.216666666666667
1616,53.86666666666667,,1.0,False,5.133333333333333
1617,53.9,,1.0,False,5.15
1618,53.93333333333333,,1.0,False,5.216666666666667
1619,53.96666666666667,,1.0,False,5.216666666666667
1620,54.0,,1.0,False,5.1
1621,54.03333333333333,,0.9861111044883728,False,5.133333333333333
1622,54.06666666666666,,1.0,False,5.083333333333334
1623,54.1,,1.0,False,5.183333333333334
1624,54.13333333333333,,0.9722222089767456,False,4.983333333333333
1625,54.166666666666664,,1.0,False,5.166666666666666
1626,54.2,,1.0,False,5.083333333333334
1627,54.233333333333334,,1.0,False,5.216666666666667
1628,54.266666666666666,,1.0,False,5.133333333333333
1629,54.3,,1.0,False,5.283333333333333
1630,54.333333333333336,,1.0,False,6.4
1631,54.36666666666667,,1.0,False,5.266666666666667
1632,54.4,,1.0,False,6.25
1633,54.43333333333333,,1.0,False,5.383333333333333
1634,54.46666666666667,,1.0,False,5.383333333333333
1635,54.5,,1.0,False,5.416666666666666
1636,54.53333333333333,,1.0,False,5.5
1637,54.56666666666666,,1.0,False,5.533333333333333
1638,54.6,,1.0,False,5.533333333333333
1639,54.63333333333333,,1.0,False,5.466666666666667
1640,54.666666666666664,,1.0,False,5.683333333333334
1641,54.7,,1.0,False,5.9
1642,54.733333333333334,,1.0,False,5.966666666666667
1643,54.766666666666666,,1.0,False,6.0
1644,54.8,,0.9444444477558136,False,5.5
1645,54.833333333333336,,1.0,False,5.766666666666667
1646,54.86666666666667,,1.0,False,5.533333333333333
1647,54.9,,1.0,False,5.65
1648,54.93333333333333,,1.0,False,5.5166666666666675
1649,54.96666666666667,,1.0,False,5.616666666666667
1650,55.0,,1.0,False,5.683333333333334
1651,55.03333333333333,,1.0,False,5.583333333333334
1652,55.06666666666666,,1.0,False,5.533333333333333
1653,55.1,,1.0,False,5.616666666666667
1654,55.13333333333333,,1.0,False,5.55
1655,55.166666666666664,,1.0,False,5.583333333333333
1656,55.2,,1.0,False,5.55
1657,55.233333333333334,,1.0,False,5.550000000000001
1658,55.266666666666666,,1.0,False,5.733333333333333
1659,55.3,,1.0,False,5.6
1660,55.333333333333336,,1.0,False,5.733333333333333
1661,55.36666666666667,,1.0,False,5.583333333333333
1662,55.4,,1.0,False,5.716666666666667
1663,55.43333333333333,,1.0,False,5.65
1664,55.46666666666667,,1.0,False,5.616666666666666
1665,55.5,,1.0,False,5.683333333333334
1666,55.53333333333333,,1.0,False,5.683333333333334
1667,55.56666666666666,,1.0,False,5.716666666666667
1668,55.6,,1.0,False,5.683333333333334
1669,55.63333333333333,,1.0,False,5.7
1670,55.666666666666664,,1.0,False,5.65
1671,55.7,,1.0,False,5.666666666666667
1672,55.733333333333334,,1.0,False,5.766666666666667
1673,55.766666666666666,,1.0,False,5.800000000000001
1674,55.8,,1.0,False,5.783333333333333
1675,55.833333333333336,,1.0,False,5.716666666666667
1676,55.86666666666667,,1.0,False,5.699999999999999
1677,55.9,,1.0,False,5.783333333333333
1678,55.93333333333333,,1.0,False,5.766666666666667
1679,55.96666666666667,,1.0,False,5.766666666666667
1680,56.0,,1.0,False,5.816666666666666
1681,56.03333333333333,,1.0,False,5.816666666666666
1682,56.06666666666666,,1.0,False,5.833333333333334
1683,56.1,,1.0,False,5.75
1684,56.13333333333333,,1.0,False,8.033333333333333
1685,56.166666666666664,,1.0,False,5.783333333333333
1686,56.2,,1.0,False,5.883333333333333
1687,56.233333333333334,,1.0,False,5.833333333333333
1688,56.266666666666666,,1.0,False,5.783333333333333
1689,56.3,,1.0,False,5.766666666666667
1690,56.333333333333336,,1.0,False,5.85
1691,56.36666666666667,,1.0,False,5.800000000000001
1692,56.4,,1.0,False,5.816666666666666
1693,56.43333333333333,,1.0,False,5.833333333333333
1694,56.46666666666667,,1.0,False,5.85
1695,56.5,,1.0,False,5.866666666666667
1696,56.53333333333333,,1.0,False,5.833333333333333
1697,56.56666666666666,,1.0,False,5.783333333333333
1698,56.6,,1.0,False,5.866666666666667
1699,56.63333333333333,,1.0,False,8.333333333333332
1700,56.666666666666664,,1.0,False,5.833333333333334
1701,56.7,,1.0,False,5.9
1702,56.733333333333334,,1.0,False,5.816666666666666
1703,56.766666666666666,,1.0,False,5.816666666666666
1704,56.8,,1.0,False,5.85
1705,56.833333333333336,,1.0,False,5.816666666666666
1706,56.86666666666667,,1.0,False,5.766666666666667
1707,56.9,,1.0,False,5.833333333333333
1708,56.93333333333333,,1.0,False,5.816666666666666
1709,56.96666666666667,,1.0,False,5.833333333333334
1710,57.0,,1.0,False,5.933333333333334
1711,57.03333333333333,,1.0,False,5.783333333333333
1712,57.06666666666666,,1.0,False,5.85
1713,57.1,,1.0,False,5.85
1714,57.13333333333333,,1.0,False,6.7333333333333325
1715,57.166666666666664,,1.0,False,5.800000000000001
1716,57.2,,1.0,False,5.9
1717,57.233333333333334,,1.0,False,5.916666666666666
1718,57.266666666666666,,1.0,False,5.85
1719,57.3,,1.0,False,5.866666666666667
1720,57.333333333333336,,1.0,False,5.833333333333333
1721,57.36666666666667,,1.0,False,5.85
1722,57.4,,1.0,False,5.833333333333334
1723,57.43333333333333,,1.0,False,5.816666666666666
1724,57.46666666666667,,1.0,False,5.8
1725,57.5,,1.0,False,5.85
1726,57.53333333333333,,1.0,False,5.9
1727,57.56666666666666,,1.0,False,5.816666666666666
1728,57.6,,1.0,False,5.866666666666667
1729,57.63333333333333,,1.0,False,5.85
1730,57.666666666666664,,1.0,False,5.95
1731,57.7,,1.0,False,5.933333333333334
1732,57.733333333333334,,1.0,False,5.866666666666667
1733,57.766666666666666,,1.0,False,5.866666666666667
1734,57.8,,1.0,False,5.883333333333333
1735,57.833333333333336,,1.0,False,5.8
1736,57.86666666666667,,1.0,False,5.866666666666667
1737,57.9,,1.0,False,5.9
1738,57.93333333333333,,1.0,False,5.883333333333333
1739,57.96666666666667,,1.0,False,5.85
1740,58.0,,1.0,False,5.883333333333333
1741,58.03333333333333,,1.0,False,5.916666666666666
1742,58.06666666666666,,1.0,False,5.983333333333333
1743,58.1,,1.0,False,5.916666666666666
1744,58.13333333333333,,1.0,False,5.816666666666666
1745,58.166666666666664,,0.9861111044883728,False,8.0
1746,58.2,,1.0,False,5.916666666666666
1747,58.233333333333334,,1.0,False,5.85
1748,58.266666666666666,,1.0,False,5.916666666666666
1749,58.3,,1.0,False,5.883333333333333
1750,58.333333333333336,,1.0,False,5.866666666666667
1751,58.36666666666667,,1.0,False,5.916666666666666
1752,58.4,,1.0,False,5.85
1753,58.43333333333333,,1.0,False,5.85
1754,58.46666666666667,,1.0,False,5.866666666666667
1755,58.5,,1.0,False,5.949999999999999
1756,58.53333333333333,,1.0,False,5.933333333333334
1757,58.56666666666666,,1.0,False,5.966666666666667
1758,58.6,,1.0,False,5.966666666666667
1759,58.63333333333333,,1.0,False,5.883333333333333
1760,58.666666666666664,,1.0,False,5.866666666666667
1761,58.7,,1.0,False,5.949999999999999
1762,58.733333333333334,,1.0,False,5.866666666666667
1763,58.766666666666666,,1.0,False,5.9
1764,58.8,,1.0,False,5.933333333333334
1765,58.833333333333336,,1.0,False,5.9833333333333325
1766,58.86666666666667,,1.0,False,5.916666666666666
1767,58.9,,1.0,False,5.916666666666666
1768,58.93333333333333,,1.0,False,5.916666666666666
1769,58.96666666666667,,1.0,False,5.9
1770,59.0,,1.0,False,5.833333333333334
1771,59.03333333333333,,1.0,False,5.916666666666666
1772,59.06666666666666,,1.0,False,5.9
1773,59.1,,1.0,False,5.85
1774,59.13333333333333,,1.0,False,5.949999999999999
1775,59.166666666666664,,1.0,False,5.9
1776,59.2,,1.0,False,5.85
1777,59.233333333333334,,1.0,False,5.916666666666666
1778,59.266666666666666,,1.0,False,5.883333333333333
1779,59.3,,1.0,False,5.85
1780,59.333333333333336,,1.0,False,5.85
1781,59.36666666666667,,1.0,False,5.833333333333334
1782,59.4,,1.0,False,5.933333333333334
1783,59.43333333333333,,1.0,False,5.95
1784,59.46666666666667,,1.0,False,5.916666666666666
1785,59.5,,1.0,False,5.9
1786,59.53333333333333,,1.0,False,5.916666666666666
1787,59.56666666666666,,1.0,False,5.949999999999999
1788,59.6,,1.0,False,5.85
1789,59.63333333333333,,1.0,False,5.933333333333334
1790,59.666666666666664,,1.0,False,5.866666666666667
1791,59.7,,1.0,False,5.883333333333333
1792,59.733333333333334,,1.0,False,5.933333333333334
1793,59.766666666666666,,1.0,False,5.916666666666666
1794,59.8,,1.0,False,5.800000000000001
1795,59.833333333333336,,1.0,False,5.883333333333333
1796,59.86666666666667,,1.0,False,5.883333333333333
1797,59.9,,1.0,False,5.85
1798,59.93333333333333,,1.0,False,5.866666666666667
1799,59.96666666666667,,1.0,False,5.866666666666667
1800,60.0,,1.0,False,5.883333333333333
1801,60.03333333333333,,1.0,False,5.883333333333333
1802,60.06666666666666,,1.0,False,5.916666666666667
1803,60.1,,1.0,False,5.916666666666666
1804,60.13333333333333,,1.0,False,5.883333333333333
1805,60.166666666666664,,1.0,False,5.866666666666667
1806,60.2,,1.0,False,5.916666666666667
1807,60.233333333333334,,1.0,False,5.966666666666667
1808,60.266666666666666,,1.0,False,5.983333333333333
1809,60.3,,1.0,False,5.966666666666667
1810,60.333333333333336,,1.0,False,5.866666666666667
1811,60.36666666666667,,1.0,False,5.816666666666666
1812,60.4,,1.0,False,5.833333333333334
1813,60.43333333333333,,1.0,False,5.683333333333334
1814,60.46666666666667,,1.0,False,5.683333333333334
1815,60.5,,1.0,False,5.6
1816,60.53333333333333,,1.0,False,5.45
1817,60.56666666666666,,1.0,False,5.416666666666666
1818,60.6,,1.0,False,5.35
1819,60.63333333333333,,1.0,False,5.316666666666666
1820,60.666666666666664,,1.0,False,5.333333333333333
1821,60.7,,1.0,False,5.216666666666667
1822,60.733333333333334,,1.0,False,5.183333333333334
1823,60.766666666666666,,1.0,False,5.233333333333333
1824,60.8,,1.0,False,5.116666666666667
1825,60.833333333333336,,1.0,False,5.233333333333333
1826,60.86666666666667,,1.0,False,5.083333333333333
1827,60.9,,1.0,False,5.05
1828,60.93333333333333,,1.0,False,5.116666666666667
1829,60.96666666666667,,1.0,False,5.050000000000001
1830,61.0,,1.0,False,5.15
1831,61.03333333333333,,1.0,False,5.033333333333333
1832,61.06666666666666,,1.0,False,4.933333333333334
1833,61.1,,1.0,False,5.033333333333333
1834,61.13333333333333,,1.0,False,5.050000000000001
1835,61.166666666666664,,0.9444444477558136,False,5.016666666666667
1836,61.2,,0.9305555522441864,False,4.85
1837,61.233333333333334,,1.0,False,5.0
1838,61.266666666666666,,1.0,False,5.033333333333333
1839,61.3,,0.9861111044883728,False,5.0
1840,61.333333333333336,,0.9722222089767456,False,4.983333333333333
1841,61.36666666666667,,0.9722222089767456,False,5.066666666666666
1842,61.4,,0.9583333432674408,False,4.866666666666667
1843,61.43333333333333,,0.9583333432674408,False,5.033333333333333
1844,61.46666666666667,,0.9722222089767456,False,5.116666666666667
1845,61.5,,1.0,False,5.033333333333333
1846,61.53333333333333,,1.0,False,5.016666666666667
1847,61.56666666666666,,1.0,False,5.066666666666666
1848,61.6,,1.0,False,5.083333333333333
1849,61.63333333333333,,1.0,False,5.05
1850,61.666666666666664,,1.0,False,5.183333333333334
1851,61.7,,1.0,False,5.183333333333334
1852,61.733333333333334,,1.0,False,5.166666666666667
1853,61.766666666666666,,0.875,False,5.8
1854,61.8,,1.0,False,5.316666666666666
1855,61.833333333333336,,1.0,False,5.316666666666666
1856,61.86666666666667,,1.0,False,5.300000000000001
1857,61.9,,1.0,False,5.333333333333334
1858,61.93333333333333,,1.0,False,5.35
1859,61.96666666666667,,1.0,False,5.416666666666667
1860,62.0,,1.0,False,5.316666666666666
1861,62.03333333333333,,1.0,False,5.366666666666667
1862,62.06666666666666,,1.0,False,5.366666666666667
1863,62.1,,1.0,False,5.55
1864,62.13333333333333,,1.0,False,5.5166666666666675
1865,62.166666666666664,,1.0,False,5.466666666666667
1866,62.2,,1.0,False,5.466666666666667
1867,62.233333333333334,,1.0,False,5.45
1868,62.266666666666666,,1.0,False,5.533333333333333
1869,62.3,,1.0,False,5.416666666666666
1870,62.333333333333336,,1.0,False,5.533333333333333
1871,62.36666666666667,,1.0,False,5.55
1872,62.4,,1.0,False,5.466666666666667
1873,62.43333333333333,,1.0,False,5.583333333333334
1874,62.46666666666667,,1.0,False,5.550000000000001
1875,62.5,,1.0,False,5.533333333333333
1876,62.53333333333333,,1.0,False,5.616666666666666
1877,62.56666666666666,,1.0,False,5.616666666666667
1878,62.6,,1.0,False,5.6
1879,62.63333333333333,,1.0,False,6.5
1880,62.666666666666664,,1.0,False,5.683333333333334
1881,62.7,,1.0,False,5.566666666666666
1882,62.733333333333334,,1.0,False,5.633333333333333
1883,62.766666666666666,,1.0,False,5.533333333333333
1884,62.8,,1.0,False,5.616666666666667
1885,62.833333333333336,,1.0,False,5.6
1886,62.86666666666667,,0.9861111044883728,False,8.2
1887,62.9,,1.0,False,5.683333333333334
1888,62.93333333333333,,1.0,False,5.583333333333334
1889,62.96666666666667,,1.0,False,5.683333333333334
1890,63.0,,1.0,False,5.633333333333333
1891,63.03333333333333,,1.0,False,5.616666666666666
1892,63.06666666666666,,1.0,False,5.7
1893,63.1,,1.0,False,5.633333333333333
1894,63.13333333333333,,1.0,False,5.65
1895,63.166666666666664,,1.0,False,5.683333333333334
1896,63.2,,1.0,False,5.733333333333333
1897,63.233333333333334,,1.0,False,5.666666666666666
1898,63.266666666666666,,1.0,False,5.716666666666667
1899,63.3,,1.0,False,5.716666666666667
1900,63.333333333333336,,1.0,False,5.716666666666667
1901,63.36666666666667,,1.0,False,5.8
1902,63.4,,1.0,False,5.683333333333334
1903,63.43333333333333,,1.0,False,5.7
1904,63.46666666666667,,1.0,False,5.85
1905,63.5,,1.0,False,5.683333333333334
1906,63.53333333333333,,1.0,False,5.666666666666666
1907,63.56666666666666,,1.0,False,5.75
1908,63.6,,1.0,False,5.699999999999999
1909,63.63333333333333,,1.0,False,5.75
1910,63.666666666666664,,1.0,False,5.7
1911,63.7,,1.0,False,5.833333333333334
1912,63.733333333333334,,1.0,False,5.7666666666666675
1913,63.766666666666666,,1.0,False,5.733333333333333
1914,63.8,,1.0,False,5.7
1915,63.833333333333336,,1.0,False,5.833333333333334
1916,63.86666666666667,,1.0,False,5.833333333333334
1917,63.9,,1.0,False,5.7333333333333325
1918,63.93333333333333,,1.0,False,5.766666666666667
1919,63.96666666666667,,1.0,False,5.866666666666667
1920,64.0,,1.0,False,5.783333333333333
1921,64.03333333333333,,1.0,False,5.783333333333333
1922,64.06666666666666,,1.0,False,5.7666666666666675
1923,64.1,,1.0,False,5.716666666666667
1924,64.13333333333333,,1.0,False,5.716666666666667
1925,64.16666666666667,,1.0,False,8.2
1926,64.2,,1.0,False,5.816666666666666
1927,64.23333333333333,,1.0,False,5.783333333333333
1928,64.26666666666667,,1.0,False,5.816666666666666
1929,64.3,,1.0,False,5.866666666666667
1930,64.33333333333333,,1.0,False,5.7666666666666675
1931,64.36666666666666,,1.0,False,5.833333333333334
1932,64.4,,1.0,False,5.800000000000001
1933,64.43333333333334,,1.0,False,5.816666666666666
1934,64.46666666666667,,1.0,False,5.716666666666667
1935,64.5,,1.0,False,8.2
1936,64.53333333333333,,1.0,False,8.283333333333333
1937,64.56666666666666,,1.0,False,5.816666666666666
1938,64.6,,1.0,False,5.766666666666667
1939,64.63333333333333,,1.0,False,5.9
1940,64.66666666666667,,1.0,False,5.75
1941,64.7,,0.9722222089767456,False,6.933333333333334
1942,64.73333333333333,,1.0,False,5.816666666666666
1943,64.76666666666667,,1.0,False,5.766666666666667
1944,64.8,,0.984375,False,8.25
1945,64.83333333333333,,1.0,False,5.816666666666666
1946,64.86666666666666,,1.0,False,5.766666666666667
1947,64.9,,1.0,False,5.783333333333333
1948,64.93333333333334,,1.0,False,5.833333333333334
1949,64.96666666666667,,1.0,False,5.816666666666666
1950,65.0,,1.0,False,8.166666666666668
1951,65.03333333333333,,1.0,False,5.733333333333333
1952,65.06666666666666,,1.0,False,5.766666666666667
1953,65.1,,1.0,False,5.766666666666667
1954,65.13333333333333,,1.0,False,5.800000000000001
1955,65.16666666666667,,1.0,False,5.85
1956,65.2,,1.0,False,5.833333333333334
1957,65.23333333333333,,1.0,False,5.75
1958,65.26666666666667,,0.9861111044883728,False,8.133333333333333
1959,65.3,,1.0,False,5.883333333333333
1960,65.33333333333333,,1.0,False,5.783333333333333
1961,65.36666666666666,,0.9861111044883728,False,6.15
1962,65.4,,1.0,False,6.883333333333333
1963,65.43333333333334,,1.0,False,5.616666666666667
1964,65.46666666666667,,1.0,False,5.7
1965,65.5,,1.0,False,5.783333333333333
1966,65.53333333333333,,1.0,False,5.65
1967,65.56666666666666,,1.0,False,5.683333333333334
1968,65.6,,1.0,False,5.666666666666667
1969,65.63333333333333,,1.0,False,5.666666666666666
1970,65.66666666666667,,1.0,False,5.6
1971,65.7,,1.0,False,5.633333333333334
1972,65.73333333333333,,1.0,False,5.5
1973,65.76666666666667,,0.9861111044883728,False,6.533333333333333
1974,65.8,,1.0,False,5.833333333333334
1975,65.83333333333333,,1.0,False,6.85
1976,65.86666666666666,,1.0,False,5.933333333333334
1977,65.9,,1.0,False,5.766666666666667
1978,65.93333333333334,,1.0,False,5.866666666666667
1979,65.96666666666667,,1.0,False,5.85
1980,66.0,,1.0,False,5.7333333333333325
1981,66.03333333333333,,1.0,False,5.816666666666666
1982,66.06666666666666,,1.0,False,5.833333333333334
1983,66.1,,1.0,False,5.833333333333334
1984,66.13333333333333,,1.0,False,5.85
1985,66.16666666666667,,1.0,False,5.866666666666667
1986,66.2,,1.0,False,5.883333333333333
1987,66.23333333333333,,1.0,False,5.783333333333333
1988,66.26666666666667,,1.0,False,5.75
1989,66.3,,1.0,False,5.766666666666667
1990,66.33333333333333,,1.0,False,5.949999999999999
1991,66.36666666666666,,1.0,False,8.2
1992,66.4,,1.0,False,5.866666666666667
1993,66.43333333333334,,1.0,False,5.783333333333333
1994,66.46666666666667,,1.0,False,5.833333333333334
1995,66.5,,1.0,False,5.866666666666667
1996,66.53333333333333,,1.0,False,5.783333333333333
1997,66.56666666666666,,1.0,False,6.783333333333333
1998,66.6,,1.0,False,5.716666666666667
1999,66.63333333333333,,1.0,False,5.716666666666667
2000,66.66666666666667,,1.0,False,5.816666666666666
2001,66.7,,1.0,False,5.8
2002,66.73333333333333,,1.0,False,5.833333333333333
2003,66.76666666666667,,1.0,False,5.7666666666666675
2004,66.8,,1.0,False,5.883333333333333
2005,66.83333333333333,,1.0,False,5.933333333333334
2006,66.86666666666666,,0.9583333432674408,False,6.683333333333334
2007,66.9,,1.0,False,5.783333333333333
2008,66.93333333333334,,1.0,False,5.8
2009,66.96666666666667,,1.0,False,5.783333333333333
2010,67.0,,1.0,False,5.783333333333333
2011,67.03333333333333,,1.0,False,5.783333333333333
2012,67.06666666666666,,1.0,False,5.8
2013,67.1,,1.0,False,5.85
2014,67.13333333333333,,1.0,False,5.883333333333333
2015,67.16666666666667,,1.0,False,5.816666666666666
2016,67.2,,1.0,False,5.8
2017,67.23333333333333,,1.0,False,5.866666666666666
2018,67.26666666666667,,1.0,False,5.783333333333333
2019,67.3,,1.0,False,5.85
2020,67.33333333333333,,1.0,False,5.883333333333333
2021,67.36666666666666,,1.0,False,5.816666666666666
2022,67.4,,1.0,False,5.8
2023,67.43333333333334,,1.0,False,5.933333333333334
2024,67.46666666666667,,1.0,False,5.8
2025,67.5,,1.0,False,5.783333333333333
2026,67.53333333333333,,1.0,False,6.833333333333333
2027,67.56666666666666,,1.0,False,5.95
2028,67.6,,1.0,False,5.9
2029,67.63333333333333,,1.0,False,5.783333333333333
2030,67.66666666666667,,1.0,False,5.833333333333334
2031,67.7,,1.0,False,5.866666666666667
2032,67.73333333333333,,1.0,False,5.933333333333334
2033,67.76666666666667,,1.0,False,5.833333333333334
2034,67.8,,1.0,False,5.833333333333333
2035,67.83333333333333,,1.0,False,5.816666666666666
2036,67.86666666666666,,1.0,False,8.216666666666667
2037,67.9,,1.0,False,5.866666666666667
2038,67.93333333333334,,1.0,False,5.9
2039,67.96666666666667,,1.0,False,5.833333333333334
2040,68.0,,1.0,False,5.816666666666666
2041,68.03333333333333,,1.0,False,5.883333333333333
2042,68.06666666666666,,1.0,False,5.866666666666667
2043,68.1,,1.0,False,5.916666666666667
2044,68.13333333333333,,1.0,False,5.916666666666666
2045,68.16666666666667,,1.0,False,5.8
2046,68.2,,1.0,False,5.916666666666666
2047,68.23333333333333,,1.0,False,5.916666666666667
2048,68.26666666666667,,1.0,False,6.016666666666667
2049,68.3,,1.0,False,5.85
2050,68.33333333333333,,1.0,False,5.966666666666667
2051,68.36666666666666,,1.0,False,5.85
2052,68.4,,1.0,False,5.95
2053,68.43333333333334,,1.0,False,5.933333333333334
2054,68.46666666666667,,1.0,False,5.933333333333334
2055,68.5,,1.0,False,5.9
2056,68.53333333333333,,1.0,False,5.95
2057,68.56666666666666,,1.0,False,7.0
2058,68.6,,1.0,False,5.933333333333334
2059,68.63333333333333,,1.0,False,5.916666666666666
2060,68.66666666666667,,0.9571428596973419,False,8.016666666666666
2061,68.7,,1.0,False,6.0
2062,68.73333333333333,,1.0,False,5.966666666666667
2063,68.76666666666667,,1.0,False,5.949999999999999
2064,68.8,,1.0,False,5.983333333333333
2065,68.83333333333333,,1.0,False,5.916666666666666
2066,68.86666666666666,,1.0,False,5.9
2067,68.9,,1.0,False,5.916666666666666
2068,68.93333333333334,,1.0,False,5.9
2069,68.96666666666667,,1.0,False,7.016666666666667
2070,69.0,,1.0,False,8.15
2071,69.03333333333333,,1.0,False,8.283333333333333
2072,69.06666666666666,,1.0,False,6.0
2073,69.1,,1.0,False,5.95
2074,69.13333333333333,,1.0,False,5.85
2075,69.16666666666667,,1.0,False,5.833333333333334
2076,69.2,,1.0,False,5.966666666666667
2077,69.23333333333333,,1.0,False,5.949999999999999
2078,69.26666666666667,,1.0,False,5.916666666666666
2079,69.3,,1.0,False,5.866666666666667
2080,69.33333333333333,,1.0,False,5.933333333333334
2081,69.36666666666666,,1.0,False,5.916666666666666
2082,69.4,,1.0,False,5.9
2083,69.43333333333334,,1.0,False,5.933333333333334
2084,69.46666666666667,,1.0,False,5.933333333333334
2085,69.5,,1.0,False,5.916666666666667
2086,69.53333333333333,,1.0,False,5.883333333333333
2087,69.56666666666666,,1.0,False,5.983333333333333
2088,69.6,,1.0,False,5.9
2089,69.63333333333333,,1.0,False,5.9
2090,69.66666666666667,,1.0,False,5.949999999999999
2091,69.7,,1.0,False,5.883333333333333
2092,69.73333333333333,,1.0,False,5.883333333333333
2093,69.76666666666667,,1.0,False,5.883333333333333
2094,69.8,,1.0,False,5.783333333333333
2095,69.83333333333333,,1.0,False,8.200000000000001
2096,69.86666666666666,,1.0,False,5.933333333333334
2097,69.9,,1.0,False,5.966666666666667
2098,69.93333333333334,,1.0,False,5.9
2099,69.96666666666667,,1.0,False,5.949999999999999
2100,70.0,,1.0,False,5.966666666666667
2101,70.03333333333333,,1.0,False,5.866666666666666
2102,70.06666666666666,,1.0,False,5.883333333333333
2103,70.1,,1.0,False,5.833333333333334
2104,70.13333333333333,,1.0,False,7.216666666666667
2105,70.16666666666667,,1.0,False,5.933333333333334
2106,70.2,,1.0,False,8.133333333333333
2107,70.23333333333333,,1.0,False,5.85
2108,70.26666666666667,,1.0,False,6.816666666666666
2109,70.3,,1.0,False,5.9
2110,70.33333333333333,,1.0,False,5.916666666666666
2111,70.36666666666666,,1.0,False,5.9
2112,70.4,,1.0,False,5.966666666666667
2113,70.43333333333334,,1.0,False,5.916666666666667
2114,70.46666666666667,,1.0,False,5.9
2115,70.5,,1.0,False,5.85
2116,70.53333333333333,,1.0,False,5.966666666666667
2117,70.56666666666666,,1.0,False,5.883333333333333
2118,70.6,,1.0,False,5.949999999999999
2119,70.63333333333333,,1.0,False,5.85
2120,70.66666666666667,,1.0,False,5.9
2121,70.7,,1.0,False,5.833333333333333
2122,70.73333333333333,,1.0,False,5.966666666666667
2123,70.76666666666667,,1.0,False,5.883333333333333
2124,70.8,,1.0,False,5.833333333333334
2125,70.83333333333333,,1.0,False,5.883333333333333
2126,70.86666666666666,,1.0,False,5.916666666666666
2127,70.9,,1.0,False,5.833333333333333
2128,70.93333333333334,,1.0,False,5.933333333333334
2129,70.96666666666667,,1.0,False,5.866666666666667
2130,71.0,,1.0,False,5.933333333333334
2131,71.03333333333333,,1.0,False,5.95
2132,71.06666666666666,,1.0,False,5.916666666666666
2133,71.1,,1.0,False,5.883333333333333
2134,71.13333333333333,,1.0,False,6.016666666666667
2135,71.16666666666667,,1.0,False,5.85
2136,71.2,,1.0,False,5.866666666666667
2137,71.23333333333333,,1.0,False,5.833333333333333
2138,71.26666666666667,,1.0,False,5.816666666666666
2139,71.3,,1.0,False,5.9
2140,71.33333333333333,,1.0,False,5.95
2141,71.36666666666666,,1.0,False,5.916666666666666
2142,71.4,,1.0,False,5.916666666666666
2143,71.43333333333334,,1.0,False,5.933333333333334
2144,71.46666666666667,,1.0,False,5.883333333333333
2145,71.5,,1.0,False,5.983333333333333
2146,71.53333333333333,,1.0,False,5.916666666666666
2147,71.56666666666666,,1.0,False,5.866666666666666
2148,71.6,,1.0,False,5.9
2149,71.63333333333333,,1.0,False,5.933333333333334
2150,71.66666666666667,,1.0,False,5.9
2151,71.7,,1.0,False,5.933333333333334
2152,71.73333333333333,,1.0,False,6.066666666666666
2153,71.76666666666667,,1.0,False,5.95
2154,71.8,,1.0,False,5.95
2155,71.83333333333333,,1.0,False,6.0
2156,71.86666666666666,,1.0,False,5.9
2157,71.9,,1.0,False,5.966666666666667
2158,71.93333333333334,,1.0,False,5.866666666666667
2159,71.96666666666667,,1.0,False,5.933333333333334
2160,72.0,,1.0,False,5.983333333333333
2161,72.03333333333333,,1.0,False,5.883333333333333
2162,72.06666666666666,,1.0,False,5.966666666666667
2163,72.1,,1.0,False,5.883333333333333
2164,72.13333333333333,,1.0,False,5.916666666666667
2165,72.16666666666667,,1.0,False,5.85
2166,72.2,,1.0,False,5.9
2167,72.23333333333333,,1.0,False,5.9833333333333325
2168,72.26666666666667,,1.0,False,5.816666666666666
2169,72.3,,1.0,False,5.816666666666666
2170,72.33333333333333,,1.0,False,5.866666666666667
2171,72.36666666666666,,1.0,False,5.85
2172,72.4,,1.0,False,5.85
2173,72.43333333333334,,1.0,False,5.916666666666666
2174,72.46666666666667,,1.0,False,5.816666666666666
2175,72.5,,1.0,False,5.816666666666666
2176,72.53333333333333,,1.0,False,5.85
2177,72.56666666666666,,1.0,False,5.9
2178,72.6,,1.0,False,5.9
2179,72.63333333333333,,1.0,False,5.9
2180,72.66666666666667,,1.0,False,5.95
2181,72.7,,1.0,False,5.933333333333334
2182,72.73333333333333,,1.0,False,5.933333333333334
2183,72.76666666666667,,1.0,False,5.883333333333333
2184,72.8,,1.0,False,5.9
2185,72.83333333333333,,1.0,False,5.983333333333333
2186,72.86666666666666,,1.0,False,5.85
2187,72.9,,1.0,False,5.933333333333334
2188,72.93333333333334,,1.0,False,5.966666666666667
2189,72.96666666666667,,1.0,False,5.916666666666667
2190,73.0,,1.0,False,5.916666666666666
2191,73.03333333333333,,1.0,False,5.933333333333334
2192,73.06666666666666,,1.0,False,5.95
2193,73.1,,1.0,False,5.9
2194,73.13333333333333,,1.0,False,5.966666666666667
2195,73.16666666666667,,1.0,False,5.933333333333334
2196,73.2,,1.0,False,5.883333333333333
2197,73.23333333333333,,1.0,False,6.05
2198,73.26666666666667,,1.0,False,6.05
2199,73.3,,1.0,False,5.933333333333334
2200,73.33333333333333,,1.0,False,5.966666666666667
2201,73.36666666666666,,1.0,False,5.916666666666667
2202,73.4,,1.0,False,5.933333333333334
2203,73.43333333333334,,1.0,False,5.95
2204,73.46666666666667,,1.0,False,5.966666666666667
2205,73.5,,0.9861111044883728,False,8.183333333333334
2206,73.53333333333333,,1.0,False,8.2
2207,73.56666666666666,,1.0,False,5.883333333333333
2208,73.6,,1.0,False,5.866666666666666
2209,73.63333333333333,,1.0,False,5.966666666666667
2210,73.66666666666667,,1.0,False,5.933333333333334
2211,73.7,,1.0,False,5.883333333333333
2212,73.73333333333333,,1.0,False,6.033333333333333
2213,73.76666666666667,,1.0,False,5.95
2214,73.8,,1.0,False,6.05
2215,73.83333333333333,,1.0,False,5.966666666666667
2216,73.86666666666666,,1.0,False,6.016666666666667
2217,73.9,,1.0,False,5.9
2218,73.93333333333334,,1.0,False,5.85
2219,73.96666666666667,,1.0,False,5.916666666666667
2220,74.0,,1.0,False,5.933333333333334
2221,74.03333333333333,,1.0,False,5.916666666666666
2222,74.06666666666666,,1.0,False,5.933333333333334
2223,74.1,,1.0,False,5.9
2224,74.13333333333333,,1.0,False,6.016666666666667
2225,74.16666666666667,,1.0,False,6.083333333333334
2226,74.2,,1.0,False,5.949999999999999
2227,74.23333333333333,,1.0,False,6.016666666666667
2228,74.26666666666667,,1.0,False,5.983333333333333
2229,74.3,,1.0,False,5.9
2230,74.33333333333333,,1.0,False,5.966666666666667
2231,74.36666666666666,,1.0,False,5.916666666666666
2232,74.4,,1.0,False,5.983333333333333
2233,74.43333333333334,,1.0,False,6.050000000000001
2234,74.46666666666667,,1.0,False,5.983333333333333
2235,74.5,,1.0,False,5.916666666666666
2236,74.53333333333333,,1.0,False,6.0
2237,74.56666666666666,,1.0,False,6.0
2238,74.6,,1.0,False,5.983333333333333
2239,74.63333333333333,,1.0,False,5.983333333333333
2240,74.66666666666667,,1.0,False,5.949999999999999
2241,74.7,,1.0,False,6.0
2242,74.73333333333333,,1.0,False,5.933333333333334
2243,74.76666666666667,,0.9861111044883728,False,8.316666666666666
2244,74.8,,1.0,False,5.95
2245,74.83333333333333,,1.0,False,6.033333333333333
2246,74.86666666666666,,1.0,False,5.916666666666666
2247,74.9,,1.0,False,6.0
2248,74.93333333333334,,1.0,False,5.883333333333333
2249,74.96666666666667,,1.0,False,6.0
2250,75.0,,1.0,False,5.966666666666667
2251,75.03333333333333,,1.0,False,5.933333333333334
2252,75.06666666666666,,1.0,False,5.933333333333334
2253,75.1,,1.0,False,5.983333333333333
2254,75.13333333333333,,1.0,False,6.0
2255,75.16666666666667,,1.0,False,6.016666666666667
2256,75.2,,1.0,False,5.9
2257,75.23333333333333,,1.0,False,5.966666666666667
2258,75.26666666666667,,1.0,False,5.866666666666667
2259,75.3,,1.0,False,6.016666666666667
2260,75.33333333333333,,1.0,False,5.95
2261,75.36666666666666,,1.0,False,5.933333333333334
2262,75.4,,1.0,False,5.966666666666667
2263,75.43333333333334,,1.0,False,5.966666666666667
2264,75.46666666666667,,1.0,False,5.933333333333334
2265,75.5,,1.0,False,5.833333333333334
2266,75.53333333333333,,1.0,False,5.833333333333334
2267,75.56666666666666,,0.9861111044883728,False,7.050000000000001
2268,75.6,,1.0,False,5.85
2269,75.63333333333333,,1.0,False,7.116666666666667
2270,75.66666666666667,,1.0,False,5.883333333333334
2271,75.7,,1.0,False,5.95
2272,75.73333333333333,,1.0,False,5.9
2273,75.76666666666667,,1.0,False,5.866666666666667
2274,75.8,,1.0,False,5.833333333333334
2275,75.83333333333333,,1.0,False,5.85
2276,75.86666666666666,,1.0,False,6.783333333333333
2277,75.9,,1.0,False,5.949999999999999
2278,75.93333333333334,,1.0,False,5.883333333333333
2279,75.96666666666667,,1.0,False,8.166666666666668
2280,76.0,,1.0,False,5.933333333333334
2281,76.03333333333333,,1.0,False,5.866666666666667
2282,76.06666666666666,,1.0,False,5.933333333333334
2283,76.1,,1.0,False,5.85
2284,76.13333333333333,,1.0,False,5.883333333333333
2285,76.16666666666667,,1.0,False,5.916666666666666
2286,76.2,,1.0,False,6.033333333333333
2287,76.23333333333333,,1.0,False,5.95
2288,76.26666666666667,,1.0,False,6.016666666666667
2289,76.3,,1.0,False,5.966666666666667
2290,76.33333333333333,,1.0,False,5.916666666666666
2291,76.36666666666666,,1.0,False,5.933333333333334
2292,76.4,,1.0,False,6.066666666666666
2293,76.43333333333334,,1.0,False,5.95
2294,76.46666666666667,,1.0,False,5.983333333333333
2295,76.5,,1.0,False,6.0
2296,76.53333333333333,,1.0,False,6.033333333333333
2297,76.56666666666666,,1.0,False,5.983333333333333
2298,76.6,,1.0,False,7.133333333333334
2299,76.63333333333333,,1.0,False,5.949999999999999
2300,76.66666666666667,,1.0,False,6.95
2301,76.7,,1.0,False,5.9
2302,76.73333333333333,,1.0,False,5.966666666666667
2303,76.76666666666667,,1.0,False,6.0
2304,76.8,,1.0,False,5.95
2305,76.83333333333333,,1.0,False,5.983333333333333
2306,76.86666666666666,,1.0,False,5.933333333333334
2307,76.9,,1.0,False,5.966666666666667
2308,76.93333333333334,,1.0,False,5.95
2309,76.96666666666667,,1.0,False,5.966666666666667
2310,77.0,,1.0,False,5.983333333333333
2311,77.03333333333333,,1.0,False,5.966666666666667
2312,77.06666666666666,,1.0,False,5.966666666666667
2313,77.1,,1.0,False,5.983333333333333
2314,77.13333333333333,,1.0,False,5.983333333333333
2315,77.16666666666667,,1.0,False,6.033333333333333
2316,77.2,,1.0,False,6.0
2317,77.23333333333333,,1.0,False,5.933333333333334
2318,77.26666666666667,,1.0,False,5.95
2319,77.3,,1.0,False,6.033333333333333
2320,77.33333333333333,,0.9861111044883728,False,8.15
2321,77.36666666666666,,1.0,False,8.183333333333334
2322,77.4,,1.0,False,6.0
2323,77.43333333333334,,1.0,False,5.966666666666667
2324,77.46666666666667,,1.0,False,5.95
2325,77.5,,1.0,False,5.949999999999999
2326,77.53333333333333,,1.0,False,6.0
2327,77.56666666666666,,1.0,False,6.0
2328,77.6,,1.0,False,6.016666666666667
2329,77.63333333333333,,1.0,False,6.916666666666666
2330,77.66666666666667,,1.0,False,6.016666666666667
2331,77.7,,1.0,False,6.083333333333333
2332,77.73333333333333,,1.0,False,5.949999999999999
2333,77.76666666666667,,1.0,False,6.066666666666666
2334,77.8,,1.0,False,6.033333333333333
2335,77.83333333333333,,1.0,False,5.966666666666667
2336,77.86666666666666,,1.0,False,6.016666666666667
2337,77.9,,1.0,False,5.949999999999999
2338,77.93333333333334,,1.0,False,6.0
2339,77.96666666666667,,1.0,False,5.933333333333334
2340,78.0,,1.0,False,5.95
2341,78.03333333333333,,1.0,False,5.966666666666667
2342,78.06666666666666,,1.0,False,6.016666666666667
2343,78.1,,1.0,False,6.0
2344,78.13333333333333,,1.0,False,5.9
2345,78.16666666666667,,1.0,False,5.933333333333334
2346,78.2,,0.9583333432674408,False,5.783333333333333
2347,78.23333333333333,,1.0,False,5.833333333333333
2348,78.26666666666667,,1.0,False,6.0
2349,78.3,,1.0,False,5.966666666666667
2350,78.33333333333333,,1.0,False,5.966666666666667
2351,78.36666666666666,,1.0,False,5.966666666666667
2352,78.4,,1.0,False,5.983333333333333
2353,78.43333333333334,,1.0,False,5.933333333333334
2354,78.46666666666667,,1.0,False,6.0
2355,78.5,,1.0,False,5.966666666666667
2356,78.53333333333333,,1.0,False,5.933333333333334
2357,78.56666666666666,,1.0,False,6.0
2358,78.6,,1.0,False,6.0
2359,78.63333333333333,,1.0,False,5.916666666666667
2360,78.66666666666667,,1.0,False,6.116666666666667
2361,78.7,,1.0,False,5.916666666666667
2362,78.73333333333333,,1.0,False,6.016666666666667
2363,78.76666666666667,,1.0,False,6.033333333333333
2364,78.8,,1.0,False,5.983333333333333
2365,78.83333333333333,,1.0,False,5.966666666666667
2366,78.86666666666666,,1.0,False,6.0
2367,78.9,,1.0,False,5.916666666666666
2368,78.93333333333334,,1.0,False,5.9
2369,78.96666666666667,,1.0,False,5.95
2370,79.0,,1.0,False,5.9
2371,79.03333333333333,,1.0,False,5.966666666666667
2372,79.06666666666666,,1.0,False,5.916666666666666
2373,79.1,,1.0,False,5.933333333333334
2374,79.13333333333333,,1.0,False,5.95
2375,79.16666666666667,,1.0,False,6.016666666666667
2376,79.2,,1.0,False,5.983333333333333
2377,79.23333333333333,,1.0,False,6.033333333333333
2378,79.26666666666667,,1.0,False,5.933333333333334
2379,79.3,,1.0,False,5.9
2380,79.33333333333333,,1.0,False,5.85
2381,79.36666666666666,,1.0,False,5.9
2382,79.4,,1.0,False,6.033333333333333
2383,79.43333333333334,,1.0,False,6.0
2384,79.46666666666667,,1.0,False,5.966666666666667
2385,79.5,,0.9857142865657806,False,8.233333333333334
2386,79.53333333333333,,1.0,False,8.05
2387,79.56666666666666,,1.0,False,5.933333333333334
2388,79.6,,1.0,False,5.966666666666667
2389,79.63333333333333,,1.0,False,5.983333333333333
2390,79.66666666666667,,1.0,False,5.883333333333333
2391,79.7,,1.0,False,5.883333333333333
2392,79.73333333333333,,1.0,False,6.066666666666666
2393,79.76666666666667,,1.0,False,6.0
2394,79.8,,1.0,False,5.933333333333334
2395,79.83333333333333,,1.0,False,5.966666666666667
2396,79.86666666666666,,1.0,False,6.033333333333333
2397,79.9,,1.0,False,5.883333333333333
2398,79.93333333333334,,1.0,False,5.916666666666666
2399,79.96666666666667,,1.0,False,8.183333333333334
2400,80.0,,1.0,False,8.25
2401,80.03333333333333,,1.0,False,5.916666666666666
2402,80.06666666666666,,1.0,False,6.0
2403,80.1,,1.0,False,6.066666666666666
2404,80.13333333333333,,1.0,False,5.883333333333333
2405,80.16666666666667,,1.0,False,5.95
2406,80.2,,1.0,False,5.95
2407,80.23333333333333,,1.0,False,5.983333333333333
2408,80.26666666666667,,1.0,False,5.95
2409,80.3,,1.0,False,5.883333333333333
2410,80.33333333333333,,1.0,False,6.0
2411,80.36666666666666,,1.0,False,5.933333333333334
2412,80.4,,1.0,False,6.0
2413,80.43333333333334,,1.0,False,5.983333333333333
2414,80.46666666666667,,1.0,False,6.016666666666667
2415,80.5,,1.0,False,6.800000000000001
2416,80.53333333333333,,1.0,False,6.016666666666667
2417,80.56666666666666,,1.0,False,5.966666666666667
2418,80.6,,1.0,False,5.95
2419,80.63333333333333,,1.0,False,5.983333333333333
2420,80.66666666666667,,1.0,False,6.116666666666667
2421,80.7,,1.0,False,5.933333333333334
2422,80.73333333333333,,1.0,False,6.033333333333333
2423,80.76666666666667,,1.0,False,6.083333333333334
2424,80.8,,1.0,False,6.016666666666667
2425,80.83333333333333,,1.0,False,5.983333333333333
2426,80.86666666666666,,1.0,False,6.0
2427,80.9,,1.0,False,6.033333333333333
2428,80.93333333333334,,1.0,False,5.966666666666667
2429,80.96666666666667,,0.9861111044883728,False,7.433333333333334
2430,81.0,,1.0,False,6.016666666666667
2431,81.03333333333333,,1.0,False,5.983333333333333
2432,81.06666666666666,,1.0,False,6.083333333333334
2433,81.1,,1.0,False,6.033333333333333
2434,81.13333333333333,,1.0,False,6.0
2435,81.16666666666667,,1.0,False,6.116666666666667
2436,81.2,,1.0,False,6.066666666666666
2437,81.23333333333333,,1.0,False,6.033333333333333
2438,81.26666666666667,,1.0,False,5.983333333333333
2439,81.3,,1.0,False,5.966666666666667
2440,81.33333333333333,,1.0,False,5.883333333333333
2441,81.36666666666666,,1.0,False,5.9
2442,81.4,,1.0,False,5.933333333333334
2443,81.43333333333334,,1.0,False,6.283333333333333
2444,81.46666666666667,,1.0,False,5.966666666666667
2445,81.5,,1.0,False,6.083333333333333
2446,81.53333333333333,,1.0,False,5.883333333333333
2447,81.56666666666666,,1.0,False,5.95
2448,81.6,,1.0,False,5.916666666666666
2449,81.63333333333333,,1.0,False,6.0
2450,81.66666666666667,,1.0,False,6.85
2451,81.7,,1.0,False,5.949999999999999
2452,81.73333333333333,,1.0,False,5.983333333333333
2453,81.76666666666667,,1.0,False,5.983333333333333
2454,81.8,,1.0,False,5.966666666666667
2455,81.83333333333333,,1.0,False,6.033333333333333
2456,81.86666666666666,,1.0,False,5.966666666666667
2457,81.9,,1.0,False,6.0
2458,81.93333333333334,,1.0,False,5.983333333333333
2459,81.96666666666667,,1.0,False,5.983333333333333
2460,82.0,,1.0,False,5.95
2461,82.03333333333333,,1.0,False,5.983333333333333
2462,82.06666666666666,,1.0,False,5.983333333333333
2463,82.1,,1.0,False,5.983333333333333
2464,82.13333333333333,,1.0,False,6.033333333333333
2465,82.16666666666667,,1.0,False,6.016666666666667
2466,82.2,,1.0,False,6.0
2467,82.23333333333333,,1.0,False,6.016666666666667
2468,82.26666666666667,,1.0,False,6.0
2469,82.3,,1.0,False,6.1
2470,82.33333333333333,,1.0,False,6.016666666666667
2471,82.36666666666666,,1.0,False,6.0
2472,82.4,,1.0,False,5.966666666666667
2473,82.43333333333334,,1.0,False,6.066666666666666
2474,82.46666666666667,,1.0,False,5.95
2475,82.5,,1.0,False,6.033333333333333
2476,82.53333333333333,,1.0,False,6.016666666666667
2477,82.56666666666666,,1.0,False,6.050000000000001
2478,82.6,,1.0,False,5.966666666666667
2479,82.63333333333333,,1.0,False,6.15
2480,82.66666666666667,,1.0,False,5.966666666666667
2481,82.7,,1.0,False,6.0
2482,82.73333333333333,,1.0,False,5.983333333333333
2483,82.76666666666667,,1.0,False,6.083333333333334
2484,82.8,,1.0,False,6.066666666666666
2485,82.83333333333333,,1.0,False,6.033333333333333
2486,82.86666666666666,,1.0,False,6.066666666666666
2487,82.9,,1.0,False,5.966666666666667
2488,82.93333333333334,,0.9861111044883728,False,8.033333333333333
2489,82.96666666666667,,1.0,False,6.05
2490,83.0,,1.0,False,5.933333333333334
2491,83.03333333333333,,1.0,False,6.0
2492,83.06666666666666,,1.0,False,6.0166666666666675
2493,83.1,,1.0,False,6.016666666666667
2494,83.13333333333333,,1.0,False,6.016666666666667
2495,83.16666666666667,,1.0,False,6.066666666666666
2496,83.2,,1.0,False,6.0
2497,83.23333333333333,,1.0,False,5.966666666666667
2498,83.26666666666667,,1.0,False,6.066666666666666
2499,83.3,,1.0,False,6.066666666666666
2500,83.33333333333333,,1.0,False,6.033333333333333
2501,83.36666666666666,,1.0,False,6.1
2502,83.4,,1.0,False,6.1
2503,83.43333333333334,,1.0,False,5.966666666666667
2504,83.46666666666667,,1.0,False,6.016666666666667
2505,83.5,,1.0,False,6.066666666666666
2506,83.53333333333333,,1.0,False,6.083333333333333
2507,83.56666666666666,,1.0,False,6.0166666666666675
2508,83.6,,1.0,False,6.033333333333333
2509,83.63333333333333,,1.0,False,6.066666666666666
2510,83.66666666666667,,1.0,False,6.083333333333334
2511,83.7,,1.0,False,6.1
2512,83.73333333333333,,1.0,False,6.083333333333334
2513,83.76666666666667,,1.0,False,6.066666666666666
2514,83.8,,1.0,False,6.033333333333333
2515,83.83333333333333,,1.0,False,5.9833333333333325
2516,83.86666666666666,,1.0,False,6.083333333333334
2517,83.9,,1.0,False,6.0
2518,83.93333333333334,,1.0,False,6.083333333333334
2519,83.96666666666667,,1.0,False,6.050000000000001
2520,84.0,,1.0,False,6.05
2521,84.03333333333333,,1.0,False,6.05
2522,84.06666666666666,,1.0,False,6.066666666666666
2523,84.1,,1.0,False,6.033333333333333
2524,84.13333333333333,,1.0,False,6.033333333333333
2525,84.16666666666667,,1.0,False,6.050000000000001
2526,84.2,,1.0,False,6.050000000000001
2527,84.23333333333333,,1.0,False,6.033333333333333
2528,84.26666666666667,,1.0,False,6.1
2529,84.3,,1.0,False,8.3
2530,84.33333333333333,,1.0,False,6.05
2531,84.36666666666666,,1.0,False,6.066666666666666
2532,84.4,,1.0,False,6.133333333333333
2533,84.43333333333334,,1.0,False,6.1
2534,84.46666666666667,,1.0,False,6.066666666666666
2535,84.5,,1.0,False,6.033333333333333
2536,84.53333333333333,,1.0,False,6.033333333333333
2537,84.56666666666666,,1.0,False,6.133333333333333
2538,84.6,,1.0,False,6.1
2539,84.63333333333333,,1.0,False,8.4
2540,84.66666666666667,,1.0,False,7.066666666666666
2541,84.7,,1.0,False,6.066666666666666
2542,84.73333333333333,,1.0,False,6.050000000000001
2543,84.76666666666667,,1.0,False,6.050000000000001
2544,84.8,,1.0,False,6.016666666666667
2545,84.83333333333333,,1.0,False,6.033333333333333
2546,84.86666666666666,,1.0,False,6.166666666666666
2547,84.9,,1.0,False,6.050000000000001
2548,84.93333333333334,,1.0,False,6.050000000000001
2549,84.96666666666667,,1.0,False,6.066666666666666
2550,85.0,,1.0,False,8.383333333333333
2551,85.03333333333333,,1.0,False,6.033333333333333
2552,85.06666666666666,,1.0,False,6.116666666666667
2553,85.1,,1.0,False,6.033333333333333
2554,85.13333333333333,,0.9861111044883728,False,8.383333333333333
2555,85.16666666666667,,1.0,False,6.116666666666667
2556,85.2,,1.0,False,6.033333333333333
2557,85.23333333333333,,1.0,False,6.033333333333333
2558,85.26666666666667,,1.0,False,6.05
2559,85.3,,1.0,False,6.083333333333334
2560,85.33333333333333,,1.0,False,8.25
2561,85.36666666666666,,1.0,False,6.0
2562,85.4,,1.0,False,6.9
2563,85.43333333333334,,1.0,False,6.050000000000001
2564,85.46666666666667,,1.0,False,8.316666666666666
2565,85.5,,1.0,False,6.1
2566,85.53333333333333,,1.0,False,6.050000000000001
2567,85.56666666666666,,1.0,False,6.050000000000001
2568,85.6,,1.0,False,6.033333333333333
2569,85.63333333333333,,1.0,False,8.183333333333334
2570,85.66666666666667,,1.0,False,6.016666666666667
2571,85.7,,1.0,False,6.016666666666667
2572,85.73333333333333,,1.0,False,6.016666666666667
2573,85.76666666666667,,1.0,False,6.116666666666667
2574,85.8,,1.0,False,7.25
2575,85.83333333333333,,1.0,False,6.0
2576,85.86666666666666,,1.0,False,6.066666666666666
2577,85.9,,1.0,False,5.966666666666667
2578,85.93333333333334,,1.0,False,5.983333333333333
2579,85.96666666666667,,1.0,False,6.016666666666667
2580,86.0,,1.0,False,6.016666666666667
2581,86.03333333333333,,1.0,False,6.033333333333333
2582,86.06666666666666,,1.0,False,6.183333333333334
2583,86.1,,1.0,False,6.083333333333334
2584,86.13333333333333,,1.0,False,6.133333333333333
2585,86.16666666666667,,1.0,False,6.133333333333334
2586,86.2,,1.0,False,6.2
2587,86.23333333333333,,1.0,False,5.966666666666667
2588,86.26666666666667,,1.0,False,6.033333333333333
2589,86.3,,1.0,False,6.1
2590,86.33333333333333,,1.0,False,6.0
2591,86.36666666666666,,1.0,False,6.133333333333334
2592,86.4,,0.9027777910232544,False,8.116666666666667
2593,86.43333333333334,,1.0,False,5.966666666666667
2594,86.46666666666667,,1.0,False,5.966666666666667
2595,86.5,,1.0,False,6.466666666666667
2596,86.53333333333333,,1.0,False,6.033333333333333
2597,86.56666666666666,,1.0,False,6.066666666666666
2598,86.6,,1.0,False,5.983333333333333
2599,86.63333333333333,,1.0,False,6.066666666666666
2600,86.66666666666667,,1.0,False,6.083333333333334
2601,86.7,,1.0,False,5.95
2602,86.73333333333333,,1.0,False,6.05
2603,86.76666666666667,,1.0,False,6.033333333333333
2604,86.8,,1.0,False,6.016666666666667
2605,86.83333333333333,,1.0,False,5.966666666666667
2606,86.86666666666666,,1.0,False,6.033333333333333
2607,86.9,,1.0,False,5.966666666666667
2608,86.93333333333334,,1.0,False,5.983333333333333
2609,86.96666666666667,,1.0,False,6.0
2610,87.0,,1.0,False,5.9833333333333325
2611,87.03333333333333,,1.0,False,5.983333333333333
2612,87.06666666666666,,1.0,False,5.983333333333333
2613,87.1,,1.0,False,6.0166666666666675
2614,87.13333333333333,,1.0,False,8.4
2615,87.16666666666667,,1.0,False,6.05
2616,87.2,,1.0,False,6.033333333333333
2617,87.23333333333333,,1.0,False,6.016666666666667
2618,87.26666666666667,,1.0,False,5.983333333333333
2619,87.3,,1.0,False,5.95
2620,87.33333333333333,,1.0,False,5.949999999999999
2621,87.36666666666666,,1.0,False,6.033333333333333
2622,87.4,,0.9861111044883728,False,8.283333333333333
2623,87.43333333333334,,1.0,False,6.05
2624,87.46666666666667,,1.0,False,5.949999999999999
2625,87.5,,1.0,False,5.933333333333334
2626,87.53333333333333,,1.0,False,6.033333333333333
2627,87.56666666666666,,1.0,False,5.95
2628,87.6,,1.0,False,6.016666666666667
2629,87.63333333333333,,1.0,False,5.949999999999999
2630,87.66666666666667,,1.0,False,5.966666666666667
2631,87.7,,1.0,False,6.033333333333333
2632,87.73333333333333,,1.0,False,6.016666666666667
2633,87.76666666666667,,1.0,False,5.983333333333333
2634,87.8,,1.0,False,5.983333333333333
2635,87.83333333333333,,1.0,False,6.0166666666666675
2636,87.86666666666666,,1.0,False,6.066666666666666
2637,87.9,,1.0,False,6.0
2638,87.93333333333334,,1.0,False,5.933333333333334
2639,87.96666666666667,,1.0,False,6.85
2640,88.0,,1.0,False,6.066666666666666
2641,88.03333333333333,,1.0,False,5.95
2642,88.06666666666666,,1.0,False,5.966666666666667
2643,88.1,,1.0,False,6.0
2644,88.13333333333333,,1.0,False,6.016666666666667
2645,88.16666666666667,,1.0,False,5.966666666666667
2646,88.2,,1.0,False,5.95
2647,88.23333333333333,,1.0,False,6.066666666666666
2648,88.26666666666667,,1.0,False,6.066666666666666
2649,88.3,,1.0,False,6.0166666666666675
2650,88.33333333333333,,1.0,False,6.033333333333333
2651,88.36666666666666,,1.0,False,6.0
2652,88.4,,1.0,False,6.0166666666666675
2653,88.43333333333334,,1.0,False,6.0
2654,88.46666666666667,,1.0,False,6.033333333333333
2655,88.5,,1.0,False,6.016666666666667
2656,88.53333333333333,,1.0,False,5.949999999999999
2657,88.56666666666666,,1.0,False,6.0
2658,88.6,,1.0,False,6.116666666666667
2659,88.63333333333333,,1.0,False,5.983333333333333
2660,88.66666666666667,,1.0,False,6.050000000000001
2661,88.7,,1.0,False,5.983333333333333
2662,88.73333333333333,,1.0,False,6.066666666666666
2663,88.76666666666667,,1.0,False,6.016666666666667
2664,88.8,,1.0,False,6.016666666666667
2665,88.83333333333333,,1.0,False,6.016666666666667
2666,88.86666666666666,,1.0,False,6.016666666666667
2667,88.9,,1.0,False,6.083333333333334
2668,88.93333333333334,,1.0,False,6.066666666666666
2669,88.96666666666667,,1.0,False,6.016666666666667
2670,89.0,,1.0,False,6.066666666666666
2671,89.03333333333333,,1.0,False,6.016666666666667
2672,89.06666666666666,,1.0,False,6.133333333333333
2673,89.1,,1.0,False,6.016666666666667
2674,89.13333333333333,,1.0,False,6.05
2675,89.16666666666667,,1.0,False,6.016666666666667
2676,89.2,,1.0,False,6.033333333333333
2677,89.23333333333333,,1.0,False,6.033333333333333
2678,89.26666666666667,,1.0,False,6.0
2679,89.3,,1.0,False,6.033333333333333
2680,89.33333333333333,,0.9861111044883728,False,8.366666666666667
2681,89.36666666666666,,1.0,False,6.016666666666667
2682,89.4,,1.0,False,5.966666666666667
2683,89.43333333333334,,1.0,False,6.0
2684,89.46666666666667,,1.0,False,6.066666666666666
2685,89.5,,1.0,False,6.0
2686,89.53333333333333,,1.0,False,6.0
2687,89.56666666666666,,1.0,False,6.0
2688,89.6,,1.0,False,6.066666666666666
2689,89.63333333333333,,1.0,False,6.083333333333334
2690,89.66666666666667,,1.0,False,5.983333333333333
2691,89.7,,1.0,False,6.0
2692,89.73333333333333,,1.0,False,6.0
2693,89.76666666666667,,1.0,False,6.1
2694,89.8,,1.0,False,6.066666666666666
2695,89.83333333333333,,1.0,False,6.1
2696,89.86666666666666,,1.0,False,6.1
2697,89.9,,1.0,False,6.016666666666667
2698,89.93333333333334,,1.0,False,5.966666666666667
2699,89.96666666666667,,1.0,False,6.116666666666667
2700,90.0,,1.0,False,6.050000000000001
2701,90.03333333333333,,1.0,False,6.083333333333333
2702,90.06666666666666,,1.0,False,6.016666666666667
2703,90.1,,1.0,False,6.05
2704,90.13333333333333,,1.0,False,6.05
2705,90.16666666666669,,1.0,False,6.0
2706,90.2,,1.0,False,6.016666666666667
2707,90.23333333333332,,1.0,False,6.050000000000001
2708,90.26666666666668,,1.0,False,8.45
2709,90.3,,1.0,False,5.983333333333333
2710,90.33333333333331,,1.0,False,6.05
2711,90.36666666666666,,1.0,False,6.016666666666667
2712,90.4,,1.0,False,6.016666666666667
2713,90.43333333333334,,1.0,False,5.983333333333333
2714,90.46666666666668,,1.0,False,6.05
2715,90.5,,1.0,False,6.066666666666666
2716,90.53333333333332,,1.0,False,5.966666666666667
2717,90.56666666666666,,1.0,False,5.966666666666667
2718,90.6,,1.0,False,6.033333333333333
2719,90.63333333333333,,1.0,False,5.966666666666667
2720,90.66666666666669,,1.0,False,6.05
2721,90.7,,1.0,False,6.0
2722,90.73333333333332,,1.0,False,6.0
2723,90.76666666666668,,1.0,False,6.033333333333333
2724,90.8,,1.0,False,6.0
2725,90.83333333333331,,1.0,False,6.033333333333333
2726,90.86666666666666,,1.0,False,6.0
2727,90.9,,1.0,False,6.0
2728,90.93333333333334,,1.0,False,5.933333333333334
2729,90.96666666666668,,1.0,False,5.966666666666667
2730,91.0,,1.0,False,6.066666666666666
2731,91.03333333333332,,1.0,False,5.983333333333333
2732,91.06666666666666,,1.0,False,6.05
2733,91.1,,1.0,False,8.2
2734,91.13333333333333,,1.0,False,5.95
2735,91.16666666666669,,1.0,False,6.016666666666667
2736,91.2,,1.0,False,6.0
2737,91.23333333333332,,1.0,False,6.05
2738,91.26666666666668,,1.0,False,5.983333333333333
2739,91.3,,1.0,False,6.066666666666666
2740,91.33333333333331,,1.0,False,6.066666666666666
2741,91.36666666666666,,1.0,False,6.066666666666666
2742,91.4,,1.0,False,5.983333333333333
2743,91.43333333333334,,1.0,False,6.016666666666667
2744,91.46666666666668,,1.0,False,6.0
2745,91.5,,1.0,False,6.066666666666666
2746,91.53333333333332,,1.0,False,5.966666666666667
2747,91.56666666666666,,1.0,False,6.016666666666667
2748,91.6,,0.9861111044883728,False,8.2
2749,91.63333333333333,,1.0,False,8.283333333333333
2750,91.66666666666669,,1.0,False,5.949999999999999
2751,91.7,,1.0,False,6.166666666666667
2752,91.73333333333332,,1.0,False,6.0
2753,91.76666666666668,,1.0,False,6.1
2754,91.8,,1.0,False,6.966666666666667
2755,91.83333333333331,,1.0,False,5.983333333333333
2756,91.86666666666666,,1.0,False,6.0
2757,91.9,,1.0,False,5.966666666666667
2758,91.93333333333334,,1.0,False,6.05
2759,91.96666666666668,,1.0,False,7.016666666666667
2760,92.0,,1.0,False,6.066666666666666
2761,92.03333333333332,,1.0,False,6.066666666666666
2762,92.06666666666666,,1.0,False,6.066666666666666
2763,92.1,,1.0,False,5.9
2764,92.13333333333333,,1.0,False,6.0
2765,92.16666666666669,,1.0,False,5.9833333333333325
2766,92.2,,1.0,False,6.033333333333333
2767,92.23333333333332,,1.0,False,5.949999999999999
2768,92.26666666666668,,1.0,False,5.949999999999999
2769,92.3,,1.0,False,5.983333333333333
2770,92.33333333333331,,1.0,False,5.966666666666667
2771,92.36666666666666,,1.0,False,6.016666666666667
2772,92.4,,1.0,False,5.933333333333334
2773,92.43333333333334,,1.0,False,5.966666666666667
2774,92.46666666666668,,1.0,False,5.966666666666667
2775,92.5,,1.0,False,6.016666666666667
2776,92.53333333333332,,1.0,False,6.05
2777,92.56666666666666,,1.0,False,6.066666666666666
2778,92.6,,1.0,False,5.966666666666667
2779,92.63333333333333,,1.0,False,5.916666666666666
2780,92.66666666666669,,1.0,False,5.966666666666667
2781,92.7,,1.0,False,6.0
2782,92.73333333333332,,1.0,False,6.016666666666667
2783,92.76666666666668,,1.0,False,6.116666666666667
2784,92.8,,1.0,False,6.0
2785,92.83333333333331,,1.0,False,5.966666666666667
2786,92.86666666666666,,1.0,False,6.016666666666667
2787,92.9,,1.0,False,5.966666666666667
2788,92.93333333333334,,1.0,False,5.916666666666667
2789,92.96666666666668,,1.0,False,6.116666666666667
2790,93.0,,1.0,False,5.966666666666667
2791,93.03333333333332,,1.0,False,5.95
2792,93.06666666666666,,1.0,False,6.016666666666667
2793,93.1,,1.0,False,6.083333333333333
2794,93.13333333333333,,1.0,False,6.016666666666667
2795,93.16666666666669,,1.0,False,5.95
2796,93.2,,1.0,False,6.033333333333333
2797,93.23333333333332,,1.0,False,6.05
2798,93.26666666666668,,1.0,False,5.966666666666667
2799,93.3,,1.0,False,5.983333333333333
2800,93.33333333333331,,1.0,False,6.016666666666667
2801,93.36666666666666,,1.0,False,6.066666666666666
2802,93.4,,1.0,False,5.933333333333334
2803,93.43333333333334,,1.0,False,5.966666666666667
2804,93.46666666666668,,1.0,False,6.1
2805,93.5,,1.0,False,5.983333333333333
2806,93.53333333333332,,1.0,False,6.05
2807,93.56666666666666,,1.0,False,5.916666666666667
2808,93.6,,1.0,False,5.966666666666667
2809,93.63333333333333,,1.0,False,6.1
2810,93.66666666666669,,1.0,False,6.083333333333333
2811,93.7,,0.9861111044883728,False,7.15
2812,93.73333333333332,,1.0,False,6.033333333333333
2813,93.76666666666668,,1.0,False,5.95
2814,93.8,,1.0,False,5.966666666666667
2815,93.83333333333331,,1.0,False,6.016666666666667
2816,93.86666666666666,,1.0,False,6.033333333333333
2817,93.9,,1.0,False,6.0
2818,93.93333333333334,,1.0,False,6.050000000000001
2819,93.96666666666668,,1.0,False,6.033333333333333
2820,94.0,,1.0,False,5.933333333333334
2821,94.03333333333332,,1.0,False,6.016666666666667
2822,94.06666666666666,,1.0,False,5.966666666666667
2823,94.1,,1.0,False,8.25
2824,94.13333333333333,,1.0,False,5.933333333333334
2825,94.16666666666669,,1.0,False,5.966666666666667
2826,94.2,,1.0,False,5.933333333333334
2827,94.23333333333332,,1.0,False,6.0
2828,94.26666666666668,,1.0,False,6.783333333333333
2829,94.3,,1.0,False,6.066666666666666
2830,94.33333333333331,,1.0,False,6.0166666666666675
2831,94.36666666666666,,1.0,False,5.983333333333333
2832,94.4,,1.0,False,6.05
2833,94.43333333333334,,1.0,False,5.916666666666667
2834,94.46666666666668,,1.0,False,6.05
2835,94.5,,1.0,False,5.95
2836,94.53333333333332,,1.0,False,6.033333333333333
2837,94.56666666666666,,1.0,False,5.916666666666666
2838,94.6,,0.9861111044883728,False,7.983333333333333
2839,94.63333333333333,,1.0,False,5.983333333333333
2840,94.66666666666669,,1.0,False,5.983333333333333
2841,94.7,,1.0,False,5.966666666666667
2842,94.73333333333332,,1.0,False,6.016666666666667
2843,94.76666666666668,,1.0,False,8.083333333333332
2844,94.8,,1.0,False,6.0
2845,94.83333333333331,,1.0,False,6.116666666666667
2846,94.86666666666666,,1.0,False,6.016666666666667
2847,94.9,,1.0,False,6.033333333333333
2848,94.93333333333334,,1.0,False,6.033333333333333
2849,94.96666666666668,,1.0,False,5.916666666666666
2850,95.0,,1.0,False,5.916666666666667
2851,95.03333333333332,,1.0,False,5.933333333333334
2852,95.06666666666666,,1.0,False,6.033333333333333
2853,95.1,,1.0,False,5.966666666666667
2854,95.13333333333333,,1.0,False,6.016666666666667
2855,95.16666666666669,,1.0,False,5.933333333333334
2856,95.2,,0.9861111044883728,False,5.65
2857,95.23333333333332,,1.0,False,6.0
2858,95.26666666666668,,1.0,False,5.9
2859,95.3,,1.0,False,6.066666666666666
2860,95.33333333333331,,1.0,False,6.033333333333333
2861,95.36666666666666,,1.0,False,6.066666666666666
2862,95.4,,1.0,False,6.383333333333333
