frame_id,timestamp,diameter_mm,diameter,confidence,is_bad_data
0,0.0,5.933333333333334,178.0,1.0,False
1,0.03333333333333144,6.033333333333328,180.99999999999983,1.0,False
2,0.06666666666666288,6.016666666666668,180.50000000000006,0.9166666865348909,True
3,0.09999999999999432,6.000000000000003,180.00000000000009,0.9999999999999858,False
4,0.13333333333332575,6.099999999999977,182.99999999999932,1.0,False
5,0.1666666666666572,5.950000000000042,178.50000000000125,1.0,False
6,0.19999999999998863,5.933333333333339,178.00000000000017,1.0,False
7,0.23333333333332007,5.999999999999973,179.9999999999992,0.9166666865349147,True
8,0.2666666666666515,6.033333333333318,180.99999999999955,0.9999999999999623,False
9,0.29999999999998295,6.0666666666666496,181.9999999999995,1.0,False
10,0.3333333333333144,6.033333333333353,181.00000000000057,0.750000000000142,True
11,0.3666666666666458,6.033333333333333,181.0,0.9999999999998443,True
12,0.39999999999997726,5.983333333333368,179.50000000000105,1.0,False
13,0.4333333333333087,5.999999999999988,179.99999999999963,1.0,False
14,0.46666666666664014,5.958333333333367,178.750000000001,0.7222222089769668,True
15,0.4999999999999716,5.950000000000007,178.50000000000023,0.9999999999997631,False
16,0.533333333333303,5.95,178.5,1.0,False
17,0.5666666666666345,5.900000000000048,177.00000000000145,1.0,False
18,0.5999999999999659,5.733333333333503,172.0000000000051,1.0,False
19,0.6333333333332973,5.700000000000035,171.00000000000105,1.0,False
20,0.6666666666666288,5.666666666666704,170.00000000000114,1.0,False
21,0.6999999999999602,5.666666666666666,169.99999999999997,1.0,False
22,0.7333333333332916,5.583333333333438,167.50000000000313,1.0,False
23,0.7666666666666231,5.550000000000043,166.5000000000013,1.0,False
24,0.7999999999999545,5.550000000000001,166.50000000000003,1.0,False
25,0.833333333333286,5.583333333333286,167.49999999999858,1.0,False
26,0.8666666666666174,5.550000000000049,166.50000000000145,1.0,False
27,0.8999999999999488,5.599999999999923,167.9999999999977,1.0,False
28,0.9333333333332803,5.6333333333332805,168.9999999999984,1.0,False
29,0.9666666666666117,5.649999999999972,169.49999999999915,1.0,True
30,0.9999999999999432,5.683333333333277,170.4999999999983,1.0,False
31,1.0333333333332746,5.666666666666696,170.00000000000088,1.0,False
32,1.066666666666606,5.633333333333394,169.00000000000182,1.0,False
33,1.0999999999999375,5.71666666666651,171.49999999999528,1.0,False
34,1.133333333333269,5.7333333333333005,171.999999999999,1.0,False
35,1.1666666666666003,5.7666666666666,172.999999999998,1.0,False
36,1.1999999999999318,5.733333333333402,172.00000000000205,1.0,False
37,1.2333333333332632,5.733333333333333,172.0,1.0,False
38,1.2666666666665947,5.7499999999999645,172.49999999999892,1.0,False
39,1.299999999999926,5.816666666666519,174.49999999999557,1.0,False
40,1.3333333333332575,5.76666666666678,173.0000000000034,1.0,False
41,1.366666666666589,5.81666666666655,174.4999999999965,1.0,False
42,1.3999999999999204,5.80000000000004,174.0000000000012,1.0,False
43,1.4333333333332519,5.766666666666748,173.00000000000244,1.0,False
44,1.4666666666665833,5.799999999999917,173.99999999999753,1.0,False
45,1.4999999999999147,5.766666666666752,173.00000000000256,1.0,False
46,1.5333333333332462,5.849999999999783,175.4999999999935,1.0,False
47,1.5666666666665776,5.8500000000000005,175.50000000000003,1.0,False
48,1.599999999999909,5.8000000000001375,174.00000000000412,1.0,False
49,1.6333333333332405,5.866666666666481,175.99999999999443,1.0,False
50,1.666666666666572,5.8166666666668085,174.50000000000426,1.0,False
51,1.6999999999999034,5.816666666666666,174.5,1.0,False
52,1.7333333333332348,5.899999999999753,176.9999999999926,1.0,False
53,1.7666666666665662,5.783333333333685,173.50000000001054,1.0,False
54,1.7999999999998977,5.833333333333179,174.9999999999954,1.0,False
55,1.8333333333332291,5.816666666666719,174.50000000000156,1.0,False
56,1.8666666666665606,5.849999999999894,175.49999999999682,1.0,False
57,1.899999999999892,5.816666666666775,174.50000000000324,1.0,False
58,1.9333333333332234,5.84999999999989,175.4999999999967,1.0,False
59,1.9666666666665549,5.816666666666778,174.50000000000335,1.0,False
60,1.9999999999998863,5.833333333333276,174.9999999999983,1.0,False
61,2.0333333333332178,5.849999999999943,175.4999999999983,1.0,False
62,2.066666666666549,5.816666666666784,174.50000000000352,1.0,False
63,2.0999999999998806,5.800000000000059,174.0000000000018,1.0,False
64,2.133333333333212,5.866666666666424,175.99999999999272,1.0,False
65,2.1666666666665435,5.899999999999877,176.9999999999963,1.0,False
66,2.199999999999875,5.924999999999906,177.74999999999716,1.0,True
67,2.2333333333332064,5.850000000000286,175.50000000000858,1.0,False
68,2.266666666666538,5.866666666666602,175.99999999999807,1.0,False
69,2.2999999999998693,5.850000000000065,175.50000000000196,1.0,False
70,2.3333333333332007,5.85,175.5,1.0,False
71,2.366666666666532,5.899999999999798,176.99999999999395,1.0,False
72,2.3999999999998636,5.833333333333606,175.00000000000819,1.0,False
73,2.433333333333195,5.816666666666736,174.50000000000207,1.0,False
74,2.4666666666665265,5.8249999999999655,174.74999999999898,1.0,True
75,2.499999999999858,5.849999999999893,175.4999999999968,1.0,False
76,2.5333333333331893,5.883333333333189,176.49999999999568,0.8888888955121068,True
77,2.5666666666665208,5.86666666666674,176.0000000000022,0.9999999999995145,False
78,2.599999999999852,5.800000000000296,174.00000000000887,1.0,False
79,2.6333333333331836,5.716666666667042,171.50000000001125,1.0,False
80,2.666666666666515,5.700000000000076,171.00000000000227,1.0,False
81,2.6999999999998465,5.616666666667051,168.50000000001154,1.0,False
82,2.733333333333178,5.2833333333348875,158.5000000000466,0.9722222089768752,False
83,2.7666666666665094,5.349999999999685,160.49999999999056,4.5852210917018965e-12,True
84,2.799999999999841,5.316666666666825,159.50000000000477,0.749999999996423,False
85,2.8333333333331723,5.116666666667632,153.50000000002896,0.9999999999987943,False
86,2.8666666666665037,5.183333333333007,155.4999999999902,1.0,False
87,2.899999999999835,4.850000000001647,145.50000000004943,1.0,False
88,2.9333333333331666,4.833333333333416,145.00000000000247,1.0,False
89,2.966666666666498,4.73333333333384,142.00000000001518,1.0,False
90,2.9999999999998295,4.666666666667008,140.00000000001023,1.0,False
91,3.033333333333161,4.616666666666925,138.50000000000773,1.0,False
92,3.0666666666664923,4.600000000000087,138.00000000000261,1.0,False
93,3.099999999999824,4.500000000000529,135.0000000000159,1.0,False
94,3.1333333333331552,4.4500000000002675,133.50000000000801,1.0,False
95,3.1666666666664867,4.416666666666846,132.5000000000054,1.0,False
96,3.199999999999818,4.416666666666666,132.49999999999997,1.0,False
97,3.2333333333331495,4.400000000000092,132.00000000000276,1.0,False
98,3.266666666666481,4.383333333333426,131.50000000000279,1.0,False
99,3.2999999999998124,4.350000000000187,130.5000000000056,1.0,False
100,3.333333333333144,4.366666666666572,130.99999999999716,1.0,False
101,3.3666666666664753,4.316666666666954,129.50000000000864,1.0,False
102,3.3999999999998067,4.399999999999517,131.9999999999855,1.0,False
103,3.433333333333138,4.4,132.0,1.0,False
104,3.4666666666664696,4.4,132.0,1.0,False
105,3.499999999999801,4.4,132.0,1.0,False
106,3.5333333333331325,4.449999999999699,133.49999999999096,1.0,False
107,3.566666666666464,4.4666666666665655,133.99999999999696,1.0,False
108,3.5999999999997954,4.466666666666666,133.99999999999997,1.0,False
109,3.633333333333127,4.466666666666667,134.0,1.0,True
110,3.6666666666664582,4.450000000000104,133.50000000000313,1.0,False
111,3.6999999999997897,4.483333333333123,134.4999999999937,1.0,False
112,3.733333333333121,4.533333333333015,135.99999999999045,1.0,False
113,3.7666666666664526,4.649999999999251,139.49999999997752,1.0,False
114,3.799999999999784,4.699999999999676,140.99999999999028,1.0,False
115,3.8333333333331154,4.666666666666885,140.00000000000654,1.0,False
116,3.866666666666447,4.699999999999781,140.99999999999343,1.0,False
117,3.8999999999997783,4.683333333333444,140.5000000000033,1.0,False
118,3.9333333333331097,4.716666666666443,141.4999999999933,1.0,False
119,3.966666666666441,4.749999999999774,142.49999999999324,1.0,False
120,3.9999999999997726,4.733333333333447,142.0000000000034,1.0,False
121,4.033333333333104,4.8333333333326465,144.9999999999794,1.0,False
122,4.0666666666664355,4.800000000000231,144.00000000000693,1.0,False
123,4.099999999999767,4.8499999999996515,145.49999999998954,1.0,False
124,4.133333333333098,4.874999999999824,146.2499999999947,1.0,True
125,4.16666666666643,4.866666666666726,146.00000000000176,1.0,False
126,4.199999999999761,4.833333333333572,145.00000000000716,1.0,False
127,4.233333333333093,4.84999999999988,145.4999999999964,1.0,False
128,4.266666666666424,5.016666666665454,150.49999999996362,1.0,False
129,4.299999999999756,4.933333333333944,148.0000000000183,1.0,False
130,4.333333333333087,4.933333333333334,148.0,1.0,False
131,4.3666666666664185,5.0166666666660475,150.4999999999814,1.0,False
132,4.39999999999975,5.033333333333208,150.99999999999625,1.0,False
133,4.433333333333081,4.950000000000631,148.50000000001893,1.0,False
134,4.466666666666413,4.999999999999619,149.99999999998857,1.0,False
135,4.499999999999744,5.0,150.0,1.0,False
136,4.533333333333076,5.0499999999996135,151.4999999999884,1.0,False
137,4.566666666666407,5.016666666666926,150.5000000000078,1.0,False
138,4.5999999999997385,5.000000000000131,150.00000000000392,1.0,False
139,4.63333333333307,5.099999999999211,152.99999999997632,1.0,False
140,4.666666666666401,5.1,153.0,1.0,False
141,4.699999999999733,5.066666666666934,152.00000000000801,1.0,False
142,4.733333333333064,5.133333333332795,153.99999999998383,1.0,False
143,4.766666666666396,5.100000000000271,153.00000000000813,1.0,False
144,4.799999999999727,5.166666666666122,154.99999999998366,1.0,False
145,4.833333333333059,5.133333333333608,154.00000000000824,1.0,False
146,4.86666666666639,5.199999999999448,155.99999999998343,1.0,False
147,4.8999999999997215,5.183333333333472,155.50000000000415,1.0,False
148,4.933333333333053,5.108333333333965,153.25000000001896,1.0,True
149,4.966666666666384,5.1333333333331215,153.99999999999363,1.0,False
150,4.999999999999716,5.199999999999432,155.99999999998295,1.0,False
151,5.033333333333047,5.216666666666524,156.4999999999957,1.0,False
152,5.066666666666379,5.200000000000144,156.00000000000432,1.0,False
153,5.09999999999971,5.233333333333044,156.9999999999913,1.0,False
154,5.1333333333330415,5.2000000000002915,156.00000000000875,1.0,False
155,5.166666666666373,5.2,156.0,1.0,False
156,5.199999999999704,5.283333333332594,158.49999999997783,1.0,False
157,5.233333333333036,5.266666666666815,158.00000000000443,1.0,False
158,5.266666666666367,5.216666666667116,156.50000000001347,1.0,False
159,5.299999999999699,5.2666666666662145,157.99999999998644,1.0,False
160,5.33333333333303,5.233333333333636,157.0000000000091,1.0,False
161,5.366666666666362,5.249999999999847,157.49999999999542,1.0,False
162,5.399999999999693,5.233333333333487,157.0000000000046,1.0,False
163,5.4333333333330245,5.28333333333287,158.49999999998607,1.0,False
164,5.466666666666356,5.299999999999844,158.99999999999534,1.0,True
165,5.499999999999687,5.2833333333334895,158.5000000000047,1.0,False
166,5.533333333333019,5.299999999999843,158.99999999999528,1.0,False
167,5.56666666666635,5.333333333333017,159.9999999999905,1.0,False
168,5.599999999999682,5.366666666666349,160.99999999999048,1.0,False
169,5.633333333333013,5.316666666667146,159.50000000001438,1.0,False
170,5.6666666666663446,5.366666666666183,160.9999999999855,1.0,False
171,5.699999999999676,5.350000000000162,160.50000000000486,1.0,False
172,5.733333333333007,5.366666666666504,160.9999999999951,1.0,False
173,5.766666666666339,5.350000000000164,160.50000000000492,1.0,False
174,5.79999999999967,5.383333333333004,161.49999999999014,1.0,False
175,5.833333333333002,5.466666666665839,163.99999999997516,1.0,False
176,5.866666666666333,5.383333333334166,161.50000000002498,1.0,False
177,5.899999999999665,5.383333333333333,161.5,1.0,False
178,5.933333333332996,5.4166666666663295,162.49999999998988,1.0,False
179,5.9666666666663275,5.333333333334181,160.00000000002544,1.0,False
180,5.999999999999659,5.416666666665813,162.4999999999744,1.0,False
181,6.03333333333299,5.3666666666671805,161.0000000000154,1.0,False
182,6.066666666666322,5.41666666666615,162.4999999999845,1.0,False
183,6.099999999999653,5.466666666666147,163.99999999998442,1.0,False
184,6.133333333332985,5.450000000000174,163.50000000000523,1.0,False
185,6.166666666666316,5.400000000000526,162.00000000001577,1.0,False
186,6.199999999999648,5.424999999999736,162.74999999999207,1.0,True
187,6.233333333332979,5.449999999999735,163.49999999999204,1.0,False
188,6.2666666666663104,5.466666666666489,163.99999999999469,1.0,False
189,6.299999999999642,5.433333333333691,163.00000000001071,1.0,False
190,6.333333333332973,5.499999999999281,164.99999999997843,1.0,False
191,6.366666666666305,5.483333333333514,164.5000000000054,1.0,False
192,6.399999999999636,5.499999999999818,164.99999999999454,1.0,True
193,6.433333333332968,5.483333333333516,164.50000000000549,1.0,False
194,6.466666666666299,5.5166666666663,165.499999999989,1.0,False
195,6.4999999999996305,5.483333333333703,164.50000000001108,1.0,False
196,6.533333333332962,5.483333333333333,164.5,1.0,False
197,6.566666666666293,5.4999999999998135,164.9999999999944,1.0,False
198,6.599999999999625,5.533333333332958,165.99999999998875,1.0,False
199,6.633333333332956,5.516666666666856,165.50000000000568,1.0,False
200,6.666666666666288,5.549999999999621,166.49999999998863,1.0,False
201,6.699999999999619,5.516666666667048,165.50000000001143,1.0,False
202,6.733333333332951,5.583333333332568,167.49999999997704,1.0,False
203,6.766666666666282,5.516666666667436,165.50000000002308,1.0,False
204,6.7999999999996135,5.5166666666666675,165.50000000000003,1.0,False
205,6.833333333332945,5.53333333333314,165.9999999999942,1.0,False
206,6.866666666666276,5.583333333332749,167.49999999998246,1.0,False
207,6.899999999999608,5.583333333333334,167.50000000000003,1.0,False
208,6.933333333332939,5.616666666666273,168.49999999998818,1.0,False
209,6.966666666666271,5.58333333333373,167.5000000000119,1.0,False
210,6.999999999999602,5.599999999999801,167.99999999999403,1.0,True
211,7.0333333333329335,5.6,168.0,1.0,False
212,7.066666666666265,5.583333333333535,167.50000000000603,1.0,False
213,7.099999999999596,5.616666666666264,168.49999999998792,1.0,False
214,7.133333333332928,5.616666666666667,168.5,1.0,False
215,7.166666666666259,5.583333333333741,167.50000000001222,1.0,False
216,7.199999999999591,5.583333333333334,167.50000000000003,1.0,False
217,7.233333333332922,5.5999999999997945,167.99999999999383,1.0,False
218,7.266666666666254,5.58333333333354,167.5000000000062,1.0,False
219,7.299999999999585,5.566666666666874,167.00000000000622,1.0,False
220,7.3333333333329165,5.6333333333325,168.999999999975,1.0,False
221,7.366666666666248,5.633333333333333,169.0,1.0,False
222,7.399999999999579,5.583333333333963,167.50000000001887,1.0,False
223,7.433333333332911,5.649999999999155,169.49999999997465,1.0,False
224,7.466666666666242,5.616666666667092,168.50000000001276,1.0,False
225,7.499999999999574,5.649999999999574,169.4999999999872,1.0,False
226,7.533333333332905,5.600000000000643,168.00000000001927,1.0,False
227,7.5666666666662366,5.633333333332903,168.9999999999871,1.0,False
228,7.599999999999568,5.633333333333333,169.0,1.0,False
229,7.633333333332899,5.649999999999784,169.49999999999352,1.0,False
230,7.666666666666231,5.6666666666664485,169.99999999999346,1.0,False
231,7.699999999999562,5.650000000000219,169.50000000000657,1.0,False
232,7.733333333332894,5.616666666667106,168.5000000000132,1.0,False
233,7.766666666666225,5.699999999998896,170.9999999999669,1.0,False
234,7.799999999999557,5.66666666666711,170.0000000000133,1.0,False
235,7.833333333332888,5.633333333333779,169.00000000001336,1.0,False
236,7.8666666666662195,5.633333333333333,169.0,1.0,False
237,7.899999999999551,5.633333333333333,169.0,1.0,True
238,7.933333333332882,5.666666666666215,169.99999999998644,1.0,False
239,7.966666666666214,5.666666666666666,169.99999999999997,1.0,False
240,7.999999999999545,5.633333333333788,169.00000000001364,1.0,False
241,8.033333333332877,5.649999999999771,169.49999999999312,1.0,False
242,8.066666666666208,5.6916666666660936,170.7499999999828,1.0,True
243,8.09999999999954,5.699999999999885,170.99999999999653,1.0,False
244,8.133333333332871,5.650000000000693,169.5000000000208,1.0,False
245,8.166666666666202,5.699999999999305,170.99999999997914,1.0,False
246,8.199999999999534,5.616666666667831,168.50000000003493,1.0,False
247,8.233333333332865,5.683333333332399,170.49999999997198,1.0,False
248,8.266666666666197,5.6666666666669006,170.00000000000702,1.0,True
249,8.299999999999528,5.633333333333805,169.00000000001415,1.0,False
250,8.33333333333286,5.716666666665481,171.49999999996444,1.0,False
251,8.366666666666191,5.66666666666738,170.0000000000214,1.0,False
252,8.399999999999523,5.6999999999995214,170.99999999998565,1.0,False
253,8.433333333332854,5.699999999999999,170.99999999999997,1.0,False
254,8.466666666666185,5.666666666667148,170.00000000001444,1.0,False
255,8.499999999999517,5.666666666666666,169.99999999999997,1.0,False
256,8.533333333332848,5.68333333333309,170.4999999999927,1.0,False
257,8.56666666666618,5.683333333333334,170.5,1.0,False
258,8.599999999999511,5.666666666666911,170.00000000000733,1.0,False
259,8.633333333332843,5.69999999999951,170.9999999999853,1.0,False
260,8.666666666666174,5.733333333332841,171.99999999998525,1.0,False
261,8.699999999999505,5.683333333334074,170.50000000002223,1.0,False
262,8.733333333332837,5.699999999999752,170.99999999999258,1.0,False
263,8.766666666666168,5.7,171.0,1.0,False
264,8.7999999999995,5.816666666664913,174.4999999999474,1.0,False
265,8.833333333332831,5.683333333335344,170.50000000006034,1.0,False
266,8.866666666666163,5.683333333333334,170.5,1.0,False
267,8.899999999999494,5.708333333332954,171.2499999999886,1.0,True
268,8.933333333332826,5.666666666667302,170.00000000001907,1.0,False
269,8.966666666666157,5.666666666666666,169.99999999999997,1.0,True
270,8.999999999999488,5.650000000000256,169.50000000000767,1.0,False
271,9.03333333333282,5.683333333332822,170.49999999998465,1.0,False
272,9.066666666666151,5.683333333333334,170.5,1.0,False
273,9.099999999999483,5.699999999999742,170.99999999999224,1.0,False
274,9.133333333332814,5.666666666667185,170.00000000001555,1.0,False
275,9.166666666666146,5.69999999999948,170.9999999999844,1.0,False
276,9.199999999999477,5.6750000000003915,170.25000000001174,1.0,True
277,9.233333333332808,5.683333333333202,170.49999999999608,1.0,False
278,9.26666666666614,5.616666666667719,168.50000000003155,1.0,False
279,9.299999999999471,5.7666666666642845,172.99999999992855,1.0,False
280,9.333333333332803,5.7000000000010616,171.00000000003183,1.0,False
281,9.366666666666134,5.766666666665601,172.99999999996803,1.0,False
282,9.399999999999466,5.766666666666667,173.0,1.0,False
283,9.433333333332797,5.7166666666674715,171.50000000002416,1.0,False
284,9.466666666666129,5.716666666666667,171.5,1.0,False
285,9.49999999999946,5.716666666666667,171.5,1.0,False
286,9.533333333332791,5.683333333333874,170.5000000000162,1.0,False
287,9.566666666666123,5.716666666666123,171.4999999999837,1.0,False
288,9.599999999999454,5.733333333333061,171.99999999999181,1.0,False
289,9.633333333332786,5.749999999999726,172.4999999999918,1.0,False
290,9.666666666666117,5.733333333333608,172.00000000000824,1.0,False
291,9.699999999999449,5.766666666666116,172.9999999999835,1.0,False
292,9.73333333333278,5.799999999999448,173.99999999998346,1.0,False
293,9.766666666666111,5.716666666668052,171.50000000004158,1.0,False
294,9.799999999999443,5.76666666666583,172.9999999999749,1.0,False
295,9.833333333332774,5.683333333334732,170.50000000004195,1.0,False
296,9.866666666666106,5.6999999999997195,170.9999999999916,1.0,False
297,9.899999999999437,5.76666666666554,172.9999999999662,1.0,False
298,9.933333333332769,5.733333333333898,172.00000000001694,1.0,False
299,9.9666666666661,5.799999999998863,173.9999999999659,1.0,False
300,9.999999999999432,5.73333333333447,172.0000000000341,1.0,False
301,10.033333333332763,5.766666666666098,172.99999999998295,1.0,False
302,10.066666666666094,5.8166666666658084,174.49999999997425,1.0,False
303,10.099999999999426,5.766666666667527,173.0000000000258,1.0,False
304,10.133333333332757,5.733333333333909,172.00000000001728,1.0,True
305,10.166666666666089,5.749999999999711,172.49999999999133,1.0,False
306,10.19999999999942,5.766666666666377,172.9999999999913,1.0,False
307,10.233333333332752,5.799999999999419,173.99999999998258,1.0,False
308,10.266666666666083,5.816666666666375,174.49999999999125,1.0,False
309,10.299999999999415,5.816666666666666,174.5,1.0,False
310,10.333333333332746,5.766666666667549,173.00000000002646,1.0,False
311,10.366666666666077,5.808333333332596,174.2499999999779,1.0,True
312,10.399999999999409,5.816666666666519,174.49999999999557,1.0,False
313,10.43333333333274,5.8000000000002965,174.0000000000089,1.0,False
314,10.466666666666072,5.7666666666672635,173.0000000000179,1.0,False
315,10.499999999999403,5.73333333333393,172.0000000000179,1.0,False
316,10.533333333332735,5.774999999999254,173.24999999997763,1.0,True
317,10.566666666666066,5.7999999999995495,173.99999999998647,1.0,False
318,10.599999999999397,5.750000000000903,172.5000000000271,1.0,False
319,10.633333333332729,5.783333333332729,173.49999999998187,1.0,False
320,10.66666666666606,5.750000000000606,172.50000000001816,1.0,False
321,10.699999999999392,5.833333333331814,174.99999999995444,1.0,False
322,10.733333333332723,5.816666666666971,174.50000000000912,1.0,False
323,10.766666666666055,5.800000000000305,174.00000000000915,1.0,False
324,10.799999999999386,5.816666666666359,174.49999999999076,1.0,False
325,10.833333333332718,5.833333333333025,174.99999999999073,1.0,False
326,10.866666666666049,5.833333333333333,175.0,1.0,False
327,10.89999999999938,5.833333333333333,175.0,1.0,False
328,10.933333333332712,5.816666666666977,174.50000000000932,1.0,False
329,10.966666666666043,5.7666666666676045,173.00000000002814,1.0,False
330,10.999999999999375,5.8499999999984365,175.4999999999531,1.0,True
331,11.033333333332706,5.800000000000938,174.00000000002814,1.0,False
332,11.066666666666038,5.766666666667295,173.00000000001887,1.0,False
333,11.099999999999369,5.816666666665721,174.49999999997164,1.0,False
334,11.1333333333327,5.883333333332068,176.49999999996203,1.0,False
335,11.166666666666032,5.783333333335236,173.50000000005707,1.0,False
336,11.199999999999363,5.766666666666985,173.00000000000955,1.0,False
337,11.233333333332695,5.883333333331102,176.49999999993304,1.0,False
338,11.266666666666026,5.791666666668425,173.75000000005275,1.0,True
339,11.299999999999358,5.716666666668114,171.5000000000434,1.0,False
340,11.333333333332689,5.749999999999355,172.49999999998064,1.0,False
341,11.36666666666602,5.716666666667313,171.5000000000194,1.0,False
342,11.399999999999352,5.7833333333320365,173.4999999999611,1.0,False
343,11.433333333332683,5.783333333333333,173.5,1.0,False
344,11.466666666666015,5.775000000000164,173.25000000000492,0.8611111044910965,True
345,11.499999999999346,5.7333333333341505,172.00000000002453,0.9999999999972763,False
346,11.533333333332678,5.666666666667974,170.00000000003922,1.0,False
347,11.56666666666601,5.636111111111713,169.0833333333514,1.971756091734278e-11,True
348,11.59999999999934,5.655555555555171,169.66666666665515,0.027777777984189112,True
349,11.633333333332672,5.641666666666942,169.25000000000827,0.08333333581575886,True
350,11.666666666666003,5.611111111111718,168.33333333335156,0.9999999999817789,True
351,11.699999999999335,5.613888888888834,168.416666666665,0.6944444179595812,True
352,11.733333333332666,5.649999999999278,169.49999999997834,0.9999999999938938,False
353,11.766666666665998,5.8333333333296595,174.99999999988978,1.0,False
354,11.79999999999933,5.841666666666499,175.24999999999497,0.9444444179546103,True
355,11.83333333333266,5.816666666667172,174.50000000001515,0.9999999999988779,False
356,11.866666666665992,5.833333333332996,174.99999999998988,1.0,False
357,11.899999999999324,5.750000000001692,172.50000000005076,1.0,False
358,11.933333333332655,5.716666666667345,171.50000000002035,1.0,False
359,11.966666666665986,5.7416666666661555,172.24999999998465,1.0,True
360,11.999999999999318,5.766666666666155,172.99999999998465,1.0,False
361,12.03333333333265,5.83333333333197,174.9999999999591,1.0,False
362,12.06666666666598,5.666666666670094,170.00000000010283,1.0,False
363,12.099999999999312,5.716666666665636,171.49999999996908,1.0,False
364,12.133333333332644,5.766666666665633,172.999999999969,1.0,False
365,12.166666666665975,5.783333333332988,173.49999999998963,1.0,False
366,12.199999999999307,5.683333333335412,170.50000000006236,1.0,False
367,12.233333333332638,5.76666666666493,172.9999999999479,1.0,False
368,12.26666666666597,5.750000000000348,172.50000000001046,1.0,False
369,12.2999999999993,5.799999999998951,173.99999999996854,1.0,False
370,12.333333333332632,5.800000000000001,174.00000000000003,1.0,True
371,12.366666666665964,5.800000000000001,174.00000000000003,1.0,False
372,12.399999999999295,5.783333333333686,173.50000000001057,0.8611111044913111,True
373,12.433333333332627,5.799999999999647,173.99999999998943,0.9999999999970542,False
374,12.466666666665958,5.758333333334221,172.75000000002663,1.0,True
375,12.49999999999929,5.7833333333328,173.499999999984,1.0,False
376,12.533333333332621,5.733333333334399,172.00000000003197,1.0,False
377,12.566666666665952,5.7666666666659525,172.99999999997857,1.0,False
378,12.599999999999284,5.766666666666667,173.0,1.0,False
379,12.633333333332615,5.783333333332974,173.49999999998923,1.0,False
380,12.666666666665947,5.7333333333344125,172.00000000003237,1.0,False
381,12.699999999999278,5.749999999999639,172.49999999998917,1.0,False
382,12.73333333333261,5.75,172.5,1.0,False
383,12.766666666665941,5.799999999998913,173.99999999996737,1.0,False
384,12.799999999999272,5.7500000000010925,172.50000000003277,1.0,False
385,12.833333333332604,5.700000000001095,171.00000000003286,1.0,False
386,12.866666666665935,5.7,171.0,1.0,False
387,12.899999999999267,5.7333333333326,171.999999999978,1.0,False
388,12.933333333332598,5.78333333333223,173.49999999996692,1.0,False
389,12.96666666666593,5.799999999999631,173.99999999998894,1.0,False
390,12.999999999999261,5.716666666668514,171.50000000005542,1.0,False
391,13.033333333332592,5.749999999999261,172.49999999997783,1.0,False
392,13.066666666665924,5.716666666667409,171.50000000002228,1.0,False
393,13.099999999999255,5.749999999999256,172.49999999997766,1.0,False
394,13.133333333332587,5.816666666665174,174.49999999995524,1.0,False
395,13.166666666665918,5.71666666666891,171.5000000000673,1.0,False
396,13.19999999999925,5.766666666665542,172.99999999996626,1.0,False
397,13.233333333332581,5.750000000000376,172.50000000001128,1.0,False
398,13.266666666665913,5.75,172.5,1.0,False
399,13.299999999999244,5.7833333333325765,173.4999999999773,1.0,False
400,13.333333333332575,5.7500000000007585,172.50000000002277,1.0,False
401,13.366666666665907,5.79999999999886,173.9999999999658,1.0,False
402,13.399999999999238,5.783333333333715,173.50000000001145,1.0,False
403,13.43333333333257,5.816666666665903,174.4999999999771,1.0,False
404,13.466666666665901,5.750000000001535,172.50000000004604,1.0,False
405,13.499999999999233,5.783333333332566,173.49999999997698,1.0,False
406,13.533333333332564,5.833333333332182,174.99999999996547,1.0,False
407,13.566666666665895,5.7666666666682085,173.00000000004624,1.0,False
408,13.599999999999227,5.683333333335265,170.50000000005795,1.0,False
409,13.633333333332558,5.733333333332172,171.99999999996515,1.0,False
410,13.66666666666589,5.849999999997284,175.49999999991851,1.0,False
411,13.699999999999221,5.8166666666674445,174.50000000002333,0.8611111044916147,True
412,13.733333333332553,5.783333333334113,173.5000000000234,0.9999999999967508,False
413,13.766666666665884,5.71666666666823,171.5000000000469,1.0,False
414,13.799999999999216,5.766666666665489,172.99999999996467,1.0,False
415,13.833333333332547,5.7500000000003935,172.5000000000118,0.8888888955142503,True
416,13.866666666665878,5.683333333334911,170.50000000004732,0.999999999997371,False
417,13.89999999999921,5.683333333333334,170.5,1.0,False
418,13.933333333332541,5.683333333333334,170.5,1.0,False
419,13.966666666665873,5.716666666665871,171.49999999997613,1.0,False
420,13.999999999999204,5.700000000000397,171.0000000000119,1.0,False
421,14.033333333332536,5.6833333333337315,170.50000000001194,1.0,False
422,14.066666666665867,5.6999999999996,170.99999999998798,1.0,False
423,14.099999999999199,5.783333333331331,173.49999999993994,1.0,False
424,14.13333333333253,5.833333333332129,174.99999999996385,1.0,False
425,14.166666666665861,5.766666666668276,173.0000000000483,1.0,False
426,14.199999999999193,5.766666666666667,173.0,1.0,False
427,14.233333333332524,5.783333333332929,173.49999999998786,1.0,False
428,14.266666666665856,5.799999999999595,173.99999999998784,1.0,False
429,14.299999999999187,5.78333333333374,173.5000000000122,1.0,False
430,14.333333333332519,5.766666666667074,173.00000000001222,1.0,False
431,14.36666666666585,5.799999999999183,173.99999999997547,1.0,False
432,14.399999999999181,5.8,174.0,1.0,False
433,14.433333333332513,5.800000000000001,174.00000000000003,1.0,False
434,14.466666666665844,5.7750000000006185,173.25000000001856,0.9444444179548649,True
435,14.499999999999176,5.783333333333127,173.4999999999938,0.9999999999986263,False
436,14.533333333332507,5.833333333332097,174.9999999999629,1.0,False
437,14.566666666665839,5.7500000000020695,172.50000000006207,1.0,False
438,14.59999999999917,5.816666666665007,174.4999999999502,1.0,False
439,14.633333333332502,5.7833333333341645,173.50000000002493,0.9166666865369599,True
440,14.666666666665833,5.783333333333333,173.5,0.9999999999979172,False
441,14.699999999999164,5.766666666667084,173.00000000001253,1.0,False
442,14.733333333332496,5.750000000000418,172.50000000001256,1.0,False
443,14.766666666665827,5.799999999998742,173.99999999996226,1.0,False
444,14.799999999999159,5.783333333333754,173.50000000001262,1.0,False
445,14.83333333333249,5.733333333334599,172.00000000003797,1.0,False
446,14.866666666665822,5.733333333333333,172.0,1.0,False
447,14.899999999999153,5.783333333332062,173.49999999996186,1.0,False
448,14.933333333332484,5.750000000000849,172.50000000002547,1.0,False
449,14.966666666665816,5.76666666666624,172.9999999999872,1.0,False
450,14.999999999999147,5.783333333332907,173.4999999999872,1.0,False
451,15.033333333332479,5.766666666667093,173.0000000000128,1.0,False
452,15.06666666666581,5.816666666665382,174.49999999996146,1.0,False
453,15.099999999999142,5.766666666667954,173.0000000000386,1.0,False
454,15.133333333332473,5.733333333334193,172.0000000000258,1.0,False
455,15.166666666665805,5.833333333330748,174.99999999992247,1.0,False
456,15.199999999999136,5.866666666665804,175.9999999999741,1.0,False
457,15.233333333332467,5.733333333336794,172.00000000010382,1.0,False
458,15.266666666665799,5.799999999998266,173.999999999948,1.0,False
459,15.29999999999913,5.750000000001306,172.50000000003917,1.0,False
460,15.333333333332462,5.783333333332461,173.49999999997382,1.0,False
461,15.366666666665793,5.733333333334644,172.00000000003934,1.0,False
462,15.399999999999125,5.733333333333333,172.0,1.0,False
463,15.433333333332456,5.691666666667764,170.7500000000329,1.0,True
464,15.466666666665787,5.69999999999978,170.9999999999934,1.0,False
465,15.499999999999119,5.7,171.0,1.0,False
466,15.53333333333245,5.733333333332452,171.99999999997357,1.0,False
467,15.566666666665782,5.783333333332006,173.49999999996018,1.0,False
468,15.599999999999113,5.783333333333333,173.5,1.0,False
469,15.633333333332445,5.766666666667111,173.00000000001333,1.0,False
470,15.666666666665776,5.70000000000178,171.0000000000534,1.0,False
471,15.699999999999108,5.766666666664883,172.99999999994648,1.0,False
472,15.733333333332439,5.7833333333328865,173.49999999998658,1.0,False
473,15.76666666666577,5.766666666667114,173.00000000001342,1.0,False
474,15.799999999999102,5.766666666666667,173.0,1.0,False
475,15.833333333332433,5.866666666663965,175.99999999991897,1.0,False
476,15.866666666665765,5.833333333334236,175.0000000000271,1.0,False
477,15.899999999999096,5.849999999999548,175.49999999998641,1.0,False
478,15.933333333332428,5.783333333335145,173.50000000005434,1.0,False
479,15.966666666665759,5.775000000000228,173.25000000000682,1.0,True
480,15.99999999999909,5.766666666666894,173.00000000000682,1.0,False
481,16.033333333332422,5.791666666665984,173.7499999999795,0.9166666865371553,True
482,16.066666666665753,5.7833333333335615,173.50000000000685,0.9999999999977174,False
483,16.099999999999085,5.7999999999995415,173.99999999998624,1.0,False
484,16.133333333332416,5.816666666666208,174.49999999998624,1.0,True
485,16.166666666665748,5.80000000000046,174.00000000001378,1.0,False
486,16.19999999999908,5.816666666666206,174.4999999999862,1.0,False
487,16.23333333333241,5.824999999999768,174.74999999999307,0.9166666865371909,True
488,16.266666666665742,5.833333333333103,174.9999999999931,0.9999999999976907,False
489,16.299999999999073,5.849999999999536,175.49999999998607,1.0,False
490,16.333333333332405,5.800000000001391,174.00000000004172,1.0,False
491,16.366666666665736,5.783333333333799,173.50000000001396,1.0,False
492,16.399999999999068,5.816666666665736,174.49999999997206,1.0,False
493,16.4333333333324,5.783333333334268,173.50000000002802,1.0,False
494,16.46666666666573,5.808333333332632,174.24999999997897,1.0,True
495,16.499999999999062,5.816666666666432,174.49999999999295,1.0,True
496,16.533333333332394,5.800000000000469,174.00000000001407,1.0,False
497,16.566666666665725,5.826666666665913,174.7999999999774,1.0,True
498,16.599999999999056,5.770000000001607,173.10000000004823,0.9166666865372441,True
499,16.633333333332388,5.79666666666591,173.8999999999773,0.9411764740960584,True
500,16.66666666666572,5.823333333332574,174.69999999997722,0.9444444179550722,True
501,16.69999999999905,5.800000000000663,174.0000000000199,0.999999999998419,False
502,16.733333333332382,5.8083333333330955,174.24999999999287,1.0,True
503,16.766666666665714,5.816666666666428,174.49999999999284,1.0,False
504,16.799999999999045,5.716666666669534,171.500000000086,1.0,False
505,16.833333333332376,5.833333333329988,174.99999999989964,1.0,False
506,16.866666666665708,5.816666666667146,174.50000000001438,1.0,False
507,16.89999999999904,5.7833333333342924,173.50000000002876,1.0,False
508,16.93333333333237,5.766666666667148,173.00000000001444,1.0,False
509,16.966666666665702,5.849999999997593,175.49999999992778,1.0,False
510,16.999999999999034,5.7666666666690825,173.00000000007248,1.0,False
511,17.033333333332365,5.766666666666667,173.0,1.0,False
512,17.066666666665697,5.933333333328484,177.99999999985454,1.0,False
513,17.099999999999028,5.750000000005354,172.5000000001606,1.0,False
514,17.13333333333236,5.73333333333382,172.0000000000146,1.0,True
515,17.16666666666569,5.76666666666569,172.9999999999707,1.0,False
516,17.199999999999022,5.774999999999755,173.24999999999267,0.9428571462647974,True
517,17.233333333332354,5.766666666666912,173.00000000000736,0.999999999998319,False
518,17.266666666665685,5.8666666666637255,175.99999999991178,1.0,False
519,17.299999999999017,5.850000000000492,175.50000000001475,1.0,False
520,17.333333333332348,5.85,175.5,1.0,False
521,17.36666666666568,5.85,175.5,1.0,False
522,17.39999999999901,5.750000000002963,172.5000000000889,1.0,False
523,17.433333333332342,5.833333333330855,174.99999999992565,1.0,False
524,17.466666666665674,5.800000000000991,174.00000000002973,1.0,False
525,17.499999999999005,5.783333333333831,173.50000000001492,1.0,True
526,17.533333333332337,5.775000000000249,173.25000000000747,1.0,True
527,17.566666666665668,5.799999999999251,173.99999999997755,1.0,False
528,17.599999999999,5.866666666664663,175.99999999993992,1.0,False
529,17.63333333333233,5.866666666666666,176.0,1.0,False
530,17.666666666665662,5.908333333332076,177.24999999996228,1.0,True
531,17.699999999998994,5.866666666667923,176.0000000000377,1.0,False
532,17.733333333332325,5.866666666666667,176.0,1.0,False
533,17.766666666665657,5.81666666666818,174.5000000000454,1.0,False
534,17.799999999998988,5.849999999998987,175.49999999996962,1.0,False
535,17.83333333333232,5.88333333333232,176.49999999996962,1.0,False
536,17.86666666666565,5.850000000001016,175.50000000003047,1.0,False
537,17.899999999998983,5.883333333332317,176.4999999999695,1.0,False
538,17.933333333332314,5.816666666668706,174.50000000006116,1.0,False
539,17.966666666665645,5.816666666666666,174.5,1.0,False
540,17.999999999998977,5.775000000001279,173.25000000003837,0.9166666865374395,True
541,18.03333333333231,5.8833333333300075,176.49999999990024,0.999999999997442,False
542,18.06666666666564,5.841666666667946,175.25000000003837,1.0,True
543,18.09999999999897,5.883333333332045,176.49999999996135,1.0,False
544,18.133333333332303,5.816666666668727,174.50000000006182,1.0,False
545,18.166666666665634,5.858333333332041,175.74999999996123,0.9166666865374662,True
546,18.199999999998965,5.833333333334108,175.00000000002325,0.9999999999974154,False
547,18.233333333332297,5.783333333334884,173.50000000004653,1.0,False
548,18.26666666666563,5.849999999997925,175.49999999993776,1.0,False
549,18.29999999999896,5.883333333332292,176.49999999996876,1.0,False
550,18.33333333333229,5.816666666668741,174.50000000006224,1.0,False
551,18.366666666665623,5.841666666665883,175.2499999999765,1.0,True
552,18.399999999998954,5.81666666666745,174.5000000000235,1.0,False
553,18.433333333332286,5.816666666666666,174.5,0.9428571462649192,True
554,18.466666666665617,5.849999999998952,175.49999999996854,0.9999999999982033,False
555,18.49999999999895,5.84166666666693,175.2500000000079,1.0,True
556,18.53333333333228,5.825000000000525,174.75000000001575,1.0,True
557,18.56666666666561,5.866666666665353,175.99999999996058,1.0,False
558,18.599999999998943,5.841666666667461,175.25000000002382,1.0,True
559,18.633333333332274,5.866666666665873,175.99999999997618,1.0,False
560,18.666666666665606,5.866666666666667,176.0,1.0,False
561,18.699999999998937,5.81666666666826,174.5000000000478,1.0,False
562,18.73333333333227,5.7833333333343955,173.50000000003186,1.0,False
563,18.7666666666656,5.833333333331734,174.99999999995202,1.0,False
564,18.79999999999893,5.833333333333333,175.0,1.0,False
565,18.833333333332263,5.816666666667199,174.50000000001597,1.0,False
566,18.866666666665594,5.8333333333327975,174.9999999999839,1.0,False
567,18.899999999998926,5.833333333333334,175.00000000000003,1.0,False
568,18.933333333332257,5.833333333333333,175.0,1.0,False
569,18.96666666666559,5.849999999999461,175.49999999998386,1.0,False
570,18.99999999999892,5.8166666666677465,174.5000000000324,1.0,False
571,19.03333333333225,5.883333333331173,176.4999999999352,1.0,False
572,19.066666666665583,5.916666666665586,177.49999999996757,1.0,False
573,19.099999999998914,5.850000000002174,175.50000000006523,1.0,False
574,19.133333333332246,5.85,175.5,1.0,False
575,19.166666666665577,5.874999999999182,176.24999999997547,1.0,True
576,19.19999999999891,5.883333333333061,176.49999999999184,1.0,False
577,19.23333333333224,5.8666666666672125,176.00000000001637,1.0,False
578,19.26666666666557,5.800000000002188,174.00000000006565,1.0,False
579,19.299999999998903,5.849999999998353,175.4999999999506,1.0,False
580,19.333333333332234,5.85,175.5,1.0,False
581,19.366666666665566,5.899999999998348,176.99999999995046,1.0,False
582,19.399999999998897,5.81666666666942,174.5000000000826,1.0,False
583,19.43333333333223,5.816666666666666,174.5,1.0,False
584,19.46666666666556,5.86666666666501,175.9999999999503,1.0,False
585,19.49999999999889,5.8333333333344415,175.00000000003325,1.0,False
586,19.533333333332223,5.816666666667221,174.50000000001663,0.9166666865376527,True
587,19.566666666665554,5.76666666666833,173.0000000000499,0.9999999999972289,False
588,19.599999999998886,5.783333333332775,173.49999999998326,1.0,False
589,19.633333333332217,5.799999999999442,173.99999999998326,1.0,False
590,19.66666666666555,5.849999999998321,175.49999999994964,1.0,False
591,19.69999999999888,5.933333333330536,177.99999999991607,1.0,False
592,19.73333333333221,5.866666666668905,176.00000000006716,1.0,False
593,19.766666666665543,5.81666666666835,174.5000000000505,1.0,False
594,19.799999999998875,5.849999999998873,175.4999999999662,1.0,False
595,19.833333333332206,5.800000000001685,174.00000000005053,1.0,False
596,19.866666666665537,5.800000000000001,174.00000000000003,1.0,False
597,19.89999999999887,5.849999999998305,175.49999999994915,1.0,False
598,19.9333333333322,5.800000000001701,174.00000000005102,1.0,False
599,19.96666666666553,5.808333333333049,174.24999999999147,0.888888895515405,True
600,19.999999999998863,5.83333333333248,174.99999999997442,0.9999999999962105,False
601,20.033333333332195,5.866666666665529,175.9999999999659,1.0,False
602,20.066666666665526,5.850000000000568,175.50000000001705,1.0,False
603,20.099999999998857,5.866666666666095,175.99999999998286,1.0,False
604,20.13333333333219,5.800000000002289,174.00000000006867,1.0,False
605,20.16666666666552,5.899999999996558,176.99999999989674,1.0,False
606,20.19999999999885,5.850000000001721,175.5000000000516,1.0,False
607,20.233333333332183,5.85,175.5,1.0,False
608,20.266666666665515,5.85,175.5,1.0,False
609,20.299999999998846,5.83333333333391,175.0000000000173,1.0,False
610,20.333333333332178,5.816666666667242,174.50000000001725,1.0,False
611,20.36666666666551,5.86666666666493,175.9999999999479,1.0,False
612,20.39999999999884,5.850000000000579,175.50000000001737,1.0,True
613,20.433333333332172,5.816666666667828,174.50000000003485,1.0,False
614,20.466666666665503,5.800000000000581,174.00000000001742,1.0,False
615,20.499999999998835,5.8999999999965045,176.99999999989512,1.0,False
616,20.533333333332166,5.8833333333339155,176.50000000001745,1.0,False
617,20.566666666665498,5.908333333332459,177.24999999997377,1.0,True
618,20.59999999999883,5.866666666668133,176.00000000004397,1.0,False
619,20.63333333333216,5.816666666668425,174.50000000005275,1.0,False
620,20.666666666665492,5.866666666664902,175.99999999994708,1.0,False
621,20.699999999998823,5.883333333332745,176.49999999998235,1.0,False
622,20.733333333332155,5.883333333333333,176.5,1.0,False
623,20.766666666665486,5.833333333335102,175.00000000005306,1.0,False
624,20.799999999998818,5.899999999997634,176.99999999992903,1.0,False
625,20.83333333333215,5.816666666669615,174.50000000008845,1.0,False
626,20.86666666666548,5.83333333333274,174.99999999998218,1.0,False
627,20.899999999998812,5.8666666666654805,175.99999999996442,1.0,False
628,20.933333333332143,5.833333333334523,175.0000000000357,1.0,False
629,20.966666666665475,5.883333333331548,176.49999999994643,1.0,False
630,20.999999999998806,5.866666666667264,176.0000000000179,1.0,False
631,21.033333333332138,5.899999999998807,176.9999999999642,1.0,False
632,21.06666666666547,5.800000000003581,174.00000000010743,1.0,False
633,21.0999999999988,5.833333333332132,174.99999999996396,1.0,False
634,21.133333333332132,5.833333333333333,175.0,1.0,False
635,21.166666666665463,5.791666666668172,173.75000000004516,1.0,True
636,21.199999999998795,5.883333333330022,176.49999999990064,1.0,False
637,21.233333333332126,5.8333333333351405,175.00000000005423,1.0,False
638,21.266666666665458,5.833333333333333,175.0,1.0,False
639,21.29999999999879,5.899999999997577,176.99999999992733,1.0,False
640,21.33333333333212,5.8500000000018115,175.50000000005434,1.0,False
641,21.366666666665452,5.899999999998178,176.99999999994535,1.0,False
642,21.399999999998784,5.9166666666660594,177.49999999998178,1.0,False
643,21.433333333332115,5.850000000002437,175.5000000000731,1.0,False
644,21.466666666665446,5.866666666666058,175.99999999998172,1.0,False
645,21.499999999998778,5.89166666666575,176.7499999999725,1.0,True
646,21.53333333333211,5.866666666667584,176.0000000000275,1.0,False
647,21.56666666666544,5.850000000000611,175.50000000001833,1.0,False
648,21.599999999998772,5.883333333332104,176.4999999999631,1.0,False
649,21.633333333332104,5.850000000001229,175.50000000003686,1.0,False
650,21.666666666665435,5.833333333333949,175.00000000001847,1.0,False
651,21.699999999998766,5.816666666667283,174.50000000001847,1.0,False
652,21.733333333332098,5.841666666665742,175.24999999997226,1.0,True
653,21.76666666666543,5.858333333332715,175.74999999998147,1.0,True
654,21.79999999999876,5.866666666666356,175.99999999999068,1.0,False
655,21.833333333332092,5.816666666668521,174.50000000005562,1.0,False
656,21.866666666665424,5.816666666666666,174.5,1.0,False
657,21.899999999998755,5.899999999996892,176.99999999990675,1.0,False
658,21.933333333332087,5.85000000000187,175.5000000000561,1.0,False
659,21.966666666665418,5.916666666664172,177.49999999992517,1.0,False
660,21.99999999999875,5.850000000002501,175.50000000007503,1.0,False
661,22.03333333333208,5.833333333333959,175.0000000000188,1.0,False
662,22.066666666665412,5.849999999999374,175.49999999998124,1.0,False
663,22.099999999998744,5.833333333333963,175.00000000001887,1.0,False
664,22.133333333332075,5.766666666669182,173.00000000007546,1.0,False
665,22.166666666665407,5.783333333332703,173.49999999998107,1.0,False
666,22.199999999998738,5.766666666667297,173.00000000001893,1.0,False
667,22.23333333333207,5.7999999999987395,173.9999999999622,1.0,False
668,22.2666666666654,5.866666666664138,175.9999999999241,1.0,False
669,22.299999999998732,5.850000000000634,175.500000000019,1.0,False
670,22.333333333332064,5.800000000001897,174.0000000000569,1.0,False
671,22.366666666665395,5.883333333330153,176.4999999999046,1.0,False
672,22.399999999998727,5.766666666671118,173.00000000013355,1.0,False
673,22.433333333332058,5.799999999998725,173.99999999996174,1.0,False
674,22.46666666666539,5.783333333333971,173.50000000001913,1.0,False
675,22.49999999999872,5.79999999999936,173.99999999998082,1.0,False
676,22.533333333332052,5.716666666669864,171.50000000009592,1.0,False
677,22.566666666665384,5.766666666664749,172.99999999994247,1.0,False
678,22.599999999998715,5.78333333333269,173.4999999999807,1.0,False
679,22.633333333332047,5.76666666666731,173.0000000000193,1.0,False
680,22.666666666665378,5.733333333334623,172.00000000003868,1.0,False
681,22.69999999999871,5.833333333329464,174.99999999988393,1.0,False
682,22.73333333333204,5.849999999999355,175.49999999998064,1.0,False
683,22.766666666665373,5.83333333333398,175.00000000001938,1.0,False
684,22.799999999998704,5.858333333332361,175.74999999997084,0.8888888955159496,True
685,22.833333333332035,5.800000000002264,174.00000000006793,0.9999999999956893,False
686,22.866666666665367,5.8999999999960995,176.999999999883,1.0,False
687,22.8999999999987,5.891666666666992,176.75000000000975,1.0,True
688,22.93333333333203,5.88333333333366,176.50000000000978,1.0,False
689,22.96666666666536,5.841666666668296,175.25000000004889,0.9166666865381412,True
690,22.999999999998693,5.883333333331699,176.49999999995094,0.9999999999967315,False
691,23.033333333332024,5.899999999999347,176.9999999999804,1.0,False
692,23.066666666665355,5.916666666666013,177.4999999999804,0.9166666865381501,True
693,23.099999999998687,5.933333333332676,177.99999999998028,0.9999999999967137,False
694,23.13333333333202,5.850000000003286,175.50000000009857,1.0,False
695,23.16666666666535,5.833333333333992,175.00000000001975,1.0,False
696,23.19999999999868,5.899999999997364,176.99999999992093,1.0,False
697,23.233333333332013,5.916666666666007,177.49999999998022,1.0,False
698,23.266666666665344,5.850000000002643,175.5000000000793,1.0,False
699,23.299999999998676,5.866666666666004,175.9999999999801,1.0,False
700,23.333333333332007,5.866666666666667,176.0,1.0,False
701,23.36666666666534,5.850000000000664,175.50000000001992,1.0,False
702,23.39999999999867,5.866666666666003,175.99999999998008,1.0,False
703,23.433333333332,5.9499999999966695,178.4999999999001,1.0,False
704,23.466666666665333,5.883333333335997,176.50000000007992,1.0,False
705,23.499999999998664,5.875000000000334,176.25000000001,0.88888889551608,True
706,23.533333333331996,5.8500000000010015,175.50000000003004,0.9999999999955472,False
707,23.566666666665327,5.85,175.5,1.0,False
708,23.59999999999866,5.891666666664988,176.74999999994964,1.0,True
709,23.63333333333199,5.866666666667674,176.00000000003024,1.0,False
710,23.66666666666532,5.899999999998654,176.9999999999596,1.0,False
711,23.699999999998653,5.9499999999979805,178.4999999999394,1.0,False
712,23.733333333331984,5.90000000000202,177.0000000000606,0.8888888955161155,True
713,23.766666666665316,5.850000000002025,175.50000000006074,0.9999999999954999,False
714,23.799999999998647,5.841666666667004,175.25000000001012,1.0,True
715,23.83333333333198,5.883333333331645,176.49999999994935,1.0,False
716,23.86666666666531,5.866666666667346,176.00000000002038,0.9142857193981736,True
717,23.89999999999864,5.916666666664631,177.49999999993895,0.9999999999965102,False
718,23.933333333331973,5.966666666664626,178.99999999993878,1.0,False
719,23.966666666665304,5.958333333333673,178.7500000000102,0.9166666865382833,True
720,23.999999999998636,5.966666666666326,178.99999999998977,0.9999999999965894,False
721,24.033333333331967,5.900000000002729,177.00000000008185,1.0,False
722,24.0666666666653,5.883333333334015,176.50000000002046,1.0,True
723,24.09999999999863,5.866666666667353,176.00000000002058,1.0,False
724,24.13333333333196,5.883333333332647,176.49999999997942,1.0,False
725,24.166666666665293,5.8500000000013745,175.50000000004124,1.0,False
726,24.199999999998624,5.85,175.5,1.0,False
727,24.233333333331956,5.916666666663917,177.49999999991752,1.0,False
728,24.266666666665287,5.90000000000069,177.0000000000207,1.0,False
729,24.29999999999862,5.866666666668049,176.00000000004147,1.0,False
730,24.33333333333195,5.866666666666666,176.0,1.0,False
731,24.36666666666528,5.833333333334719,175.00000000004155,1.0,False
732,24.399999999998613,5.816666666667359,174.50000000002078,1.0,False
733,24.433333333331944,5.833333333332639,174.9999999999792,1.0,False
734,24.466666666665276,5.883333333331249,176.49999999993747,1.0,False
735,24.499999999998607,5.850000000001392,175.50000000004178,1.0,False
736,24.53333333333194,5.933333333329852,177.99999999989555,1.0,False
737,24.56666666666527,5.833333333337511,175.00000000012534,1.0,False
738,24.5999999999986,5.8499999999993,175.499999999979,0.916666686538381,True
739,24.633333333331933,5.883333333331933,176.499999999958,0.9999999999965006,False
740,24.666666666665265,5.933333333331229,177.99999999993685,1.0,False
741,24.699999999998596,5.833333333337543,175.00000000012628,1.0,False
742,24.733333333331927,5.816666666667368,174.50000000002103,1.0,False
743,24.76666666666526,5.824999999999648,174.74999999998943,1.0,True
744,24.79999999999859,5.83333333333298,174.99999999998943,1.0,False
745,24.83333333333192,5.81666666666737,174.5000000000211,1.0,False
746,24.866666666665253,5.816666666666666,174.5,1.0,False
747,24.899999999998585,5.849999999998586,175.49999999995757,1.0,False
748,24.933333333331916,5.816666666668084,174.50000000004252,1.0,False
749,24.966666666665247,5.883333333330498,176.49999999991493,1.0,True
750,24.99999999999858,5.883333333333333,176.5,1.0,False
751,25.03333333333191,5.891666666666311,176.74999999998934,1.0,True
752,25.066666666665242,5.916666666665601,177.49999999996803,1.0,False
753,25.099999999998573,5.850000000002856,175.5000000000857,1.0,False
754,25.133333333331905,5.85,175.5,1.0,False
755,25.166666666665236,5.9166666666638035,177.4999999999141,1.0,False
756,25.199999999998568,5.933333333332618,177.99999999997854,1.0,False
757,25.2333333333319,5.833333333337628,175.00000000012884,1.0,False
758,25.26666666666523,5.908333333330104,177.2499999999031,1.0,True
759,25.299999999998562,5.883333333334413,176.5000000000324,1.0,False
760,25.333333333331893,5.866666666667385,176.00000000002154,1.0,False
761,25.366666666665225,5.850000000000721,175.50000000002163,1.0,False
762,25.399999999998556,5.899999999997837,176.9999999999351,1.0,False
763,25.433333333331888,5.933333333331888,177.99999999995663,1.0,False
764,25.46666666666522,5.900000000001446,177.0000000000434,1.0,False
765,25.49999999999855,5.833333333336232,175.00000000008697,1.0,False
766,25.533333333331882,5.866666666665218,175.99999999995651,1.0,False
767,25.566666666665213,5.883333333332608,176.49999999997823,1.0,False
768,25.599999999998545,5.966666666663025,178.99999999989075,1.0,False
769,25.633333333331876,5.850000000005098,175.50000000015294,1.0,False
770,25.666666666665208,5.833333333334064,175.0000000000219,1.0,False
771,25.69999999999854,5.933333333328953,177.99999999986858,1.0,False
772,25.73333333333187,5.9000000000014605,177.00000000004383,1.0,False
773,25.766666666665202,5.866666666668131,176.00000000004394,1.0,False
774,25.799999999998533,5.899999999998533,176.999999999956,1.0,False
775,25.833333333331865,5.9,177.0,1.0,False
776,25.866666666665196,5.933333333331863,177.9999999999559,1.0,False
777,25.899999999998528,5.850000000003677,175.5000000001103,1.0,False
778,25.93333333333186,5.8416666666670345,175.25000000001103,0.8888888955165418,True
779,25.96666666666519,5.833333333333702,175.00000000001106,0.9999999999950854,False
780,25.999999999998522,5.8999999999970445,176.99999999991132,1.0,False
781,26.033333333331854,5.883333333334072,176.50000000002217,1.0,False
782,26.066666666665185,5.800000000003695,174.00000000011084,1.0,False
783,26.099999999998516,6.016666666657014,180.4999999997104,1.0,False
784,26.133333333331848,5.86666666667335,176.0000000002005,1.0,False
785,26.16666666666518,5.866666666666667,176.0,1.0,False
786,26.19999999999851,5.866666666666667,176.0,1.0,False
787,26.233333333331842,5.89166666666555,176.74999999996652,1.0,True
788,26.266666666665174,5.850000000001865,175.50000000005593,1.0,False
789,26.299999999998505,5.916666666663675,177.49999999991024,1.0,False
790,26.333333333331836,5.900000000000746,177.0000000000224,1.0,False
791,26.366666666665168,5.8166666666704145,174.50000000011244,1.0,False
792,26.3999999999985,5.916666666662168,177.49999999986505,1.0,False
793,26.43333333333183,5.883333333334836,176.50000000004508,1.0,False
794,26.466666666665162,5.833333333335588,175.00000000006764,1.0,False
795,26.499999999998494,5.966666666660641,178.99999999981924,1.0,False
796,26.533333333331825,5.900000000003013,177.00000000009038,1.0,False
797,26.566666666665157,5.891666666667043,176.75000000001128,0.9714285731328524,True
798,26.599999999998488,5.9666666666632615,178.99999999989785,0.9999999999987027,False
799,26.63333333333182,5.933333333334847,178.00000000004542,1.0,True
800,26.66666666666515,5.941666666666287,178.2499999999886,1.0,True
801,26.699999999998482,5.999999999997345,179.99999999992036,1.0,False
802,26.733333333331814,5.900000000004551,177.00000000013654,1.0,False
803,26.766666666665145,5.891666666667047,176.7500000000114,0.9444444179560255,True
804,26.799999999998477,5.983333333329142,179.49999999987426,0.9999999999974598,False
805,26.833333333331808,5.925000000002661,177.75000000007984,0.916666686538683,True
806,26.86666666666514,5.900000000001146,177.0000000000344,0.9999999999961808,False
807,26.89999999999847,6.01666666666132,180.4999999998396,1.0,False
808,26.933333333331802,5.966666666668964,179.0000000000689,1.0,False
809,26.966666666665134,5.900000000003063,177.0000000000919,1.0,False
810,26.999999999998465,5.9,177.0,1.0,False
811,27.033333333331797,5.916666666665899,177.49999999997695,1.0,False
812,27.066666666665128,5.933333333332566,177.99999999997698,1.0,False
813,27.09999999999846,5.916666666667437,177.5000000000231,1.0,False
814,27.13333333333179,5.900000000000771,177.00000000002314,1.0,False
815,27.166666666665122,5.933333333331788,177.99999999995364,1.0,False
816,27.199999999998454,5.916666666667439,177.50000000002316,1.0,False
817,27.233333333331785,5.933333333332561,177.99999999997684,1.0,False
818,27.266666666665117,5.883333333335656,176.5000000000697,1.0,False
819,27.299999999998448,5.9166666666651135,177.49999999995342,1.0,False
820,27.33333333333178,5.883333333334883,176.50000000004647,0.916666686538754,True
821,27.36666666666511,5.91666666666511,177.4999999999533,0.9166666865348816,True
822,27.399999999998442,5.916666666666666,177.49999999999997,0.9999999999961098,False
823,27.433333333331774,5.8833333333348925,176.50000000004678,1.0,False
824,27.466666666665105,5.8999999999992205,176.9999999999766,1.0,False
825,27.499999999998437,5.9,177.0,1.0,False
826,27.53333333333177,5.858333333335287,175.75000000005863,1.0,True
827,27.5666666666651,5.899999999998046,176.9999999999414,1.0,False
828,27.59999999999843,5.949999999997644,178.49999999992932,1.0,False
829,27.633333333331763,5.916666666668236,177.5000000000471,1.0,False
830,27.666666666665094,5.933333333332547,177.9999999999764,1.0,False
831,27.699999999998425,5.883333333335694,176.5000000000708,1.0,False
832,27.733333333331757,5.908333333332153,177.2499999999646,0.9166666865388162,True
833,27.76666666666509,5.999999999995662,179.99999999986986,0.9999999999960565,False
834,27.79999999999842,5.950000000002372,178.50000000007114,1.0,False
835,27.83333333333175,5.883333333336488,176.50000000009464,1.0,True
836,27.866666666665083,5.8791666666668645,176.37500000000594,0.972222208978066,True
837,27.899999999998414,5.924999999997821,177.74999999993463,0.8888888955155885,True
838,27.933333333331746,5.870833333335915,176.12500000007745,0.9166666865335582,True
839,27.966666666665077,5.866666666666865,176.00000000000597,0.9999999999960298,False
840,27.99999999999841,5.866666666666667,176.0,0.9166666865388606,True
841,28.03333333333174,5.883333333332537,176.49999999997613,0.9444444179521648,True
842,28.06666666666507,5.9166666666650745,177.49999999995222,0.9999999999973473,False
843,28.099999999998403,5.9000000000008,177.000000000024,1.0,False
844,28.133333333331734,5.866666666668266,176.00000000004798,1.0,False
845,28.166666666665066,5.9111111111089745,177.33333333326922,0.8888888955169681,True
846,28.199999999998397,5.922222222221688,177.66666666665063,0.999999999994659,True
847,28.23333333333173,5.866666666669337,176.00000000008012,1.0,False
848,28.26666666666506,5.83333333333494,175.0000000000482,1.0,False
849,28.29999999999839,5.841666666666264,175.24999999998792,1.0,True
850,28.333333333331723,5.833333333333735,175.00000000001205,1.0,False
851,28.366666666665054,5.866666666665054,175.99999999995163,1.0,True
852,28.399999999998386,5.916666666664248,177.49999999992744,1.0,False
853,28.433333333331717,5.916666666666666,177.49999999999997,1.0,False
854,28.46666666666505,5.9222222222219525,177.66666666665859,0.8888888955170154,True
855,28.49999999999838,5.894444444445795,176.83333333337384,0.9166666865335316,True
856,28.53333333333171,5.9333333333314435,177.9999999999433,0.9999999999959499,False
857,28.566666666665043,5.90000000000162,177.0000000000486,1.0,False
858,28.599999999998374,5.9,177.0,1.0,False
859,28.633333333331706,6.016666666660972,180.49999999982916,1.0,False
860,28.666666666665037,5.916666666671558,177.50000000014674,1.0,False
861,28.69999999999837,5.933333333332518,177.99999999997556,1.0,False
862,28.7333333333317,5.8666666666699285,176.00000000009786,1.0,False
863,28.76666666666503,5.933333333330065,177.99999999990195,0.9142857193988861,True
864,28.799999999998363,5.949999999999181,178.49999999997544,0.9999999999957885,False
865,28.833333333331694,5.96999999999902,179.0999999999706,0.9444444179562149,True
866,28.866666666665026,5.989999999999015,179.69999999997046,0.8888888955143628,True
867,28.899999999998357,5.993333333333169,179.79999999999507,0.9166666865335138,True
868,28.93333333333169,5.94666666666897,178.4000000000691,0.9999999999958877,True
869,28.96666666666502,5.999999999997368,179.99999999992104,1.0,False
870,28.99999999999835,5.900000000004946,177.00000000014836,1.0,False
871,29.033333333331683,5.933333333331685,177.99999999995055,0.8823529481945999,True
872,29.066666666665014,5.966666666665018,178.99999999995055,0.9999999999941819,False
873,29.099999999998346,5.92500000000207,177.7500000000621,0.8888888955171458,True
874,29.133333333331677,5.9499999999987585,178.49999999996277,0.9999999999944814,False
875,29.16666666666501,5.958333333332918,178.74999999998755,1.0,True
876,29.19999999999834,5.933333333334577,178.00000000003732,1.0,False
877,29.23333333333167,5.966666666665008,178.99999999995023,1.0,False
878,29.266666666665003,5.966666666666667,179.0,1.0,False
879,29.299999999998334,5.900000000003333,177.0000000001,1.0,False
880,29.333333333331666,5.9,177.0,1.0,False
881,29.366666666664997,5.908333333332916,177.24999999998747,1.0,True
882,29.39999999999833,5.933333333332081,177.99999999996243,1.0,False
883,29.43333333333166,5.866666666670014,176.0000000001004,1.0,False
884,29.46666666666499,5.916666666664157,177.4999999999247,1.0,False
885,29.499999999998323,5.949999999998323,178.4999999999497,1.0,False
886,29.533333333331655,5.933333333334172,178.00000000002515,0.9166666865390738,True
887,29.566666666664986,5.96666666666499,178.9999999999497,0.9999999999958078,False
888,29.599999999998317,5.9833333333324905,179.4999999999747,1.0,False
889,29.63333333333165,5.999999999999158,179.99999999997473,1.0,False
890,29.66666666666498,6.016666666665823,180.49999999997468,1.0,False
891,29.69999999999831,5.983333333335021,179.50000000005062,1.0,True
892,29.733333333331643,5.983333333333333,179.5,1.0,False
893,29.766666666664975,5.983333333333333,179.5,1.0,False
894,29.799999999998306,6.016666666664972,180.49999999994915,1.0,True
895,29.833333333331638,6.0000000000008455,180.00000000002535,1.0,False
896,29.86666666666497,5.8833333333392765,176.5000000001783,1.0,False
897,29.8999999999983,5.933333333330786,177.9999999999236,1.0,False
898,29.933333333331632,5.983333333330781,179.49999999992343,1.0,False
899,29.966666666664963,5.966666666667518,179.00000000002552,1.0,False
900,29.999999999998295,5.991666666665388,179.74999999996163,1.0,True
901,30.033333333331626,5.999999999999574,179.9999999999872,1.0,False
902,30.066666666664958,5.933333333336744,178.00000000010232,1.0,False
903,30.09999999999829,5.925000000000429,177.75000000001288,0.9722222089781726,True
904,30.13333333333162,5.999999999996147,179.9999999998844,0.999999999998573,False
905,30.166666666664952,5.883333333339339,176.50000000018017,1.0,False
906,30.199999999998283,5.9833333333281855,179.49999999984556,1.0,False
907,30.233333333331615,5.966666666667525,179.00000000002575,1.0,False
908,30.266666666664946,5.983333333332474,179.49999999997422,1.0,False
909,30.299999999998278,5.933333333335918,178.00000000007753,1.0,False
910,30.33333333333161,5.90000000000172,177.00000000005159,1.0,False
911,30.36666666666494,5.94999999999741,178.4999999999223,1.0,False
912,30.399999999998272,5.933333333334197,178.00000000002592,1.0,False
913,30.433333333331603,5.949999999999135,178.49999999997405,1.0,False
914,30.466666666664935,5.949999999999999,178.49999999999997,1.0,False
915,30.499999999998266,5.900000000002601,177.00000000007802,1.0,False
916,30.533333333331598,5.9333333333316,177.999999999948,1.0,False
917,30.56666666666493,5.8833333333359334,176.500000000078,1.0,False
918,30.59999999999826,5.8666666666675376,176.00000000002612,1.0,False
919,30.633333333331592,5.866666666666667,176.0,1.0,False
920,30.666666666664923,5.908333333331153,177.24999999993457,1.0,True
921,30.699999999998255,5.900000000000436,177.00000000001307,1.0,False
922,30.733333333331586,5.949999999997384,178.4999999999215,1.0,False
923,30.766666666664918,5.95,178.5,1.0,False
924,30.79999999999825,5.9166666666684185,177.50000000005255,1.0,False
925,30.83333333333158,5.90833333333377,177.2500000000131,0.8888888955174536,True
926,30.866666666664912,5.900000000000439,177.0000000000132,0.9999999999941499,False
927,30.899999999998244,5.9083333333328945,177.24999999998684,1.0,True
928,30.933333333331575,5.916666666666227,177.4999999999868,1.0,False
929,30.966666666664906,5.866666666669305,176.00000000007915,1.0,False
930,30.999999999998238,5.841666666667988,175.25000000003965,1.0,True
931,31.03333333333157,5.916666666662701,177.49999999988103,1.0,False
932,31.0666666666649,5.966666666664024,178.9999999999207,1.0,False
933,31.099999999998232,5.950000000000885,178.50000000002655,0.97222220897822,True
934,31.133333333331564,5.966666666665782,178.99999999997345,0.805555582055355,True
935,31.166666666664895,5.933333333335106,178.0000000000532,0.9999999999896586,False
936,31.199999999998226,5.949999999999114,178.49999999997343,1.0,False
937,31.233333333331558,5.93333333333422,178.0000000000266,1.0,False
938,31.26666666666489,5.900000000001777,177.0000000000533,1.0,False
939,31.29999999999822,5.966666666663107,178.99999999989322,1.0,False
940,31.333333333331552,5.983333333332445,179.49999999997337,1.0,False
941,31.366666666664884,5.900000000004459,177.00000000013378,1.0,False
942,31.399999999998215,5.924999999998662,177.74999999995987,1.0,True
943,31.433333333331547,5.999999999995979,179.99999999987938,1.0,False
944,31.466666666664878,6.0,180.0,1.0,False
945,31.49999999999821,5.983333333334228,179.50000000002683,1.0,False
946,31.53333333333154,6.033333333330647,180.99999999991942,1.0,False
947,31.566666666664872,5.983333333336019,179.50000000008058,1.0,False
948,31.599999999998204,6.016666666664869,180.49999999994606,1.0,False
949,31.633333333331535,5.866666666674757,176.0000000002427,1.0,False
950,31.666666666664867,5.891666666665316,176.74999999995947,1.0,True
951,31.699999999998198,5.850000000002252,175.50000000006756,1.0,False
952,31.73333333333153,5.916666666663064,177.4999999998919,1.0,False
953,31.76666666666486,5.916666666666666,177.49999999999997,1.0,False
954,31.799999999998192,5.933333333332429,177.99999999997289,1.0,False
955,31.833333333331524,5.933333333333334,178.0,1.0,False
956,31.866666666664855,5.958333333331974,178.74999999995921,0.9722222089782555,True
957,31.899999999998187,5.983333333331974,179.49999999995921,0.9999999999984901,False
958,31.933333333331518,5.916666666670297,177.5000000001089,1.0,False
959,31.96666666666485,5.9833333333297025,179.4999999998911,1.0,False
960,31.99999999999818,6.033333333330605,180.99999999991815,0.8888888955176905,True
961,32.03333333333151,5.966666666670305,179.00000000010914,0.9999999999939367,False
962,32.066666666664844,5.950000000000909,178.50000000002726,1.0,False
963,32.099999999998175,5.916666666668492,177.50000000005477,1.0,False
964,32.13333333333151,5.983333333329681,179.49999999989043,1.0,False
965,32.16666666666484,5.96666666666758,179.0000000000274,1.0,False
966,32.19999999999817,5.925000000002291,177.75000000006875,0.9166666865394646,True
967,32.2333333333315,5.933333333332875,177.99999999998624,0.999999999995417,False
968,32.26666666666483,5.916666666667583,177.50000000002748,1.0,False
969,32.299999999998164,5.949999999998166,178.49999999994498,1.0,False
970,32.333333333331495,5.933333333334254,178.00000000002763,1.0,False
971,32.36666666666483,5.883333333336093,176.5000000000828,1.0,False
972,32.39999999999816,5.89999999999908,176.9999999999724,1.0,False
973,32.43333333333149,5.9,177.0,1.0,False
974,32.46666666666482,5.8916666666671285,176.75000000001384,0.8888888955177853,True
975,32.49999999999815,5.883333333333795,176.50000000001384,0.9999999999938419,False
976,32.533333333331484,5.916666666664819,177.49999999994455,1.0,False
977,32.566666666664815,5.916666666666666,177.49999999999997,1.0,False
978,32.59999999999815,5.933333333332406,177.9999999999722,1.0,False
979,32.63333333333148,5.883333333336115,176.50000000008345,1.0,False
980,32.66666666666481,5.98333333332777,179.4999999998331,1.0,False
981,32.69999999999814,5.916666666670389,177.50000000011167,1.0,False
982,32.73333333333147,5.949999999998138,178.49999999994412,1.0,False
983,32.766666666664804,5.933333333334264,178.00000000002794,1.0,False
984,32.799999999998136,5.916666666667597,177.5000000000279,1.0,False
985,32.83333333333147,5.9083333333338,177.250000000014,1.0,True
986,32.8666666666648,5.916666666666199,177.49999999998596,1.0,False
987,32.89999999999813,5.941666666665265,178.24999999995794,1.0,True
988,32.93333333333146,5.900000000002336,177.0000000000701,1.0,False
989,32.96666666666479,5.916666666665728,177.49999999997183,1.0,False
990,32.999999999998124,5.949999999998124,178.49999999994373,1.0,False
991,33.033333333331456,5.9333333333342715,178.00000000002814,1.0,False
992,33.06666666666479,5.916666666667604,177.5000000000281,1.0,False
993,33.09999999999812,5.900000000000942,177.00000000002825,1.0,False
994,33.13333333333145,5.933333333331451,177.99999999994353,1.0,False
995,33.16666666666478,5.883333333336157,176.50000000008473,1.0,False
996,33.19999999999811,5.883333333333333,176.5,1.0,False
997,33.233333333331444,5.916666666664776,177.49999999994327,1.0,False
998,33.266666666664776,5.9333333333323885,177.99999999997166,1.0,False
999,33.29999999999811,5.916666666667612,177.50000000002836,1.0,False
1000,33.33333333333144,5.949999999998103,178.4999999999431,1.0,False
1001,33.36666666666477,5.966666666665718,178.99999999997155,1.0,False
1002,33.3999999999981,5.933333333335231,178.00000000005693,1.0,False
1003,33.43333333333143,5.883333333336179,176.50000000008535,1.0,False
1004,33.466666666664764,5.899999999999048,176.99999999997144,1.0,False
1005,33.499999999998096,5.891666666667143,176.75000000001427,1.0,True
1006,33.53333333333143,5.899999999999524,176.99999999998573,1.0,False
1007,33.56666666666476,5.949999999997143,178.49999999991428,1.0,False
1008,33.59999999999809,5.983333333331422,179.49999999994267,1.0,False
1009,33.63333333333142,5.9666666666676225,179.00000000002868,1.0,True
1010,33.66666666666475,5.900000000003823,177.00000000011468,1.0,False
1011,33.699999999998084,5.9,177.0,1.0,False
1012,33.733333333331416,5.999999999994245,179.99999999982734,1.0,False
1013,33.76666666666475,6.099999999994244,182.99999999982734,1.0,False
1014,33.79999999999808,6.03333333333717,181.0000000001151,1.0,False
1015,33.83333333333141,6.000000000001926,180.00000000005775,1.0,False
1016,33.86666666666474,5.91666666667148,177.5000000001444,1.0,False
1017,33.89999999999807,5.924999999999518,177.74999999998556,1.0,True
1018,33.933333333331404,5.933333333332852,177.99999999998556,1.0,False
1019,33.966666666664736,5.925000000000483,177.7500000000145,1.0,True
1020,33.99999999999807,5.94999999999855,178.4999999999565,1.0,False
1021,34.0333333333314,5.9333333333343,178.000000000029,1.0,True
1022,34.06666666666473,5.933333333333334,178.0,1.0,False
1023,34.09999999999806,5.933333333333334,178.0,1.0,False
1024,34.13333333333139,5.933333333333334,178.0,1.0,False
1025,34.166666666664725,5.916666666667637,177.5000000000291,1.0,False
1026,34.199999999998056,5.93333333333236,177.9999999999708,1.0,False
1027,34.23333333333139,5.999999999996106,179.9999999998832,1.0,False
1028,34.26666666666472,5.991666666667154,179.7500000000146,1.0,True
1029,34.29999999999805,5.966666666668127,179.0000000000438,1.0,False
1030,34.33333333333138,5.966666666666667,179.0,1.0,False
1031,34.36666666666471,5.966666666666667,179.0,1.0,False
1032,34.399999999998045,5.974999999999511,179.24999999998533,1.0,True
1033,34.433333333331376,5.94166666666862,178.2500000000586,0.9166666865397666,True
1034,34.46666666666471,5.933333333333824,178.00000000001472,0.9999999999950973,False
1035,34.49999999999804,5.9166666666676475,177.50000000002942,1.0,False
1036,34.53333333333137,5.958333333330882,178.74999999992644,1.0,True
1037,34.5666666666647,5.95000000000049,178.5000000000147,1.0,False
1038,34.59999999999803,5.916666666668634,177.50000000005903,1.0,False
1039,34.633333333331365,5.958333333330874,178.74999999992622,1.0,True
1040,34.666666666664696,5.991666666664699,179.74999999994097,1.0,True
1041,34.69999999999803,5.983333333333827,179.5000000000148,1.0,False
1042,34.73333333333136,5.983333333333333,179.5,1.0,False
1043,34.76666666666469,5.9833333333333325,179.49999999999997,1.0,False
1044,34.79999999999802,5.900000000004939,177.00000000014816,1.0,False
1045,34.83333333333135,6.016666666659728,180.49999999979184,1.0,False
1046,34.866666666664685,5.93333333333829,178.0000000001487,1.0,False
1047,34.899999999998016,5.966666666664684,178.99999999994054,1.0,False
1048,34.93333333333135,5.966666666666667,179.0,1.0,True
1049,34.96666666666468,5.966666666666667,179.0,1.0,False
1050,34.99999999999801,5.883333333338307,176.5000000001492,1.0,False
1051,35.03333333333134,5.983333333327365,179.49999999982094,1.0,False
1052,35.06666666666467,5.9666666666676615,179.00000000002984,0.9714285731332665,True
1053,35.099999999998005,5.983333333332335,179.49999999997004,0.9444444179551075,True
1054,35.133333333331336,5.983333333333333,179.5,0.9999999999966723,False
1055,35.16666666666467,6.066666666661675,181.99999999985025,1.0,False
1056,35.199999999998,6.283333333320309,188.49999999960926,1.0,False
1057,35.23333333333133,6.083333333345356,182.5000000003607,0.9166666865398909,False
1058,35.26666666666466,5.750000000020037,172.50000000060112,5.510258915819577e-11,True
1059,35.29999999999799,5.383333333355374,161.5000000006612,0.9444444178967188,False
1060,35.333333333331325,5.599999999986929,167.99999999960787,0.75000000001173,True
1061,35.366666666664656,5.799999999987935,173.99999999963805,0.9999999999849187,True
1062,35.39999999999799,5.991666666655105,179.74999999965314,1.0,True
1063,35.43333333333132,5.966666666668175,179.00000000004525,1.0,False
1064,35.46666666666465,5.883333333338378,176.50000000015132,1.0,False
1065,35.49999999999798,6.0333333333242525,180.99999999972758,1.0,False
1066,35.53333333333131,6.025000000000505,180.75000000001515,1.0,True
1067,35.566666666664645,6.066666666664144,181.9999999999243,1.0,False
1068,35.599999999997976,6.050000000001012,181.50000000003038,1.0,False
1069,35.63333333333131,5.966666666671729,179.00000000015189,1.0,False
1070,35.66666666666464,6.049999999994937,181.49999999984811,1.0,False
1071,35.69999999999797,6.016666666668699,180.50000000006096,1.0,False
1072,35.7333333333313,6.099999999994919,182.99999999984757,1.0,False
1073,35.766666666664634,6.0000000000060965,180.0000000001829,1.0,False
1074,35.799999999997965,5.975000000001524,179.2500000000457,1.0,True
1075,35.833333333331296,5.933333333335883,178.00000000007648,1.0,False
1076,35.86666666666463,5.9499999999989805,178.49999999996942,1.0,False
1077,35.89999999999796,5.966666666665647,178.99999999996942,1.0,False
1078,35.93333333333129,6.016666666663608,180.49999999990823,1.0,False
1079,35.96666666666462,6.000000000001023,180.0000000000307,1.0,False
1080,35.999999999997954,6.016666666665643,180.4999999999693,1.0,False
1081,36.033333333331285,6.03333333333231,180.9999999999693,1.0,False
1082,36.06666666666462,5.9666666666707595,179.00000000012278,1.0,False
1083,36.09999999999795,6.066666666660506,181.99999999981517,1.0,False
1084,36.13333333333128,6.050000000001027,181.5000000000308,1.0,False
1085,36.16666666666461,5.966666666671783,179.00000000015348,1.0,False
1086,36.19999999999794,5.983333333332303,179.4999999999691,1.0,False
1087,36.233333333331274,5.975000000000513,179.2500000000154,1.0,True
1088,36.266666666664605,6.016666666664091,180.49999999992272,1.0,False
1089,36.29999999999794,6.049999999997939,181.49999999993818,1.0,False
1090,36.33333333333127,6.033333333334367,181.000000000031,1.0,False
1091,36.3666666666646,6.033333333333333,181.0,1.0,True
1092,36.39999999999793,6.099999999995864,182.99999999987594,1.0,False
1093,36.43333333333126,6.000000000006203,180.0000000001861,1.0,False
1094,36.466666666664594,6.083333333328146,182.4999999998444,1.0,False
1095,36.499999999997925,6.016666666670816,180.5000000001245,1.0,False
1096,36.53333333333126,6.049999999997925,181.49999999993776,1.0,False
1097,36.56666666666459,5.983333333337482,179.50000000012446,1.0,False
1098,36.59999999999792,6.083333333327087,182.49999999981262,1.0,False
1099,36.63333333333125,6.083333333333333,182.5,1.0,False
1100,36.66666666666458,6.083333333333334,182.50000000000003,1.0,False
1101,36.699999999997914,6.066666666667711,182.00000000003132,1.0,False
1102,36.733333333331245,6.091666666665105,182.74999999995316,0.9722222089784806,True
1103,36.76666666666458,6.083333333333856,182.5000000000157,0.9999999999982592,False
1104,36.79999999999791,6.099999999998955,182.99999999996865,1.0,False
1105,36.83333333333124,6.0666666666687625,182.00000000006287,1.0,False
1106,36.86666666666457,5.9500000000073365,178.5000000002201,1.0,False
1107,36.8999999999979,5.983333333331237,179.49999999993713,1.0,False
1108,36.933333333331234,6.033333333330189,180.99999999990567,1.0,False
1109,36.966666666664565,5.966666666670873,179.0000000001262,1.0,False
1110,36.9999999999979,6.016666666663512,180.49999999990536,0.9444444179569965,True
1111,37.03333333333123,6.016666666666667,180.5,0.9999999999964947,False
1112,37.06666666666456,5.958333333337014,178.75000000011042,1.0,True
1113,37.09999999999789,5.966666666666139,178.99999999998417,1.0,False
1114,37.13333333333122,5.99999999999789,179.99999999993668,1.0,False
1115,37.166666666664554,6.03333333333123,180.9999999999369,1.0,False
1116,37.199999999997885,6.049999999998941,181.49999999996822,1.0,False
1117,37.23333333333122,6.066666666665611,181.99999999996834,1.0,False
1118,37.26666666666455,6.025000000002647,180.7500000000794,0.9444444179570203,True
1119,37.29999999999788,6.000000000001588,180.00000000004763,0.9999999999964709,False
1120,37.33333333333121,6.016666666665604,180.49999999996814,1.0,False
1121,37.36666666666454,6.044444444442674,181.33333333328022,0.944444417957032,True
1122,37.399999999997874,6.022222222223638,180.66666666670915,0.9999999999964592,True
1123,37.433333333331205,6.04999999999823,181.49999999994688,1.0,False
1124,37.46666666666454,6.033333333334399,181.00000000003197,1.0,False
1125,37.49999999999787,6.055555555554134,181.66666666662402,0.9166666865402107,True
1126,37.5333333333312,6.011111111113953,180.3333333334186,0.9444444179517149,True
1127,37.56666666666453,6.0000000000007105,180.00000000002132,0.9999999999964473,False
1128,37.59999999999786,6.049999999996792,181.49999999990376,1.0,False
1129,37.633333333331194,6.033333333334403,181.0000000000321,1.0,True
1130,37.666666666664526,6.049999999998934,181.49999999996803,1.0,False
1131,37.69999999999786,6.000000000003219,180.00000000009658,1.0,False
1132,37.73333333333119,5.933333333337611,178.00000000012832,1.0,False
1133,37.76666666666452,6.049999999992489,181.49999999977467,0.9444444179570676,True
1134,37.79999999999785,6.1166666666623755,183.49999999987125,0.9999999999964236,False
1135,37.83333333333118,6.066666666669896,182.00000000009686,1.0,False
1136,37.866666666664514,6.116666666663438,183.49999999990314,1.0,False
1137,37.899999999997846,5.950000000010764,178.50000000032293,1.0,False
1138,37.93333333333118,5.999999999996771,179.9999999999031,1.0,False
1139,37.96666666666451,6.033333333331173,180.9999999999352,1.0,False
1140,37.99999999999784,6.041666666666126,181.24999999998377,1.0,True
1141,38.03333333333117,6.033333333333873,181.0000000000162,1.0,False
1142,38.0666666666645,6.066666666664506,181.9999999999352,1.0,False
1143,38.099999999997834,6.016666666669917,180.50000000009751,1.0,False
1144,38.133333333331166,6.149999999991332,184.49999999973994,1.0,False
1145,38.1666666666645,6.033333333340893,181.0000000002268,1.0,False
1146,38.19999999999783,6.066666666664492,181.99999999993477,1.0,False
1147,38.23333333333116,6.000000000004334,180.00000000013003,1.0,False
1148,38.26666666666449,6.033333333331159,180.99999999993477,1.0,False
1149,38.29999999999782,5.966666666671015,179.00000000013046,1.0,False
1150,38.333333333331154,5.95000000000109,178.50000000003268,1.0,False
1151,38.366666666664486,6.066666666659032,181.99999999977095,1.0,False
1152,38.39999999999782,6.033333333335515,181.00000000006543,1.0,False
1153,38.43333333333115,6.049999999998909,181.4999999999673,1.0,False
1154,38.46666666666448,6.0583333333327865,181.7499999999836,1.0,True
1155,38.49999999999781,6.066666666666119,181.99999999998357,1.0,False
1156,38.53333333333114,6.016666666669949,180.50000000009848,1.0,False
1157,38.566666666664474,5.983333333335522,179.50000000006565,1.0,False
1158,38.599999999997806,6.008333333331686,180.24999999995057,0.9444444179571505,True
1159,38.63333333333114,5.966666666669411,179.00000000008234,0.9999999999963407,False
1160,38.66666666666447,5.9999999999978115,179.99999999993435,1.0,False
1161,38.6999999999978,6.049999999996696,181.49999999990087,1.0,False
1162,38.73333333333113,5.950000000006586,178.5000000001976,1.0,False
1163,38.76666666666446,6.016666666662261,180.49999999986784,1.0,False
1164,38.799999999997794,5.90000000000771,177.0000000002313,1.0,False
1165,38.833333333331126,6.016666666658932,180.49999999976797,1.0,False
1166,38.86666666666446,6.055555555552978,181.66666666658932,1.0,True
1167,38.89999999999779,6.061111111110742,181.83333333332226,0.8888888955189932,True
1168,38.93333333333112,6.033333333335175,181.00000000005525,0.999999999992634,False
1169,38.96666666666445,6.033333333333333,181.0,1.0,False
1170,38.99999999999778,6.041666666666112,181.24999999998334,0.944444417957186,True
1171,39.033333333331115,6.066666666665004,181.99999999995012,0.9999999999963052,False
1172,39.066666666664446,6.000000000004434,180.000000000133,1.0,False
1173,39.09999999999778,6.01111111111037,180.33333333331112,0.9428571462669352,True
1174,39.13333333333111,5.988888888890372,179.66666666671117,0.888888895515228,True
1175,39.16666666666444,6.016666666664819,180.49999999994458,0.9999999999926104,False
1176,39.19999999999777,5.9833333333355645,179.50000000006693,1.0,False
1177,39.2333333333311,5.883333333340005,176.50000000020015,1.0,False
1178,39.266666666664435,6.033333333323293,180.9999999996988,1.0,False
1179,39.299999999997766,6.000000000002231,180.00000000006693,1.0,False
1180,39.3333333333311,6.099999999993285,182.99999999979855,1.0,False
1181,39.36666666666443,6.058333333336131,181.75000000008393,1.0,True
1182,39.39999999999776,6.038888888890194,181.16666666670582,0.9166666865404771,True
1183,39.43333333333109,5.994444444447429,179.83333333342287,0.8888888955134924,True
1184,39.46666666666442,6.01666666666517,180.4999999999551,0.9999999999925157,False
1185,39.499999999997755,5.966666666670035,179.00000000010104,1.0,False
1186,39.533333333331086,5.966666666666667,179.0,1.0,False
1187,39.56666666666442,5.9250000000028065,177.75000000008419,0.9428571462669717,True
1188,39.59999999999775,5.9333333333327705,177.99999999998312,0.9999999999961388,False
1189,39.63333333333108,5.933333333333334,178.0,1.0,False
1190,39.66666666666441,5.900000000002246,177.00000000006736,1.0,False
1191,39.69999999999774,5.94999999999661,178.4999999998983,1.0,False
1192,39.733333333331075,5.983333333331081,179.49999999993244,1.0,False
1193,39.766666666664406,5.850000000009038,175.50000000027114,1.0,False
1194,39.79999999999774,5.933333333327685,177.99999999983055,1.0,False
1195,39.83333333333107,5.9833333333299334,179.499999999898,1.0,False
1196,39.8666666666644,5.999999999998867,179.999999999966,1.0,False
1197,39.89999999999773,6.016666666665533,180.499999999966,1.0,False
1198,39.93333333333106,5.9833333333356,179.500000000068,1.0,True
1199,39.966666666664395,5.999999999998863,179.9999999999659,1.0,False
1200,39.999999999997726,6.01666666666553,180.4999999999659,1.0,False
1201,40.03333333333106,6.016666666666667,180.5,1.0,False
1202,40.06666666666439,6.033333333332196,180.9999999999659,1.0,False
1203,40.09999999999772,5.9666666666712285,179.00000000013685,1.0,False
1204,40.13333333333105,5.983333333332193,179.49999999996578,1.0,False
1205,40.16666666666438,5.999999999998863,179.9999999999659,1.0,False
1206,40.199999999997715,5.983333333334477,179.50000000003433,0.9444444179573045,True
1207,40.233333333331046,6.049999999995438,181.49999999986315,0.9999999999961986,False
1208,40.26666666666438,5.950000000006864,178.50000000020592,1.0,False
1209,40.29999999999771,5.999999999996568,179.99999999989706,6.863842827442568e-11,True
1210,40.33333333333104,6.009259259258622,180.27777777775864,0.0,True
1211,40.36666666666437,6.018518518517881,180.55555555553644,0.0,True
1212,40.3999999999977,6.027777777777141,180.83333333331421,0.0,True
1213,40.433333333331035,6.0370370370363995,181.111111111092,0.9411764740295893,True
1214,40.466666666664366,5.979629629633594,179.38888888900783,0.9999999999959374,True
1215,40.4999999999977,5.922222222226187,177.66666666678563,0.916666686540637,True
1216,40.53333333333103,6.1148148148015125,183.44444444404536,0.9999999999942446,True
1217,40.56666666666436,6.057407407411372,181.72222222234114,0.8857142925341382,True
1218,40.59999999999769,5.983333333338464,179.50000000015393,0.9999999999920826,False
1219,40.633333333331024,5.950000000002309,178.5000000000693,1.0,False
1220,40.666666666664355,5.983333333331031,179.49999999993094,1.0,False
1221,40.69999999999769,5.9500000000023165,178.5000000000695,1.0,False
1222,40.73333333333102,5.933333333334488,178.00000000003465,1.0,False
1223,40.76666666666435,5.983333333329859,179.49999999989578,0.9166666865406725,True
1224,40.79999999999768,6.033333333329859,180.99999999989575,0.9999999999942091,False
1225,40.83333333333101,6.033333333333333,181.0,1.0,False
1226,40.866666666664344,5.950000000005809,178.50000000017425,1.0,False
1227,40.899999999997675,5.908333333336238,177.25000000008714,1.0,True
1228,40.93333333333101,5.949999999997095,178.49999999991286,1.0,False
1229,40.96666666666434,5.983333333331003,179.49999999993008,1.0,False
1230,40.99999999999767,5.950000000002331,178.50000000006992,0.9142857194006768,True
1231,41.033333333331,5.9166666666689975,177.50000000006992,0.999999999994007,False
1232,41.06666666666433,5.966666666663171,178.99999999989512,1.0,False
1233,41.099999999997664,5.900000000004676,177.00000000014026,1.0,False
1234,41.133333333330995,5.941666666663744,178.24999999991232,0.914285719400695,True
1235,41.16666666666433,6.033333333326924,180.99999999980773,0.999999999994007,False
1236,41.19999999999766,5.9000000000093795,177.00000000028137,1.0,False
1237,41.23333333333099,5.983333333327489,179.49999999982467,1.0,False
1238,41.26666666666432,5.933333333336851,178.00000000010553,1.0,False
1239,41.29999999999765,5.933333333333334,178.0,1.0,False
1240,41.333333333330984,5.999999999995296,179.9999999998589,1.0,False
1241,41.366666666664315,6.049999999996472,181.49999999989416,1.0,False
1242,41.39999999999765,6.000000000003528,180.00000000010584,1.0,False
1243,41.43333333333098,5.950000000003528,178.50000000010584,1.0,False
1244,41.46666666666431,5.933333333334513,178.00000000003539,1.0,False
1245,41.49999999999764,5.966666666664308,178.99999999992923,1.0,False
1246,41.53333333333097,5.966666666666667,179.0,1.0,False
1247,41.566666666664304,5.933333333335693,178.00000000007077,0.8888888955194906,True
1248,41.599999999997635,5.916666666667849,177.50000000003547,0.999999999992113,False
1249,41.63333333333097,5.983333333328601,179.49999999985803,1.0,False
1250,41.6666666666643,5.916666666671385,177.50000000014154,1.0,False
1251,41.69999999999763,6.016666666659547,180.4999999997864,1.0,False
1252,41.73333333333096,5.966666666670216,179.00000000010647,1.0,False
1253,41.76666666666429,5.966666666666667,179.0,0.8888888955195379,True
1254,41.799999999997624,5.916666666670227,177.5000000001068,0.9999999999920893,False
1255,41.833333333330955,5.94999999999762,178.4999999999286,1.0,False
1256,41.86666666666429,5.9416666666672615,178.25000000001785,0.8888888955195616,True
1257,41.89999999999762,5.900000000002976,177.00000000008927,0.9999999999920656,False
1258,41.93333333333095,5.983333333327383,179.49999999982148,0.9411764740985913,True
1259,41.96666666666428,6.083333333326171,182.49999999978513,0.9999999999957869,False
1260,41.99999999999761,6.000000000005969,180.00000000017906,1.0,False
1261,42.033333333330944,5.900000000007163,177.00000000021487,1.0,False
1262,42.066666666664275,5.983333333327365,179.49999999982094,1.0,False
1263,42.09999999999761,5.933333333336925,178.00000000010778,1.0,False
1264,42.13333333333094,6.016666666660681,180.49999999982043,1.0,False
1265,42.16666666666427,6.0333333333321395,180.9999999999642,1.0,False
1266,42.1999999999976,5.9333333333405385,178.00000000021615,1.0,False
1267,42.23333333333093,5.933333333333334,178.0,1.0,False
1268,42.266666666664264,5.86666666667147,176.0000000001441,0.9444444179574939,True
1269,42.299999999997596,5.93333333332853,177.9999999998559,0.9999999999959973,False
1270,42.33333333333093,5.9583333333315265,178.7499999999458,1.0,True
1271,42.36666666666426,5.900000000004216,177.00000000012648,1.0,False
1272,42.39999999999759,5.949999999996387,178.4999999998916,1.0,False
1273,42.43333333333092,5.983333333330925,179.49999999992775,1.0,False
1274,42.46666666666425,5.850000000009663,175.5000000002899,1.0,False
1275,42.499999999997584,5.966666666658211,178.99999999974634,1.0,False
1276,42.533333333330916,6.016666666663043,180.4999999998913,1.0,False
1277,42.56666666666425,5.850000000012079,175.50000000036238,1.0,False
1278,42.59999999999758,5.899999999996366,176.99999999989097,1.0,False
1279,42.63333333333091,5.941666666663638,178.24999999990914,1.0,True
1280,42.66666666666424,5.916666666668478,177.50000000005434,1.0,False
1281,42.69999999999757,5.94999999999757,178.4999999999271,1.0,False
1282,42.733333333330904,5.933333333334545,178.00000000003635,1.0,True
1283,42.766666666664236,5.933333333333334,178.0,1.0,False
1284,42.79999999999757,5.966666666664237,178.9999999999271,1.0,False
1285,42.8333333333309,5.900000000004875,177.00000000014623,1.0,False
1286,42.86666666666423,5.9666666666617925,178.99999999985377,1.0,False
1287,42.89999999999756,5.916666666670322,177.50000000010965,1.0,False
1288,42.93333333333089,5.938888888887265,178.16666666661794,1.0,True
1289,42.966666666664224,5.961111111109481,178.83333333328443,0.8857142925346255,True
1290,42.999999999997556,5.983333333331704,179.49999999995111,0.9999999999916197,False
1291,43.03333333333089,5.9166666666715555,177.50000000014666,1.0,False
1292,43.06666666666422,5.916666666666666,177.49999999999997,1.0,False
1293,43.09999999999755,5.91944444444424,177.5833333333272,0.911764681345753,True
1294,43.13333333333088,5.922222222222018,177.66666666666055,0.8888888955133095,True
1295,43.16666666666421,5.883333333336185,176.50000000008555,0.9999999999918524,False
1296,43.199999999997544,5.897222222221198,176.91666666663593,1.0,True
1297,43.233333333330876,5.91111111111009,177.3333333333027,0.8888888955197984,True
1298,43.26666666666421,5.966666666662569,178.99999999987705,0.9999999999918051,False
1299,43.29999999999754,5.933333333335792,178.00000000007375,1.0,True
1300,43.33333333333087,5.933333333333334,178.0,1.0,False
1301,43.3666666666642,5.883333333337031,176.50000000011093,1.0,False
1302,43.39999999999753,5.883333333333333,176.5,1.0,False
1303,43.433333333330864,5.983333333325937,179.4999999997781,1.0,False
1304,43.466666666664196,5.966666666667903,179.0000000000371,0.8888888955198695,True
1305,43.49999999999753,5.883333333339515,176.50000000018542,0.9999999999917577,False
1306,43.53333333333086,5.9333333333296245,177.99999999988873,1.0,True
1307,43.56666666666419,5.900000000002473,177.00000000007418,1.0,False
1308,43.59999999999752,5.9,177.0,1.0,False
1309,43.63333333333085,5.9,177.0,1.0,False
1310,43.666666666664185,5.91666666666543,177.49999999996288,1.0,False
1311,43.699999999997516,5.93333333333209,177.9999999999627,1.0,False
1312,43.73333333333085,5.933333333333334,178.0,1.0,False
1313,43.76666666666418,5.949999999998756,178.49999999996268,1.0,False
1314,43.79999999999751,6.083333333323386,182.4999999997016,1.0,False
1315,43.83333333333084,6.000000000006235,180.00000000018704,1.0,False
1316,43.86666666666417,5.966666666669161,179.00000000007483,1.0,False
1317,43.899999999997505,5.958333333333957,178.75000000001873,0.9444444179576479,True
1318,43.933333333330836,5.9166666666697845,177.50000000009354,0.9999999999958433,False
1319,43.96666666666417,5.883333333335834,176.50000000007503,1.0,False
1320,43.9999999999975,5.9416666666622895,178.2499999998687,1.0,True
1321,44.03333333333083,5.949999999999375,178.49999999998124,1.0,False
1322,44.06666666666416,5.916666666669167,177.500000000075,1.0,False
1323,44.09999999999749,5.949999999997492,178.49999999992477,1.0,False
1324,44.133333333330825,5.916666666669174,177.50000000007523,1.0,False
1325,44.166666666664156,6.033333333324579,180.99999999973738,1.0,False
1326,44.19999999999749,5.983333333337106,179.5000000001132,1.0,False
1327,44.23333333333082,5.999999999998746,179.99999999996237,1.0,False
1328,44.26666666666415,5.941666666671068,178.25000000013205,0.8529411554447518,True
1329,44.29999999999748,5.9000000000031445,177.00000000009433,0.999999999988903,False
1330,44.33333333333081,5.800000000007567,174.000000000227,1.0,False
1331,44.366666666664145,5.933333333323244,177.9999999996973,1.0,False
1332,44.399999999997476,5.974999999996847,179.2499999999054,0.911764681345941,True
1333,44.43333333333081,6.016666666663514,180.4999999999054,0.999999999993323,False
1334,44.46666666666414,5.969444444448028,179.08333333344083,1.0,True
1335,44.49999999999747,5.972222222222012,179.16666666666035,0.9166666865412054,True
1336,44.5333333333308,5.991666666665191,179.74999999995572,0.9722222089725298,True
1337,44.56666666666413,5.994444444444234,179.833333333327,0.999999999997892,True
1338,44.599999999997465,6.01388888888741,180.4166666666223,0.9444444179577189,True
1339,44.633333333330796,5.983333333335659,179.50000000006975,0.9999999999957723,False
1340,44.66666666666413,6.074999999993043,182.2499999997913,1.0,True
1341,44.69999999999746,5.983333333340329,179.50000000020987,1.0,False
1342,44.73333333333079,6.099999999991121,182.99999999973363,1.0,False
1343,44.76666666666412,6.050000000003815,181.50000000011445,1.0,True
1344,44.79999999999745,6.033333333334605,181.00000000003814,1.0,False
1345,44.833333333330785,5.98333333333716,179.5000000001148,1.0,False
1346,44.866666666664116,5.999999999998725,179.99999999996174,1.0,False
1347,44.89999999999745,5.991666666667305,179.75000000001916,1.0,True
1348,44.93333333333078,5.999999999999362,179.99999999998087,1.0,False
1349,44.96666666666411,5.983333333334612,179.50000000003837,1.0,False
1350,44.99999999999744,5.983333333333333,179.5,1.0,False
1351,45.03333333333077,5.991666666666028,179.74999999998084,0.9444444179577545,True
1352,45.066666666664105,5.983333333333973,179.50000000001918,0.9999999999957367,False
1353,45.099999999997436,6.033333333329486,180.99999999988458,1.0,False
1354,45.13333333333077,6.016666666667949,180.50000000003848,1.0,False
1355,45.1666666666641,6.033333333332054,180.99999999996163,1.0,False
1356,45.19999999999743,5.994444444447446,179.83333333342335,1.0,True
1357,45.23333333333076,6.038888888885468,181.16666666656405,0.9444444179577663,True
1358,45.266666666664094,6.049999999999143,181.49999999997428,0.9999999999957131,False
1359,45.299999999997425,6.033333333334619,181.00000000003857,1.0,False
1360,45.333333333330756,6.033333333333333,181.0,1.0,False
1361,45.36666666666409,5.983333333337202,179.50000000011607,1.0,False
1362,45.39999999999742,6.049999999994841,181.49999999984524,1.0,False
1363,45.43333333333075,5.983333333338492,179.50000000015476,1.0,False
1364,45.46666666666408,5.96666666666796,179.0000000000388,1.0,False
1365,45.499999999997414,6.0333333333281605,180.99999999984482,1.0,False
1366,45.533333333330745,5.900000000010346,177.00000000031037,1.0,False
1367,45.56666666666408,5.9833333333268675,179.49999999980602,1.0,False
1368,45.59999999999741,6.016666666664073,180.49999999992218,1.0,False
1369,45.63333333333074,5.9750000000032415,179.25000000009726,1.0,True
1370,45.66666666666407,5.983333333332687,179.49999999998062,1.0,False
1371,45.6999999999974,5.916666666671868,177.50000000015604,1.0,False
1372,45.733333333330734,5.999999999993516,179.99999999980548,0.9444444179578136,True
1373,45.766666666664065,6.033333333330733,180.99999999992198,0.9999999999956657,False
1374,45.7999999999974,6.066666666664066,181.99999999992198,1.0,False
1375,45.83333333333073,6.066666666666666,182.0,1.0,False
1376,45.86666666666406,6.050000000001304,181.5000000000391,1.0,False
1377,45.89999999999739,6.033333333334637,181.0000000000391,1.0,False
1378,45.93333333333072,6.041666666666014,181.24999999998042,0.9444444179578374,True
1379,45.966666666664054,6.033333333333987,181.0000000000196,0.999999999995642,False
1380,45.999999999997385,6.000000000002615,180.00000000007844,1.0,False
1381,46.03333333333072,6.0,180.0,0.9166666865414186,True
1382,46.06666666666405,6.016666666665359,180.49999999996078,0.999999999993463,False
1383,46.09999999999738,6.016666666666667,180.5,1.0,False
1384,46.13333333333071,6.033333333332022,180.99999999996066,1.0,True
1385,46.16666666666404,6.066666666664052,181.99999999992156,1.0,False
1386,46.199999999997374,6.000000000005258,180.00000000015774,1.0,False
1387,46.233333333330705,6.0,180.0,1.0,False
1388,46.26666666666404,5.983333333334648,179.50000000003945,0.8857142925352589,True
1389,46.29999999999737,6.016666666664038,180.49999999992113,0.9999999999909863,False
1390,46.3333333333307,6.049999999997364,181.4999999999209,1.0,False
1391,46.36666666666403,5.983333333338606,179.50000000015817,1.0,False
1392,46.39999999999736,6.066666666660076,181.9999999998023,1.0,False
1393,46.433333333330694,6.033333333335969,181.00000000007907,0.6111111045191275,True
1394,46.466666666664025,5.950000000006608,178.50000000019824,0.9999999999691624,False
1395,46.49999999999736,5.988888888885805,179.66666666657414,0.8857142925353075,True
1396,46.53333333333069,5.977777777778659,179.33333333335977,0.9722222089698858,True
1397,46.56666666666402,5.999999999998238,179.99999999994714,0.9999999999977973,False
1398,46.59999999999735,5.933333333338634,178.00000000015902,1.0,False
1399,46.63333333333068,5.974999999996687,179.2499999999006,0.9722222089789542,True
1400,46.666666666664014,6.099999999990088,182.99999999970262,0.9999999999977973,False
1401,46.699999999997345,6.01666666667331,180.5000000001993,1.0,False
1402,46.73333333333068,6.0499999999973495,181.49999999992048,1.0,False
1403,46.76666666666401,5.983333333338648,179.50000000015945,1.0,False
1404,46.79999999999734,6.033333333329347,180.9999999998804,1.0,False
1405,46.83333333333067,6.016666666667999,180.50000000003996,1.0,True
1406,46.866666666664,6.06666666666267,181.9999999998801,1.0,False
1407,46.899999999997334,6.016666666670663,180.5000000001199,1.0,False
1408,46.933333333330665,6.016666666666667,180.5,1.0,False
1409,46.966666666664,6.066666666662659,181.99999999987978,0.9166666865415607,True
1410,46.99999999999733,5.9833333333400125,179.50000000020037,0.9999999999933209,False
1411,47.03333333333066,6.066666666659987,181.99999999979963,1.0,False
1412,47.06666666666399,6.000000000005343,180.0000000001603,1.0,False
1413,47.09999999999732,6.0,180.0,1.0,False
1414,47.133333333330654,5.983333333334673,179.5000000000402,1.0,False
1415,47.166666666663986,6.016666666663995,180.49999999991985,1.0,False
1416,47.19999999999732,5.983333333336019,179.50000000008058,1.0,False
1417,47.23333333333065,5.966666666668006,179.0000000000402,1.0,False
1418,47.26666666666398,6.083333333323933,182.49999999971797,1.0,False
1419,47.29999999999731,5.983333333341391,179.50000000024173,1.0,False
1420,47.33333333333064,5.950000000002693,178.5000000000808,1.0,False
1421,47.366666666663974,6.016666666661281,180.49999999983842,0.9444444179579795,True
1422,47.399999999997306,6.016666666666667,180.5,0.9999999999955117,False
1423,47.43333333333064,6.024999999999327,180.74999999997982,0.9444444179579795,True
1424,47.46666666666397,6.116666666659242,183.49999999977726,0.9999999999954999,False
1425,47.4999999999973,6.00000000000945,180.0000000002835,1.0,False
1426,47.53333333333063,6.066666666661266,181.999999999838,1.0,False
1427,47.56666666666396,6.108333333329958,183.24999999989876,0.9166666865416317,True
1428,47.599999999997294,6.141666666663959,184.24999999991877,0.9999999999932321,True
1429,47.633333333330626,6.100000000003384,183.00000000010152,1.0,False
1430,47.66666666666396,5.983333333342784,179.5000000002835,1.0,False
1431,47.69999999999729,6.049999999994572,181.49999999983717,0.9166666865416673,True
1432,47.73333333333062,5.983333333338748,179.50000000016243,0.9999999999932321,False
1433,47.76666666666395,5.95833333333537,178.75000000006108,0.9166666865416673,True
1434,47.79999999999728,5.966666666665988,178.99999999997965,0.9999999999932143,False
1435,47.833333333330614,6.0166666666625845,180.49999999987753,1.0,False
1436,47.866666666663946,5.933333333340137,178.00000000020412,1.0,False
1437,47.89999999999728,6.049999999990475,181.49999999971425,1.0,False
1438,47.93333333333061,5.983333333338776,179.50000000016328,1.0,False
1439,47.96666666666394,6.0333333333292405,180.99999999987722,1.0,False
1440,47.99999999999727,5.983333333337426,179.50000000012278,1.0,False
1441,48.0333333333306,5.950000000002729,178.50000000008185,1.0,False
1442,48.066666666663934,5.974999999997953,179.2499999999386,1.0,True
1443,48.099999999997266,6.016666666663247,180.49999999989743,1.0,False
1444,48.1333333333306,6.058333333329914,181.74999999989743,1.0,True
1445,48.16666666666393,6.066666666665984,181.99999999997954,1.0,False
1446,48.19999999999726,6.000000000005485,180.00000000016456,1.0,False
1447,48.23333333333059,5.966666666669402,179.00000000008208,1.0,False
1448,48.26666666666392,5.983333333331962,179.49999999995887,1.0,False
1449,48.299999999997254,6.016666666663924,180.49999999991772,1.0,False
1450,48.333333333330586,6.000000000001375,180.00000000004124,1.0,False
1451,48.36666666666392,6.0,180.0,1.0,False
1452,48.39999999999725,5.950000000004125,178.50000000012375,1.0,False
1453,48.43333333333058,5.966666666665292,178.99999999995876,1.0,False
1454,48.46666666666391,5.916666666670802,177.50000000012406,1.0,True
1455,48.49999999999724,5.933333333331955,177.99999999995865,1.0,False
1456,48.533333333330575,6.0333333333250625,180.99999999975188,1.0,False
1457,48.566666666663906,6.000000000002757,180.0000000000827,1.0,False
1458,48.59999999999724,5.87000000001078,176.1000000003234,8.292033726320369e-11,True
1459,48.63333333333057,5.790000000006634,173.70000000019903,0.1388888955001105,True
1460,48.6666666666639,5.643333333345463,169.3000000003639,0.027777777993927985,True
1461,48.69999999999723,5.480000000013579,164.40000000040737,2.3092638912203256e-12,True
1462,48.73333333333056,5.35000000001078,160.5000000003234,0.8888888954379203,False
1463,48.766666666663895,5.616666666644498,168.49999999933493,0.9687499999933609,False
1464,48.799999999997226,5.849999999980602,175.49999999941807,0.972222208976457,False
1465,48.83333333333056,6.041666666650691,181.24999999952075,0.9722222089790608,True
1466,48.86666666666389,5.933333333342363,178.0000000002709,0.9999999999976849,False
1467,48.89999999999722,6.016666666659722,180.49999999979167,1.0,False
1468,48.93333333333055,6.066666666662499,181.99999999987497,0.9166666865418271,True
1469,48.96666666666388,6.133333333327762,183.99999999983288,0.9999999999930367,False
1470,48.999999999997215,5.983333333345867,179.50000000037602,1.0,False
1471,49.033333333330546,5.999999999998607,179.99999999995822,1.0,False
1472,49.06666666666388,6.049999999995822,181.49999999987466,1.0,False
1473,49.09999999999721,6.033333333334729,181.0000000000419,1.0,False
1474,49.13333333333054,6.049999999998604,181.4999999999581,1.0,False
1475,49.16666666666387,6.000000000004178,180.00000000012534,1.0,False
1476,49.1999999999972,6.0,180.0,1.0,False
1477,49.233333333330535,6.116666666656894,183.4999999997068,1.0,False
1478,49.266666666663866,6.016666666675065,180.50000000025196,1.0,False
1479,49.2999999999972,5.983333333336133,179.500000000084,0.9722222089790785,True
1480,49.33333333333053,5.999999999998597,179.9999999999579,0.9999999999976611,False
1481,49.36666666666386,6.041666666663158,181.24999999989473,0.9722222089790845,True
1482,49.39999999999719,6.000000000003508,180.00000000010525,0.9999999999976611,False
1483,49.43333333333052,6.016666666665263,180.4999999999579,1.0,False
1484,49.466666666663855,5.983333333336147,179.5000000000844,1.0,False
1485,49.499999999997186,5.966666666668074,179.0000000000422,1.0,False
1486,49.53333333333052,5.974999999999296,179.24999999997888,0.9714285731339729,True
1487,49.56666666666385,5.933333333336851,178.00000000010553,0.9999999999975883,False
1488,49.59999999999718,6.0166666666596145,180.49999999978843,1.0,False
1489,49.63333333333051,5.950000000005642,178.50000000016925,1.0,False
1490,49.66666666666384,5.91666666666948,177.50000000008438,1.0,False
1491,49.699999999997175,5.883333333336161,176.5000000000848,1.0,True
1492,49.733333333330506,5.94166666666173,178.2499999998519,0.9166666865419337,True
1493,49.76666666666384,6.016666666660305,180.49999999980915,0.9999999999929301,False
1494,49.79999999999717,6.09999999999293,182.9999999997879,1.0,False
1495,49.8333333333305,6.02916666667269,180.8750000001807,0.9722222089791082,True
1496,49.86666666666383,6.025000000000354,180.75000000001063,0.5277777910610553,True
1497,49.89999999999716,6.0374999999989365,181.12499999996808,0.9999999999598366,True
1498,49.933333333330495,6.049999999998937,181.4999999999681,1.0,False
1499,49.966666666663826,6.033333333334754,181.00000000004263,1.0,False
1500,49.99999999999716,6.000000000002842,180.00000000008527,1.0,True
1501,50.03333333333049,6.0,180.0,1.0,False
1502,50.06666666666382,5.933333333339018,178.00000000017053,1.0,False
1503,50.09999999999715,5.933333333333334,178.0,1.0,False
1504,50.133333333330484,5.9499999999985755,178.49999999995725,1.0,False
1505,50.166666666663815,5.941666666667377,178.25000000002132,1.0,True
1506,50.19999999999715,5.983333333329763,179.49999999989288,1.0,False
1507,50.23333333333048,5.9500000000028495,178.5000000000855,1.0,False
1508,50.26666666666381,5.966666666665239,178.99999999995717,1.0,False
1509,50.29999999999714,5.999999999997144,179.9999999999143,0.8888888955211485,True
1510,50.33333333333047,6.03333333333047,180.99999999991408,0.9999999999904551,False
1511,50.366666666663804,6.025000000000716,180.7500000000215,0.9166666865420403,True
1512,50.399999999997135,6.000000000002148,180.00000000006443,0.9999999999928413,False
1513,50.43333333333047,6.03333333333047,180.99999999991408,1.0,True
1514,50.4666666666638,6.016666666668102,180.50000000004306,1.0,False
1515,50.49999999999713,6.016666666666667,180.5,1.0,False
1516,50.53333333333046,6.000000000001435,180.00000000004306,1.0,False
1517,50.56666666666379,6.099999999991388,182.99999999974165,1.0,False
1518,50.599999999997124,6.058333333336931,181.75000000010792,0.9166666865420758,True
1519,50.633333333330455,5.9666666666745805,179.0000000002374,0.9999999999928058,False
1520,50.66666666666379,6.033333333327592,180.99999999982776,1.0,False
1521,50.69999999999712,6.066666666663782,181.99999999991346,1.0,False
1522,50.73333333333045,6.033333333336211,181.00000000008632,1.0,False
1523,50.76666666666378,6.033333333333333,181.0,1.0,False
1524,50.79999999999711,5.994444444447811,179.83333333343433,0.9444444179582993,True
1525,50.833333333330444,5.98888888888937,179.66666666668112,0.9166666865372916,True
1526,50.866666666663775,6.033333333329477,180.9999999998843,0.9999999999927702,False
1527,50.89999999999711,5.95000000000723,178.5000000002169,1.0,False
1528,50.93333333333044,5.966666666665221,178.99999999995663,1.0,False
1529,50.96666666666377,6.049999999992752,181.49999999978257,1.0,False
1530,50.9999999999971,5.983333333339131,179.50000000017394,1.0,False
1531,51.03333333333043,6.083333333324637,182.49999999973912,1.0,False
1532,51.066666666663764,5.966666666676813,179.0000000003044,1.0,False
1533,51.099999999997095,5.966666666666667,179.0,1.0,False
1534,51.13333333333043,6.033333333327521,180.99999999982563,1.0,False
1535,51.16666666666376,6.016666666668116,180.50000000004349,0.9166666865421291,True
1536,51.19999999999709,6.033333333331877,180.9999999999563,0.9999999999927169,False
1537,51.23333333333042,5.983333333337693,179.50000000013077,1.0,False
1538,51.26666666666375,5.983333333333333,179.5,1.0,False
1539,51.299999999997084,5.983333333333333,179.5,1.0,False
1540,51.333333333330415,5.958333333335523,178.7500000000657,0.9428571462681289,True
1541,51.36666666666375,5.9166666666703165,177.50000000010948,0.9999999999949937,False
1542,51.39999999999708,6.033333333323112,180.99999999969336,1.0,False
1543,51.43333333333041,6.00000000000292,180.0000000000876,1.0,False
1544,51.46666666666374,6.016666666665203,180.4999999999561,1.0,False
1545,51.49999999999707,6.0333333333318695,180.9999999999561,1.0,True
1546,51.533333333330404,6.049999999998536,181.4999999999561,1.0,False
1547,51.566666666663735,6.033333333334797,181.0000000000439,1.0,False
1548,51.59999999999707,6.049999999998533,181.499999999956,1.0,False
1549,51.6333333333304,6.000000000004402,180.00000000013205,1.0,False
1550,51.66666666666373,6.066666666660812,181.99999999982435,1.0,False
1551,51.69999999999706,6.033333333336275,181.00000000008825,1.0,False
1552,51.73333333333039,6.074999999996332,182.24999999988995,1.0,True
1553,51.766666666663724,6.0833333333325985,182.49999999997794,1.0,False
1554,51.799999999997056,6.01666666667255,180.5000000001765,1.0,False
1555,51.83333333333039,6.0416666666644545,181.24999999993364,0.9166666865422535,True
1556,51.86666666666372,6.058333333331859,181.74999999995578,0.9999999999926281,True
1557,51.89999999999705,6.066666666665929,181.9999999999779,1.0,False
1558,51.93333333333038,6.033333333336282,181.00000000008845,1.0,False
1559,51.96666666666371,6.033333333333333,181.0,1.0,False
1560,51.999999999997044,6.041666666665928,181.24999999997783,0.9166666865422712,True
1561,52.033333333330376,6.049999999999261,181.49999999997783,0.9999999999926104,True
1562,52.06666666666371,6.124999999993349,183.74999999980048,0.9444444179584176,True
1563,52.09999999999704,6.066666666671852,182.00000000015555,0.9999999999950617,True
1564,52.13333333333037,6.091666666664445,182.74999999993332,0.916666686542289,True
1565,52.1666666666637,6.099999999999261,182.99999999997783,0.9999999999926104,True
1566,52.19999999999703,6.025000000006683,180.7500000002005,0.8888888955215274,True
1567,52.233333333330364,5.966666666671852,179.00000000015555,0.9999999999901235,False
1568,52.266666666663696,5.933333333336304,178.0000000000891,0.7500000000222755,False
1569,52.29999999999703,5.994444444438999,179.83333333316997,6.682654429823742e-11,True
1570,52.33333333333036,5.888888888898316,176.66666666694948,0.0,True
1571,52.36666666666369,5.933333333329363,177.9999999998809,0.22222222385805898,True
1572,52.39999999999702,5.894444444447918,176.83333333343754,1.9847817833706927e-11,True
1573,52.43333333333035,5.888888888889385,176.66666666668155,0.08823529630111354,True
1574,52.466666666663684,5.866666666668657,176.00000000005969,0.027777777990150965,True
1575,52.499999999997016,5.911111111107132,177.33333333321397,0.3030303120366669,True
1576,52.53333333333035,5.888888888890878,176.66666666672634,0.8611111044384088,True
1577,52.56666666666368,5.877777777778773,176.33333333336319,0.8055555820514826,True
1578,52.59999999999701,5.938888888883405,178.16666666650212,0.8888888955215984,True
1579,52.63333333333034,5.916666666668661,177.50000000005983,0.9999999999900288,False
1580,52.66666666666367,6.0833333333184125,182.4999999995524,1.0,False
1581,52.699999999997004,6.083333333333334,182.50000000000003,1.0,False
1582,52.733333333330336,6.083333333333334,182.50000000000003,1.0,True
1583,52.76666666666367,6.033333333337831,181.00000000013492,1.0,False
1584,52.799999999997,5.966666666672664,179.0000000001799,1.0,False
1585,52.83333333333033,5.966666666666667,179.0,1.0,False
1586,52.86666666666366,5.983333333331831,179.49999999995492,1.0,False
1587,52.89999999999699,6.041666666661406,181.2499999998422,1.0,True
1588,52.933333333330324,6.1166666666599045,183.49999999979713,1.0,False
1589,52.966666666663656,6.0000000000105445,180.00000000031633,1.0,False
1590,52.99999999999699,6.049999999995481,181.49999999986443,1.0,False
1591,53.03333333333032,6.016666666669679,180.50000000009038,1.0,False
1592,53.06666666666365,6.1499999999879496,184.49999999963848,1.0,False
1593,53.09999999999698,6.100000000004529,183.00000000013588,1.0,False
1594,53.13333333333031,6.066666666669686,182.00000000009058,1.0,False
1595,53.166666666663644,6.050000000001506,181.5000000000452,1.0,False
1596,53.199999999996976,5.983333333339387,179.50000000018161,1.0,False
1597,53.23333333333031,6.066666666659117,181.9999999997735,1.0,False
1598,53.26666666666364,6.066666666666666,182.0,1.0,False
1599,53.29999999999697,6.066666666666666,182.0,1.0,False
1600,53.3333333333303,6.066666666666666,182.0,0.8055555820642073,True
1601,53.36666666666363,6.033333333336367,181.000000000091,0.9999999999823015,False
1602,53.399999999996965,6.099999999993932,182.99999999981796,1.0,False
1603,53.433333333330296,6.083333333334851,182.50000000004553,1.0,False
1604,53.46666666666363,6.066666666668187,182.00000000004562,1.0,False
1605,53.49999999999696,6.066666666666666,182.0,1.0,False
1606,53.53333333333029,6.083333333331813,182.4999999999544,1.0,False
1607,53.56666666666362,6.083333333333334,182.50000000000003,1.0,False
1608,53.59999999999695,6.050000000003048,181.50000000009143,1.0,False
1609,53.633333333330285,6.066666666665142,181.99999999995427,1.0,True
1610,53.666666666663616,6.016666666671228,180.50000000013685,1.0,False
1611,53.69999999999695,6.049999999996945,181.49999999990837,1.0,True
1612,53.73333333333028,6.033333333334857,181.00000000004573,1.0,False
1613,53.76666666666361,6.2166666666498624,186.49999999949588,1.0,False
1614,53.79999999999694,6.15833333333868,184.7500000001604,1.0,True
1615,53.83333333333027,6.13333333333563,184.0000000000689,1.0,False
1616,53.866666666663605,6.116666666668198,183.50000000004596,1.0,False
1617,53.899999999996936,6.016666666675854,180.5000000002756,1.0,False
1618,53.93333333333027,6.049999999996937,181.4999999999081,1.0,False
1619,53.9666666666636,6.000000000004604,180.00000000013813,1.0,False
1620,53.99999999999693,6.0,180.0,1.0,False
1621,54.03333333333026,6.066666666660527,181.99999999981583,1.0,False
1622,54.06666666666359,6.016666666671272,180.50000000013816,1.0,True
1623,54.099999999996925,6.033333333331795,180.99999999995384,0.8333333134805017,True
1624,54.133333333330256,6.033333333333333,181.0,0.9999999999846167,False
1625,54.16666666666359,6.016666666668201,180.50000000004604,1.0,False
1626,54.19999999999692,6.066666666662041,181.99999999986122,1.0,False
1627,54.23333333333025,6.03333333333641,181.00000000009229,1.0,False
1628,54.26666666666358,6.099999999993832,182.99999999981497,1.0,False
1629,54.29999999999691,6.083333333334876,182.50000000004627,1.0,False
1630,54.333333333330245,6.099999999998454,182.99999999995362,1.0,False
1631,54.366666666663576,6.133333333330242,183.99999999990726,1.0,False
1632,54.39999999999691,6.0166666666774855,180.50000000032458,1.0,True
1633,54.43333333333024,6.133333333322515,183.99999999967545,1.0,False
1634,54.46666666666357,6.033333333342627,181.00000000027882,1.0,False
1635,54.4999999999969,5.966666666672863,179.00000000018588,1.0,False
1636,54.53333333333023,5.999999999996902,179.99999999990706,1.0,False
1637,54.566666666663565,6.0666666666604705,181.99999999981412,1.0,False
1638,54.599999999996896,6.133333333327123,183.99999999981367,1.0,False
1639,54.63333333333023,6.016666666677534,180.50000000032603,1.0,False
1640,54.66666666666356,6.049999999996903,181.4999999999071,1.0,False
1641,54.69999999999689,6.1666666666557735,184.9999999996732,1.0,False
1642,54.73333333333022,6.125000000003881,183.75000000011644,1.0,True
1643,54.76666666666355,6.083333333337224,182.50000000011673,1.0,False
1644,54.799999999996885,6.108333333330999,183.24999999992997,0.9444444179586782,True
1645,54.833333333330216,6.149999999996101,184.49999999988304,0.9999999999948012,False
1646,54.86666666666355,6.116666666669786,183.5000000000936,1.0,True
1647,54.89999999999688,6.083333333336453,182.5000000000936,1.0,False
1648,54.93333333333021,6.05000000000312,181.5000000000936,0.972222208979345,False
1649,54.96666666666354,6.00000000000469,180.0000000001407,0.9714285731316356,False
1650,54.999999999996874,6.0,180.0,0.11111111201964396,True
1651,55.033333333330205,5.966666666669793,179.0000000000938,0.9714285730508706,False
1652,55.06666666666354,6.041666666659632,181.24999999978894,0.9999999999973203,True
1653,55.09999999999687,6.0499999999992164,181.4999999999765,0.8529411554474791,False
1654,55.1333333333302,6.099999999995299,182.99999999985897,0.916666686528891,True
1655,55.16666666666353,6.083333333334896,182.5000000000469,0.999999999992184,False
1656,55.19999999999686,6.316666666644682,189.49999999934047,1.0,False
1657,55.233333333330194,5.9666666666995685,179.00000000098706,1.0,False
1658,55.266666666663525,6.016666666661956,180.49999999985866,1.0,False
1659,55.29999999999686,5.9500000000062805,178.5000000001884,1.0,False
1660,55.33333333333019,6.083333333320743,182.4999999996223,1.0,False
1661,55.36666666666352,6.06666666666824,182.0000000000472,0.8888888955221196,True
1662,55.39999999999685,6.050000000001574,181.5000000000472,0.9999999999895076,False
1663,55.43333333333018,6.033333333334907,181.0000000000472,1.0,False
1664,55.466666666663514,5.8833333333475295,176.50000000042587,1.0,True
1665,55.499999999996845,5.933333333328601,177.99999999985803,1.0,False
1666,55.53333333333018,5.99999999999369,179.9999999998107,1.0,False
1667,55.56666666666351,5.9500000000047315,178.50000000014194,0.9142857194027962,True
1668,55.59999999999684,6.2999999999668,188.999999999004,0.9722222089793805,False
1669,55.63333333333017,6.0333333333586285,181.00000000075886,0.9999999999973651,True
1670,55.6666666666635,5.783333333356994,173.50000000070983,1.0,False
1671,55.699999999996834,5.766666666668251,173.00000000004752,1.0,False
1672,55.733333333330165,5.741666666669039,172.25000000007117,1.0,True
1673,55.7666666666635,5.7166666666690436,171.5000000000713,1.0,False
1674,55.79999999999683,5.783333333326995,173.49999999980986,1.0,True
1675,55.83333333333016,5.666666666677783,170.0000000003335,1.0,False
1676,55.86666666666349,5.650000000001588,169.50000000004766,1.0,False
1677,55.89999999999682,5.7166666666603145,171.49999999980943,1.0,False
1678,55.933333333330154,5.7999999999920595,173.9999999997618,1.0,False
1679,55.966666666663485,5.76666666666985,173.0000000000955,1.0,False
1680,55.99999999999682,5.8833333333221915,176.49999999966576,1.0,False
1681,56.03333333333015,5.766666666677808,173.00000000033424,1.0,True
1682,56.06666666666348,5.766666666666667,173.0,1.0,False
1683,56.09999999999681,5.79999999999681,173.9999999999043,1.0,False
1684,56.13333333333014,5.816666666665071,174.49999999995214,1.0,False
1685,56.166666666663474,5.816666666666666,174.5,1.0,False
1686,56.199999999996805,5.883333333326938,176.49999999980815,1.0,False
1687,56.23333333333014,5.866666666668262,176.00000000004786,1.0,False
1688,56.26666666666347,5.899999999996803,176.99999999990408,1.0,False
1689,56.2999999999968,5.850000000004796,175.50000000014387,1.0,False
1690,56.33333333333013,5.916666666660258,177.49999999980773,1.0,False
1691,56.36666666666346,5.883333333336537,176.50000000009612,1.0,False
1692,56.399999999996794,5.899999999998398,176.99999999995194,1.0,False
1693,56.433333333330125,5.933333333330129,177.99999999990388,1.0,False
1694,56.46666666666346,5.900000000003212,177.00000000009635,1.0,False
1695,56.49999999999679,5.999999999990365,179.99999999971095,1.0,False
1696,56.53333333333012,5.941666666672287,178.2500000001686,1.0,True
1697,56.56666666666345,5.9333333333341365,178.0000000000241,1.0,False
1698,56.59999999999678,5.883333333338161,176.50000000014484,1.0,False
1699,56.633333333330114,5.899999999998391,176.99999999995174,1.0,False
1700,56.666666666663446,5.999999999990365,179.99999999971095,1.0,False
1701,56.69999999999678,5.983333333334946,179.5000000000484,1.0,False
1702,56.73333333333011,6.033333333328505,180.99999999985516,1.0,False
1703,56.76666666666344,5.9666666666731185,179.00000000019355,1.0,False
1704,56.79999999999677,5.966666666666667,179.0,1.0,False
1705,56.8333333333301,5.966666666666667,179.0,1.0,False
1706,56.866666666663434,6.033333333326867,180.99999999980602,1.0,False
1707,56.899999999996766,6.016666666668283,180.5000000000485,1.0,True
1708,56.9333333333301,6.033333333331717,180.9999999999515,1.0,False
1709,56.96666666666343,5.97500000000567,179.2500000001701,1.0,True
1710,56.99999999999676,5.966666666667477,179.0000000000243,1.0,False
1711,57.03333333333009,6.033333333326853,180.9999999998056,1.0,False
1712,57.06666666666342,6.02500000000081,180.7500000000243,1.0,True
1713,57.099999999996754,6.0833333333276505,182.49999999982953,1.0,False
1714,57.133333333330086,6.058333333335769,181.75000000007307,1.0,True
1715,57.16666666666342,6.0999999999959496,182.9999999998785,1.0,False
1716,57.19999999999675,6.033333333339842,181.00000000019526,1.0,False
1717,57.23333333333008,6.049999999998376,181.49999999995129,1.0,False
1718,57.26666666666341,6.03333333333496,181.0000000000488,1.0,False
1719,57.29999999999674,6.016666666668294,180.5000000000488,1.0,False
1720,57.333333333330074,5.883333333346378,176.50000000039137,1.0,False
1721,57.366666666663406,6.058333333316211,181.74999999948633,1.0,True
1722,57.39999999999674,6.000000000005707,180.0000000001712,1.0,False
1723,57.43333333333007,6.0,180.0,1.0,False
1724,57.4666666666634,6.033333333330065,180.99999999990195,1.0,True
1725,57.49999999999673,6.066666666663398,181.99999999990195,1.0,False
1726,57.53333333333006,6.050000000001635,181.50000000004906,1.0,False
1727,57.566666666663394,6.0833333333300645,182.49999999990195,1.0,False
1728,57.599999999996726,5.966666666678131,179.00000000034393,1.0,False
1729,57.63333333333006,5.983333333331696,179.49999999995086,0.9166666865430706,True
1730,57.66666666666339,6.0333333333284305,180.99999999985292,0.9166666865348816,True
1731,57.69999999999672,6.0499999999983585,181.49999999995075,0.9999999999917932,True
1732,57.73333333333005,6.016666666669942,180.50000000009825,0.9166666865430706,True
1733,57.76666666666338,6.049999999996717,181.49999999990152,0.9999999999917932,False
1734,57.799999999996714,5.991666666672411,179.75000000017232,0.9444444179589624,True
1735,57.833333333330046,5.800000000018916,174.0000000005675,0.9999999999945169,False
1736,57.86666666666338,5.70000000000987,171.0000000002961,1.0,False
1737,57.89999999999671,5.650000000004935,169.50000000014805,1.0,False
1738,57.93333333333004,5.550000000009869,166.50000000029607,1.0,False
1739,57.96666666666337,5.416666666679854,162.5000000003956,1.0,False
1740,57.9999999999967,5.395833333335394,161.87500000006182,0.9166666865431239,True
1741,58.033333333330035,5.408333333332097,162.2499999999629,0.9722222089712508,True
1742,58.066666666663366,5.370833333337043,161.12500000011127,0.9999999999972525,True
1743,58.0999999999967,5.350000000002065,160.50000000006193,1.0,False
1744,58.13333333333003,5.408333333327551,162.24999999982654,1.0,True
1745,58.16666666666336,5.400000000000825,162.00000000002473,1.0,False
1746,58.19999999999669,5.4583333333275394,163.74999999982617,1.0,True
1747,58.23333333333002,5.466666666665841,163.99999999997522,1.0,False
1748,58.266666666663355,5.416666666671633,162.500000000149,1.0,False
1749,58.299999999996686,5.441666666664183,163.24999999992548,0.9722222089795048,True
1750,58.33333333333002,5.433333333334163,163.0000000000249,0.9999999999972348,False
1751,58.36666666666335,5.416666666668325,162.50000000004977,1.0,False
1752,58.39999999999668,5.391666666669155,161.75000000007466,1.0,True
1753,58.43333333333001,5.399999999999171,161.99999999997513,1.0,False
1754,58.46666666666334,5.408333333332502,162.24999999997505,1.0,True
1755,58.499999999996675,5.416666666665835,162.49999999997505,1.0,False
1756,58.533333333330006,5.666666666641727,169.9999999992518,1.0,False
1757,58.56666666666334,5.541666666679137,166.25000000037411,1.0,True
1758,58.59999999999667,5.583333333329168,167.49999999987506,1.0,False
1759,58.63333333333,5.500000000008331,165.00000000024994,1.0,False
1760,58.66666666666333,5.549999999995012,166.49999999985036,1.0,False
1761,58.69999999999666,5.55,166.5,1.0,False
1762,58.733333333329995,5.616666666660002,168.49999999980008,1.0,False
1763,58.766666666663326,5.749999999986642,172.49999999959925,1.0,False
1764,58.79999999999666,5.783333333329994,173.4999999998998,1.0,False
1765,58.83333333332999,5.783333333333333,173.5,1.0,False
1766,58.86666666666332,5.71666666667336,171.5000000002008,1.0,False
1767,58.89999999999665,5.78333333332664,173.4999999997992,1.0,False
1768,58.93333333332998,5.76666666666834,173.0000000000502,1.0,False
1769,58.966666666663315,5.700000000006708,171.00000000020123,1.0,False
1770,58.999999999996646,5.73333333332998,171.9999999998994,1.0,False
1771,59.03333333332998,5.799999999993293,173.9999999997988,1.0,False
1772,59.06666666666331,5.8166666666649895,174.4999999999497,1.0,True
1773,59.09999999999664,5.816666666666666,174.5,1.0,False
1774,59.13333333332997,5.866666666661626,175.99999999984877,1.0,True
1775,59.1666666666633,5.816666666671697,174.50000000015092,1.0,False
1776,59.199999999996635,5.849999999996632,175.49999999989896,1.0,False
1777,59.233333333329966,5.825000000002521,174.75000000007563,1.0,True
1778,59.2666666666633,5.766666666672561,173.0000000001768,1.0,False
1779,59.29999999999663,5.799999999996632,173.99999999989896,1.0,False
1780,59.33333333332996,5.816666666664979,174.49999999994935,1.0,False
1781,59.36666666666329,5.761111111116737,172.8333333335021,0.9722222089795581,True
1782,59.39999999999662,5.755555555556118,172.66666666668354,0.9999999999971875,True
1783,59.433333333329955,5.783333333330521,173.49999999991564,1.0,False
1784,59.466666666663286,5.766666666668358,173.00000000005073,1.0,False
1785,59.49999999999662,5.816666666661593,174.4999999998478,0.8787878751877749,True
1786,59.53333333332995,5.783333333336715,173.50000000010147,0.9999999999877012,False
1787,59.56666666666328,5.816666666663284,174.49999999989853,1.0,False
1788,59.59999999999661,5.7833333333367225,173.50000000010166,1.0,True
1789,59.633333333329944,5.799999999998306,173.99999999994918,1.0,False
1790,59.666666666663275,5.76666666667005,173.0000000001015,1.0,False
1791,59.69999999999661,5.799999999996603,173.9999999998981,1.0,False
1792,59.73333333332994,5.783333333335028,173.50000000005085,1.0,False
1793,59.76666666666327,5.833333333328239,174.99999999984718,1.0,False
1794,59.7999999999966,5.800000000003397,174.00000000010192,1.0,True
1795,59.83333333332993,5.883333333324824,176.49999999974472,1.0,False
1796,59.866666666663264,5.8083333333409914,174.25000000022973,1.0,True
1797,59.899999999996595,5.766666666670922,173.00000000012767,1.0,False
1798,59.93333333332993,5.7833333333316315,173.49999999994895,1.0,False
1799,59.96666666666326,5.766666666668372,173.00000000005116,1.0,True
1800,59.99999999999659,5.766666666666667,173.0,1.0,False
1801,60.03333333332992,5.824999999994032,174.74999999982094,1.0,True
1802,60.06666666666325,5.833333333332481,174.99999999997445,1.0,False
1803,60.099999999996584,5.899999999993165,176.99999999979494,1.0,False
1804,60.133333333329915,5.97499999999231,179.2499999997693,1.0,True
1805,60.16666666666325,5.941666666670077,178.25000000010232,0.9722222089795878,True
1806,60.19999999999658,5.900000000004281,177.00000000012844,0.999999999997146,False
1807,60.23333333332991,5.841666666672648,175.25000000017943,0.9444444179591874,True
1808,60.26666666666324,5.816666666669235,174.50000000007705,0.999999999994292,False
1809,60.29999999999657,5.822222222221653,174.66666666664958,0.9166666865434436,True
1810,60.333333333329904,5.877777777772058,176.33333333316176,0.8333333134736982,True
1811,60.366666666663235,5.83333333333791,175.0000000001373,0.9999999999828404,False
1812,60.39999999999657,5.825000000000858,174.75000000002575,0.9142857194035088,True
1813,60.4333333333299,5.833333333332476,174.99999999997428,0.9999999999911751,False
1814,60.46666666666323,5.854166666664517,175.6249999999355,0.6176470518506658,True
1815,60.49999999999656,5.874999999997851,176.2499999999355,0.9062499999702246,True
1816,60.53333333332989,5.820833333338922,174.62500000016766,0.9999999999903277,True
1817,60.566666666663224,5.8499999999969905,175.4999999999097,1.0,False
1818,60.599999999996555,5.7833333333402255,173.50000000020677,0.9411764741004721,True
1819,60.63333333332989,5.799999999998277,173.9999999999483,0.9999999999939186,False
1820,60.66666666666322,5.866666666659789,175.99999999979366,0.861111104502702,True
1821,60.69999999999655,5.949999999991367,178.49999999974102,0.9999999999856115,False
1822,60.73333333332988,5.833333333345395,175.00000000036187,0.9722222089796174,True
1823,60.76666666666321,5.933333333322974,177.9999999996892,0.941176474097607,True
1824,60.799999999996544,5.816666666678754,174.5000000003626,0.777777791040182,True
1825,60.833333333329875,5.800000000001731,174.00000000005193,0.9999999999769311,False
1826,60.86666666666321,6.133333333298729,183.99999999896187,1.0,False
1827,60.89999999999654,5.883333333359285,176.50000000077856,1.0,False
1828,60.93333333332987,6.016666666652825,180.49999999958476,1.0,False
1829,60.9666666666632,6.049999999996532,181.49999999989598,1.0,False
1830,60.99999999999653,5.88333333335067,176.50000000052012,1.0,False
1831,61.033333333329864,5.9555555555480435,178.6666666664413,0.9166666865435502,True
1832,61.066666666663195,5.927777777780667,177.83333333342003,0.9722222089709666,True
1833,61.09999999999653,5.9333333333327545,177.99999999998263,0.9999999999971045,False
1834,61.13333333332986,6.04999999998784,181.49999999963518,1.0,False
1835,61.16666666666319,6.038888888890045,181.16666666670136,1.0,True
1836,61.19999999999652,5.961111111119235,178.83333333357706,0.8888888955232327,True
1837,61.23333333332985,5.966666666666088,178.99999999998263,0.9999999999884182,False
1838,61.266666666663184,5.900000000006964,177.0000000002089,1.0,False
1839,61.299999999996515,5.883333333335074,176.5000000000522,0.7222222090057594,True
1840,61.33333333332985,5.8666666666684115,176.00000000005235,0.999999999970927,False
1841,61.36666666666318,5.8708333333328975,176.12499999998693,1.0,True
1842,61.39999999999651,5.874999999999564,176.24999999998693,0.9444444179593058,True
1843,61.43333333332984,5.862500000001308,175.87500000003925,0.9999999999941854,True
1844,61.46666666666317,5.850000000001311,175.5000000000393,1.0,False
1845,61.499999999996504,5.816666666670162,174.50000000010488,1.0,False
1846,61.533333333329836,5.8616666666619475,175.84999999985843,0.9444444179593177,True
1847,61.56666666666317,5.806666666672435,174.20000000017305,0.8611111044971125,True
1848,61.5999999999965,5.834999999997022,175.04999999991065,9.049361260338173e-11,True
1849,61.63333333332983,5.81333333333561,174.4000000000683,0.0,True
1850,61.66666666666316,5.808333333333858,174.25000000001572,0.03124999999672262,True
1851,61.69999999999649,5.8366666666636835,175.0999999999105,0.027777777985103936,True
1852,61.733333333329824,5.798333333337363,173.95000000012087,2.9191440931164436e-12,True
1853,61.766666666663156,5.826666666663684,174.7999999999105,0.0,True
1854,61.79999999999649,5.771666666672459,173.15000000017378,0.9722222088743683,True
1855,61.83333333332982,5.799999999997011,173.99999999991033,0.999999999997069,False
1856,61.86666666666315,5.88333333332454,176.4999999997362,0.9444444179593532,False
1857,61.89999999999648,5.899999999998242,176.99999999994725,0.999999999994138,False
1858,61.93333333332981,5.916666666664908,177.49999999994725,1.0,False
1859,61.966666666663144,5.9000000000017625,177.00000000005286,1.0,False
1860,61.999999999996476,5.816666666675477,174.50000000026432,1.0,False
1861,62.03333333332981,5.9333333333209985,177.99999999962995,1.0,False
1862,62.06666666666314,5.949999999998237,178.4999999999471,1.0,False
1863,62.09999999999647,5.966666666664901,178.99999999994702,1.0,False
1864,62.1333333333298,6.0166666666613695,180.4999999998411,0.8857142925383528,True
1865,62.16666666666313,5.88333333334743,176.50000000042292,0.9999999999879168,False
1866,62.199999999996464,5.958333333325371,178.74999999976114,0.9166666865437278,True
1867,62.233333333329796,5.933333333335982,178.00000000007947,0.9999999999911715,False
1868,62.26666666666313,5.925000000000885,177.75000000002655,1.0,True
1869,62.29999999999646,5.933333333332449,177.99999999997345,1.0,False
1870,62.33333333332979,5.966666666663121,178.99999999989365,0.8888888955234459,True
1871,62.36666666666312,5.966666666666667,179.0,0.9999999999881813,False
1872,62.39999999999645,5.950000000001773,178.50000000005318,1.0,False
1873,62.433333333329784,5.999999999994682,179.99999999984044,1.0,False
1874,62.466666666663116,5.916666666675548,177.50000000026643,1.0,False
1875,62.49999999999645,5.866666666671996,176.0000000001599,1.0,False
1876,62.53333333332978,5.9499999999911175,178.49999999973352,1.0,False
1877,62.56666666666311,5.891666666672884,176.7500000001865,0.9444444179594124,True
1878,62.59999999999644,5.94999999999377,178.4999999998131,0.999999999994067,False
1879,62.63333333332977,5.908333333337783,177.2500000001335,1.0,True
1880,62.666666666663104,5.941666666663114,178.24999999989342,0.8611111045031757,True
1881,62.699999999996436,5.933333333334225,178.00000000002677,0.9999999999851379,False
1882,62.73333333332977,5.933333333333334,178.0,1.0,False
1883,62.7666666666631,5.919444444445931,177.58333333337794,1.0,True
1884,62.79999999999643,5.905555555557042,177.16666666671125,1.0,True
1885,62.83333333332976,5.883333333335716,176.50000000007148,1.0,False
1886,62.86666666666309,5.949999999992851,178.49999999978553,1.0,False
1887,62.899999999996425,5.983333333329759,179.4999999998928,1.0,False
1888,62.933333333329756,5.950000000003574,178.50000000010724,1.0,False
1889,62.96666666666309,5.900000000005372,177.00000000016115,1.0,False
1890,62.99999999999642,5.933333333329752,177.99999999989257,1.0,False
1891,63.03333333332975,5.949999999998209,178.49999999994625,1.0,False
1892,63.06666666666308,5.900000000005372,177.00000000016115,1.0,False
1893,63.09999999999641,5.933333333329745,177.99999999989237,1.0,False
1894,63.133333333329745,5.9666666666630785,178.99999999989237,1.0,False
1895,63.166666666663076,5.983333333331542,179.49999999994625,1.0,False
1896,63.19999999999641,5.916666666673857,177.5000000002157,1.0,False
1897,63.23333333332974,5.883333333336921,176.50000000010763,1.0,False
1898,63.26666666666307,5.85833333333603,175.7500000000809,1.0,True
1899,63.2999999999964,5.916666666660374,177.49999999981122,1.0,False
1900,63.33333333332973,5.883333333336935,176.50000000010806,1.0,False
1901,63.366666666663065,5.93333333332793,177.99999999983788,1.0,False
1902,63.399999999996396,5.933333333333334,178.0,1.0,True
1903,63.43333333332973,5.98333333332793,179.49999999983788,1.0,False
1904,63.46666666666306,5.95833333333604,178.7500000000812,0.888888895523659,True
1905,63.49999999999639,5.900000000006317,177.00000000018952,0.9999999999879682,False
1906,63.53333333332972,5.883333333335138,176.50000000005411,1.0,False
1907,63.56666666666305,5.949999999992781,178.49999999978343,1.0,False
1908,63.599999999996385,5.9666666666648585,178.99999999994574,1.0,False
1909,63.633333333329716,5.916666666672091,177.50000000016274,1.0,False
1910,63.66666666666305,5.983333333326114,179.49999999978343,1.0,False
1911,63.69999999999638,5.999999999998188,179.99999999994566,1.0,False
1912,63.73333333332971,5.883333333345991,176.50000000037974,1.0,False
1913,63.76666666666304,5.966666666657607,178.99999999972823,1.0,False
1914,63.79999999999637,5.933333333336957,178.0000000001087,1.0,False
1915,63.833333333329705,5.983333333327886,179.49999999983658,1.0,True
1916,63.866666666663036,5.966666666668482,179.00000000005446,1.0,False
1917,63.89999999999637,5.950000000001816,178.50000000005446,1.0,False
1918,63.9333333333297,5.941666666667574,178.25000000002723,1.0,True
1919,63.96666666666303,5.933333333334243,178.00000000002728,1.0,False
1920,63.99999999999636,5.966666666663029,178.99999999989086,1.0,False
1921,64.0333333333297,5.950000000001819,178.50000000005457,1.0,False
1922,64.06666666666302,5.916666666670305,177.50000000010914,1.0,False
1923,64.09999999999636,5.983333333326057,179.49999999978172,1.0,False
1924,64.13333333332969,5.950000000003637,178.5000000001091,1.0,False
1925,64.16666666666302,5.999999999994522,179.99999999983567,1.0,True
1926,64.19999999999635,5.966666666670319,179.00000000010957,0.9444444179595782,True
1927,64.23333333332968,5.925000000004565,177.75000000013696,0.999999999993913,True
1928,64.26666666666301,5.949999999997261,178.49999999991783,1.0,False
1929,64.29999999999634,5.93333333333516,178.0000000000548,1.0,False
1930,64.33333333332968,5.966666666663015,178.99999999989043,1.0,False
1931,64.36666666666301,5.916666666672145,177.50000000016436,1.0,True
1932,64.39999999999634,5.916666666666666,177.49999999999997,1.0,False
1933,64.43333333332967,5.916666666666666,177.49999999999997,1.0,False
1934,64.466666666663,5.916666666666666,177.49999999999997,1.0,False
1935,64.49999999999633,5.949999999996333,178.49999999988998,1.0,False
1936,64.53333333332967,5.933333333335167,178.000000000055,1.0,False
1937,64.566666666663,5.983333333327834,179.499999999835,1.0,False
1938,64.59999999999633,6.033333333327834,180.999999999835,1.0,False
1939,64.63333333332966,6.000000000003666,180.00000000011,1.0,True
1940,64.66666666666299,5.950000000005521,178.50000000016564,1.0,False
1941,64.69999999999632,6.033333333324132,180.99999999972394,1.0,False
1942,64.73333333332965,5.950000000009202,178.50000000027606,1.0,False
1943,64.76666666666299,5.95,178.5,1.0,False
1944,64.79999999999632,5.933333333335174,178.00000000005522,1.0,True
1945,64.83333333332965,5.966666666662986,178.99999999988958,1.0,False
1946,64.86666666666298,5.916666666672187,177.5000000001656,1.0,False
1947,64.89999999999631,5.933333333331486,177.99999999994458,1.0,False
1948,64.93333333332964,5.983333333327791,179.49999999983373,1.0,False
1949,64.96666666666297,5.983333333333333,179.5,1.0,False
1950,64.9999999999963,5.933333333338876,178.00000000016627,1.0,False
1951,65.03333333332964,5.900000000003695,177.00000000011084,1.0,True
1952,65.06666666666297,5.933333333329639,177.99999999988916,1.0,False
1953,65.0999999999963,5.9166666666685135,177.5000000000554,1.0,False
1954,65.13333333332963,5.933333333331486,177.99999999994458,1.0,False
1955,65.16666666666296,5.883333333338896,176.5000000001669,1.0,False
1956,65.1999999999963,5.916666666662958,177.49999999988873,1.0,False
1957,65.23333333332963,5.966666666661103,178.9999999998331,1.0,False
1958,65.26666666666296,5.983333333331479,179.49999999994438,1.0,False
1959,65.29999999999629,5.950000000003709,178.50000000011127,1.0,False
1960,65.33333333332962,6.033333333324061,180.9999999997218,1.0,False
1961,65.36666666666295,6.033333333333333,181.0,1.0,False
1962,65.39999999999628,5.941666666676905,178.25000000030715,1.0,True
1963,65.43333333332961,5.966666666663874,178.99999999991624,1.0,False
1964,65.46666666666295,5.916666666672251,177.50000000016752,1.0,False
1965,65.49999999999628,5.949999999996277,178.4999999998883,1.0,False
1966,65.53333333332961,5.949999999999999,178.49999999999997,1.0,False
1967,65.56666666666294,5.941666666667597,178.2500000000279,1.0,True
1968,65.59999999999627,5.949999999999069,178.4999999999721,1.0,False
1969,65.6333333333296,6.033333333324025,180.99999999972076,1.0,False
1970,65.66666666666293,6.0000000000037375,180.00000000011212,1.0,False
1971,65.69999999999627,5.9916666666676015,179.75000000002805,1.0,True
1972,65.7333333333296,6.0166666666638635,180.4999999999159,1.0,False
1973,65.76666666666293,5.933333333342677,178.00000000028032,1.0,False
1974,65.79999999999626,5.999999999992525,179.99999999977575,1.0,False
1975,65.83333333332959,5.958333333338006,178.75000000014018,0.8333333134838057,True
1976,65.86666666666292,5.933333333336137,178.0000000000841,0.9999999999813127,False
1977,65.89999999999625,5.983333333327705,179.49999999983115,1.0,False
1978,65.93333333332959,5.91666666667417,177.5000000002251,1.0,False
1979,65.96666666666292,5.9499999999962485,178.49999999988745,1.0,False
1980,65.99999999999625,6.033333333323954,180.99999999971863,1.0,False
1981,66.03333333332958,5.883333333350215,176.50000000050647,1.0,False
1982,66.06666666666291,5.883333333333333,176.5,1.0,False
1983,66.09999999999624,5.949999999992497,178.4999999997749,1.0,False
1984,66.13333333332957,5.991666666661978,179.7499999998593,1.0,True
1985,66.1666666666629,5.966666666669491,179.00000000008473,1.0,False
1986,66.19999999999624,5.925000000004708,177.75000000014126,1.0,True
1987,66.23333333332957,5.949999999997176,178.49999999991527,1.0,False
1988,66.2666666666629,5.999999999994351,179.99999999983055,1.0,False
1989,66.29999999999623,5.916666666676081,177.50000000028243,1.0,False
1990,66.33333333332956,5.949999999996234,178.49999999988702,1.0,False
1991,66.3666666666629,5.9333333333352165,178.0000000000565,1.0,False
1992,66.39999999999623,5.94999999999811,178.4999999999433,1.0,False
1993,66.43333333332956,5.9000000000056705,177.0000000001701,1.0,False
1994,66.46666666666289,5.9333333333295535,177.9999999998866,1.0,False
1995,66.49999999999622,5.983333333327663,179.4999999998299,1.0,True
1996,66.53333333332955,5.933333333339004,178.0000000001701,1.0,False
1997,66.56666666666288,5.966666666662887,178.9999999998866,1.0,False
1998,66.59999999999621,5.9833333333314425,179.49999999994327,1.0,False
1999,66.63333333332955,5.95000000000378,178.5000000001134,1.0,False
2000,66.66666666666288,5.949999999999999,178.49999999999997,1.0,False
2001,66.69999999999621,5.983333333329539,179.49999999988617,1.0,False
2002,66.73333333332954,5.90833333334187,177.2500000002561,1.0,True
2003,66.76666666666287,5.900000000000949,177.00000000002848,1.0,False
2004,66.7999999999962,5.949999999994308,178.49999999982924,1.0,False
2005,66.83333333332953,5.949999999999999,178.49999999999997,1.0,False
2006,66.86666666666287,5.8500000000113825,175.5000000003415,1.0,False
2007,66.8999999999962,5.866666666664763,175.99999999994287,1.0,False
2008,66.93333333332953,5.883333333331429,176.49999999994287,1.0,False
2009,66.96666666666286,5.899999999998096,176.99999999994287,1.0,False
2010,66.99999999999619,6.1499999999714365,184.49999999914309,1.0,False
2011,67.03333333332952,5.916666666693326,177.50000000079976,1.0,False
2012,67.06666666666285,5.883333333337141,176.50000000011426,1.0,False
2013,67.09999999999619,5.850000000003808,175.50000000011426,1.0,False
2014,67.13333333332952,5.899999999994288,176.99999999982862,1.0,False
2015,67.16666666666285,5.9,177.0,1.0,False
2016,67.19999999999618,5.883333333335244,176.50000000005733,1.0,False
2017,67.23333333332951,5.883333333333333,176.5,1.0,False
2018,67.26666666666284,5.891666666665711,176.74999999997132,0.9722222089799312,True
2019,67.29999999999617,5.866666666669534,176.00000000008603,0.9999999999968144,False
2020,67.3333333333295,5.866666666666667,176.0,1.0,False
2021,67.36666666666284,5.899999999996178,176.99999999988532,1.0,False
2022,67.39999999999617,5.98333333332374,179.4999999997122,1.0,False
2023,67.4333333333295,5.91666666667434,177.5000000002302,1.0,False
2024,67.46666666666283,6.016666666655156,180.49999999965468,1.0,False
2025,67.49999999999616,6.049999999996164,181.49999999988492,1.0,False
2026,67.5333333333295,6.033333333335252,181.00000000005755,1.0,False
2027,67.56666666666283,5.916666666680095,177.50000000040285,1.0,False
2028,67.59999999999616,5.949999999996162,178.49999999988486,1.0,False
2029,67.63333333332949,5.933333333335252,178.00000000005755,1.0,False
2030,67.66666666666282,6.03333333332178,180.9999999996534,1.0,False
2031,67.69999999999615,5.900000000015405,177.00000000046214,1.0,False
2032,67.73333333332948,6.066666666647411,181.99999999942233,1.0,False
2033,67.76666666666281,6.033333333337184,181.00000000011553,1.0,False
2034,67.79999999999615,5.966666666674369,179.00000000023107,1.0,True
2035,67.83333333332948,6.01666666666089,180.49999999982668,1.0,False
2036,67.86666666666281,5.9166666666782195,177.50000000034657,1.0,False
2037,67.89999999999614,5.933333333331401,177.99999999994202,1.0,False
2038,67.93333333332947,5.916666666668599,177.50000000005795,1.0,False
2039,67.9666666666628,5.933333333331401,177.99999999994202,1.0,False
2040,67.99999999999613,5.933333333333334,178.0,1.0,True
2041,68.03333333332947,5.933333333333334,178.0,1.0,False
2042,68.0666666666628,5.933333333333334,178.0,1.0,False
2043,68.09999999999613,5.966666666662801,178.99999999988404,1.0,False
2044,68.13333333332946,5.950000000001932,178.50000000005795,1.0,False
2045,68.16666666666279,5.95,178.5,1.0,False
2046,68.19999999999612,5.949999999999999,178.49999999999997,1.0,False
2047,68.23333333332945,5.949999999999999,178.49999999999997,1.0,False
2048,68.26666666666279,5.966666666664727,178.99999999994182,1.0,False
2049,68.29999999999612,5.933333333337213,178.0000000001164,1.0,False
2050,68.33333333332945,5.966666666662787,178.9999999998836,1.0,False
2051,68.36666666666278,5.9000000000077595,177.00000000023277,1.0,False
2052,68.39999999999611,5.966666666658879,178.99999999976637,1.0,False
2053,68.43333333332944,5.950000000001946,178.50000000005838,1.0,False
2054,68.46666666666277,5.91666666667056,177.50000000011678,1.0,False
2055,68.4999999999961,5.924999999999026,177.74999999997078,1.0,True
2056,68.53333333332944,5.949999999997079,178.49999999991238,1.0,False
2057,68.56666666666277,5.999999999994159,179.99999999982478,1.0,False
2058,68.5999999999961,5.983333333335279,179.50000000005838,1.0,True
2059,68.63333333332943,5.999999999998053,179.9999999999416,1.0,False
2060,68.66666666666276,5.966666666670575,179.00000000011724,1.0,False
2061,68.6999999999961,5.950000000001953,178.5000000000586,1.0,False
2062,68.73333333332943,5.983333333329425,179.49999999988276,1.0,False
2063,68.76666666666276,5.950000000003907,178.5000000001172,1.0,False
2064,68.79999999999609,6.033333333323563,180.9999999997069,1.0,False
2065,68.83333333332942,6.033333333333333,181.0,1.0,False
2066,68.86666666666275,5.9833333333391945,179.50000000017585,1.0,True
2067,68.89999999999608,6.016666666662744,180.49999999988233,1.0,False
2068,68.93333333332941,6.0499999999960785,181.49999999988236,1.0,False
2069,68.96666666666275,6.000000000005883,180.0000000001765,1.0,False
2070,68.99999999999608,5.950000000005883,178.50000000017647,1.0,False
2071,69.03333333332941,5.974999999997058,179.24999999991175,1.0,True
2072,69.06666666666274,6.016666666661765,180.49999999985295,1.0,False
2073,69.09999999999607,6.000000000001961,180.00000000005883,1.0,False
2074,69.1333333333294,5.9833333333352945,179.50000000005883,1.0,False
2075,69.16666666666273,5.958333333336286,178.7500000000886,1.0,True
2076,69.19999999999607,6.016666666659778,180.49999999979335,1.0,False
2077,69.2333333333294,5.98333333333727,179.5000000001181,1.0,False
2078,69.26666666666273,6.066666666656825,181.99999999970476,1.0,False
2079,69.29999999999606,6.03333333333727,181.0000000001181,1.0,False
2080,69.33333333332939,6.000000000003936,180.0000000001181,1.0,False
2081,69.36666666666272,5.966666666670603,179.0000000001181,1.0,False
2082,69.39999999999606,5.966666666666667,179.0,1.0,False
2083,69.43333333332939,5.966666666666667,179.0,1.0,True
2084,69.46666666666272,5.958333333334321,178.75000000002962,1.0,True
2085,69.49999999999605,5.974999999998024,179.24999999994074,0.9722222089800377,True
2086,69.53333333332938,5.999999999997037,179.9999999999111,0.9999999999967079,True
2087,69.56666666666271,6.016666666664691,180.49999999994074,1.0,False
2088,69.59999999999604,6.033333333331358,180.99999999994074,1.0,False
2089,69.63333333332938,6.049999999998025,181.49999999994077,1.0,False
2090,69.6666666666627,6.1166666666587375,183.4999999997621,1.0,False
2091,69.69999999999604,5.983333333349192,179.50000000047575,1.0,False
2092,69.73333333332937,5.966666666668649,179.0000000000595,1.0,False
2093,69.7666666666627,6.016666666660719,180.49999999982157,1.0,False
2094,69.79999999999603,6.016666666666667,180.5,1.0,False
2095,69.83333333332936,6.033333333331351,180.9999999999405,1.0,False
2096,69.8666666666627,6.016666666668649,180.50000000005946,1.0,False
2097,69.89999999999603,5.966666666672635,179.00000000017906,1.0,False
2098,69.93333333332936,5.999999999996021,179.99999999988063,1.0,False
2099,69.96666666666269,6.083333333323386,182.4999999997016,1.0,False
2100,69.99999999999602,6.083333333333334,182.50000000000003,1.0,False
2101,70.03333333332935,6.04166666667164,181.25000000014919,1.0,True
2102,70.06666666666268,6.041666666666666,181.24999999999997,0.9444444179601229,True
2103,70.09999999999602,5.96666666667562,179.00000000026859,0.9999999999933683,False
2104,70.13333333332935,5.983333333331343,179.4999999999403,1.0,False
2105,70.16666666666268,6.033333333327343,180.9999999998203,1.0,False
2106,70.19999999999601,6.016666666668663,180.50000000005988,1.0,False
2107,70.23333333332934,6.0666666666606766,181.9999999998203,1.0,False
2108,70.26666666666267,6.083333333331337,182.49999999994012,1.0,False
2109,70.299999999996,6.066666666668663,182.00000000005988,1.0,False
2110,70.33333333332934,6.0333333333373265,181.0000000001198,1.0,False
2111,70.36666666666267,6.049999999998004,181.49999999994012,1.0,False
2112,70.399999999996,6.033333333335337,181.0000000000601,1.0,False
2113,70.43333333332933,5.966666666674682,179.00000000024045,1.0,False
2114,70.46666666666266,5.950000000002003,178.50000000006008,1.0,False
2115,70.49999999999599,5.974999999996994,179.24999999990982,1.0,True
2116,70.53333333332932,5.966666666667669,179.00000000003007,1.0,False
2117,70.56666666666266,6.033333333325318,180.99999999975955,1.0,False
2118,70.59999999999599,6.083333333327323,182.4999999998197,1.0,False
2119,70.63333333332932,6.0166666666746815,180.50000000024045,1.0,False
2120,70.66666666666265,6.049999999995978,181.49999999987935,1.0,False
2121,70.69999999999598,5.991666666673705,179.75000000021114,1.0,True
2122,70.73333333332931,5.966666666669683,179.0000000000905,1.0,False
2123,70.76666666666264,5.983333333331323,179.4999999999397,1.0,True
2124,70.79999999999598,6.016666666662645,180.49999999987935,1.0,False
2125,70.8333333333293,6.116666666654602,183.49999999963808,1.0,False
2126,70.86666666666264,6.033333333343387,181.0000000003016,1.0,False
2127,70.89999999999597,5.950000000010089,178.50000000030266,1.0,False
2128,70.9333333333293,5.9833333333292975,179.49999999987892,1.0,False
2129,70.96666666666263,5.966666666668685,179.00000000006054,1.0,False
2130,70.99999999999596,6.0333333333252614,180.99999999975785,1.0,False
2131,71.0333333333293,6.033333333333333,181.0,1.0,False
2132,71.06666666666263,6.049999999997982,181.49999999993946,1.0,False
2133,71.09999999999596,6.000000000006054,180.00000000018161,1.0,False
2134,71.13333333332929,5.966666666670703,179.00000000012108,1.0,False
2135,71.16666666666262,5.983333333331308,179.49999999993926,1.0,False
2136,71.19999999999595,6.033333333327258,180.99999999981773,1.0,False
2137,71.23333333332928,6.00000000000405,180.0000000001215,1.0,False
2138,71.26666666666262,5.966666666670717,179.0000000001215,1.0,False
2139,71.29999999999595,6.099999999983799,182.999999999514,1.0,False
2140,71.33333333332928,5.950000000018225,178.50000000054675,1.0,False
2141,71.36666666666261,5.916666666670716,177.50000000012147,1.0,False
2142,71.39999999999594,5.999999999989839,179.99999999969518,1.0,False
2143,71.43333333332927,6.033333333329269,180.99999999987807,1.0,False
2144,71.4666666666626,5.98333333333943,179.5000000001829,1.0,False
2145,71.49999999999594,5.983333333333333,179.5,1.0,False
2146,71.53333333332927,5.999999999997968,179.99999999993904,1.0,False
2147,71.5666666666626,6.0166666666646345,180.49999999993904,1.0,False
2148,71.59999999999593,5.966666666672763,179.0000000001829,1.0,False
2149,71.63333333332926,6.04999999998984,181.4999999996952,1.0,False
2150,71.66666666666259,5.98333333334149,179.5000000002447,1.0,False
2151,71.69999999999592,6.016666666662588,180.49999999987764,1.0,False
2152,71.73333333332926,5.950000000008156,178.50000000024468,1.0,False
2153,71.76666666666259,6.049999999987765,181.49999999963296,1.0,False
2154,71.79999999999592,6.000000000006118,180.00000000018355,1.0,False
2155,71.83333333332925,5.983333333335372,179.50000000006116,1.0,False
2156,71.86666666666258,6.033333333327215,180.99999999981645,1.0,False
2157,71.89999999999591,5.9833333333394725,179.50000000018417,1.0,False
2158,71.93333333332924,5.983333333333333,179.5,1.0,False
2159,71.96666666666258,5.983333333333333,179.5,1.0,True
2160,71.99999999999591,5.966666666668713,179.0000000000614,1.0,False
2161,72.03333333332924,5.983333333331287,179.4999999999386,1.0,True
2162,72.06666666666257,5.966666666668713,179.0000000000614,1.0,False
2163,72.0999999999959,5.999999999995907,179.99999999987722,1.0,True
2164,72.13333333332923,6.0333333333292405,180.99999999987722,1.0,False
2165,72.16666666666256,6.049999999997946,181.49999999993838,1.0,False
2166,72.1999999999959,6.00000000000616,180.0000000001848,1.0,False
2167,72.23333333332923,6.016666666664613,180.49999999993838,1.0,True
2168,72.26666666666256,6.0000000000020535,180.00000000006162,1.0,False
2169,72.29999999999589,6.0666666666584526,181.99999999975358,1.0,False
2170,72.33333333332922,5.983333333343601,179.50000000030803,1.0,True
2171,72.36666666666255,5.983333333333333,179.5,1.0,False
2172,72.39999999999588,6.066666666656364,181.9999999996909,1.0,False
2173,72.43333333332922,5.96666666667903,179.0000000003709,1.0,False
2174,72.46666666666255,6.066666666654303,181.9999999996291,1.0,False
2175,72.49999999999588,6.05000000000206,181.50000000006182,1.0,False
2176,72.53333333332921,6.033333333335394,181.00000000006182,1.0,False
2177,72.56666666666254,6.066666666662545,181.99999999987637,1.0,False
2178,72.59999999999587,6.05000000000206,181.50000000006182,1.0,False
2179,72.6333333333292,6.016666666670788,180.50000000012363,1.0,False
2180,72.66666666666254,5.975000000005169,179.25000000015507,1.0,True
2181,72.69999999999587,5.966666666667701,179.000000000031,1.0,False
2182,72.7333333333292,6.016666666660464,180.4999999998139,1.0,False
2183,72.76666666666253,6.000000000002068,180.00000000006202,1.0,False
2184,72.79999999999586,6.0,180.0,1.0,False
2185,72.8333333333292,6.033333333329198,180.99999999987594,1.0,False
2186,72.86666666666252,6.000000000004135,180.00000000012406,0.91666668654522,True
2187,72.89999999999586,6.0,180.0,0.9999999999896261,False
2188,72.93333333332919,5.933333333341633,178.00000000024897,1.0,False
2189,72.96666666666252,5.916666666668741,177.50000000006222,1.0,False
2190,72.99999999999585,5.949999999995851,178.4999999998755,1.0,False
2191,73.03333333332918,5.966666666664592,178.99999999993776,1.0,True
2192,73.06666666666251,5.950000000002075,178.50000000006224,1.0,False
2193,73.09999999999584,5.966666666664592,178.99999999993776,1.0,False
2194,73.13333333332918,5.99999999999585,179.9999999998755,1.0,False
2195,73.16666666666251,5.983333333335415,179.50000000006247,1.0,False
2196,73.19999999999584,5.999999999997918,179.99999999993753,1.0,False
2197,73.23333333332917,6.033333333329169,180.9999999998751,1.0,False
2198,73.2666666666625,6.0166666666687485,180.50000000006244,1.0,False
2199,73.29999999999583,6.000000000002082,180.00000000006247,1.0,False
2200,73.33333333332916,5.983333333335415,179.50000000006247,1.0,False
2201,73.3666666666625,5.983333333333333,179.5,1.0,False
2202,73.39999999999583,6.0666666666562215,181.99999999968665,1.0,False
2203,73.43333333332916,6.050000000002089,181.50000000006267,1.0,False
2204,73.46666666666249,6.016666666670845,180.50000000012534,1.0,False
2205,73.49999999999582,6.016666666666667,180.5,1.0,False
2206,73.53333333332915,6.016666666666667,180.5,1.0,False
2207,73.56666666666248,6.066666666660399,181.999999999812,1.0,False
2208,73.59999999999582,6.050000000002089,181.50000000006267,1.0,False
2209,73.63333333332915,6.05,181.5,1.0,False
2210,73.66666666666248,6.05,181.5,1.0,False
2211,73.69999999999581,6.016666666670859,180.50000000012577,1.0,False
2212,73.73333333332914,6.016666666666667,180.5,1.0,False
2213,73.76666666666247,6.033333333331237,180.9999999999371,1.0,False
2214,73.7999999999958,6.025000000001048,180.75000000003146,1.0,True
2215,73.83333333332914,6.066666666661426,181.99999999984277,1.0,False
2216,73.86666666666247,6.066666666666666,182.0,1.0,False
2217,73.8999999999958,5.966666666679286,179.00000000037858,1.0,False
2218,73.93333333332913,6.049999999989484,181.49999999968452,1.0,False
2219,73.96666666666246,6.016666666670873,180.5000000001262,1.0,False
2220,73.9999999999958,6.016666666666667,180.5,1.0,False
2221,74.03333333332913,5.966666666672976,179.0000000001893,1.0,False
2222,74.06666666666246,6.03333333332492,180.99999999974762,1.0,False
2223,74.09999999999579,6.033333333333333,181.0,1.0,False
2224,74.13333333332912,6.099999999991587,182.99999999974762,1.0,False
2225,74.16666666666245,6.016666666677218,180.50000000031653,1.0,False
2226,74.19999999999578,6.016666666666667,180.5,1.0,False
2227,74.23333333332911,6.033333333331223,180.99999999993668,1.0,False
2228,74.26666666666245,6.016666666668777,180.5000000000633,1.0,False
2229,74.29999999999578,6.033333333331223,180.99999999993668,1.0,False
2230,74.33333333332911,6.0499999999978895,181.49999999993668,1.0,False
2231,74.36666666666244,6.016666666670887,180.50000000012662,1.0,True
2232,74.39999999999577,6.000000000002117,180.00000000006352,1.0,False
2233,74.4333333333291,6.0,180.0,1.0,False
2234,74.46666666666243,6.016666666664549,180.49999999993648,1.0,True
2235,74.49999999999577,6.000000000002117,180.00000000006352,1.0,False
2236,74.5333333333291,6.099999999987295,182.99999999961886,1.0,False
2237,74.56666666666243,6.050000000006353,181.5000000001906,1.0,False
2238,74.59999999999576,5.983333333341803,179.5000000002541,1.0,False
2239,74.63333333332909,5.966666666668784,179.00000000006352,1.0,False
2240,74.66666666666242,5.933333333337583,178.00000000012747,1.0,False
2241,74.69999999999575,5.98333333332696,179.4999999998088,1.0,False
2242,74.73333333332909,6.016666666662418,180.49999999987253,1.0,False
2243,74.76666666666242,6.016666666666667,180.5,1.0,False
2244,74.79999999999575,6.049999999995752,181.49999999987256,1.0,False
2245,74.83333333332908,6.000000000006374,180.00000000019122,1.0,False
2246,74.86666666666241,6.049999999993626,181.49999999980878,1.0,False
2247,74.89999999999574,6.066666666664535,181.99999999993605,1.0,False
2248,74.93333333332907,6.0000000000085265,180.0000000002558,1.0,False
2249,74.9666666666624,6.0,180.0,1.0,False
2250,74.99999999999574,6.016666666664535,180.49999999993605,1.0,True
2251,75.03333333332907,6.016666666666667,180.5,1.0,True
2252,75.0666666666624,6.049999999995737,181.4999999998721,1.0,False
2253,75.09999999999573,5.966666666677325,179.00000000031974,1.0,False
2254,75.13333333332906,6.083333333318412,182.49999999955236,1.0,False
2255,75.1666666666624,6.050000000004277,181.50000000012832,1.0,False
2256,75.19999999999573,6.033333333335472,181.00000000006415,1.0,False
2257,75.23333333332906,6.008333333336541,180.25000000009624,1.0,True
2258,75.26666666666239,6.016666666665597,180.4999999999679,1.0,False
2259,75.29999999999572,6.0333333333311945,180.99999999993582,1.0,False
2260,75.33333333332905,6.033333333333333,181.0,1.0,False
2261,75.36666666666238,6.099999999991445,182.99999999974335,1.0,False
2262,75.39999999999571,6.050000000006437,181.50000000019313,1.0,False
2263,75.43333333332905,5.966666666677396,179.00000000032188,1.0,False
2264,75.46666666666238,6.066666666653791,181.99999999961375,1.0,False
2265,75.49999999999571,6.11666666666023,183.4999999998069,1.0,False
2266,75.53333333332904,6.033333333344062,181.00000000032188,1.0,False
2267,75.56666666666237,5.96666666667525,179.0000000002575,1.0,False
2268,75.5999999999957,6.049999999989271,181.49999999967812,1.0,False
2269,75.63333333332903,6.058333333332261,181.74999999996783,1.0,True
2270,75.66666666666237,6.016666666672049,180.50000000016146,1.0,False
2271,75.6999999999957,6.2999999999634,188.99999999890198,1.0,False
2272,75.73333333332903,6.03333333336778,181.0000000010334,1.0,False
2273,75.76666666666236,6.000000000004306,180.00000000012918,1.0,False
2274,75.79999999999569,6.049999999993541,181.49999999980622,1.0,False
2275,75.83333333332902,6.05,181.5,1.0,False
2276,75.86666666666235,6.05,181.5,1.0,False
2277,75.89999999999569,6.066666666664506,181.9999999999352,1.0,False
2278,75.93333333332902,6.00000000000864,180.0000000002592,1.0,False
2279,75.96666666666235,5.983333333335493,179.5000000000648,1.0,False
2280,75.99999999999568,6.008333333330093,180.2499999999028,1.0,True
2281,76.03333333332901,5.9833333333365735,179.5000000000972,1.0,False
2282,76.06666666666234,6.066666666655866,181.999999999676,1.0,False
2283,76.09999999999567,6.033333333337653,181.0000000001296,1.0,False
2284,76.133333333329,5.9833333333398135,179.5000000001944,1.0,False
2285,76.16666666666234,6.066666666655831,181.9999999996749,1.0,False
2286,76.19999999999567,6.066666666666666,182.0,1.0,False
2287,76.233333333329,5.983333333344169,179.5000000003251,1.0,False
2288,76.26666666666233,6.016666666662332,180.49999999986997,1.0,False
2289,76.29999999999566,5.966666666673168,179.00000000019506,1.0,False
2290,76.333333333329,5.9166666666731675,177.50000000019503,1.0,False
2291,76.36666666666233,6.016666666653664,180.4999999996099,1.0,False
2292,76.39999999999566,5.975000000005435,179.25000000016306,1.0,True
2293,76.43333333332899,6.033333333325723,180.9999999997717,1.0,False
2294,76.46666666666232,5.991666666672103,179.75000000016308,1.0,True
2295,76.49999999999565,5.966666666669928,179.00000000009786,1.0,False
2296,76.53333333332898,5.966666666666667,179.0,1.0,False
2297,76.56666666666231,5.916666666673189,177.50000000019566,1.0,False
2298,76.59999999999565,6.016666666653621,180.49999999960863,1.0,False
2299,76.63333333332898,6.000000000002174,180.00000000006523,1.0,False
2300,76.66666666666231,5.916666666677574,177.50000000032722,1.0,False
2301,76.69999999999564,5.916666666666667,177.5,1.0,False
2302,76.73333333332897,5.966666666660123,178.9999999998037,1.0,False
2303,76.7666666666623,5.983333333331152,179.49999999993457,1.0,True
2304,76.79999999999563,5.933333333339878,178.00000000019634,1.0,False
2305,76.83333333332897,5.983333333326789,179.4999999998037,1.0,True
2306,76.8666666666623,5.983333333333333,179.5,1.0,False
2307,76.89999999999563,6.033333333326768,180.99999999980304,1.0,False
2308,76.93333333332896,5.966666666675421,179.00000000026262,1.0,False
2309,76.96666666666229,5.9166666666732315,177.50000000019693,1.0,False
2310,76.99999999999562,5.933333333331145,177.99999999993435,1.0,True
2311,77.03333333332895,5.949999999997812,178.49999999993435,1.0,False
2312,77.06666666666229,5.999999999993435,179.99999999980304,1.0,False
2313,77.09999999999562,5.950000000006566,178.50000000019696,1.0,False
2314,77.13333333332895,5.9833333333289564,179.4999999998687,1.0,False
2315,77.16666666666228,5.966666666668862,179.00000000006588,1.0,False
2316,77.19999999999561,5.966666666666667,179.0,1.0,False
2317,77.23333333332894,5.950000000002196,178.50000000006588,1.0,False
2318,77.26666666666227,5.916666666671057,177.5000000001317,1.0,False
2319,77.2999999999956,5.883333333337724,176.5000000001317,1.0,False
2320,77.33333333332894,5.866666666668863,176.00000000006588,1.0,False
2321,77.36666666666227,5.966666666653493,178.9999999996048,1.0,False
2322,77.3999999999956,5.933333333337739,178.00000000013216,1.0,False
2323,77.43333333332893,6.008333333323421,180.24999999970262,1.0,True
2324,77.46666666666226,5.9666666666721735,179.00000000016522,1.0,False
2325,77.4999999999956,5.983333333331131,179.49999999993392,1.0,False
2326,77.53333333332893,5.916666666675477,177.5000000002643,1.0,False
2327,77.56666666666226,5.999999999988987,179.9999999996696,1.0,False
2328,77.59999999999559,5.883333333348752,176.50000000046253,1.0,False
2329,77.63333333332892,6.016666666649045,180.49999999947136,1.0,False
2330,77.66666666666225,5.950000000008838,178.50000000026515,1.0,False
2331,77.69999999999558,5.999999999993371,179.9999999998011,1.0,False
2332,77.73333333332891,5.983333333335543,179.5000000000663,1.0,False
2333,77.76666666666225,5.99999999999779,179.99999999993372,1.0,False
2334,77.79999999999558,5.916666666677716,177.50000000033148,1.0,False
2335,77.83333333332891,5.90000000000221,177.0000000000663,1.0,False
2336,77.86666666666224,5.933333333328914,177.9999999998674,1.0,False
2337,77.89999999999557,6.016666666655582,180.49999999966747,1.0,False
2338,77.9333333333289,5.983333333337767,179.500000000133,1.0,False
2339,77.96666666666223,5.983333333333333,179.5,1.0,False
2340,77.99999999999557,5.950000000004433,178.50000000013299,1.0,False
2341,78.0333333333289,5.9833333333289,179.499999999867,1.0,False
2342,78.06666666666223,5.950000000004433,178.50000000013299,1.0,False
2343,78.09999999999556,5.96666666666445,178.9999999999335,1.0,False
2344,78.13333333332889,5.966666666666667,179.0,1.0,False
2345,78.16666666666222,5.950000000002223,178.5000000000667,1.0,False
2346,78.19999999999555,5.95,178.5,1.0,False
2347,78.23333333332889,5.916666666671114,177.5000000001334,1.0,False
2348,78.26666666666222,5.93333333333111,177.9999999999333,1.0,False
2349,78.29999999999555,5.949999999997776,178.4999999999333,1.0,False
2350,78.33333333332888,5.949999999999999,178.49999999999997,1.0,False
2351,78.36666666666221,5.966666666664443,178.9999999999333,1.0,False
2352,78.39999999999554,5.966666666666667,179.0,1.0,False
2353,78.43333333332887,5.933333333337796,178.00000000013387,1.0,True
2354,78.4666666666622,5.98333333332664,179.4999999997992,1.0,False
2355,78.49999999999554,5.9500000000044615,178.50000000013384,1.0,False
2356,78.53333333332887,5.999999999993307,179.9999999997992,1.0,False
2357,78.5666666666622,5.916666666677822,177.50000000033464,1.0,False
2358,78.59999999999553,5.9333333333311025,177.99999999993307,1.0,False
2359,78.63333333332886,5.933333333333334,178.0,1.0,False
2360,78.6666666666622,5.900000000004477,177.0000000001343,1.0,False
2361,78.69999999999553,5.983333333322142,179.49999999966428,1.0,False
2362,78.73333333332886,5.950000000004477,178.5000000001343,1.0,False
2363,78.76666666666219,5.966666666664429,178.99999999993287,1.0,False
2364,78.79999999999552,5.999999999995524,179.9999999998657,1.0,False
2365,78.83333333332885,5.983333333335572,179.50000000006716,1.0,False
2366,78.86666666666218,6.049999999991047,181.49999999973141,1.0,False
2367,78.89999999999552,5.950000000013472,178.50000000040416,1.0,False
2368,78.93333333332885,5.983333333328843,179.49999999986528,1.0,False
2369,78.96666666666218,6.016666666662176,180.49999999986528,1.0,True
2370,78.99999999999551,6.016666666666667,180.5,1.0,False
2371,79.03333333332884,5.966666666673403,179.00000000020208,1.0,False
2372,79.06666666666217,5.966666666666667,179.0,1.0,False
2373,79.0999999999955,6.016666666659931,180.49999999979792,1.0,False
2374,79.13333333332884,5.9500000000089805,178.5000000002694,1.0,False
2375,79.16666666666217,5.95,178.5,1.0,False
2376,79.1999999999955,5.95,178.5,1.0,False
2377,79.23333333332883,5.95,178.5,1.0,True
2378,79.26666666666216,5.95,178.5,1.0,False
2379,79.29999999999549,6.0666666666508995,181.99999999952698,1.0,False
2380,79.33333333332882,5.9833333333445955,179.50000000033788,1.0,False
2381,79.36666666666216,5.950000000004505,178.50000000013515,1.0,False
2382,79.39999999999549,5.949999999999999,178.49999999999997,1.0,False
2383,79.43333333332882,5.95,178.5,1.0,False
2384,79.46666666666215,6.0166666666576285,180.49999999972886,1.0,False
2385,79.49999999999548,6.033333333331074,180.99999999993221,1.0,False
2386,79.53333333332881,6.016666666668926,180.50000000006779,1.0,False
2387,79.56666666666214,6.016666666666667,180.5,1.0,False
2388,79.59999999999548,5.950000000009038,178.50000000027114,1.0,False
2389,79.6333333333288,5.983333333328814,179.49999999986443,1.0,False
2390,79.66666666666214,5.983333333333333,179.5,1.0,False
2391,79.69999999999547,5.983333333333333,179.5,1.0,False
2392,79.7333333333288,6.016666666662133,180.499999999864,1.0,False
2393,79.76666666666213,6.0666666666598665,181.999999999796,1.0,False
2394,79.79999999999546,6.0166666666734665,180.50000000020398,1.0,False
2395,79.8333333333288,6.016666666666667,180.5,1.0,False
2396,79.86666666666213,5.950000000009067,178.500000000272,1.0,False
2397,79.89999999999546,6.0333333333219645,180.99999999965894,1.0,False
2398,79.93333333332879,5.983333333340155,179.50000000020464,1.0,False
2399,79.96666666666212,5.983333333333333,179.5,1.0,False
2400,79.99999999999545,5.933333333340155,178.00000000020464,1.0,False
2401,80.03333333332878,5.999999999990905,179.99999999972715,1.0,False
2402,80.06666666666212,6.0,180.0,1.0,False
2403,80.09999999999545,6.016666666664393,180.4999999999318,1.0,False
2404,80.13333333332878,5.966666666673488,179.00000000020464,1.0,False
2405,80.16666666666211,6.049999999988596,181.49999999965786,1.0,False
2406,80.19999999999544,5.983333333342457,179.5000000002737,1.0,False
2407,80.23333333332877,5.983333333333333,179.5,1.0,False
2408,80.2666666666621,5.983333333333333,179.5,1.0,False
2409,80.29999999999544,5.950000000004562,178.50000000013685,1.0,False
2410,80.33333333332877,5.966666666664386,178.9999999999316,1.0,False
2411,80.3666666666621,5.999999999995438,179.99999999986315,1.0,False
2412,80.39999999999543,6.016666666664379,180.49999999993136,1.0,False
2413,80.43333333332876,6.000000000002288,180.00000000006864,1.0,False
2414,80.46666666666209,6.016666666664379,180.49999999993136,1.0,False
2415,80.49999999999542,6.033333333331045,180.99999999993136,1.0,True
2416,80.53333333332876,6.0666666666620905,181.99999999986272,1.0,False
2417,80.56666666666209,6.033333333337909,181.00000000013728,1.0,False
2418,80.59999999999542,6.091666666658659,182.74999999975978,1.0,True
2419,80.63333333332875,6.066666666670098,182.00000000010294,1.0,False
2420,80.66666666666208,6.00000000000918,180.0000000002754,1.0,False
2421,80.69999999999541,6.049999999993115,181.49999999979343,0.9444444179611414,True
2422,80.73333333332874,6.033333333335628,181.00000000006884,0.9999999999923498,False
2423,80.76666666666208,5.9833333333402186,179.50000000020657,1.0,False
2424,80.7999999999954,6.033333333326448,180.99999999979343,1.0,False
2425,80.83333333332874,6.033333333333333,181.0,1.0,False
2426,80.86666666666207,5.950000000011475,178.50000000034427,1.0,False
2427,80.8999999999954,5.966666666664365,178.99999999993094,0.9166666865463924,True
2428,80.93333333332873,5.983333333331031,179.49999999993094,0.9999999999884892,False
2429,80.96666666666206,5.966666666668969,179.00000000006906,1.0,False
2430,80.9999999999954,6.04999999998849,181.4999999996547,1.0,False
2431,81.03333333332873,6.0000000000069065,180.0000000002072,1.0,False
2432,81.06666666666206,6.033333333328729,180.99999999986187,1.0,False
2433,81.09999999999539,6.016666666668969,180.50000000006906,1.0,False
2434,81.13333333332872,6.016666666666667,180.5,1.0,False
2435,81.16666666666205,6.033333333331024,180.9999999999307,1.0,False
2436,81.19999999999538,6.066666666662048,181.99999999986144,1.0,False
2437,81.23333333332872,5.98333333334488,179.5000000003464,1.0,False
2438,81.26666666666205,5.9916666666655125,179.74999999996538,1.0,True
2439,81.29999999999538,6.03333333332756,180.9999999998268,1.0,False
2440,81.33333333332871,5.966666666675904,179.0000000002771,1.0,False
2441,81.36666666666204,6.033333333324096,180.9999999997229,1.0,False
2442,81.39999999999537,5.9833333333402825,179.50000000020847,1.0,False
2443,81.4333333333287,5.966666666668983,179.0000000000695,1.0,False
2444,81.46666666666204,5.9500000000023165,178.5000000000695,1.0,False
2445,81.49999999999537,5.999999999993051,179.99999999979153,1.0,False
2446,81.5333333333287,6.01666666666435,180.4999999999305,1.0,False
2447,81.56666666666203,6.000000000002316,180.0000000000695,1.0,False
2448,81.59999999999536,6.0,180.0,1.0,False
2449,81.6333333333287,6.0333333333287005,180.99999999986102,1.0,True
2450,81.66666666666202,6.0666666666620195,181.9999999998606,1.0,False
2451,81.69999999999536,6.050000000002323,181.5000000000697,1.0,False
2452,81.73333333332869,6.016666666671314,180.5000000001394,1.0,False
2453,81.76666666666202,6.03333333333101,180.99999999993028,1.0,False
2454,81.79999999999535,6.049999999997676,181.49999999993028,1.0,False
2455,81.83333333332868,6.00000000000697,180.00000000020913,1.0,False
2456,81.86666666666201,5.983333333335657,179.50000000006972,1.0,False
2457,81.89999999999534,6.0333333333263415,180.99999999979025,1.0,False
2458,81.93333333332868,5.983333333340325,179.50000000020975,1.0,False
2459,81.96666666666201,5.966666666668997,179.00000000006992,1.0,False
2460,81.99999999999534,6.016666666659675,180.49999999979025,1.0,False
2461,82.03333333332867,6.066666666659675,181.99999999979025,1.0,False
2462,82.066666666662,5.950000000016313,178.5000000004894,1.0,False
2463,82.09999999999533,5.916666666671327,177.5000000001398,1.0,False
2464,82.13333333332866,5.933333333331003,177.99999999993008,1.0,False
2465,82.166666666662,6.033333333319307,180.99999999957922,1.0,False
2466,82.19999999999533,6.049999999997662,181.49999999992986,1.0,False
2467,82.23333333332866,6.033333333335671,181.00000000007012,1.0,False
2468,82.26666666666199,5.9666666666760175,179.00000000028052,1.0,False
2469,82.29999999999532,6.0333333333239825,180.99999999971948,1.0,False
2470,82.33333333332865,6.016666666669004,180.50000000007012,1.0,False
2471,82.36666666666198,6.0249999999988315,180.74999999996496,1.0,True
2472,82.39999999999532,6.033333333332161,180.9999999999648,1.0,False
2473,82.43333333332865,5.983333333340368,179.50000000021103,1.0,False
2474,82.46666666666198,6.016666666661977,180.4999999998593,1.0,False
2475,82.49999999999531,6.000000000002345,180.00000000007034,1.0,False
2476,82.53333333332864,6.0,180.0,1.0,False
2477,82.56666666666197,6.0499999999929654,181.49999999978897,1.0,False
2478,82.5999999999953,6.033333333335678,181.00000000007034,1.0,False
2479,82.63333333332864,6.133333333319265,183.99999999957794,1.0,False
2480,82.66666666666197,6.000000000018815,180.00000000056446,1.0,False
2481,82.6999999999953,5.950000000007056,178.50000000021168,1.0,False
2482,82.73333333332863,5.9333333333356855,178.00000000007057,1.0,False
2483,82.76666666666196,6.016666666654907,180.4999999996472,1.0,False
2484,82.7999999999953,6.033333333330981,180.99999999992943,1.0,False
2485,82.83333333332862,6.000000000004704,180.0000000001411,1.0,False
2486,82.86666666666196,5.983333333335685,179.50000000007057,1.0,False
2487,82.89999999999529,6.049999999990564,181.49999999971692,1.0,False
2488,82.93333333332862,6.066666666664307,181.99999999992923,1.0,False
2489,82.96666666666195,6.033333333338051,181.00000000014154,1.0,False
2490,82.99999999999528,5.950000000011795,178.50000000035385,1.0,False
2491,83.03333333332861,5.999999999992923,179.9999999997877,1.0,False
2492,83.06666666666194,6.049999999992923,181.4999999997877,1.0,False
2493,83.09999999999528,6.033333333335692,181.00000000007077,1.0,False
2494,83.13333333332861,6.033333333333333,181.0,1.0,False
2495,83.16666666666194,6.158333333315587,184.74999999946763,1.0,True
2496,83.19999999999527,6.100000000008281,183.00000000024843,1.0,False
2497,83.2333333333286,6.066666666671399,182.00000000014197,1.0,False
2498,83.26666666666193,6.124999999991719,183.74999999975157,1.0,True
2499,83.29999999999526,6.066666666674948,182.00000000024843,1.0,False
2500,83.3333333333286,6.016666666673765,180.50000000021294,1.0,True
2501,83.36666666666193,6.049999999995268,181.49999999985803,1.0,False
2502,83.39999999999526,6.041666666667853,181.25000000003558,0.9444444179614019,True
2503,83.43333333332859,6.016666666670226,180.50000000010678,0.9999999999920893,False
2504,83.46666666666192,6.083333333323841,182.49999999971524,1.0,False
2505,83.49999999999525,6.01666666667616,180.5000000002848,1.0,False
2506,83.53333333332859,6.016666666666667,180.5,1.0,False
2507,83.56666666666192,6.049999999995253,181.4999999998576,1.0,False
2508,83.59999999999525,6.016666666671413,180.5000000001424,1.0,False
2509,83.63333333332858,6.03333333333096,180.9999999999288,1.0,False
2510,83.66666666666191,6.000000000004761,180.00000000014282,1.0,False
2511,83.69999999999524,6.016666666664286,180.49999999992858,1.0,False
2512,83.73333333332857,5.983333333338094,179.50000000014282,1.0,False
2513,83.7666666666619,5.966666666669047,179.00000000007142,1.0,False
2514,83.79999999999524,5.983333333330953,179.4999999999286,1.0,False
2515,83.83333333332857,5.99999999999762,179.9999999999286,1.0,False
2516,83.8666666666619,6.0,180.0,1.0,False
2517,83.89999999999523,5.9500000000071624,178.50000000021487,1.0,False
2518,83.93333333332856,5.95,178.5,1.0,False
2519,83.9666666666619,5.95,178.5,1.0,False
2520,83.99999999999523,6.049999999985675,181.49999999957026,1.0,False
2521,84.03333333332856,6.0166666666714415,180.50000000014325,1.0,True
2522,84.06666666666189,6.016666666666667,180.5,1.0,False
2523,84.09999999999522,5.966666666673829,179.00000000021487,1.0,True
2524,84.13333333332855,5.999999999995225,179.99999999985675,1.0,False
2525,84.16666666666188,6.066666666657088,181.99999999971266,1.0,False
2526,84.19999999999521,6.091666666663075,182.74999999989225,1.0,True
2527,84.23333333332855,6.00000000001317,180.0000000003951,1.0,False
2528,84.26666666666188,6.016666666664272,180.49999999992815,1.0,True
2529,84.29999999999521,6.033333333330939,180.99999999992815,1.0,False
2530,84.33333333332854,5.983333333340517,179.50000000021552,1.0,False
2531,84.36666666666187,6.0166666666618775,180.49999999985633,1.0,False
2532,84.3999999999952,6.016666666666667,180.5,1.0,False
2533,84.43333333332853,5.983333333338137,179.5000000001441,1.0,False
2534,84.46666666666187,6.066666666654658,181.99999999963975,1.0,False
2535,84.4999999999952,6.0333333333381365,181.0000000001441,1.0,False
2536,84.53333333332853,5.966666666676273,179.0000000002882,1.0,False
2537,84.56666666666186,6.016666666659462,180.49999999978385,1.0,False
2538,84.59999999999519,6.0833333333237265,182.4999999997118,1.0,False
2539,84.63333333332852,5.933333333354948,178.00000000064844,1.0,False
2540,84.66666666666185,5.999999999990365,179.99999999971095,1.0,False
2541,84.69999999999519,6.08333333332129,182.4999999996387,1.0,False
2542,84.73333333332852,6.066666666669075,182.00000000007225,1.0,False
2543,84.76666666666185,6.033333333338151,181.00000000014452,1.0,False
2544,84.79999999999518,5.98333333334056,179.5000000002168,1.0,False
2545,84.83333333332851,5.9666666666690755,179.00000000007228,1.0,False
2546,84.86666666666184,6.066666666652214,181.99999999956643,1.0,False
2547,84.89999999999517,6.066666666666666,182.0,1.0,False
2548,84.9333333333285,6.0500000000024166,181.5000000000725,1.0,False
2549,84.96666666666184,6.033333333335749,181.00000000007248,1.0,False
2550,84.99999999999517,6.000000000004832,180.00000000014495,1.0,False
2551,85.0333333333285,6.049999999992752,181.49999999978257,1.0,False
2552,85.06666666666183,6.05,181.5,1.0,True
2553,85.09999999999516,6.066666666664251,181.99999999992752,1.0,False
2554,85.1333333333285,6.050000000002416,181.50000000007248,1.0,False
2555,85.16666666666183,6.0666666666642435,181.9999999999273,1.0,False
2556,85.19999999999516,6.033333333338179,181.00000000014538,1.0,False
2557,85.23333333332849,6.083333333326065,182.49999999978195,1.0,False
2558,85.26666666666182,6.083333333333334,182.50000000000003,1.0,False
2559,85.29999999999515,6.050000000004846,181.50000000014538,1.0,False
2560,85.33333333332848,5.983333333343025,179.50000000029075,1.0,False
2561,85.36666666666181,6.008333333329698,180.24999999989095,1.0,True
2562,85.39999999999515,6.033333333329688,180.99999999989063,1.0,False
2563,85.43333333332848,6.033333333333333,181.0,1.0,False
2564,85.46666666666181,6.099999999990279,182.9999999997084,1.0,False
2565,85.49999999999514,6.016666666678817,180.5000000003645,1.0,False
2566,85.53333333332847,6.033333333330903,180.9999999999271,1.0,False
2567,85.5666666666618,6.016666666669097,180.5000000000729,1.0,False
2568,85.59999999999513,6.066666666659376,181.9999999997813,1.0,False
2569,85.63333333332847,6.05000000000243,181.5000000000729,1.0,False
2570,85.6666666666618,6.03333333333577,181.0000000000731,1.0,False
2571,85.69999999999513,6.033333333333333,181.0,1.0,False
2572,85.73333333332846,6.016666666669104,180.5000000000731,1.0,False
2573,85.76666666666179,6.049999999995126,181.4999999998538,1.0,True
2574,85.79999999999512,6.0000000000073115,180.00000000021936,1.0,False
2575,85.83333333332845,6.008333333332114,180.24999999996342,1.0,True
2576,85.86666666666179,6.000000000001219,180.00000000003655,1.0,False
2577,85.89999999999512,6.083333333321113,182.4999999996334,1.0,False
2578,85.93333333332845,6.116666666661779,183.49999999985334,1.0,False
2579,85.96666666666178,6.0333333333455545,181.00000000036664,1.0,False
2580,85.99999999999511,6.083333333326001,182.49999999978004,1.0,False
2581,86.03333333332844,6.116666666661779,183.49999999985334,1.0,False
2582,86.06666666666177,6.050000000009777,181.5000000002933,0.9722222089808193,True
2583,86.0999999999951,5.9833333333431105,179.5000000002933,0.9999999999959263,False
2584,86.13333333332844,6.149999999975558,184.49999999926672,1.0,False
2585,86.16666666666177,6.0833333333431385,182.50000000029416,1.0,False
2586,86.1999999999951,6.000000000012257,180.00000000036772,1.0,False
2587,86.23333333332843,6.016666666664215,180.49999999992644,1.0,False
2588,86.26666666666176,6.000000000002451,180.00000000007356,1.0,False
2589,86.2999999999951,6.1166666666495075,183.49999999948523,1.0,False
2590,86.33333333332843,6.083333333338237,182.5000000001471,1.0,False
2591,86.36666666666176,6.050000000004903,181.50000000014708,1.0,False
2592,86.39999999999509,6.083333333328416,182.4999999998525,1.0,False
2593,86.43333333332842,6.083333333333334,182.50000000000003,1.0,False
2594,86.46666666666175,6.083333333333334,182.50000000000003,1.0,False
2595,86.49999999999508,6.0916666666654375,182.74999999996314,1.0,True
2596,86.53333333332841,6.066666666670354,182.00000000011062,1.0,False
2597,86.56666666666175,5.983333333345626,179.50000000036877,1.0,False
2598,86.59999999999508,6.049999999990166,181.49999999970498,1.0,False
2599,86.63333333332841,6.033333333335792,181.00000000007375,1.0,False
2600,86.66666666666174,6.000000000004931,180.00000000014793,1.0,True
2601,86.69999999999507,6.0,180.0,1.0,False
2602,86.7333333333284,6.049999999992603,181.49999999977808,1.0,False
2603,86.76666666666173,5.950000000014794,178.5000000004438,1.0,False
2604,86.79999999999507,5.966666666664201,178.99999999992605,1.0,False
2605,86.8333333333284,6.01666666665927,180.49999999977808,1.0,False
2606,86.86666666666173,6.049999999995069,181.49999999985207,1.0,False
2607,86.89999999999506,6.099999999992582,182.99999999977746,1.0,False
2608,86.93333333332839,6.075000000003709,182.25000000011127,0.9444444179617335,True
2609,86.96666666666172,6.000000000011127,180.0000000003338,0.9999999999917577,False
2610,86.99999999999505,6.066666666656776,181.99999999970328,1.0,False
2611,87.03333333332839,6.016666666674085,180.50000000022254,1.0,False
2612,87.06666666666172,5.983333333338279,179.50000000014836,1.0,False
2613,87.09999999999505,6.016666666661721,180.49999999985164,1.0,False
2614,87.13333333332838,6.000000000002473,180.00000000007418,1.0,False
2615,87.16666666666171,6.016666666664187,180.4999999999256,1.0,False
2616,87.19999999999504,6.016666666666667,180.5,1.0,False
2617,87.23333333332837,6.04999999999504,181.4999999998512,1.0,False
2618,87.2666666666617,6.05,181.5,1.0,False
2619,87.29999999999504,6.05,181.5,1.0,False
2620,87.33333333332837,5.983333333343253,179.50000000029758,1.0,True
2621,87.3666666666617,6.016666666661707,180.4999999998512,1.0,False
2622,87.39999999999503,6.049999999995026,181.4999999998508,1.0,False
2623,87.43333333332836,6.03333333333582,181.0000000000746,1.0,False
2624,87.4666666666617,6.049999999997513,181.4999999999254,1.0,False
2625,87.49999999999503,6.08333333332836,182.49999999985081,1.0,False
2626,87.53333333332836,6.033333333340794,181.00000000022382,1.0,False
2627,87.56666666666169,5.983333333340794,179.50000000022382,1.0,False
2628,87.59999999999502,6.041666666657963,181.2499999997389,1.0,True
2629,87.63333333332835,6.025000000002487,180.7500000000746,1.0,True
2630,87.66666666666168,6.016666666667914,180.5000000000374,1.0,False
2631,87.69999999999501,5.966666666674149,179.00000000022447,1.0,False
2632,87.73333333332835,6.016666666659185,180.49999999977553,1.0,False
2633,87.76666666666168,6.033333333330839,180.99999999992517,1.0,False
2634,87.79999999999501,6.033333333333333,181.0,1.0,False
2635,87.83333333332834,6.016666666669161,180.5000000000748,1.0,False
2636,87.86666666666167,6.016666666666667,180.5,1.0,False
2637,87.899999999995,6.000000000002501,180.00000000007503,1.0,False
2638,87.93333333332833,6.0166666666641655,180.49999999992497,1.0,False
2639,87.96666666666167,5.883333333353342,176.50000000060027,1.0,False
2640,87.999999999995,6.049999999974989,181.49999999924967,1.0,False
2641,88.03333333332833,6.033333333335834,181.00000000007503,1.0,False
2642,88.06666666666166,6.016666666669168,180.50000000007503,1.0,False
2643,88.09999999999499,5.950000000010005,178.50000000030013,1.0,True
2644,88.13333333332832,6.016666666656662,180.49999999969987,1.0,False
2645,88.16666666666165,6.066666666659142,181.99999999977425,1.0,True
2646,88.19999999999499,6.03333333333835,181.0000000001505,1.0,False
2647,88.23333333332832,6.083333333325808,182.49999999977425,1.0,False
2648,88.26666666666165,6.116666666661651,183.49999999984954,1.0,False
2649,88.29999999999498,6.0000000000175575,180.0000000005267,1.0,False
2650,88.33333333332831,6.033333333328317,180.9999999998495,1.0,False
2651,88.36666666666164,6.000000000005016,180.0000000001505,1.0,False
2652,88.39999999999498,6.016666666664151,180.49999999992454,0.9444444179618756,True
2653,88.4333333333283,6.000000000002515,180.00000000007546,0.9999999999916156,False
2654,88.46666666666164,6.083333333320756,182.4999999996227,1.0,False
2655,88.49999999999497,6.149999999989939,184.49999999969816,1.0,False
2656,88.5333333333283,6.066666666679243,182.0000000003773,1.0,False
2657,88.56666666666163,6.033333333338364,181.00000000015092,1.0,False
2658,88.59999999999496,6.016666666669182,180.50000000007546,1.0,False
2659,88.6333333333283,6.083333333323272,182.49999999969816,1.0,False
2660,88.66666666666163,6.050000000005045,181.50000000015135,1.0,False
2661,88.69999999999496,6.166666666649009,184.99999999947028,1.0,False
2662,88.73333333332829,6.033333333353513,181.00000000060538,1.0,False
2663,88.76666666666162,6.033333333333333,181.0,1.0,True
2664,88.79999999999495,6.016666666669189,180.50000000007566,1.0,False
2665,88.83333333332828,6.066666666659099,181.99999999977297,1.0,False
2666,88.86666666666162,6.099999999994955,182.99999999984865,1.0,False
2667,88.89999999999495,6.0666666666717255,182.00000000015177,0.9722222089809615,True
2668,88.93333333332828,6.033333333338392,181.00000000015177,0.9999999999957842,False
2669,88.96666666666161,6.133333333318156,183.99999999954468,1.0,False
2670,88.99999999999494,6.116666666669197,183.5000000000759,1.0,False
2671,89.03333333332827,6.100000000002529,183.0000000000759,1.0,False
2672,89.0666666666616,5.966666666686903,179.0000000006071,1.0,False
2673,89.09999999999494,6.033333333323215,180.99999999969646,1.0,False
2674,89.13333333332827,6.000000000005059,180.00000000015177,1.0,False
2675,89.1666666666616,6.04999999999239,181.4999999997717,1.0,False
2676,89.19999999999493,6.041666666667934,181.25000000003803,1.0,True
2677,89.23333333332826,6.016666666670472,180.50000000011414,1.0,False
2678,89.26666666666159,6.0666666666590565,181.9999999997717,1.0,False
2679,89.29999999999492,6.0500000000025365,181.50000000007608,1.0,False
2680,89.33333333332826,5.98333333334348,179.5000000003044,1.0,False
2681,89.36666666666159,5.983333333333333,179.5,1.0,False
2682,89.39999999999492,5.983333333333333,179.5,1.0,False
2683,89.43333333332825,5.999999999997456,179.9999999999237,1.0,False
2684,89.46666666666158,6.0666666666564915,181.99999999969475,1.0,False
2685,89.49999999999491,6.050000000002544,181.5000000000763,1.0,False
2686,89.53333333332824,6.033333333335877,181.0000000000763,1.0,False
2687,89.56666666666158,6.033333333333333,181.0,1.0,True
2688,89.5999999999949,6.033333333333333,181.0,1.0,False
2689,89.63333333332824,5.850000000027981,175.50000000083944,1.0,False
2690,89.66666666666157,5.8375000000019135,175.1250000000574,0.02857142887976183,True
2691,89.6999999999949,5.858333333330145,175.74999999990433,0.44444444769216385,True
2692,89.73333333332823,5.854166666667304,175.6250000000191,6.80225875626661e-11,True
2693,89.76666666666156,5.850000000000637,175.50000000001913,0.833333313337576,False
2694,89.7999999999949,5.949999999984695,178.49999999954085,0.611111104522384,True
2695,89.83333333332823,6.0249999999885215,180.74999999965564,0.9166666865476358,True
2696,89.86666666666156,6.133333333316752,183.99999999950256,0.972222208980997,True
2697,89.89999999999489,6.233333333317986,186.99999999953957,0.9999999999957367,True
2698,89.93333333332822,6.066666666692246,182.0000000007674,1.0,False
2699,89.96666666666155,6.133333333323101,183.99999999969305,1.0,False
2700,89.99999999999488,6.030555555571329,180.91666666713988,0.7222222090193782,True
2701,90.03333333332822,5.936111111125607,178.0833333337682,-0.9999999997356781,True
2702,90.06666666666155,5.841666666681162,175.25000000043485,0.13888889533683368,True
2703,90.09999999999488,5.77222222223288,173.1666666669864,0.03125000001652012,True
2704,90.13333333332821,5.686111111124328,170.58333333372983,0.2222222238485969,True
2705,90.16666666666154,5.6000000000132895,168.00000000039867,0.9999999998799656,False
2706,90.19999999999487,5.733333333312813,171.99999999938439,1.0,False
2707,90.2333333333282,5.883333333310311,176.49999999930935,1.0,False
2708,90.26666666666154,5.83333333334105,175.00000000023152,1.0,False
2709,90.29999999999487,5.825000000001283,174.75000000003848,0.8888888955287276,True
2710,90.3333333333282,5.89999999998849,176.99999999965468,0.999999999982947,False
2711,90.36666666666153,5.924999999996152,177.74999999988458,1.0,True
2712,90.39999999999486,5.949999999996142,178.49999999988427,1.0,False
2713,90.43333333332819,5.933333333335906,178.00000000007716,1.0,False
2714,90.46666666666152,5.94999999999742,178.4999999999226,0.8888888955288223,True
2715,90.49999999999486,5.925000000003858,177.75000000011573,0.9999999999828523,True
2716,90.53333333332819,5.949999999996153,178.49999999988458,1.0,False
2717,90.56666666666152,6.016666666656378,180.49999999969134,1.0,False
2718,90.59999999999485,6.024999999998714,180.74999999996143,1.0,True
2719,90.63333333332818,6.033333333332047,180.9999999999614,1.0,False
2720,90.66666666666151,6.0499999999974134,181.4999999999224,1.0,False
2721,90.69999999999484,5.9333333333513885,178.00000000054166,1.0,False
2722,90.73333333332818,5.94166666666538,178.2499999999614,1.0,True
2723,90.76666666666151,5.999999999990948,179.99999999972843,1.0,False
2724,90.79999999999484,6.049999999992262,181.49999999976785,1.0,False
2725,90.83333333332817,6.016666666671811,180.50000000015433,1.0,False
2726,90.8666666666615,5.983333333338492,179.50000000015476,1.0,False
2727,90.89999999999483,5.999999999997414,179.9999999999224,1.0,False
2728,90.93333333332816,5.9666666666718395,179.00000000015518,1.0,False
2729,90.9666666666615,5.958333333334631,178.7500000000389,1.0,True
2730,90.99999999999483,5.983333333329454,179.4999999998836,1.0,False
2731,91.03333333332816,5.941666666673115,178.25000000019344,1.0,True
2732,91.06666666666149,5.9833333333268675,179.49999999980602,1.0,False
2733,91.09999999999482,5.983333333333333,179.5,1.0,False
2734,91.13333333332815,5.916666666677012,177.50000000031034,1.0,False
2735,91.16666666666148,5.949999999994799,178.49999999984396,1.0,False
2736,91.19999999999482,5.983333333328146,179.4999999998444,1.0,False
2737,91.23333333332815,6.016666666661494,180.49999999984482,1.0,False
2738,91.26666666666148,5.9666666666744685,179.00000000023405,1.0,False
2739,91.29999999999481,5.966666666666667,179.0,1.0,False
2740,91.33333333332814,6.049999999987068,181.49999999961204,1.0,False
2741,91.36666666666147,6.00000000000778,180.0000000002334,1.0,False
2742,91.3999999999948,5.983333333335934,179.50000000007802,1.0,False
2743,91.43333333332814,5.999999999997399,179.99999999992198,1.0,False
2744,91.46666666666147,6.066666666656236,181.99999999968708,1.0,False
2745,91.4999999999948,5.950000000018203,178.5000000005461,1.0,False
2746,91.53333333332813,6.033333333320366,180.99999999961096,1.0,True
2747,91.56666666666146,6.033333333333333,181.0,1.0,False
2748,91.5999999999948,5.983333333341135,179.50000000023405,1.0,False
2749,91.63333333332812,6.1166666666458624,183.49999999937586,1.0,False
2750,91.66666666666146,6.033333333346407,181.00000000039222,1.0,False
2751,91.69999999999479,5.93333333334898,178.00000000046938,1.0,False
2752,91.73333333332812,5.9499999999974,178.49999999992198,1.0,False
2753,91.76666666666145,5.966666666664052,178.99999999992156,1.0,False
2754,91.79999999999478,6.06666666665102,181.99999999953062,0.9444444179621835,True
2755,91.83333333332811,6.0999999999947985,182.99999999984396,0.9999999999913314,False
2756,91.86666666666144,6.058333333339853,181.7500000001956,1.0,True
2757,91.89999999999478,6.033333333337255,181.00000000011767,1.0,False
2758,91.93333333332811,6.066666666661437,181.9999999998431,1.0,False
2759,91.96666666666144,6.050000000002622,181.50000000007864,1.0,False
2760,91.99999999999477,6.066666666664052,181.99999999992156,1.0,False
2761,92.0333333333281,6.099999999994784,182.99999999984354,1.0,False
2762,92.06666666666143,6.066666666671896,182.0000000001569,1.0,False
2763,92.09999999999476,6.016666666674511,180.50000000023533,1.0,False
2764,92.1333333333281,6.041666666662745,181.24999999988233,0.9166666865479556,True
2765,92.16666666666143,6.083333333326761,182.49999999980284,0.999999999986855,False
2766,92.19999999999476,6.083333333333333,182.5,1.0,True
2767,92.23333333332809,6.033333333341178,181.00000000023533,1.0,False
2768,92.26666666666142,6.099999999989484,182.99999999968452,1.0,False
2769,92.29999999999475,6.075000000003933,182.25000000011798,1.0,True
2770,92.33333333332808,6.0999999999960774,182.99999999988233,1.0,False
2771,92.36666666666142,6.116666666664045,183.49999999992136,1.0,False
2772,92.39999999999475,6.09166666667061,182.75000000011832,1.0,True
2773,92.43333333332808,6.083333333334648,182.50000000003945,1.0,False
2774,92.46666666666141,6.0666666666693025,182.00000000007907,1.0,False
2775,92.49999999999474,6.066666666666666,182.0,1.0,False
2776,92.53333333332807,6.141666666654869,184.24999999964606,0.9166666865479911,True
2777,92.5666666666614,6.100000000006572,183.00000000019716,0.999999999986855,False
2778,92.59999999999474,6.050000000007887,181.5000000002366,1.0,True
2779,92.63333333332807,6.016666666671925,180.50000000015774,1.0,True
2780,92.6666666666614,6.08333333332276,182.4999999996828,1.0,False
2781,92.69999999999473,6.083333333333334,182.50000000000003,1.0,False
2782,92.73333333332806,6.199999999981597,185.9999999994479,1.0,False
2783,92.7666666666614,6.191666666667988,185.75000000003965,1.0,True
2784,92.79999999999472,6.191666666666666,185.75,0.9722222089811391,True
2785,92.83333333332806,6.183333333334648,185.50000000003945,0.9999999999956183,False
2786,92.86666666666139,6.175000000001318,185.25000000003953,1.0,True
2787,92.89999999999472,6.100000000011894,183.00000000035683,1.0,False
2788,92.93333333332805,6.1,183.0,1.0,True
2789,92.96666666666138,6.116666666664017,183.4999999999205,1.0,False
2790,92.99999999999471,6.108333333334655,183.25000000003965,1.0,True
2791,93.03333333332805,6.124999999997364,183.74999999992093,1.0,True
2792,93.06666666666138,6.1499999999960355,184.49999999988106,1.0,False
2793,93.09999999999471,6.0666666666798825,182.00000000039648,1.0,False
2794,93.13333333332804,6.1166666666587375,183.4999999997621,1.0,False
2795,93.16666666666137,6.100000000002657,183.00000000007972,1.0,False
2796,93.1999999999947,6.066666666671967,182.00000000015902,1.0,True
2797,93.23333333332803,6.1166666666587375,183.4999999997621,1.0,False
2798,93.26666666666137,6.066666666674639,182.00000000023917,1.0,False
2799,93.2999999999947,6.133333333322732,183.99999999968196,1.0,False
2800,93.33333333332803,6.141666666665345,184.24999999996035,1.0,True
2801,93.36666666666136,6.133333333334658,184.00000000003973,1.0,False
2802,93.39999999999469,6.066666666677296,182.0000000003189,1.0,False
2803,93.43333333332802,6.066666666666666,182.0,1.0,False
2804,93.46666666666135,6.166666666650679,184.99999999952036,1.0,False
2805,93.49999999999469,6.141666666670653,184.25000000011957,1.0,True
2806,93.53333333332802,6.083333333342609,182.50000000027828,1.0,False
2807,93.56666666666135,6.066666666669324,182.00000000007972,1.0,False
2808,93.59999999999468,6.183333333314732,185.49999999944194,1.0,False
2809,93.63333333332801,6.100000000013287,183.00000000039861,1.0,False
2810,93.66666666666134,6.06666666667201,182.0000000001603,1.0,False
2811,93.69999999999467,6.066666666666666,182.0,1.0,False
2812,93.733333333328,6.041666666670652,181.25000000011957,1.0,True
2813,93.76666666666134,6.066666666662659,181.99999999987978,1.0,False
2814,93.79999999999467,6.099999999994671,182.99999999984013,1.0,False
2815,93.833333333328,6.066666666671981,182.00000000015945,1.0,False
2816,93.86666666666133,6.1166666666586735,183.4999999997602,1.0,False
2817,93.89999999999466,6.050000000010686,181.5000000003206,1.0,False
2818,93.933333333328,6.083333333327991,182.49999999983973,1.0,False
2819,93.96666666666133,6.016666666677382,180.50000000032145,1.0,False
2820,93.99999999999466,6.083333333322647,182.49999999967943,0.9444444179623966,True
2821,94.03333333332799,5.983333333349321,179.50000000047962,0.9999999999911182,False
2822,94.06666666666132,6.049999999989313,181.4999999996794,1.0,False
2823,94.09999999999465,6.066666666663995,181.99999999991985,1.0,True
2824,94.13333333332798,6.0166666666746815,180.50000000024045,1.0,False
2825,94.16666666666131,6.09999999998657,182.99999999959712,1.0,False
2826,94.19999999999465,6.050000000008036,181.50000000024107,1.0,False
2827,94.23333333332798,6.033333333336005,181.00000000008015,1.0,False
2828,94.26666666666131,6.066666666661295,181.99999999983885,1.0,False
2829,94.29999999999464,6.083333333330654,182.49999999991962,1.0,False
2830,94.33333333332797,6.008333333345355,180.25000000036067,1.0,True
2831,94.3666666666613,6.033333333329315,180.99999999987946,1.0,False
2832,94.39999999999463,6.041666666665323,181.2499999999597,1.0,True
2833,94.43333333332797,6.083333333326618,182.49999999979855,1.0,False
2834,94.4666666666613,6.050000000005386,181.50000000016158,1.0,False
2835,94.49999999999463,6.0000000000080576,180.00000000024173,1.0,False
2836,94.53333333332796,6.08333333331994,182.4999999995982,1.0,False
2837,94.56666666666129,6.116666666661295,183.49999999983885,1.0,False
2838,94.59999999999462,6.083333333338705,182.50000000016115,1.0,False
2839,94.63333333332795,6.083333333333333,182.5,1.0,False
2840,94.66666666666129,6.0999999999973,182.999999999919,1.0,False
2841,94.69999999999462,6.050000000008079,181.50000000024235,1.0,False
2842,94.73333333332795,6.083333333327961,182.49999999983885,1.0,False
2843,94.76666666666128,6.083333333333333,182.5,1.0,True
2844,94.79999999999461,6.099999999997307,182.9999999999192,1.0,False
2845,94.83333333332794,6.116666666663981,183.49999999991945,1.0,False
2846,94.86666666666127,6.116666666666667,183.5,1.0,False
2847,94.8999999999946,6.066666666674767,182.000000000243,1.0,False
2848,94.93333333332794,6.066666666666666,182.0,1.0,False
2849,94.96666666666127,6.133333333322504,183.99999999967514,1.0,False
2850,94.9999999999946,6.083333333341433,182.500000000243,1.0,False
2851,95.03333333332793,6.050000000005386,181.50000000016158,1.0,False
2852,95.06666666666126,6.1333333333198325,183.999999999595,1.0,False
2853,95.0999999999946,6.066666666677467,182.000000000324,1.0,False
2854,95.13333333332793,6.066666666666666,182.0,1.0,False
2855,95.16666666666126,6.066666666666666,182.0,1.0,False
2856,95.19999999999459,6.066666666666666,182.0,1.0,False
2857,95.23333333332792,6.066666666666666,182.0,1.0,False
2858,95.26666666666125,6.050000000002714,181.50000000008143,1.0,False
2859,95.29999999999458,6.03333333333604,181.0000000000812,1.0,False
2860,95.33333333332791,6.0499999999973,181.499999999919,1.0,False
2861,95.36666666666125,6.0000000000081215,180.00000000024363,1.0,False
2862,95.39999999999458,6.024999999995929,180.74999999987787,1.0,True
2863,95.43333333332791,6.083333333323834,182.49999999971502,1.0,False
2864,95.46666666666124,5.983333333349662,179.50000000048985,1.0,False
2865,95.49999999999457,6.049999999989143,181.4999999996743,1.0,False
2866,95.5333333333279,6.066666666663959,181.99999999991877,1.0,False
2867,95.56666666666123,6.050000000002714,181.50000000008143,1.0,False
2868,95.59999999999457,6.066666666663952,181.99999999991857,1.0,False
2869,95.6333333333279,6.016666666674809,180.50000000024428,1.0,False
2870,95.66666666666123,6.049999999994543,181.4999999998363,1.0,False
2871,95.69999999999456,6.08333333332789,182.49999999983672,1.0,False
2872,95.73333333332789,6.066666666669381,182.00000000008143,1.0,False
2873,95.76666666666122,6.099999999994543,182.9999999998363,1.0,False
2874,95.79999999999455,6.000000000016328,180.00000000048985,1.0,False
2875,95.83333333332789,6.0,180.0,1.0,False
2876,95.86666666666122,6.0,180.0,1.0,False
2877,95.89999999999455,6.0,180.0,1.0,False
2878,95.93333333332788,5.966666666672124,179.0000000001637,1.0,False
2879,95.96666666666121,6.083333333314184,182.4999999994255,1.0,False
2880,95.99999999999454,5.983333333349704,179.50000000049113,1.0,False
2881,96.03333333332787,5.983333333333333,179.5,1.0,False
2882,96.0666666666612,6.049999999989086,181.49999999967258,1.0,False
2883,96.09999999999454,6.05,181.5,1.0,False
2884,96.13333333332787,5.975000000012278,179.25000000036835,1.0,True
2885,96.1666666666612,5.983333333331962,179.49999999995887,1.0,False
2886,96.19999999999453,5.999999999997264,179.99999999991792,1.0,False
2887,96.23333333332786,6.033333333327876,180.9999999998363,1.0,False
2888,96.2666666666612,6.066666666661181,181.99999999983544,1.0,False
2889,96.29999999999453,6.166666666650253,184.9999999995076,1.0,False
2890,96.33333333332786,5.983333333363347,179.5000000009004,1.0,False
2891,96.36666666666119,6.133333333308713,183.9999999992614,1.0,False
2892,96.39999999999452,6.083333333341562,182.50000000024687,1.0,False
2893,96.43333333332785,5.98333333334979,179.50000000049369,1.0,False
2894,96.46666666666118,5.99999999999725,179.99999999991752,1.0,True
2895,96.49999999999451,6.0,180.0,1.0,False
2896,96.53333333332785,6.133333333311448,183.99999999934346,1.0,False
2897,96.56666666666118,6.1833333333251055,185.49999999975316,1.0,False
2898,96.59999999999451,6.0333333333580175,181.00000000074053,1.0,False
2899,96.63333333332784,6.000000000005485,180.00000000016456,1.0,False
2900,96.66666666666117,5.958333333340226,178.7500000002068,1.0,True
2901,96.6999999999945,6.049999999984876,181.49999999954628,1.0,False
2902,96.73333333332783,6.033333333336076,181.00000000008228,1.0,False
2903,96.76666666666117,6.049999999997243,181.4999999999173,1.0,False
2904,96.7999999999945,6.05,181.5,1.0,False
2905,96.83333333332783,6.000000000008228,180.00000000024684,1.0,False
2906,96.86666666666116,6.066666666655667,181.99999999967002,1.0,False
2907,96.89999999999449,6.033333333338847,181.00000000016541,1.0,False
2908,96.93333333332782,6.066666666661153,181.99999999983459,1.0,False
2909,96.96666666666115,6.066666666666666,182.0,1.0,False
2910,96.99999999999449,6.050000000002758,181.50000000008274,1.0,False
2911,97.03333333332782,6.116666666655668,183.49999999967002,1.0,False
2912,97.06666666666115,6.050000000011028,181.50000000033086,1.0,False
2913,97.09999999999448,6.149999999983459,184.49999999950376,1.0,False
2914,97.13333333332781,6.116666666672181,183.50000000016541,1.0,False
2915,97.16666666666114,6.083333333338876,182.5000000001663,1.0,False
2916,97.19999999999447,6.016666666677723,180.50000000033168,1.0,False
2917,97.2333333333278,6.016666666666667,180.5,1.0,False
2918,97.26666666666114,5.983333333338876,179.50000000016627,1.0,False
2919,97.29999999999447,6.08333333331675,182.4999999995025,1.0,False
2920,97.3333333333278,6.0000000000137845,180.00000000041354,1.0,False
2921,97.36666666666113,6.033333333327805,180.99999999983416,1.0,True
2922,97.39999999999446,6.000000000005542,180.00000000016627,1.0,False
2923,97.4333333333278,6.033333333327791,180.99999999983373,1.0,False
2924,97.46666666666113,6.06666666666111,181.9999999998333,1.0,False
2925,97.49999999999446,6.050000000002771,181.50000000008313,1.0,False
2926,97.53333333332779,6.016666666672195,180.50000000016584,1.0,False
2927,97.56666666666112,6.066666666658353,181.9999999997506,1.0,False
2928,97.59999999999445,6.050000000002771,181.50000000008313,1.0,False
2929,97.63333333332778,6.050000000000001,181.50000000000003,1.0,False
2930,97.66666666666111,6.066666666663881,181.99999999991644,1.0,True
2931,97.69999999999445,6.050000000002779,181.50000000008336,1.0,False
2932,97.73333333332778,6.05,181.5,1.0,False
2933,97.76666666666111,6.000000000008356,180.00000000025068,1.0,False
2934,97.79999999999444,5.966666666672223,179.0000000001667,1.0,False
2935,97.83333333332777,5.983333333330562,179.49999999991687,1.0,False
2936,97.8666666666611,6.049999999988887,181.4999999996666,1.0,False
2937,97.89999999999444,6.0333333333361185,181.00000000008356,1.0,True
2938,97.93333333332777,6.016666666669452,180.50000000008356,1.0,True
2939,97.9666666666611,6.066666666658289,181.99999999974867,1.0,False
2940,97.99999999999443,6.1333333333221915,183.99999999966576,1.0,False
2941,98.03333333332776,6.083333333341669,182.50000000025005,1.0,False
2942,98.06666666666109,6.033333333341689,181.00000000025068,1.0,False
2943,98.09999999999442,6.033333333333333,181.0,1.0,False
2944,98.13333333332776,6.033333333333333,181.0,1.0,False
2945,98.16666666666109,6.083333333324934,182.49999999974804,1.0,False
2946,98.19999999999442,6.066666666669459,182.00000000008376,1.0,False
2947,98.23333333332775,6.041666666670844,181.2500000001253,1.0,True
2948,98.26666666666108,6.0250000000028,180.750000000084,0.944444417962823,True
2949,98.29999999999441,6.049999999995812,181.49999999987438,0.9999999999906919,False
2950,98.33333333332774,6.058333333331941,181.74999999995822,1.0,True
2951,98.36666666666108,6.099999999993019,182.99999999979056,1.0,False
2952,98.3999999999944,6.0416666666764645,181.25000000029394,1.0,True
2953,98.43333333332774,6.016666666670866,180.50000000012597,1.0,False
2954,98.46666666666107,6.033333333330527,180.9999999999158,1.0,False
2955,98.4999999999944,6.1166666666526694,183.4999999995801,1.0,False
2956,98.53333333332773,5.983333333355673,179.50000000067018,1.0,False
2957,98.56666666666106,6.033333333324935,180.99999999974804,1.0,False
2958,98.5999999999944,6.066666666661067,181.99999999983203,1.0,False
2959,98.63333333332773,6.066666666666666,182.0,1.0,False
2960,98.66666666666106,6.066666666666666,182.0,1.0,False
2961,98.69999999999439,6.066666666666666,182.0,1.0,False
2962,98.73333333332772,6.0833333333305335,182.499999999916,1.0,False
2963,98.76666666666105,6.000000000014069,180.00000000042206,1.0,False
2964,98.79999999999438,6.04999999999158,181.4999999997474,1.0,False
2965,98.83333333332772,6.016666666672266,180.50000000016797,1.0,False
2966,98.86666666666105,6.0499999999943865,181.4999999998316,1.0,False
2967,98.89999999999438,6.066666666663853,181.9999999999156,1.0,False
2968,98.93333333332771,6.083333333330519,182.4999999999156,1.0,False
2969,98.96666666666104,6.033333333341796,181.00000000025386,1.0,False
2970,98.99999999999437,6.066666666661039,181.99999999983118,1.0,False
2971,99.0333333333277,6.116666666658247,183.49999999974742,1.0,False
2972,99.06666666666104,6.050000000011255,181.50000000033765,1.0,False
2973,99.09999999999437,6.033333333336147,181.0000000000844,1.0,False
2974,99.1333333333277,6.01666666666948,180.5000000000844,1.0,False
2975,99.16666666666103,6.0666666666581825,181.99999999974548,1.0,False
2976,99.19999999999436,6.050000000002821,181.5000000000846,1.0,False
2977,99.23333333332769,6.05,181.5,1.0,False
2978,99.26666666666102,5.983333333344645,179.50000000033936,1.0,False
2979,99.29999999999436,6.033333333324871,180.9999999997461,1.0,False
2980,99.33333333332769,6.049999999997186,181.4999999999156,1.0,False
2981,99.36666666666102,6.033333333336154,181.0000000000846,1.0,False
2982,99.39999999999435,6.033333333333333,181.0,1.0,False
2983,99.43333333332768,6.016666666669495,180.50000000008484,1.0,False
2984,99.46666666666101,6.083333333321993,182.4999999996598,1.0,False
2985,99.49999999999434,6.066666666669494,182.00000000008484,1.0,False
2986,99.53333333332768,5.983333333347438,179.50000000042314,1.0,False
2987,99.566666666661,6.016666666661011,180.49999999983032,1.0,False
2988,99.59999999999434,5.983333333338989,179.50000000016968,1.0,False
2989,99.63333333332767,6.016666666661011,180.49999999983032,0.9722222089814588,True
2990,99.666666666661,6.083333333321964,182.49999999965894,0.999999999995263,False
2991,99.69999999999433,6.0666666666695015,182.00000000008504,1.0,False
2992,99.73333333332766,6.083333333330505,182.49999999991516,1.0,False
2993,99.766666666661,6.083333333333334,182.50000000000003,1.0,False
2994,99.79999999999433,5.966666666686512,179.00000000059538,1.0,False
2995,99.83333333332766,5.999999999994344,179.99999999983032,1.0,False
2996,99.86666666666099,5.975000000004252,179.25000000012756,1.0,True
2997,99.89999999999432,5.999999999995737,179.9999999998721,1.0,False
2998,99.93333333332765,6.033333333327649,180.99999999982947,1.0,False
2999,99.96666666666098,6.0999999999886025,182.9999999996581,1.0,False
3000,99.99999999999432,6.066666666672351,182.00000000017053,1.0,False
3001,100.03333333332765,6.050000000002835,181.50000000008504,1.0,False
3002,100.06666666666098,6.050000000000001,181.50000000000003,1.0,False
3003,100.09999999999431,6.05,181.5,1.0,False
3004,100.13333333332764,6.08333333332765,182.4999999998295,1.0,False
3005,100.16666666666097,6.033333333341902,181.00000000025707,1.0,False
3006,100.1999999999943,6.0000000000056986,180.00000000017096,1.0,False
3007,100.23333333332764,6.024999999995737,180.7499999998721,1.0,True
3008,100.26666666666097,6.033333333331905,180.99999999995714,1.0,False
3009,100.2999999999943,6.0000000000056986,180.00000000017096,1.0,False
3010,100.33333333332763,6.049999999991473,181.4999999997442,1.0,False
3011,100.36666666666096,6.05,181.5,1.0,False
3012,100.3999999999943,6.03333333333619,181.0000000000857,1.0,False
3013,100.43333333332762,6.000000000005713,180.00000000017138,1.0,False
3014,100.46666666666096,6.033333333327606,180.9999999998282,1.0,False
3015,100.49999999999429,6.016666666669523,180.5000000000857,1.0,False
3016,100.53333333332762,5.983333333339032,179.50000000017096,1.0,False
3017,100.56666666666095,6.083333333316196,182.49999999948588,1.0,False
3018,100.59999999999428,6.033333333341902,181.00000000025707,1.0,False
3019,100.63333333332761,5.991666666673808,179.75000000021424,1.0,True
3020,100.66666666666094,5.950000000007177,178.5000000002153,1.0,False
3021,100.69999999999428,5.966666666663803,178.9999999999141,1.0,False
3022,100.73333333332761,5.983333333330477,179.4999999999143,1.0,False
3023,100.76666666666094,5.983333333333333,179.5,1.0,False
3024,100.79999999999427,5.983333333333333,179.5,1.0,False
3025,100.8333333333276,6.033333333324764,180.99999999974293,1.0,False
3026,100.86666666666093,6.01666666666953,180.5000000000859,1.0,False
3027,100.89999999999426,6.033333333330463,180.99999999991388,1.0,False
3028,100.9333333333276,6.016666666669537,180.50000000008612,1.0,False
3029,100.96666666666093,6.016666666666667,180.5,1.0,False
3030,100.99999999999426,5.9333333333476865,178.0000000004306,1.0,False
3031,101.03333333332759,5.999999999988546,179.99999999965638,1.0,False
3032,101.06666666666092,6.049999999991388,181.49999999974165,1.0,False
3033,101.09999999999425,5.950000000017223,178.50000000051668,1.0,False
3034,101.13333333332758,5.999999999991388,179.99999999974165,1.0,False
3035,101.16666666666092,6.049999999991346,181.4999999997404,1.0,False
3036,101.19999999999425,5.966666666681055,179.00000000043167,1.0,False
3037,101.23333333332758,5.966666666666667,179.0,1.0,True
3038,101.26666666666091,6.08333333331314,182.49999999939422,1.0,False
3039,101.29999999999424,6.016666666678177,180.50000000034532,1.0,False
3040,101.33333333332757,6.016666666666667,180.5,1.0,False
3041,101.3666666666609,6.016666666666667,180.5,1.0,False
3042,101.39999999999424,6.016666666666667,180.5,1.0,False
3043,101.43333333332757,6.066666666658012,181.99999999974037,1.0,False
3044,101.4666666666609,5.983333333347793,179.5000000004338,1.0,False
3045,101.49999999999423,6.033333333324679,180.99999999974037,1.0,False
3046,101.53333333332756,6.000000000005755,180.00000000017266,1.0,False
3047,101.5666666666609,5.966666666672436,179.0000000001731,1.0,False
3048,101.59999999999422,5.950000000002884,178.50000000008652,1.0,False
3049,101.63333333332756,5.999999999991346,179.99999999974037,1.0,False
3050,101.66666666666089,6.083333333318839,182.49999999956518,1.0,False
3051,101.69999999999422,5.983333333350685,179.50000000052054,1.0,False
3052,101.73333333332755,6.016666666660897,180.4999999998269,1.0,False
3053,101.76666666666088,6.016666666666667,180.5,1.0,False
3054,101.79999999999421,5.983333333339117,179.50000000017351,1.0,False
3055,101.83333333332754,6.033333333324679,180.99999999974037,1.0,False
3056,101.86666666666088,6.0166666666695585,180.50000000008674,1.0,False
3057,101.89999999999421,5.991666666671016,179.75000000013046,1.0,True
3058,101.93333333332754,5.9999999999985505,179.99999999995651,1.0,False
3059,101.96666666666087,5.916666666681197,177.5000000004359,1.0,False
3060,101.9999999999942,5.999999999985505,179.99999999956515,1.0,False
3061,102.03333333332753,6.0,180.0,1.0,False
3062,102.06666666666086,6.049999999991304,181.49999999973912,1.0,False
3063,102.0999999999942,6.050000000000001,181.50000000000003,1.0,False
3064,102.13333333332753,5.9833333333449294,179.50000000034788,1.0,False
3065,102.16666666666086,5.975000000001456,179.25000000004368,1.0,True
3066,102.19999999999419,5.98333333333188,179.4999999999564,1.0,False
3067,102.23333333332752,6.016666666660869,180.49999999982606,1.0,False
3068,102.26666666666085,6.000000000002913,180.0000000000874,1.0,False
3069,102.29999999999418,6.049999999991282,181.49999999973846,1.0,False
3070,102.33333333332752,6.0166666666724655,180.50000000017397,1.0,False
3071,102.36666666666085,5.9583333333435045,178.75000000030514,1.0,True
3072,102.39999999999418,5.999999999992717,179.9999999997815,1.0,False
3073,102.43333333332751,6.016666666663754,180.49999999991263,1.0,False
3074,102.46666666666084,6.016666666666667,180.5,1.0,False
3075,102.49999999999417,6.049999999994173,181.4999999998252,1.0,False
3076,102.5333333333275,6.099999999991281,182.99999999973844,1.0,False
3077,102.56666666666084,6.05000000000874,181.50000000026222,1.0,False
3078,102.59999999999417,6.066666666663753,181.9999999999126,1.0,True
3079,102.6333333333275,6.050000000002914,181.50000000008743,1.0,False
3080,102.66666666666083,6.033333333336261,181.00000000008782,1.0,False
3081,102.69999999999416,6.033333333333333,181.0,1.0,True
3082,102.7333333333275,6.049999999997087,181.4999999999126,1.0,False
3083,102.76666666666083,6.05,181.5,1.0,False
3084,102.79999999999416,6.074999999995619,182.24999999986858,1.0,True
3085,102.83333333332749,6.033333333340616,181.00000000021848,1.0,False
3086,102.86666666666082,6.083333333324573,182.49999999973718,1.0,True
3087,102.89999999999415,6.066666666669594,182.00000000008782,1.0,False
3088,102.93333333332748,6.050000000002927,181.50000000008782,1.0,False
3089,102.96666666666081,6.066666666663732,181.99999999991195,1.0,False
3090,102.99999999999415,6.016666666675449,180.50000000026347,1.0,False
3091,103.03333333332748,6.04999999999416,181.4999999998248,1.0,False
3092,103.06666666666081,6.166666666646175,184.99999999938524,1.0,False
3093,103.09999999999414,6.066666666684231,182.00000000052694,1.0,False
3094,103.13333333332747,6.00000000001171,180.0000000003513,1.0,False
3095,103.1666666666608,6.083333333318625,182.49999999955875,1.0,False
3096,103.19999999999413,6.033333333342137,181.0000000002641,1.0,False
3097,103.23333333332747,6.09999999998829,182.9999999996487,1.0,False
3098,103.2666666666608,5.983333333353925,179.50000000061775,1.0,False
3099,103.29999999999413,6.066666666651994,181.9999999995598,1.0,False
3100,103.33333333332746,6.033333333339188,181.00000000017565,1.0,False
3101,103.36666666666079,6.016666666669601,180.50000000008802,1.0,False
3102,103.39999999999412,6.000000000002942,180.00000000008825,1.0,False
3103,103.43333333332745,6.008333333331862,180.24999999995586,1.0,True
3104,103.46666666666079,6.016666666665192,180.49999999995578,1.0,False
3105,103.49999999999412,5.966666666675492,179.00000000026475,1.0,False
3106,103.53333333332745,5.991666666662264,179.74999999986792,0.944444417963273,True
3107,103.56666666666078,6.049999999989705,181.49999999969114,0.9999999999901945,False
3108,103.59999999999411,6.050000000000001,181.50000000000003,1.0,True
3109,103.63333333332744,6.066666666663725,181.99999999991175,1.0,False
3110,103.66666666666077,6.033333333339245,181.00000000017735,1.0,False
3111,103.6999999999941,6.016666666669615,180.50000000008845,1.0,False
3112,103.73333333332744,6.000000000002942,180.00000000008825,1.0,False
3113,103.76666666666077,5.933333333345157,178.0000000003547,1.0,False
3114,103.7999999999941,5.999999999988205,179.99999999964615,1.0,False
3115,103.83333333332743,6.0666666666549,181.999999999647,1.0,False
3116,103.86666666666076,6.074999999998526,182.24999999995578,1.0,True
3117,103.8999999999941,6.033333333340723,181.0000000002217,1.0,False
3118,103.93333333332743,6.033333333333333,181.0,1.0,False
3119,103.96666666666076,6.083333333324445,182.49999999973335,1.0,False
3120,103.99999999999409,6.033333333342201,181.00000000026603,1.0,True
3121,104.03333333332742,6.049999999997052,181.49999999991155,1.0,False
3122,104.06666666666075,6.033333333336289,181.00000000008868,1.0,False
3123,104.09999999999408,5.983333333342201,179.50000000026603,1.0,False
3124,104.13333333332741,6.033333333324466,180.99999999973397,1.0,False
3125,104.16666666666075,6.04999999999703,181.4999999999109,1.0,False
3126,104.19999999999408,6.0666666666637035,181.9999999999111,1.0,True
3127,104.23333333332741,6.099999999994088,182.99999999982265,1.0,False
3128,104.26666666666074,6.075000000004454,182.25000000013364,0.9705882072501143,True
3129,104.29999999999407,6.083333333331852,182.49999999995558,0.9999999999947712,False
3130,104.3333333333274,6.01666666667849,180.5000000003547,1.0,False
3131,104.36666666666073,6.03333333333037,180.9999999999111,1.0,False
3132,104.39999999999407,5.95000000001485,178.50000000044548,1.0,False
3133,104.4333333333274,6.016666666654786,180.4999999996436,1.0,False
3134,104.46666666666073,6.049999999994046,181.4999999998214,1.0,False
3135,104.49999999999406,6.05,181.5,1.0,False
3136,104.53333333332739,6.166666666645926,184.9999999993778,1.0,False
3137,104.56666666666072,6.050000000020791,181.50000000062374,1.0,False
3138,104.59999999999405,6.0250000000044555,180.75000000013367,1.0,True
3139,104.63333333332739,6.083333333322938,182.49999999968813,1.0,False
3140,104.66666666666072,6.050000000005968,181.50000000017906,1.0,False
3141,104.69999999999405,6.099999999991068,182.99999999973204,1.0,False
3142,104.73333333332738,6.050000000008911,181.50000000026733,1.0,False
3143,104.76666666666071,6.0833333333273645,182.49999999982094,1.0,False
3144,104.79999999999404,6.083333333333333,182.5,1.0,False
3145,104.83333333332737,6.00000000001485,180.0000000004455,1.0,False
3146,104.8666666666607,5.950000000008932,178.50000000026796,1.0,False
3147,104.89999999999404,6.049999999982095,181.49999999946286,1.0,False
3148,104.93333333332737,6.083333333327365,182.49999999982097,1.0,False
3149,104.9666666666607,5.9666666666876065,179.0000000006282,1.0,False
3150,104.99999999999403,6.016666666657715,180.49999999973144,1.0,False
3151,105.03333333332736,6.033333333330356,180.99999999991067,1.0,False
3152,105.0666666666607,6.0499999999970155,181.49999999991047,1.0,False
3153,105.09999999999403,6.016666666672635,180.50000000017906,1.0,False
3154,105.13333333332736,6.016666666666667,180.5,1.0,False
3155,105.16666666666069,6.033333333330335,180.99999999991005,1.0,False
3156,105.19999999999402,6.049999999997009,181.49999999991027,1.0,False
3157,105.23333333332735,6.000000000008953,180.00000000026859,1.0,False
3158,105.26666666666068,5.966666666672664,179.0000000001799,1.0,False
3159,105.29999999999401,6.083333333312394,182.49999999937182,1.0,False
3160,105.33333333332735,6.066666666669651,182.00000000008953,1.0,False
3161,105.36666666666068,6.066666666666666,182.0,1.0,True
3162,105.39999999999401,6.03333333333933,181.0000000001799,1.0,False
3163,105.43333333332734,5.983333333342329,179.50000000026986,1.0,False
3164,105.46666666666067,6.049999999987977,181.49999999963933,1.0,False
3165,105.499999999994,6.050000000000001,181.50000000000003,1.0,False
3166,105.53333333332733,6.083333333327351,182.49999999982055,1.0,False
3167,105.56666666666067,6.016666666678661,180.50000000035982,1.0,False
3168,105.599999999994,6.041666666662168,181.24999999986505,1.0,True
3169,105.63333333332733,6.016666666671164,180.50000000013492,1.0,False
3170,105.66666666666066,6.049999999993974,181.49999999981924,1.0,False
3171,105.69999999999399,5.983333333345356,179.50000000036067,1.0,False
3172,105.73333333332732,6.083333333315343,182.4999999994603,1.0,False
3173,105.76666666666065,6.050000000006025,181.50000000018076,1.0,False
3174,105.79999999999399,6.016666666672678,180.50000000018034,1.0,False
3175,105.83333333332732,6.08333333332134,182.4999999996402,1.0,False
3176,105.86666666666065,6.03333333334235,181.0000000002705,1.0,False
3177,105.89999999999398,6.016666666669679,180.50000000009038,1.0,False
3178,105.93333333332731,6.049999999993975,181.49999999981927,1.0,False
3179,105.96666666666064,6.016666666672706,180.5000000001812,1.0,False
3180,105.99999999999397,6.016666666666667,180.5,1.0,False
3181,106.0333333333273,6.033333333330328,180.99999999990982,1.0,False
3182,106.06666666666064,6.049999999996987,181.49999999990962,1.0,False
3183,106.09999999999397,6.0833333333273085,182.49999999981927,1.0,False
3184,106.1333333333273,6.099999999996987,182.99999999990962,1.0,False
3185,106.16666666666063,6.083333333336361,182.50000000009084,1.0,False
3186,106.19999999999396,6.033333333342393,181.00000000027177,1.0,False
3187,106.2333333333273,6.0749999999924675,182.24999999977402,1.0,True
3188,106.26666666666063,6.05000000000454,181.5000000001362,1.0,False
3189,106.29999999999396,6.09999999999094,182.9999999997282,1.0,False
3190,106.33333333332729,6.1,183.0,1.0,False
3191,106.36666666666062,6.116666666663647,183.49999999990942,1.0,False
3192,106.39999999999395,6.016666666684828,180.50000000054484,1.0,False
3193,106.43333333332728,6.066666666657586,181.99999999972758,1.0,False
3194,106.46666666666061,6.116666666657565,183.49999999972695,1.0,False
3195,106.49999999999395,6.108333333334847,183.25000000004542,1.0,True
3196,106.53333333332728,6.149999999992451,184.49999999977354,1.0,False
3197,106.56666666666061,6.10000000000908,183.00000000027242,1.0,False
3198,106.59999999999394,6.11666666666364,183.49999999990922,1.0,False
3199,106.63333333332727,6.083333333339388,182.50000000018164,1.0,False
3200,106.6666666666606,6.0999999999969585,182.99999999990877,1.0,True
3201,106.69999999999393,6.141666666659082,184.24999999977246,0.8611111045136562,True
3202,106.73333333332727,6.050000000016648,181.50000000049943,0.9999999999747757,False
3203,106.7666666666606,6.066666666663625,181.99999999990877,1.0,False
3204,106.79999999999393,6.0833333333303,182.499999999909,1.0,False
3205,106.83333333332726,6.133333333324252,183.99999999972755,1.0,False
3206,106.86666666666059,6.033333333351537,181.00000000054612,1.0,False
3207,106.89999999999392,6.1499999999787125,184.49999999936136,1.0,False
3208,106.93333333332725,6.100000000009123,183.0000000002737,1.0,False
3209,106.96666666666059,6.066666666672763,182.0000000001829,1.0,False
3210,106.99999999999392,6.116666666657544,183.4999999997263,1.0,False
3211,107.03333333332725,6.033333333348503,181.0000000004551,1.0,False
3212,107.06666666666058,6.133333333315087,183.9999999994526,1.0,False
3213,107.09999999999391,6.083333333342457,182.50000000027373,1.0,False
3214,107.13333333332724,6.0666666666697076,182.00000000009123,1.0,False
3215,107.16666666666057,6.116666666657501,183.49999999972505,1.0,False
3216,107.1999999999939,6.091666666671239,182.75000000013716,0.857142865683934,True
3217,107.23333333332724,6.1166666666621055,183.49999999986318,0.9166666865240204,True
3218,107.26666666666057,6.041666666680415,181.25000000041246,0.9999999999847233,True
3219,107.2999999999939,6.016666666671239,180.50000000013716,1.0,False
3220,107.33333333332723,5.96666666667579,179.0000000002737,1.0,False
3221,107.36666666666056,6.066666666648377,181.99999999945132,1.0,False
3222,107.3999999999939,6.033333333339444,181.00000000018332,1.0,False
3223,107.43333333332723,6.1166666666513905,183.49999999954173,1.0,False
3224,107.46666666666056,6.116666666666667,183.5,1.0,False
3225,107.49999999999389,6.14999999999389,184.49999999981668,1.0,False
3226,107.53333333332722,6.116666666672764,183.50000000018292,1.0,True
3227,107.56666666666055,6.066666666675832,182.00000000027498,1.0,False
3228,107.59999999999388,6.083333333330278,182.49999999990834,1.0,False
3229,107.63333333332722,5.966666666688054,179.00000000064162,1.0,False
3230,107.66666666666055,6.033333333321055,180.99999999963165,1.0,False
3231,107.69999999999388,6.074999999992344,182.24999999977032,1.0,True
3232,107.73333333332721,6.050000000004583,181.50000000013748,1.0,False
3233,107.76666666666054,6.05,181.5,1.0,False
3234,107.79999999999387,6.083333333327209,182.49999999981628,1.0,False
3235,107.8333333333272,6.058333333337917,181.7500000001375,1.0,True
3236,107.86666666666054,6.016666666674323,180.50000000022968,1.0,False
3237,107.89999999999387,6.11666666664825,183.49999999944748,1.0,False
3238,107.9333333333272,6.050000000012279,181.50000000036837,1.0,False
3239,107.96666666666053,6.1166666666543605,183.4999999996308,1.0,True
3240,107.99999999999386,6.050000000012278,181.50000000036835,1.0,False
3241,108.03333333332719,6.033333333336396,181.00000000009186,1.0,False
3242,108.06666666666052,6.016666666669736,180.5000000000921,1.0,False
3243,108.09999999999386,6.083333333321056,182.49999999963168,1.0,False
3244,108.13333333332719,6.016666666678945,180.50000000036835,1.0,False
3245,108.16666666666052,6.049999999993832,181.49999999981497,1.0,True
3246,108.19999999999385,6.08333333332718,182.4999999998154,1.0,False
3247,108.23333333332718,6.016666666678945,180.50000000036835,1.0,False
3248,108.26666666666051,6.049999999993833,181.499999999815,1.0,True
3249,108.29999999999384,6.00000000000923,180.00000000027688,1.0,False
3250,108.33333333332718,6.016666666663598,180.49999999990794,1.0,False
3251,108.3666666666605,6.033333333330257,180.9999999999077,1.0,False
3252,108.39999999999384,6.033333333333333,181.0,1.0,False
3253,108.43333333332717,6.066666666660499,181.99999999981497,1.0,False
3254,108.4666666666605,6.016666666675939,180.50000000027816,1.0,False
3255,108.49999999999383,6.000000000003084,180.0000000000925,1.0,False
3256,108.53333333332716,5.96666666667282,179.0000000001846,1.0,False
3257,108.5666666666605,5.98333333333025,179.4999999999075,1.0,False
3258,108.59999999999383,6.066666666651248,181.99999999953744,1.0,False
3259,108.63333333332716,6.016666666675918,180.50000000027754,1.0,False
3260,108.66666666666049,6.000000000003098,180.00000000009294,1.0,False
3261,108.69999999999382,5.9666666666728485,179.00000000018545,1.0,False
3262,108.73333333332715,5.991666666662041,179.74999999986122,1.0,True
3263,108.76666666666048,5.9833333333348815,179.50000000004644,1.0,False
3264,108.79999999999382,6.033333333324061,180.9999999997218,1.0,False
3265,108.83333333332715,6.066666666660499,181.99999999981497,1.0,False
3266,108.86666666666048,6.050000000003092,181.50000000009274,1.0,True
3267,108.89999999999381,6.083333333327138,182.49999999981415,1.0,False
3268,108.93333333332714,6.0166666666790585,180.50000000037176,1.0,False
3269,108.96666666666047,6.066666666657351,181.99999999972053,1.0,False
3270,108.9999999999938,6.050000000003099,181.50000000009297,1.0,False
3271,109.03333333332714,6.000000000009273,180.0000000002782,1.0,False
3272,109.06666666666047,6.099999999981412,182.99999999944237,1.0,False
3273,109.0999999999938,6.050000000009294,181.50000000027882,1.0,False
3274,109.13333333332713,6.033333333336431,181.00000000009294,1.0,False
3275,109.16666666666046,6.033333333333333,181.0,1.0,False
3276,109.19999999999379,5.983333333342649,179.50000000027947,1.0,False
3277,109.23333333332712,5.983333333333333,179.5,1.0,False
3278,109.26666666666046,5.950000000006224,178.5000000001867,1.0,False
3279,109.29999999999379,5.983333333327122,179.49999999981367,1.0,False
3280,109.33333333332712,5.999999999996902,179.99999999990706,1.0,False
3281,109.36666666666045,5.9833333333364385,179.50000000009317,1.0,False
3282,109.39999999999378,6.083333333314661,182.49999999943984,1.0,False
3283,109.43333333332711,6.016666666679115,180.50000000037346,1.0,False
3284,109.46666666666044,6.0083333333348925,180.25000000004678,1.0,True
3285,109.49999999999378,5.933333333347338,178.00000000042016,1.0,False
3286,109.5333333333271,5.949999999996894,178.49999999990683,1.0,False
3287,109.56666666666044,6.016666666654219,180.49999999962657,1.0,False
3288,109.59999999999377,6.016666666666667,180.5,1.0,False
3289,109.6333333333271,6.06666666665733,181.9999999997199,1.0,False
3290,109.66666666666043,5.966666666685425,179.00000000056275,1.0,False
3291,109.69999999999376,5.999999999993761,179.99999999981284,1.0,False
3292,109.7333333333271,5.950000000009336,178.50000000028007,1.0,False
3293,109.76666666666043,6.033333333317701,180.99999999953104,1.0,False
3294,109.79999999999376,6.016666666669786,180.50000000009356,1.0,False
3295,109.83333333332709,5.966666666676003,179.0000000002801,1.0,False
3296,109.86666666666042,5.983333333330214,179.49999999990644,1.0,False
3297,109.89999999999375,6.016666666660414,180.49999999981242,1.0,False
3298,109.93333333332708,6.000000000003126,180.0000000000938,1.0,False
3299,109.96666666666042,6.0,180.0,1.0,False
3300,109.99999999999375,5.96666666667292,179.00000000018758,1.0,False
3301,110.03333333332708,6.066666666647951,181.99999999943853,1.0,False
3302,110.06666666666041,6.016666666676047,180.5000000002814,1.0,False
3303,110.09999999999374,6.033333333330207,180.9999999999062,1.0,False
3304,110.13333333332707,6.083333333323954,182.49999999971863,1.0,False
3305,110.1666666666604,6.050000000006281,181.50000000018844,1.0,False
3306,110.19999999999374,6.0000000000094005,180.000000000282,1.0,False
3307,110.23333333332707,5.98333333333646,179.5000000000938,1.0,False
3308,110.2666666666604,6.016666666660385,180.49999999981156,1.0,False
3309,110.29999999999373,6.049999999993734,181.49999999981202,1.0,False
3310,110.33333333332706,5.975000000014068,179.25000000042206,1.0,True
3311,110.3666666666604,5.9666666666682335,179.000000000047,1.0,False
3312,110.39999999999372,5.933333333339615,178.00000000018844,1.0,False
3313,110.43333333332706,6.0499999999780165,181.4999999993405,1.0,False
3314,110.46666666666039,6.0999999999905565,182.9999999997167,1.0,False
3315,110.49999999999372,6.000000000018844,180.0000000005653,1.0,False
3316,110.53333333332705,5.966666666672934,179.000000000188,1.0,False
3317,110.56666666666038,6.049999999984297,181.4999999995289,1.0,False
3318,110.59999999999371,5.96666666668237,179.0000000004711,1.0,False
3319,110.63333333332704,6.016666666657245,180.49999999971735,1.0,False
3320,110.66666666666038,6.016666666666667,180.5,1.0,False
