frame_id,timestamp,diameter_mm,diameter,confidence,is_bad_data
0,0.0,5.933333333333337,178.00000000000003,1.0,False
1,0.03333333333333144,6.033333333333327,180.99999999999977,1.0,False
2,0.06666666666666288,6.016666666666668,180.50000000000003,0.9166666865348909,True
3,0.09999999999999432,6.041428571428562,181.24285714285688,0.9999999999999858,False
4,0.13333333333332575,6.035714285714289,181.07142857142867,1.0,False
5,0.1666666666666572,5.9871428571428735,179.61428571428618,1.0,False
6,0.19999999999998863,5.93904761904763,178.1714285714289,1.0,False
7,0.23333333333332007,5.987142857142839,179.61428571428516,0.9166666865349147,True
8,0.2666666666666515,6.041904761904737,181.25714285714213,0.9999999999999623,False
9,0.29999999999998295,6.052380952380947,181.5714285714284,1.0,False
10,0.3333333333333144,6.04904761904762,181.47142857142862,0.750000000000142,True
11,0.3666666666666458,6.016190476190497,180.4857142857149,0.9999999999998443,True
12,0.39999999999997726,6.004047619047626,180.12142857142882,1.0,False
13,0.4333333333333087,5.981428571428587,179.44285714285763,1.0,False
14,0.46666666666664014,5.968333333333344,179.05000000000035,0.7222222089769668,True
15,0.4999999999999716,5.952857142857154,178.58571428571466,0.9999999999997632,False
16,0.533333333333303,5.9507142857142865,178.52142857142863,1.0,False
17,0.5666666666666345,5.872857142857221,176.1857142857166,1.0,False
18,0.5999999999999659,5.766190476190583,172.9857142857175,1.0,False
19,0.6333333333332973,5.68571428571437,170.57142857143108,1.0,False
20,0.6666666666666288,5.6795238095238165,170.38571428571447,1.0,False
21,0.6999999999999602,5.6452380952381365,169.35714285714405,1.0,False
22,0.7333333333332916,5.596190476190538,167.88571428571612,1.0,False
23,0.7666666666666231,5.548571428571489,166.45714285714467,1.0,False
24,0.7999999999999545,5.5585714285714145,166.7571428571424,1.0,False
25,0.833333333333286,5.561904761904758,166.85714285714275,1.0,False
26,0.8666666666666174,5.571428571428557,167.14285714285668,1.0,False
27,0.8999999999999488,5.591428571428539,167.74285714285617,1.0,False
28,0.9333333333332803,5.630476190476129,168.91428571428386,1.0,False
29,0.9666666666666117,5.65857142857138,169.75714285714142,1.0,True
30,0.9999999999999432,5.674761904761877,170.24285714285628,1.0,False
31,1.0333333333332746,5.658095238095269,169.74285714285807,1.0,False
32,1.066666666666606,5.660476190476183,169.8142857142855,1.0,False
33,1.0999999999999375,5.693809523809461,170.81428571428378,1.0,False
34,1.133333333333269,5.747619047618944,172.4285714285683,1.0,False
35,1.1666666666666003,5.7509523809523735,172.5285714285712,1.0,False
36,1.1999999999999318,5.743333333333349,172.30000000000047,1.0,False
37,1.2333333333332632,5.729047619047648,171.87142857142945,1.0,False
38,1.2666666666665947,5.7671428571427725,173.0142857142832,1.0,False
39,1.299999999999926,5.783809523809488,173.51428571428465,1.0,False
40,1.3333333333332575,5.799523809523773,173.98571428571321,1.0,False
41,1.366666666666589,5.7980952380952395,173.9428571428572,1.0,False
42,1.3999999999999204,5.797142857142862,173.91428571428585,1.0,False
43,1.4333333333332519,5.785238095238122,173.55714285714367,1.0,False
44,1.4666666666665833,5.772857142857174,173.18571428571525,1.0,False
45,1.4999999999999147,5.79952380952374,173.98571428571222,1.0,False
46,1.5333333333332462,5.829999999999918,174.89999999999756,1.0,False
47,1.5666666666665776,5.838571428571409,175.15714285714228,1.0,False
48,1.599999999999909,5.834285714285723,175.0285714285717,1.0,False
49,1.6333333333332405,5.832380952380958,174.97142857142873,1.0,False
50,1.666666666666572,5.828095238095252,174.84285714285758,1.0,False
51,1.6999999999999034,5.8438095238094725,175.31428571428418,1.0,False
52,1.7333333333332348,5.844285714285715,175.32857142857148,1.0,False
53,1.7666666666665662,5.834761904761933,175.042857142858,1.0,False
54,1.7999999999998977,5.803333333333427,174.1000000000028,1.0,False
55,1.8333333333332291,5.836666666666563,175.0999999999969,1.0,False
56,1.8666666666665606,5.828571428571453,174.8571428571436,1.0,False
57,1.899999999999892,5.839523809523774,175.1857142857132,1.0,False
58,1.9333333333332234,5.828571428571465,174.8571428571439,1.0,False
59,1.9666666666665549,5.830952380952374,174.9285714285712,1.0,False
60,1.9999999999998863,5.833333333333323,174.99999999999972,1.0,False
61,2.0333333333332178,5.839999999999978,175.19999999999933,1.0,False
62,2.066666666666549,5.816666666666749,174.5000000000025,1.0,False
63,2.0999999999998806,5.815714285714287,174.47142857142862,1.0,False
64,2.133333333333212,5.854523809523667,175.63571428571004,1.0,False
65,2.1666666666665435,5.909999999999795,177.29999999999384,1.0,False
66,2.199999999999875,5.900714285714321,177.02142857142965,1.0,True
67,2.2333333333332064,5.877142857142946,176.3142857142884,1.0,False
68,2.266666666666538,5.851666666666763,175.5500000000029,1.0,False
69,2.2999999999998693,5.851428571428573,175.5428571428572,1.0,False
70,2.3333333333332007,5.867142857142792,176.01428571428377,1.0,False
71,2.366666666666532,5.871428571428554,176.14285714285666,1.0,False
72,2.3999999999998636,5.849761904761994,175.49285714285983,1.0,False
73,2.433333333333195,5.815238095238236,174.4571428571471,1.0,False
74,2.4666666666665265,5.824999999999958,174.74999999999878,1.0,True
75,2.499999999999858,5.854285714285589,175.62857142856765,1.0,False
76,2.5333333333331893,5.878333333333229,176.34999999999687,0.8888888955121068,True
77,2.5666666666665208,5.863809523809588,175.91428571428762,0.9999999999995145,False
78,2.599999999999852,5.795714285714588,173.87142857143763,1.0,False
79,2.6333333333331836,5.7352380952383655,172.05714285715095,1.0,False
80,2.666666666666515,5.704285714285852,171.12857142857558,1.0,False
81,2.6999999999998465,5.545238095238835,166.35714285716506,1.0,False
82,2.733333333333178,5.3819047619055205,161.4571428571656,0.9722222089768752,False
83,2.7666666666665094,5.312857142857461,159.38571428572385,4.585240766484391e-12,True
84,2.799999999999841,5.273809523809719,158.21428571429158,0.749999999996423,False
85,2.8333333333331723,5.210952380952679,156.32857142858035,0.999999999998791,False
86,2.8666666666665037,5.064761904762621,151.94285714287864,1.0,False
87,2.899999999999835,4.9457142857148755,148.37142857144627,1.0,False
88,2.9333333333331666,4.789047619048396,143.67142857145186,1.0,False
89,2.966666666666498,4.744761904762131,142.34285714286395,1.0,False
90,2.9999999999998295,4.663809523809937,139.9142857142981,1.0,False
91,3.033333333333161,4.628095238095422,138.84285714286264,1.0,False
92,3.0666666666664923,4.578571428571688,137.35714285715068,1.0,False
93,3.099999999999824,4.514285714286054,135.42857142858165,1.0,False
94,3.1333333333331552,4.445714285714651,133.37142857143954,1.0,False
95,3.1666666666664867,4.422380952381078,132.67142857143233,1.0,False
96,3.199999999999818,4.410952380952443,132.3285714285733,1.0,False
97,3.2333333333331495,4.402857142857187,132.0857142857156,1.0,False
98,3.266666666666481,4.376190476190625,131.28571428571874,1.0,False
99,3.2999999999998124,4.3657142857143425,130.97142857143027,1.0,False
100,3.333333333333144,4.339523809523959,130.18571428571875,1.0,False
101,3.3666666666664753,4.352380952380877,130.5714285714263,1.0,False
102,3.3999999999998067,4.374285714285587,131.2285714285676,1.0,False
103,3.433333333333138,4.407142857142667,132.21428571427998,1.0,False
104,3.4666666666664696,4.395714285714353,131.87142857143058,1.0,False
105,3.499999999999801,4.411428571428477,132.34285714285429,1.0,False
106,3.5333333333331325,4.44142857142839,133.24285714285168,1.0,False
107,3.566666666666464,4.466666666666514,133.99999999999542,1.0,False
108,3.5999999999997954,4.469523809523792,134.08571428571372,1.0,False
109,3.633333333333127,4.459523809523872,133.78571428571615,1.0,True
110,3.6666666666664582,4.458571428571434,133.757142857143,1.0,False
111,3.6999999999997897,4.476190476190364,134.28571428571095,1.0,False
112,3.733333333333121,4.549047619047154,136.47142857141463,1.0,False
113,3.7666666666664526,4.639999999999415,139.19999999998245,1.0,False
114,3.799999999999784,4.685714285713992,140.57142857141977,1.0,False
115,3.8333333333331154,4.6895238095237834,140.68571428571352,1.0,False
116,3.866666666666447,4.681428571428624,140.4428571428587,1.0,False
117,3.8999999999997783,4.696190476190378,140.88571428571132,1.0,False
118,3.9333333333331097,4.716666666666527,141.49999999999582,1.0,False
119,3.966666666666441,4.731428571428473,141.9428571428542,1.0,False
120,3.9999999999997726,4.7690476190473605,143.0714285714208,1.0,False
121,4.033333333333104,4.793333333333166,143.799999999995,1.0,False
122,4.0666666666664355,4.827857142856905,144.83571428570716,1.0,False
123,4.099999999999767,4.841428571428474,145.24285714285423,1.0,False
124,4.133333333333098,4.8735714285712035,146.2071428571361,1.0,True
125,4.16666666666643,4.860952380952471,145.82857142857412,1.0,False
126,4.199999999999761,4.83119047619069,144.9357142857207,1.0,False
127,4.233333333333093,4.892857142856693,146.78571428570078,1.0,False
128,4.266666666666424,4.953809523809082,148.61428571427246,1.0,False
129,4.299999999999756,4.961904761904706,148.85714285714116,1.0,False
130,4.333333333333087,4.946190476190588,148.38571428571763,1.0,False
131,4.3666666666664185,5.006666666666216,150.1999999999865,1.0,False
132,4.39999999999975,5.010476190476166,150.31428571428498,1.0,False
133,4.433333333333081,4.985714285714471,149.57142857143415,1.0,False
134,4.466666666666413,4.975714285714361,149.27142857143082,1.0,False
135,4.499999999999744,5.01999999999966,150.59999999998982,1.0,False
136,4.533333333333076,5.029999999999922,150.89999999999768,1.0,False
137,4.566666666666407,5.016666666666772,150.50000000000318,1.0,False
138,4.5999999999997385,5.027142857142772,150.81428571428316,1.0,False
139,4.63333333333307,5.075714285713901,152.27142857141706,1.0,False
140,4.666666666666401,5.09428571428557,152.8285714285671,1.0,False
141,4.699999999999733,5.095238095238084,152.85714285714252,1.0,False
142,4.733333333333064,5.099047619047588,152.97142857142762,1.0,False
143,4.766666666666396,5.1342857142854275,154.02857142856283,1.0,False
144,4.799999999999727,5.132380952380968,153.97142857142904,1.0,False
145,4.833333333333059,5.166190476190198,154.98571428570594,1.0,False
146,4.86666666666639,5.182142857142723,155.4642857142817,1.0,False
147,4.8999999999997215,5.171904761904851,155.15714285714552,1.0,False
148,4.933333333333053,5.1269047619051396,153.8071428571542,1.0,True
149,4.966666666666384,5.136190476190396,154.08571428571184,1.0,False
150,4.999999999999716,5.190714285713821,155.7214285714146,1.0,False
151,5.033333333333047,5.210952380952208,156.32857142856625,1.0,False
152,5.066666666666379,5.217142857142802,156.51428571428409,1.0,False
153,5.09999999999971,5.214761904761925,156.44285714285775,1.0,False
154,5.1333333333330415,5.204285714285808,156.12857142857422,1.0,False
155,5.166666666666373,5.2199999999998585,156.59999999999576,1.0,False
156,5.199999999999704,5.26190476190439,157.8571428571317,1.0,False
157,5.233333333333036,5.260952380952392,157.82857142857173,1.0,False
158,5.266666666666367,5.2438095238096745,157.31428571429024,1.0,False
159,5.299999999999699,5.239523809523848,157.18571428571542,1.0,False
160,5.33333333333303,5.251904761904649,157.5571428571395,1.0,False
161,5.366666666666362,5.234285714285875,157.02857142857624,1.0,False
162,5.399999999999693,5.250476190476041,157.51428571428121,1.0,False
163,5.4333333333330245,5.274761904761678,158.24285714285034,1.0,False
164,5.466666666666356,5.294285714285533,158.82857142856602,1.0,True
165,5.499999999999687,5.290476190476226,158.71428571428677,1.0,False
166,5.533333333333019,5.299999999999909,158.99999999999727,1.0,False
167,5.56666666666635,5.339047619047248,160.17142857141744,1.0,False
168,5.599999999999682,5.34380952380948,160.31428571428438,1.0,False
169,5.633333333333013,5.346666666666637,160.39999999999915,1.0,False
170,5.6666666666663446,5.343809523809549,160.31428571428648,1.0,False
171,5.699999999999676,5.364285714285516,160.92857142856548,1.0,False
172,5.733333333333007,5.353809523809626,160.61428571428877,1.0,False
173,5.766666666666339,5.357142857142825,160.71428571428473,1.0,False
174,5.79999999999967,5.401904761904317,162.0571428571295,1.0,False
175,5.833333333333002,5.4266666666664225,162.79999999999268,1.0,False
176,5.866666666666333,5.409047619047796,162.2714285714339,1.0,False
177,5.899999999999665,5.391904761904929,161.7571428571479,1.0,False
178,5.933333333332996,5.3795238095239375,161.38571428571814,1.0,False
179,5.9666666666663275,5.383333333333292,161.49999999999878,1.0,False
180,5.999999999999659,5.370952380952506,161.12857142857516,1.0,False
181,6.03333333333299,5.395238095237847,161.8571428571354,1.0,False
182,6.066666666666322,5.413809523809329,162.41428571427986,1.0,False
183,6.099999999999653,5.458095238094779,163.7428571428434,1.0,False
184,6.133333333332985,5.443571428571582,163.30714285714748,1.0,False
185,6.166666666666316,5.415714285714578,162.4714285714373,1.0,False
186,6.199999999999648,5.419285714285675,162.57857142857026,1.0,True
187,6.233333333332979,5.452857142856786,163.5857142857036,1.0,False
188,6.2666666666663104,5.450238095238124,163.50714285714372,1.0,False
189,6.299999999999642,5.461904761904635,163.85714285713905,1.0,False
190,6.333333333332973,5.474285714285579,164.2285714285674,1.0,False
191,6.366666666666305,5.49904761904735,164.97142857142052,1.0,False
192,6.399999999999636,5.487142857142986,164.6142857142896,1.0,True
193,6.433333333332968,5.500476190476044,165.0142857142813,1.0,False
194,6.466666666666299,5.498095238095265,164.94285714285795,1.0,False
195,6.4999999999996305,5.493333333333387,164.8000000000016,1.0,False
196,6.533333333332962,5.481904761904888,164.45714285714664,1.0,False
197,6.566666666666293,5.505714285714018,165.17142857142053,1.0,False
198,6.599999999999625,5.51904761904747,165.5714285714241,1.0,False
199,6.633333333332956,5.535238095237911,166.05714285713734,1.0,False
200,6.666666666666288,5.525714285714394,165.77142857143184,1.0,False
201,6.699999999999619,5.550952380952091,166.5285714285627,1.0,False
202,6.733333333332951,5.546190476190531,166.38571428571592,1.0,False
203,6.766666666666282,5.538095238095333,166.14285714285998,1.0,False
204,6.7999999999996135,5.510952380952694,165.32857142858083,1.0,False
205,6.833333333332945,5.541904761904401,166.25714285713204,1.0,False
206,6.866666666666276,5.569047619047302,167.07142857141906,1.0,False
207,6.899999999999608,5.5990476190472664,167.971428571418,1.0,False
208,6.933333333332939,5.59809523809525,167.9428571428575,1.0,False
209,6.966666666666271,5.599047619047608,167.97142857142825,1.0,False
210,6.999999999999602,5.594285714285769,167.8285714285731,1.0,True
211,7.0333333333329335,5.594285714285715,167.82857142857145,1.0,False
212,7.066666666666265,5.596190476190452,167.8857142857136,1.0,False
213,7.099999999999596,5.6095238095236475,168.28571428570942,1.0,False
214,7.133333333332928,5.610952380952365,168.32857142857094,1.0,False
215,7.166666666666259,5.590476190476441,167.7142857142932,1.0,False
216,7.199999999999591,5.586190476190528,167.58571428571582,1.0,False
217,7.233333333332922,5.592857142857061,167.78571428571186,1.0,False
218,7.266666666666254,5.579047619047791,167.37142857143374,1.0,False
219,7.299999999999585,5.58666666666657,167.5999999999971,1.0,False
220,7.3333333333329165,5.619047619047213,168.5714285714164,1.0,False
221,7.366666666666248,5.620476190476175,168.61428571428524,1.0,False
222,7.399999999999579,5.6161904761905275,168.48571428571583,1.0,False
223,7.433333333332911,5.617142857142845,168.51428571428536,1.0,False
224,7.466666666666242,5.6438095238091845,169.31428571427554,1.0,False
225,7.499999999999574,5.622857142857411,168.68571428572233,1.0,False
226,7.533333333332905,5.624285714285696,168.7285714285709,1.0,False
227,7.5666666666662366,5.619047619047685,168.57142857143054,1.0,False
228,7.599999999999568,5.639047619047361,169.17142857142082,1.0,False
229,7.633333333332899,5.651428571428409,169.54285714285228,1.0,False
230,7.666666666666231,5.662380952380809,169.8714285714243,1.0,False
231,7.699999999999562,5.6400000000002946,169.20000000000886,1.0,False
232,7.733333333332894,5.648095238095128,169.44285714285385,1.0,False
233,7.766666666666225,5.669999999999709,170.0999999999913,1.0,False
234,7.799999999999557,5.673809523809475,170.21428571428424,1.0,False
235,7.833333333332888,5.639047619048082,169.17142857144245,1.0,False
236,7.8666666666662195,5.6276190476192,168.82857142857603,1.0,False
237,7.899999999999551,5.641904761904568,169.25714285713707,1.0,True
238,7.933333333332882,5.660952380952122,169.82857142856366,1.0,False
239,7.966666666666214,5.659523809523829,169.78571428571487,1.0,False
240,7.999999999999545,5.642619047619277,169.2785714285783,1.0,False
241,8.033333333332877,5.652857142857001,169.58571428571003,1.0,False
242,8.066666666666208,5.688809523809029,170.66428571427085,1.0,True
243,8.09999999999954,5.684285714285778,170.52857142857334,1.0,False
244,8.133333333332871,5.683571428571436,170.50714285714307,1.0,False
245,8.166666666666202,5.655714285714674,169.67142857144023,1.0,False
246,8.199999999999534,5.660952380952308,169.82857142856923,1.0,False
247,8.233333333332865,5.657619047619091,169.72857142857276,1.0,False
248,8.266666666666197,5.660952380952338,169.82857142857011,1.0,True
249,8.299999999999528,5.666190476190398,169.9857142857119,1.0,False
250,8.33333333333286,5.6766666666665175,170.29999999999555,1.0,False
251,8.366666666666191,5.69523809523783,170.85714285713493,1.0,False
252,8.399999999999523,5.6900000000000714,170.70000000000215,1.0,False
253,8.433333333332854,5.6942857142856536,170.8285714285696,1.0,False
254,8.466666666666185,5.673809523809819,170.21428571429456,1.0,False
255,8.499999999999517,5.66809523809532,170.04285714285956,1.0,False
256,8.533333333332848,5.68047619047601,170.41428571428028,1.0,False
257,8.56666666666618,5.67761904761909,170.32857142857267,1.0,False
258,8.599999999999511,5.676666666666679,170.3000000000004,1.0,False
259,8.633333333332843,5.7028571428567565,171.0857142857027,1.0,False
260,8.666666666666174,5.71333333333318,171.3999999999954,1.0,False
261,8.699999999999505,5.7033333333334815,171.10000000000443,1.0,False
262,8.733333333332837,5.6814285714288975,170.44285714286693,1.0,False
263,8.766666666666168,5.742857142856221,172.2857142856866,1.0,False
264,8.7999999999995,5.752380952380811,172.57142857142432,1.0,False
265,8.833333333332831,5.725476190476598,171.76428571429793,1.0,False
266,8.866666666666163,5.681904761905416,170.4571428571625,1.0,False
267,8.899999999999494,5.691190476190337,170.73571428571012,1.0,True
268,8.933333333332826,5.680952380952537,170.4285714285761,1.0,False
269,8.966666666666157,5.655952380952762,169.67857142858284,1.0,True
270,8.999999999999488,5.662857142857037,169.8857142857111,1.0,False
271,9.03333333333282,5.6719047619046234,170.1571428571387,1.0,False
272,9.066666666666151,5.693333333333003,170.7999999999901,1.0,False
273,9.099999999999483,5.6842857142858545,170.52857142857565,1.0,False
274,9.133333333332814,5.687380952380903,170.6214285714271,1.0,False
275,9.166666666666146,5.681428571428664,170.4428571428599,1.0,False
276,9.199999999999477,5.692142857142689,170.76428571428067,1.0,True
277,9.233333333332808,5.649047619048298,169.47142857144897,1.0,False
278,9.26666666666614,5.678809523809048,170.36428571427146,1.0,False
279,9.299999999999471,5.6995238095234795,170.98571428570438,1.0,False
280,9.333333333332803,5.7471428571421,172.41428571426297,1.0,False
281,9.366666666666134,5.748095238095218,172.44285714285655,1.0,False
282,9.399999999999466,5.759523809523628,172.78571428570885,1.0,False
283,9.433333333332797,5.7295238095242915,171.88571428572874,1.0,False
284,9.466666666666129,5.715238095238325,171.45714285714973,1.0,False
285,9.49999999999946,5.705238095238258,171.15714285714773,1.0,False
286,9.533333333332791,5.699047619047718,170.97142857143152,1.0,False
287,9.566666666666123,5.708095238095089,171.24285714285267,1.0,False
288,9.599999999999454,5.737619047618565,172.12857142855694,1.0,False
289,9.633333333332786,5.739999999999961,172.19999999999882,1.0,False
290,9.666666666666117,5.744761904761825,172.34285714285477,1.0,False
291,9.699999999999449,5.7723809523804945,173.17142857141485,1.0,False
292,9.73333333333278,5.768571428571494,173.05714285714484,1.0,False
293,9.766666666666111,5.760952380952505,172.82857142857515,1.0,False
294,9.799999999999443,5.723809523810143,171.71428571430428,1.0,False
295,9.833333333332774,5.707619047619321,171.2285714285796,1.0,False
296,9.866666666666106,5.708571428571409,171.25714285714227,1.0,False
297,9.899999999999437,5.736666666666194,172.0999999999858,1.0,False
298,9.933333333332769,5.770476190475615,173.11428571426845,1.0,False
299,9.9666666666661,5.760000000000176,172.80000000000527,1.0,False
300,9.999999999999432,5.760476190476183,172.8142857142855,1.0,False
301,10.033333333332763,5.769523809523652,173.08571428570957,1.0,False
302,10.066666666666094,5.796666666666203,173.89999999998608,1.0,False
303,10.099999999999426,5.773809523809917,173.21428571429752,1.0,False
304,10.133333333332757,5.740476190476763,172.21428571430292,1.0,True
305,10.166666666666089,5.744285714285648,172.32857142856943,1.0,False
306,10.19999999999942,5.770952380951917,173.1285714285575,1.0,False
307,10.233333333332752,5.7971428571424,173.91428571427198,1.0,False
308,10.266666666666083,5.819523809523417,174.58571428570252,1.0,False
309,10.299999999999415,5.801666666666981,174.05000000000945,1.0,False
310,10.333333333332746,5.789523809524022,173.68571428572068,1.0,False
311,10.366666666666077,5.79690476190463,173.9071428571389,1.0,True
312,10.399999999999409,5.8166666666663165,174.4999999999895,1.0,False
313,10.43333333333274,5.799285714286024,173.97857142858072,1.0,False
314,10.466666666666072,5.761666666667339,172.85000000002017,1.0,False
315,10.499999999999403,5.747619047619299,172.428571428579,1.0,False
316,10.533333333332735,5.772142857142416,173.16428571427247,1.0,True
317,10.566666666666066,5.781428571428407,173.4428571428522,1.0,False
318,10.599999999999397,5.77642857142866,173.2928571428598,1.0,False
319,10.633333333332729,5.754761904762297,172.6428571428689,1.0,False
320,10.66666666666606,5.7842857142851765,173.5285714285553,1.0,False
321,10.699999999999392,5.806190476190075,174.18571428570226,1.0,False
322,10.733333333332723,5.822380952380658,174.67142857141974,1.0,False
323,10.766666666666055,5.805714285714589,174.17142857143764,1.0,False
324,10.799999999999386,5.815238095237918,174.45714285713754,1.0,False
325,10.833333333332718,5.830476190475909,174.91428571427724,1.0,False
326,10.866666666666049,5.836190476190369,175.08571428571108,1.0,False
327,10.89999999999938,5.833333333333385,175.00000000000156,1.0,False
328,10.933333333332712,5.800952380952987,174.0285714285896,1.0,False
329,10.966666666666043,5.803809523809469,174.11428571428408,1.0,False
330,10.999999999999375,5.814285714285517,174.42857142856553,1.0,True
331,11.033333333332706,5.807142857142993,174.2142857142898,1.0,False
332,11.066666666666038,5.7780952380957835,173.3428571428735,1.0,False
333,11.099999999999369,5.826666666665745,174.79999999997236,1.0,False
334,11.1333333333327,5.846190476190108,175.38571428570322,1.0,False
335,11.166666666666032,5.800476190477062,174.01428571431185,1.0,False
336,11.199999999999363,5.800238095238094,174.00714285714284,1.0,False
337,11.233333333332695,5.834761904761245,175.04285714283733,1.0,False
338,11.266666666666026,5.8030952380958505,174.09285714287552,1.0,True
339,11.299999999999358,5.739523809525029,172.1857142857509,1.0,False
340,11.333333333332689,5.72071428571465,171.6214285714395,1.0,False
341,11.36666666666602,5.745238095237619,172.3571428571286,1.0,False
342,11.399999999999352,5.764047619047251,172.92142857141755,1.0,False
343,11.433333333332683,5.790476190475676,173.7142857142703,1.0,False
344,11.466666666666015,5.772142857143216,173.16428571429648,0.8611111044910965,True
345,11.499999999999346,5.728809523810373,171.8642857143112,0.9999999999972763,False
346,11.533333333332678,5.670714285715426,170.12142857146276,1.0,False
347,11.56666666666601,5.64444444444496,169.33333333334878,1.97175609173418e-11,True
348,11.59999999999934,5.646984126984076,169.4095238095223,0.027777777984189112,True
349,11.633333333332672,5.6388095238096865,169.16428571429063,0.08333333581575886,True
350,11.666666666666003,5.615396825397291,168.4619047619187,0.9999999999817789,True
351,11.699999999999335,5.604126984127208,168.12380952381628,0.6944444179595812,True
352,11.733333333332666,5.687380952379285,170.62142857137854,0.9999999999938938,False
353,11.766666666665998,5.7935714285693,173.807142857079,1.0,False
354,11.79999999999933,5.847380952379875,175.42142857139626,0.9444444179546103,True
355,11.83333333333266,5.835238095238338,175.05714285715013,0.9999999999988779,False
356,11.866666666665992,5.808333333333879,174.25000000001637,1.0,False
357,11.899999999999324,5.762142857143797,172.86428571431387,1.0,False
358,11.933333333332655,5.722380952381759,171.67142857145276,1.0,False
359,11.966666666665986,5.733095238095019,171.99285714285054,1.0,True
360,11.999999999999318,5.793809523808281,173.8142857142484,1.0,False
361,12.03333333333265,5.771190476190946,173.13571428572837,1.0,False
362,12.06666666666598,5.7238095238105,171.714285714315,1.0,False
363,12.099999999999312,5.700952380952847,171.02857142858542,1.0,False
364,12.133333333332644,5.770952380950934,173.12857142852803,1.0,False
365,12.166666666665975,5.750476190476617,172.51428571429852,1.0,False
366,12.199999999999307,5.733333333333688,172.00000000001063,1.0,False
367,12.233333333332638,5.728095238095346,171.84285714286037,1.0,False
368,12.26666666666597,5.7742857142847495,173.2285714285425,1.0,False
369,12.2999999999993,5.785714285714044,173.57142857142134,1.0,False
370,12.333333333332632,5.805714285713866,174.171428571416,1.0,True
371,12.366666666665964,5.794285714285956,173.82857142857867,1.0,False
372,12.399999999999295,5.7954761904761645,173.86428571428493,0.8611111044913112,True
373,12.433333333332627,5.7814285714288705,173.4428571428661,0.9999999999970542,False
374,12.466666666665958,5.781190476190481,173.43571428571445,1.0,True
375,12.49999999999929,5.75761904761955,172.7285714285865,1.0,False
376,12.533333333332621,5.756904761904775,172.70714285714328,1.0,False
377,12.566666666665952,5.7523809523810465,172.5714285714314,1.0,False
378,12.599999999999284,5.778095238094686,173.3428571428406,1.0,False
379,12.633333333332615,5.764761904762192,172.94285714286576,1.0,False
380,12.666666666665947,5.751904761905039,172.55714285715115,1.0,False
381,12.699999999999278,5.7371428571431755,172.11428571429528,1.0,False
382,12.73333333333261,5.768571428570745,173.0571428571224,1.0,False
383,12.766666666665941,5.778571428571212,173.35714285713632,1.0,False
384,12.799999999999272,5.754285714286247,172.6285714285874,1.0,False
385,12.833333333332604,5.705714285715349,171.1714285714604,1.0,False
386,12.866666666665935,5.7000000000001245,171.00000000000372,1.0,False
387,12.899999999999267,5.7361904761896785,172.08571428569036,1.0,False
388,12.933333333332598,5.784761904760832,173.54285714282497,1.0,False
389,12.96666666666593,5.775714285714487,173.27142857143463,1.0,False
390,12.999999999999261,5.750952380952929,172.52857142858787,1.0,False
391,13.033333333332592,5.722857142857767,171.685714285733,1.0,False
392,13.066666666665924,5.7309523809522025,171.92857142856607,1.0,False
393,13.099999999999255,5.764285714284966,172.928571428549,1.0,False
394,13.133333333332587,5.772380952380773,173.1714285714232,1.0,False
395,13.166666666665918,5.762380952381177,172.87142857143527,1.0,False
396,13.19999999999925,5.74095238095286,172.2285714285858,1.0,False
397,13.233333333332581,5.755714285713955,172.67142857141863,1.0,False
398,13.266666666665913,5.759999999999899,172.79999999999703,1.0,False
399,13.299999999999244,5.761904761904719,172.85714285714158,1.0,False
400,13.333333333332575,5.7757142857139705,173.27142857141914,1.0,False
401,13.366666666665907,5.777142857142825,173.31428571428472,1.0,False
402,13.399999999999238,5.806190476189812,174.18571428569436,1.0,False
403,13.43333333333257,5.786666666667116,173.6000000000135,1.0,False
404,13.466666666665901,5.774285714286,173.22857142858,1.0,False
405,13.499999999999233,5.7876190476187395,173.62857142856217,1.0,False
406,13.533333333332564,5.813333333332742,174.39999999998224,1.0,False
407,13.566666666665895,5.762380952382133,172.871428571464,1.0,False
408,13.599999999999227,5.701904761906162,171.05714285718483,1.0,False
409,13.633333333332558,5.746190476189444,172.38571428568332,1.0,False
410,13.66666666666589,5.8185714285697445,174.55714285709237,1.0,False
411,13.699999999999221,5.832380952380631,174.97142857141895,0.8611111044916147,True
412,13.733333333332553,5.767619047620562,173.02857142861686,0.9999999999967507,False
413,13.766666666665884,5.7452380952386175,172.35714285715852,1.0,False
414,13.799999999999216,5.749523809523706,172.48571428571117,1.0,False
415,13.833333333332547,5.741428571428766,172.24285714286296,0.8888888955142503,True
416,13.866666666665878,5.699047619048621,170.97142857145863,0.999999999997371,False
417,13.89999999999921,5.67476190476248,170.24285714287439,1.0,False
418,13.933333333332541,5.693333333332891,170.79999999998674,1.0,False
419,13.966666666665873,5.70523809523781,171.15714285713432,1.0,False
420,13.999999999999204,5.701428571428662,171.04285714285984,1.0,False
421,14.033333333332536,5.683333333333765,170.50000000001293,1.0,False
422,14.066666666665867,5.711428571427896,171.3428571428369,1.0,False
423,14.099999999999199,5.781904761903067,173.45714285709198,1.0,False
424,14.13333333333253,5.810476190475504,174.31428571426514,1.0,False
425,14.166666666665861,5.786666666667241,173.60000000001725,1.0,False
426,14.199999999999193,5.763809523810075,172.91428571430222,1.0,False
427,14.233333333332524,5.784761904761396,173.54285714284188,1.0,False
428,14.266666666665856,5.794285714285484,173.8285714285645,1.0,False
429,14.299999999999187,5.781904761905065,173.45714285715192,1.0,False
430,14.333333333332519,5.77809523809533,173.34285714285988,1.0,False
431,14.36666666666585,5.789999999999708,173.6999999999912,1.0,False
432,14.399999999999181,5.804999999999632,174.14999999998895,1.0,False
433,14.433333333332513,5.792857142857442,173.7857142857233,1.0,False
434,14.466666666665844,5.77928571428605,173.3785714285815,0.9444444179548649,True
435,14.499999999999176,5.79904761904713,173.97142857141387,0.9999999999986263,False
436,14.533333333332507,5.7940476190477455,173.82142857143236,1.0,False
437,14.566666666665839,5.795714285714244,173.87142857142732,1.0,False
438,14.59999999999917,5.7838095238098175,173.51428571429452,1.0,False
439,14.633333333332502,5.79904761904724,173.9714285714172,0.9166666865369599,True
440,14.666666666665833,5.777619047619581,173.32857142858745,0.9999999999979172,False
441,14.699999999999164,5.762380952381335,172.87142857144005,1.0,False
442,14.733333333332496,5.767142857142736,173.01428571428207,1.0,False
443,14.766666666665827,5.7857142857138175,173.57142857141454,1.0,False
444,14.799999999999159,5.77904761904779,173.37142857143368,1.0,False
445,14.83333333333249,5.740476190477167,172.21428571431497,1.0,False
446,14.866666666665822,5.744761904761794,172.3428571428538,1.0,False
447,14.899999999999153,5.760476190475792,172.81428571427375,1.0,False
448,14.933333333332484,5.765714285714153,172.97142857142455,1.0,False
449,14.966666666665816,5.7652380952381055,172.95714285714314,1.0,False
450,14.999999999999147,5.771904761904592,173.15714285713776,1.0,False
451,15.033333333332479,5.789523809523356,173.68571428570067,1.0,False
452,15.06666666666581,5.792380952380879,173.77142857142636,1.0,False
453,15.099999999999142,5.766666666667331,173.00000000001992,1.0,False
454,15.133333333332473,5.760476190476346,172.8142857142904,1.0,False
455,15.166666666665805,5.8247619047602415,174.74285714280722,1.0,False
456,15.199999999999136,5.826666666666623,174.79999999999865,1.0,False
457,15.233333333332467,5.791904761905662,173.75714285716987,1.0,False
458,15.266666666665799,5.755714285715225,172.6714285714568,1.0,False
459,15.29999999999913,5.781428571427902,173.44285714283706,1.0,False
460,15.333333333332462,5.757619047619669,172.72857142859007,1.0,False
461,15.366666666665793,5.752619047619179,172.57857142857537,1.0,False
462,15.399999999999125,5.717619047619967,171.52857142859898,1.0,False
463,15.433333333332456,5.704523809524154,171.13571428572462,1.0,True
464,15.466666666665787,5.691428571428916,170.74285714286748,1.0,False
465,15.499999999999119,5.704999999999642,171.14999999998926,1.0,False
466,15.53333333333245,5.737619047618183,172.12857142854548,1.0,False
467,15.566666666665782,5.774761904760919,173.24285714282757,1.0,False
468,15.599999999999113,5.789047619047238,173.67142857141718,1.0,False
469,15.633333333332445,5.74809523809633,172.44285714288992,1.0,False
470,15.666666666665776,5.7314285714290145,171.94285714287045,1.0,False
471,15.699999999999108,5.749523809523323,172.48571428569971,1.0,False
472,15.733333333332439,5.780476190475362,173.41428571426084,1.0,False
473,15.76666666666577,5.7638095238099725,172.91428571429915,1.0,False
474,15.799999999999102,5.7938095238087115,173.81428571426133,1.0,False
475,15.833333333332433,5.830952380951379,174.92857142854135,1.0,False
476,15.866666666665765,5.860476190475392,175.81428571426179,1.0,False
477,15.899999999999096,5.826428571429494,174.7928571428848,1.0,False
478,15.933333333332428,5.800476190476896,174.01428571430688,1.0,False
479,15.966666666665759,5.767142857143764,173.0142857143129,1.0,True
480,15.99999999999909,5.775238095237874,173.25714285713624,1.0,False
481,16.033333333332422,5.780952380952225,173.42857142856673,0.9166666865371553,True
482,16.066666666665753,5.790476190475929,173.71428571427788,0.9999999999977174,False
483,16.099999999999085,5.800714285714003,174.02142857142007,1.0,False
484,16.133333333332416,5.808095238095035,174.24285714285105,1.0,True
485,16.166666666665748,5.809285714285681,174.27857142857044,1.0,False
486,16.19999999999908,5.812380952380865,174.37142857142595,1.0,False
487,16.23333333333241,5.824999999999651,174.74999999998954,0.9166666865371909,True
488,16.266666666665742,5.84047619047576,175.21428571427282,0.9999999999976907,False
489,16.299999999999073,5.835000000000152,175.05000000000456,1.0,False
490,16.333333333332405,5.807142857143632,174.21428571430894,1.0,False
491,16.366666666665736,5.794761904762248,173.84285714286742,1.0,False
492,16.399999999999068,5.7959523809523485,173.87857142857044,1.0,False
493,16.4333333333324,5.800476190476064,174.01428571428193,1.0,False
494,16.46666666666573,5.802619047618986,174.07857142856957,1.0,True
495,16.499999999999062,5.810095238095028,174.30285714285085,1.0,True
496,16.533333333332394,5.816714285714097,174.50142857142288,1.0,False
497,16.566666666665725,5.801523809524239,174.0457142857272,1.0,True
498,16.599999999999056,5.791428571428859,173.74285714286574,0.9166666865372441,True
499,16.633333333332388,5.793809523809454,173.8142857142836,0.9411764740960584,True
500,16.66666666666572,5.8120476190471,174.361428571413,0.9444444179550722,True
501,16.69999999999905,5.8097142857143504,174.29142857143052,0.999999999998419,False
502,16.733333333332382,5.814904761904611,174.44714285713832,1.0,True
503,16.766666666665714,5.779523809524824,173.38571428574474,1.0,False
504,16.799999999999045,5.774523809523952,173.23571428571856,1.0,False
505,16.833333333332376,5.793333333332794,173.7999999999838,1.0,False
506,16.866666666665708,5.8238095238086505,174.71428571425952,1.0,False
507,16.89999999999904,5.7790476190489075,173.3714285714672,1.0,False
508,16.93333333333237,5.796666666666155,173.89999999998466,1.0,False
509,16.966666666665702,5.805714285714028,174.17142857142082,1.0,False
510,16.999999999999034,5.780952380953102,173.4285714285931,1.0,False
511,17.033333333332365,5.81809523809415,174.54285714282452,1.0,False
512,17.066666666665697,5.844761904761135,175.34285714283408,1.0,False
513,17.099999999999028,5.804285714286903,174.12857142860707,1.0,False
514,17.13333333333236,5.729761904764078,171.89285714292234,1.0,True
515,17.16666666666569,5.759523809522937,172.78571428568813,1.0,False
516,17.199999999999022,5.76499999999984,172.9499999999952,0.9428571462647974,True
517,17.233333333332354,5.796666666665734,173.89999999997204,0.999999999998319,False
518,17.266666666665685,5.835952380951225,175.07857142853678,1.0,False
519,17.299999999999017,5.862857142856352,175.88571428569057,1.0,False
520,17.333333333332348,5.857142857143023,175.71428571429072,1.0,False
521,17.36666666666568,5.8171428571440424,174.5142857143213,1.0,False
522,17.39999999999901,5.800000000000503,174.00000000001512,1.0,False
523,17.433333333332342,5.796190476190586,173.88571428571757,1.0,False
524,17.466666666665674,5.812142857142383,174.3642857142715,1.0,False
525,17.499999999999005,5.780476190477133,173.414285714314,1.0,True
526,17.533333333332337,5.776428571428692,173.29285714286078,1.0,True
527,17.566666666665668,5.8099999999989915,174.29999999996974,1.0,False
528,17.599999999999,5.8480952380940945,175.44285714282285,1.0,False
529,17.63333333333233,5.886666666665505,176.59999999996515,1.0,False
530,17.666666666665662,5.886904761904753,176.6071428571426,1.0,True
531,17.699999999998994,5.885238095238145,176.5571428571443,1.0,False
532,17.733333333332325,5.847380952382096,175.42142857146288,1.0,False
533,17.766666666665657,5.835238095238462,175.05714285715385,1.0,False
534,17.799999999998988,5.84857142857102,175.4571428571306,1.0,False
535,17.83333333333232,5.866190476189942,175.9857142856983,1.0,False
536,17.86666666666565,5.875714285713995,176.27142857141985,1.0,False
537,17.899999999998983,5.854761904762545,175.64285714287635,1.0,False
538,17.933333333332314,5.84023809523854,175.2071428571562,1.0,False
539,17.966666666665645,5.79095238095389,173.7285714286167,1.0,False
540,17.999999999998977,5.817142857142053,174.5142857142616,0.9166666865374395,True
541,18.03333333333231,5.8376190476184195,175.1285714285526,0.999999999997442,False
542,18.06666666666564,5.878095238093991,176.34285714281972,1.0,True
543,18.09999999999897,5.8483333333342475,175.45000000002742,1.0,False
544,18.133333333332303,5.850238095238034,175.50714285714105,1.0,False
545,18.166666666665634,5.839761904762226,175.19285714286676,0.9166666865374662,True
546,18.199999999998965,5.824761904762372,174.74285714287117,0.9999999999974154,False
547,18.233333333332297,5.808333333333843,174.2500000000153,1.0,False
548,18.26666666666563,5.842857142856066,175.285714285682,1.0,False
549,18.29999999999896,5.861190476189906,175.83571428569718,1.0,False
550,18.33333333333229,5.845238095238591,175.35714285715773,1.0,False
551,18.366666666665623,5.823095238095928,174.69285714287787,1.0,True
552,18.399999999998954,5.822380952380975,174.67142857142926,1.0,False
553,18.433333333332286,5.8238095238094765,174.7142857142843,0.9428571462649253,True
554,18.466666666665617,5.840714285713754,175.22142857141262,0.9999999999982033,False
555,18.49999999999895,5.8388095238095845,175.16428571428753,1.0,True
556,18.53333333333228,5.841428571428487,175.24285714285463,1.0,True
557,18.56666666666561,5.84595238095224,175.3785714285672,1.0,False
558,18.599999999998943,5.858095238094855,175.74285714284568,1.0,True
559,18.633333333332274,5.862380952380815,175.87142857142445,1.0,False
560,18.666666666665606,5.858809523809638,175.76428571428914,1.0,False
561,18.699999999998937,5.81666666666801,174.5000000000403,1.0,False
562,18.73333333333227,5.800476190476706,174.01428571430117,1.0,False
563,18.7666666666656,5.8190476190470255,174.57142857141073,1.0,False
564,18.79999999999893,5.831904761904351,174.95714285713052,1.0,False
565,18.833333333332263,5.825238095238308,174.75714285714923,1.0,False
566,18.866666666665594,5.82761904761897,174.8285714285691,1.0,False
567,18.899999999998926,5.83333333333315,174.9999999999945,1.0,False
568,18.933333333332257,5.840476190475958,175.21428571427876,1.0,False
569,18.96666666666559,5.831428571428864,174.94285714286596,1.0,False
570,18.99999999999892,5.840952380952072,175.2285714285622,1.0,False
571,19.03333333333225,5.877619047617857,176.32857142853572,1.0,False
572,19.066666666665583,5.896666666666054,176.89999999998162,1.0,False
573,19.099999999998914,5.867857142858083,176.0357142857425,1.0,False
574,19.133333333332246,5.85000000000058,175.50000000001742,1.0,False
575,19.166666666665577,5.872142857142133,176.16428571426397,1.0,True
576,19.19999999999891,5.884761904761492,176.54285714284478,1.0,False
577,19.23333333333224,5.850238095239229,175.5071428571769,1.0,False
578,19.26666666666557,5.828571428572137,174.85714285716415,1.0,False
579,19.299999999998903,5.827142857142901,174.81428571428705,1.0,False
580,19.333333333332234,5.874285714284159,176.22857142852482,1.0,False
581,19.366666666665566,5.865714285714568,175.97142857143703,1.0,False
582,19.399999999998897,5.838095238096151,175.1428571428845,1.0,False
583,19.43333333333223,5.825238095238517,174.7571428571555,1.0,False
584,19.46666666666556,5.846666666665957,175.39999999997872,1.0,False
585,19.49999999999889,5.846190476190493,175.3857142857148,1.0,False
586,19.533333333332223,5.803809523810933,174.114285714328,0.9166666865376527,True
587,19.566666666665554,5.78095238095314,173.4285714285942,0.9999999999972289,False
588,19.599999999998886,5.774761904762109,173.24285714286327,1.0,False
589,19.633333333332217,5.802857142856202,174.08571428568604,1.0,False
590,19.66666666666555,5.8657142857121745,175.97142857136524,1.0,False
591,19.69999999999888,5.903333333332072,177.09999999996214,1.0,False
592,19.73333333333221,5.875238095239045,176.25714285717132,1.0,False
593,19.766666666665543,5.836666666667963,175.10000000003885,1.0,False
594,19.799999999998875,5.82428571428613,174.72857142858393,1.0,False
595,19.833333333332206,5.811428571429007,174.3428571428702,1.0,False
596,19.866666666665537,5.812857142857092,174.38571428571277,1.0,False
597,19.89999999999887,5.82357142857107,174.70714285713208,1.0,False
598,19.9333333333322,5.81714285714308,174.5142857142924,1.0,False
599,19.96666666666553,5.805476190476587,174.1642857142976,0.888888895515405,True
600,19.999999999998863,5.837619047617951,175.12857142853852,0.9999999999962105,False
601,20.033333333332195,5.854523809523233,175.635714285697,1.0,False
602,20.066666666665526,5.867142857142424,176.01428571427272,1.0,False
603,20.099999999998857,5.835238095239189,175.05714285717568,1.0,False
604,20.13333333333219,5.848571428570967,175.45714285712904,1.0,False
605,20.16666666666552,5.855714285714037,175.6714285714211,1.0,False
606,20.19999999999885,5.87142857142803,176.1428571428409,1.0,False
607,20.233333333332183,5.847142857143692,175.41428571431078,1.0,False
608,20.266666666665515,5.847142857142857,175.41428571428574,1.0,False
609,20.299999999998846,5.829047619048246,174.87142857144735,1.0,False
610,20.333333333332178,5.833809523809357,175.0142857142807,1.0,False
611,20.36666666666551,5.850952380951783,175.52857142855353,1.0,False
612,20.39999999999884,5.851428571428556,175.5428571428567,1.0,True
613,20.433333333332172,5.810952380953792,174.32857142861377,1.0,False
614,20.466666666665503,5.828571428570812,174.85714285712436,1.0,False
615,20.499999999998835,5.866428571427247,175.9928571428174,1.0,False
616,20.533333333332166,5.906190476189085,177.18571428567253,1.0,False
617,20.566666666665498,5.894047619048045,176.82142857144132,1.0,True
618,20.59999999999883,5.862380952382068,175.87142857146205,1.0,False
619,20.63333333333216,5.837380952381829,175.12142857145486,1.0,False
620,20.666666666665492,5.853809523808942,175.61428571426828,1.0,False
621,20.699999999998823,5.887619047617854,176.62857142853562,1.0,False
622,20.733333333332155,5.8661904761912345,175.98571428573703,1.0,False
623,20.766666666665486,5.870476190476035,176.11428571428107,1.0,False
624,20.799999999998818,5.855714285714808,175.6714285714442,1.0,False
625,20.83333333333215,5.845238095238467,175.357142857154,1.0,False
626,20.86666666666548,5.833333333333752,175.00000000001256,1.0,False
627,20.899999999998812,5.846666666666195,175.39999999998585,1.0,False
628,20.933333333332143,5.859047619047179,175.77142857141538,1.0,False
629,20.966666666665475,5.86047619047614,175.8142857142842,1.0,False
630,20.999999999998806,5.892380952379812,176.77142857139432,1.0,False
631,21.033333333332138,5.8614285714296805,175.84285714289038,1.0,False
632,21.06666666666547,5.837142857143724,175.1142857143117,1.0,False
633,21.0999999999988,5.8197619047625215,174.59285714287566,1.0,False
634,21.133333333332132,5.817619047619129,174.52857142857385,1.0,False
635,21.166666666665463,5.830238095237638,174.90714285712914,1.0,True
636,21.199999999998795,5.843333333332862,175.29999999998586,1.0,False
637,21.233333333332126,5.848333333333156,175.44999999999467,1.0,False
638,21.266666666665458,5.850476190476108,175.51428571428326,1.0,False
639,21.29999999999879,5.865714285713731,175.97142857141196,1.0,False
640,21.33333333333212,5.8799999999994785,176.39999999998437,1.0,False
641,21.366666666665452,5.892857142856671,176.7857142857001,1.0,False
642,21.399999999998784,5.898095238095053,176.94285714285158,1.0,False
643,21.433333333332115,5.870714285715289,176.1214285714587,1.0,False
644,21.466666666665446,5.865238095238296,175.95714285714888,1.0,False
645,21.499999999998778,5.881666666666065,176.4499999999819,1.0,True
646,21.53333333333211,5.868095238095735,176.04285714287207,1.0,False
647,21.56666666666544,5.86357142857159,175.90714285714773,1.0,False
648,21.599999999998772,5.866190476190377,175.98571428571134,1.0,False
649,21.633333333332104,5.85857142857171,175.75714285715128,1.0,False
650,21.666666666665435,5.82833333333445,174.85000000003348,1.0,False
651,21.699999999998766,5.824523809523949,174.73571428571847,1.0,False
652,21.733333333332098,5.8373809523804745,175.12142857141424,1.0,True
653,21.76666666666543,5.862619047618111,175.87857142854332,1.0,True
654,21.79999999999876,5.853095238095592,175.59285714286779,1.0,False
655,21.833333333332092,5.823095238096354,174.6928571428906,1.0,False
656,21.866666666665424,5.838095238094675,175.14285714284026,1.0,False
657,21.899999999998755,5.859999999999187,175.79999999997563,1.0,False
658,21.933333333332087,5.892857142855918,176.78571428567756,1.0,False
659,21.966666666665418,5.8795238095243105,176.38571428572934,1.0,False
660,21.99999999999875,5.867142857143324,176.01428571429972,1.0,False
661,22.03333333333208,5.837619047620154,175.12857142860463,1.0,False
662,22.066666666665412,5.845714285713981,175.37142857141944,1.0,False
663,22.099999999998744,5.8204761904771445,174.61428571431432,1.0,False
664,22.133333333332075,5.788095238096458,173.64285714289375,1.0,False
665,22.166666666665407,5.766190476191302,172.98571428573905,1.0,False
666,22.199999999998738,5.775238095237753,173.25714285713258,1.0,False
667,22.23333333333207,5.808571428570163,174.2571428571049,1.0,False
668,22.2666666666654,5.85238095237929,175.57142857137873,1.0,False
669,22.299999999998732,5.840000000000473,175.2000000000142,1.0,False
670,22.333333333332064,5.842857142857029,175.28571428571087,1.0,False
671,22.366666666665395,5.824761904762593,174.74285714287782,1.0,False
672,22.399999999998727,5.813809523809939,174.4142857142982,1.0,False
673,22.433333333332058,5.775714285715736,173.27142857147211,1.0,False
674,22.46666666666539,5.801904761903758,174.05714285711275,1.0,False
675,22.49999999999872,5.768571428572706,173.0571428571812,1.0,False
676,22.533333333332052,5.7509523809530565,172.5285714285917,1.0,False
677,22.566666666665384,5.752380952380896,172.57142857142688,1.0,False
678,22.599999999998715,5.781904761903628,173.45714285710883,1.0,False
679,22.633333333332047,5.755238095239124,172.65714285717374,1.0,False
680,22.666666666665378,5.764761904761535,172.94285714284607,1.0,False
681,22.69999999999871,5.810476190474421,174.31428571423262,1.0,False
682,22.73333333333204,5.847857142855696,175.43571428567088,1.0,False
683,22.766666666665373,5.850476190476085,175.51428571428258,1.0,False
684,22.799999999998704,5.826904761905679,174.80714285717033,0.8888888955159496,True
685,22.833333333332035,5.843571428570776,175.3071428571233,0.9999999999956776,False
686,22.866666666665367,5.8678571428561925,176.03571428568577,1.0,False
687,22.8999999999987,5.903809523808122,177.11428571424366,1.0,True
688,22.93333333333203,5.870476190477493,176.1142857143248,1.0,False
689,22.96666666666536,5.860952380952751,175.82857142858253,0.9166666865381412,True
690,22.999999999998693,5.87190476190433,176.15714285712988,0.9999999999967315,False
691,23.033333333332024,5.902142857141672,177.06428571425013,1.0,False
692,23.066666666665355,5.925238095237186,177.75714285711558,0.9166666865381501,True
693,23.099999999998687,5.910476190476772,177.31428571430317,0.9999999999967137,False
694,23.13333333333202,5.8628571428590215,175.8857142857706,1.0,False
695,23.16666666666535,5.846190476191132,175.38571428573394,1.0,False
696,23.19999999999868,5.891428571426781,176.74285714280344,1.0,False
697,23.233333333332013,5.899523809523491,176.98571428570472,1.0,False
698,23.266666666665344,5.872857142858198,176.18571428574595,1.0,False
699,23.299999999998676,5.858095238095822,175.74285714287464,1.0,False
700,23.333333333332007,5.862380952380783,175.87142857142348,1.0,False
701,23.36666666666534,5.851428571429009,175.54285714287028,1.0,False
702,23.39999999999867,5.8880952380937694,176.64285714281309,1.0,False
703,23.433333333332,5.913571428570406,177.4071428571122,1.0,False
704,23.466666666665333,5.907619047619281,177.22857142857848,1.0,False
705,23.499999999998664,5.865000000001705,175.95000000005112,0.88888889551608,True
706,23.533333333331996,5.852142857143373,175.56428571430118,0.9999999999955472,False
707,23.566666666665327,5.860714285713938,175.82142857141812,1.0,False
708,23.59999999999866,5.871666666666226,176.1499999999868,1.0,True
709,23.63333333333199,5.880952380952006,176.4285714285602,1.0,False
710,23.66666666666532,5.90642857142754,177.1928571428262,1.0,False
711,23.699999999998653,5.931428571427563,177.94285714282688,1.0,False
712,23.733333333331984,5.905000000001071,177.15000000003215,0.8888888955161273,True
713,23.766666666665316,5.852857142859254,175.5857142857776,0.9999999999954999,False
714,23.799999999998647,5.851666666666713,175.55000000000138,1.0,True
715,23.83333333333198,5.863333333332861,175.8999999999858,1.0,False
716,23.86666666666531,5.883095238094437,176.4928571428331,0.9142857193981736,True
717,23.89999999999864,5.915952380951039,177.47857142853118,0.9999999999965102,False
718,23.933333333331973,5.95523809523649,178.65714285709473,1.0,False
719,23.966666666665304,5.972619047618335,179.17857142855004,0.9166666865382833,True
720,23.999999999998636,5.948095238096241,178.44285714288725,0.9999999999965894,False
721,24.033333333331967,5.915000000001354,177.4500000000406,1.0,False
722,24.0666666666653,5.876190476192066,176.28571428576197,1.0,True
723,24.09999999999863,5.8766666666666465,176.2999999999994,1.0,False
724,24.13333333333196,5.869047619047934,176.07142857143802,1.0,False
725,24.166666666665293,5.854285714286323,175.6285714285897,1.0,False
726,24.199999999998624,5.8657142857138105,175.97142857141432,1.0,False
727,24.233333333331956,5.898095238093899,176.94285714281696,1.0,False
728,24.266666666665287,5.901428571428435,177.04285714285302,1.0,False
729,24.29999999999862,5.876666666667691,176.30000000003076,1.0,False
730,24.33333333333195,5.856666666667496,175.7000000000249,1.0,False
731,24.36666666666528,5.8361904761913275,175.0857142857398,1.0,False
732,24.399999999998613,5.81809523809599,174.54285714287965,1.0,False
733,24.433333333331944,5.8433333333322794,175.2999999999684,1.0,False
734,24.466666666665276,5.8561904761899415,175.68571428569825,1.0,False
735,24.499999999998607,5.892857142855612,176.78571428566835,1.0,False
736,24.53333333333194,5.881904761905219,176.45714285715658,1.0,False
737,24.56666666666527,5.867619047619644,176.02857142858932,1.0,False
738,24.5999999999986,5.841428571429661,175.24285714288987,0.916666686538381,True
739,24.633333333331933,5.897619047616686,176.9285714285006,0.9999999999965006,False
740,24.666666666665265,5.899047619047559,176.97142857142677,1.0,False
741,24.699999999998596,5.858333333335048,175.75000000005141,1.0,False
742,24.733333333331927,5.813809523811398,174.41428571434196,1.0,False
743,24.76666666666526,5.824999999999528,174.74999999998582,1.0,True
744,24.79999999999859,5.827619047618937,174.8285714285681,1.0,False
745,24.83333333333192,5.818809523809897,174.5642857142969,1.0,False
746,24.866666666665253,5.826666666666331,174.79999999998995,1.0,False
747,24.899999999998585,5.82714285714284,174.81428571428518,1.0,False
748,24.933333333331916,5.8452380952373275,175.35714285711984,1.0,False
749,24.966666666665247,5.862619047618309,175.87857142854926,1.0,True
750,24.99999999999858,5.889047619046494,176.6714285713948,1.0,False
751,25.03333333333191,5.901666666666126,177.0499999999838,1.0,True
752,25.066666666665242,5.893809523809864,176.8142857142959,1.0,False
753,25.099999999998573,5.863571428572725,175.90714285718178,1.0,False
754,25.133333333331905,5.8600000000001495,175.8000000000045,1.0,False
755,25.166666666665236,5.912380952378702,177.37142857136106,1.0,False
756,25.199999999998568,5.902619047619471,177.07857142858416,1.0,False
757,25.2333333333319,5.881904761905653,176.4571428571696,1.0,False
758,25.26666666666523,5.875476190476467,176.264285714294,1.0,True
759,25.299999999998562,5.893333333332566,176.799999999977,1.0,False
760,25.333333333331893,5.860238095239524,175.8071428571857,1.0,False
761,25.366666666665225,5.862857142857029,175.8857142857109,1.0,False
762,25.399999999998556,5.897142857141371,176.91428571424112,1.0,False
763,25.433333333331888,5.926190476189216,177.78571428567648,1.0,False
764,25.46666666666522,5.89142857143008,176.7428571429024,1.0,False
765,25.49999999999855,5.854761904763498,175.64285714290494,1.0,False
766,25.533333333331882,5.849523809524038,175.48571428572114,1.0,False
767,25.566666666665213,5.91333333333055,177.39999999991647,1.0,False
768,25.599999999998545,5.91809523809503,177.5428571428509,1.0,False
769,25.633333333331876,5.8742857142876295,176.2285714286289,1.0,False
770,25.666666666665208,5.856190476191263,175.68571428573787,1.0,False
771,25.69999999999854,5.900476190474253,177.01428571422755,1.0,False
772,25.73333333333187,5.905714285714059,177.17142857142179,1.0,False
773,25.766666666665202,5.880952380953466,176.428571428604,1.0,False
774,25.799999999998533,5.885714285714076,176.57142857142227,1.0,False
775,25.833333333331865,5.91857142856998,177.55714285709942,1.0,False
776,25.866666666665196,5.904047619048259,177.12142857144775,1.0,False
777,25.899999999998528,5.8728571428585195,176.18571428575558,1.0,False
778,25.93333333333186,5.8288095238114686,174.86428571434408,0.8888888955165536,True
779,25.96666666666519,5.853333333332246,175.5999999999674,0.9999999999950854,False
780,25.999999999998522,5.884999999998596,176.54999999995786,1.0,False
781,26.033333333331854,5.85333333333474,175.60000000004223,1.0,False
782,26.066666666665185,5.888571428569846,176.6571428570954,1.0,False
783,26.099999999998516,5.9152380952369015,177.45714285710704,1.0,False
784,26.133333333331848,5.923809523809143,177.7142857142743,1.0,False
785,26.16666666666518,5.851666666669882,175.55000000009642,1.0,False
786,26.19999999999851,5.87666666666555,176.2999999999665,1.0,False
787,26.233333333331842,5.868809523809876,176.06428571429626,1.0,True
788,26.266666666665174,5.881428571428003,176.44285714284007,1.0,False
789,26.299999999998505,5.898809523808741,176.96428571426222,1.0,False
790,26.333333333331836,5.880000000000848,176.40000000002544,1.0,False
791,26.366666666665168,5.865238095238757,175.9571428571627,1.0,False
792,26.3999999999985,5.879523809523168,176.38571428569506,1.0,False
793,26.43333333333183,5.876190476190633,176.28571428571902,1.0,False
794,26.466666666665162,5.883333333333006,176.4999999999902,1.0,False
795,26.499999999998494,5.9116666666653845,177.3499999999615,1.0,False
796,26.533333333331825,5.919999999999625,177.59999999998874,1.0,False
797,26.566666666665157,5.91023809523853,177.3071428571559,0.9714285731328524,True
798,26.599999999998488,5.93738095237972,178.12142857139162,0.9999999999987027,False
799,26.63333333333182,5.945476190475822,178.36428571427467,1.0,True
800,26.66666666666515,5.96023809523742,178.8071428571226,1.0,True
801,26.699999999998482,5.960714285714268,178.82142857142802,1.0,False
802,26.733333333331814,5.920714285716113,177.6214285714834,1.0,False
803,26.766666666665145,5.913809523809834,177.41428571429503,0.9444444179560255,True
804,26.799999999998477,5.946190476188995,178.38571428566988,0.9999999999974598,False
805,26.833333333331808,5.931428571429248,177.94285714287744,0.9166666865386919,True
806,26.86666666666514,5.935714285714085,178.07142857142256,0.9999999999961808,False
807,26.89999999999847,5.977380952379046,179.32142857137137,1.0,False
808,26.933333333331802,5.972380952381189,179.17142857143565,1.0,False
809,26.966666666665134,5.911428571431372,177.34285714294117,1.0,False
810,26.999999999998465,5.897142857143511,176.91428571430535,1.0,False
811,27.033333333331797,5.918095238094273,177.54285714282818,1.0,False
812,27.066666666665128,5.9276190476186095,177.82857142855826,1.0,False
813,27.09999999999846,5.915238095238668,177.45714285716005,1.0,False
814,27.13333333333179,5.912857142857251,177.3857142857175,1.0,False
815,27.166666666665122,5.917619047618826,177.5285714285648,1.0,False
816,27.199999999998454,5.932380952380266,177.97142857140798,1.0,False
817,27.233333333331785,5.911904761905712,177.35714285717137,1.0,False
818,27.266666666665117,5.90904761904775,177.2714285714325,1.0,False
819,27.299999999998448,5.892380952381726,176.7714285714518,1.0,False
820,27.33333333333178,5.903333333332822,177.09999999998465,0.9166666865387629,True
821,27.36666666666511,5.908095238095013,177.24285714285037,0.9166666865348816,True
822,27.399999999998442,5.909523809523745,177.28571428571234,0.9999999999961098,False
823,27.433333333331774,5.896190476191101,176.88571428573303,1.0,False
824,27.466666666665105,5.896428571428561,176.89285714285683,1.0,False
825,27.499999999998437,5.887142857143293,176.6142857142988,1.0,False
826,27.53333333333177,5.875476190476738,176.26428571430213,1.0,True
827,27.5666666666651,5.90142857142735,177.0428571428205,1.0,False
828,27.59999999999843,5.930714285712909,177.92142857138728,1.0,False
829,27.633333333331763,5.9380952380948875,178.14285714284665,1.0,False
830,27.666666666665094,5.911190476191744,177.33571428575235,1.0,False
831,27.699999999998425,5.896190476191184,176.8857142857355,1.0,False
832,27.733333333331757,5.925476190474801,177.76428571424404,0.9166666865388251,True
833,27.76666666666509,5.971428571426398,179.14285714279194,0.9999999999960565,False
834,27.79999999999842,5.953928571429405,178.61785714288212,1.0,False
835,27.83333333333175,5.891190476193451,176.73571428580354,1.0,True
836,27.866666666665083,5.890952380952388,176.72857142857166,0.972222208978066,True
837,27.899999999998414,5.899285714285322,176.97857142855966,0.8888888955155885,True
838,27.933333333331746,5.887619047619607,176.62857142858823,0.9166666865335552,True
839,27.966666666665077,5.8616666666679045,175.85000000003714,0.9999999999960298,False
840,27.99999999999841,5.867738095237805,176.03214285713415,0.9166666865388606,True
841,28.03333333333174,5.8890476190466,176.67142857139802,0.9444444179521648,True
842,28.06666666666507,5.908095238094329,177.24285714282985,0.9999999999973473,False
843,28.099999999998403,5.894761904762547,176.8428571428764,1.0,False
844,28.133333333331734,5.884285714286214,176.52857142858645,1.0,False
845,28.166666666665066,5.904444444443473,177.1333333333042,0.8888888955169681,True
846,28.199999999998397,5.9117460317456825,177.35238095237045,0.999999999994659,True
847,28.23333333333173,5.872619047620932,176.17857142862798,1.0,False
848,28.26666666666506,5.840000000001571,175.2000000000471,1.0,False
849,28.29999999999839,5.8316666666670685,174.95000000001204,1.0,True
850,28.333333333331723,5.840476190475764,175.2142857142729,1.0,False
851,28.366666666665054,5.870238095236655,176.10714285709966,1.0,True
852,28.399999999998386,5.906190476188736,177.18571428566207,1.0,False
853,28.433333333331717,5.924761904761004,177.74285714283013,1.0,False
854,28.46666666666505,5.9103174603181605,177.30952380954483,0.8888888955170154,True
855,28.49999999999838,5.914920634920411,177.44761904761233,0.9166666865335316,True
856,28.53333333333171,5.912380952381075,177.37142857143226,0.9999999999959499,False
857,28.566666666665043,5.901904761905273,177.05714285715817,1.0,False
858,28.599999999998374,5.935714285712631,178.07142857137893,1.0,False
859,28.633333333331706,5.959523809522651,178.78571428567955,1.0,False
860,28.666666666665037,5.962380952380816,178.87142857142447,1.0,False
861,28.69999999999837,5.897619047622217,176.92857142866652,1.0,False
862,28.7333333333317,5.900952380952219,177.02857142856658,1.0,False
863,28.76666666666503,5.913047619047026,177.39142857141076,0.9142857193988861,True
864,28.799999999998363,5.954857142855092,178.64571428565273,0.9999999999957885,False
865,28.833333333331694,5.9711428571420555,179.13428571426167,0.9444444179562209,True
866,28.866666666665026,5.991428571427572,179.74285714282715,0.8888888955143628,True
867,28.899999999998357,5.97761904761973,179.3285714285919,0.9166666865335138,True
868,28.93333333333169,5.981238095237917,179.43714285713753,0.9999999999958789,True
869,28.96666666666502,5.953714285715649,178.61142857146947,1.0,False
870,28.99999999999835,5.9360000000008775,178.08000000002633,1.0,False
871,29.033333333331683,5.928333333333711,177.8500000000113,0.8823529481945999,True
872,29.066666666665014,5.948095238094265,178.4428571428279,0.9999999999941819,False
873,29.099999999998346,5.944285714285905,178.32857142857716,0.8888888955171458,True
874,29.133333333331677,5.944285714285713,178.3285714285714,0.9999999999944814,False
875,29.16666666666501,5.949047619047383,178.4714285714215,1.0,True
876,29.19999999999834,5.949047619047617,178.4714285714285,1.0,False
877,29.23333333333167,5.961666666666035,178.84999999998104,1.0,False
878,29.266666666665003,5.952380952381418,178.57142857144254,1.0,False
879,29.299999999998334,5.916428571430368,177.49285714291105,1.0,False
880,29.333333333331666,5.894285714286821,176.82857142860462,1.0,False
881,29.366666666664997,5.918333333332128,177.54999999996383,1.0,True
882,29.39999999999833,5.906190476191089,177.18571428573267,1.0,False
883,29.43333333333166,5.8959523809529,176.87857142858695,1.0,False
884,29.46666666666499,5.908095238094629,177.24285714283886,1.0,False
885,29.499999999998323,5.9385714285698965,178.1571428570969,1.0,False
886,29.533333333331655,5.947619047618592,178.42857142855777,0.9166666865390738,True
887,29.566666666664986,5.959523809523209,178.7857142856963,0.9999999999958078,False
888,29.599999999998317,5.9847619047606315,179.54285714281895,1.0,False
889,29.63333333333165,6.004285714284725,180.12857142854176,1.0,False
890,29.66666666666498,6.005238095238047,180.1571428571414,1.0,False
891,29.69999999999831,5.993333333333935,179.80000000001803,1.0,True
892,29.733333333331643,5.977619047619843,179.3285714285953,1.0,False
893,29.766666666664975,5.993333333332535,179.79999999997605,1.0,False
894,29.799999999998306,6.013809523808481,180.41428571425445,1.0,True
895,29.833333333331638,5.972857142859229,179.18571428577684,1.0,False
896,29.86666666666497,5.920476190478858,177.61428571436576,1.0,False
897,29.8999999999983,5.924761904761683,177.74285714285045,1.0,False
898,29.933333333331632,5.968333333331109,179.04999999993328,1.0,False
899,29.966666666664963,5.9809523809517335,179.42857142855198,1.0,False
900,29.999999999998295,5.991666666666117,179.74999999998352,1.0,True
901,30.033333333331626,5.983571428571842,179.50714285715526,1.0,False
902,30.066666666664958,5.942619047621144,178.27857142863434,1.0,False
903,30.09999999999829,5.950714285713864,178.5214285714159,0.9722222089781726,True
904,30.13333333333162,5.9414285714290545,178.24285714287163,0.999999999998573,False
905,30.166666666664952,5.946904761904482,178.40714285713446,1.0,False
906,30.199999999998283,5.941904761905019,178.25714285715057,1.0,False
907,30.233333333331615,5.98809523809286,179.64285714278577,1.0,False
908,30.266666666664946,5.967619047620104,179.02857142860313,1.0,False
909,30.299999999998278,5.9347619047636035,178.04285714290813,1.0,False
910,30.33333333333161,5.918571428572263,177.5571428571679,1.0,False
911,30.36666666666494,5.92857142857091,177.85714285712731,1.0,False
912,30.399999999998272,5.946190476189562,178.38571428568687,1.0,False
913,30.433333333331603,5.948571428571302,178.45714285713908,1.0,False
914,30.466666666664935,5.935714285714954,178.07142857144862,1.0,False
915,30.499999999998266,5.925714285714806,177.77142857144415,1.0,False
916,30.533333333331598,5.9090476190484855,177.27142857145452,1.0,False
917,30.56666666666493,5.894761904762649,176.84285714287944,1.0,False
918,30.59999999999826,5.8630952380968875,175.89285714290662,1.0,False
919,30.633333333331592,5.876666666665957,176.2999999999787,1.0,False
920,30.666666666664923,5.891190476189716,176.73571428569147,1.0,True
921,30.699999999998255,5.918571428569993,177.55714285709982,1.0,False
922,30.733333333331586,5.939285714284626,178.1785714285388,1.0,False
923,30.766666666664918,5.946428571428198,178.39285714284594,1.0,False
924,30.79999999999825,5.923809523810712,177.71428571432133,1.0,False
925,30.83333333333158,5.904761904762906,177.14285714288718,0.8888888955174655,True
926,30.866666666664912,5.902857142857243,177.0857142857173,0.9999999999941499,False
927,30.899999999998244,5.9119047619042835,177.3571428571285,1.0,True
928,30.933333333331575,5.904523809524198,177.13571428572592,1.0,False
929,30.966666666664906,5.867380952382913,176.02142857148738,1.0,False
930,30.999999999998238,5.858809523809975,175.76428571429923,1.0,True
931,31.03333333333157,5.909523809521128,177.28571428563382,1.0,False
932,31.0666666666649,5.954523809521432,178.63571428564293,1.0,False
933,31.099999999998232,5.965714285713693,178.9714285714108,0.97222220897822,True
934,31.133333333331564,5.950952380953164,178.52857142859494,0.805555582055355,True
935,31.166666666664895,5.94904761904772,178.47142857143163,0.9999999999896586,False
936,31.199999999998226,5.941428571428976,178.2428571428693,1.0,False
937,31.233333333331558,5.924761904762794,177.74285714288382,1.0,False
938,31.26666666666489,5.922857142857242,177.68571428571724,1.0,False
939,31.29999999999822,5.958095238093354,178.74285714280063,1.0,False
940,31.333333333331552,5.961190476190314,178.83571428570943,1.0,False
941,31.366666666664884,5.922857142859194,177.68571428577584,1.0,False
942,31.399999999998215,5.93071428571386,177.9214285714158,1.0,True
943,31.433333333331547,5.984285714282839,179.52857142848518,1.0,False
944,31.466666666664878,5.997857142856413,179.9357142856924,1.0,False
945,31.49999999999821,6.0047619047615335,180.14285714284597,1.0,False
946,31.53333333333154,6.003333333333409,180.1000000000023,1.0,False
947,31.566666666664872,6.021904761903759,180.65714285711277,1.0,False
948,31.599999999998204,5.963095238098406,178.89285714295215,1.0,False
949,31.633333333331535,5.918095238097664,177.5428571429299,1.0,False
950,31.666666666664867,5.855952380955734,175.678571428672,1.0,True
951,31.699999999998198,5.8799999999987,176.39999999996098,1.0,False
952,31.73333333333153,5.894523809523021,176.8357142856906,1.0,False
953,31.76666666666486,5.926666666664925,177.79999999994774,1.0,False
954,31.799999999998192,5.926904761904749,177.80714285714245,1.0,False
955,31.833333333331524,5.939047619046959,178.17142857140877,1.0,False
956,31.866666666664855,5.964047619046258,178.92142857138774,0.9722222089782555,True
957,31.899999999998187,5.9561904761909075,178.68571428572722,0.9999999999984901,False
958,31.933333333331518,5.9488095238099294,178.4642857142979,1.0,False
959,31.96666666666485,5.979047619045971,179.37142857137917,1.0,False
960,31.99999999999818,6.010476190474478,180.31428571423433,0.8888888955176905,True
961,32.03333333333151,5.986666666667964,179.60000000003893,0.9999999999939367,False
962,32.066666666664844,5.934285714288576,178.02857142865727,1.0,False
963,32.099999999998175,5.942380952380509,178.2714285714152,1.0,False
964,32.13333333333151,5.962619047617938,178.87857142853815,1.0,False
965,32.16666666666484,5.965238095237955,178.95714285713865,1.0,False
966,32.19999999999817,5.937857142858646,178.13571428575938,0.9166666865394646,True
967,32.2333333333315,5.920476190477146,177.61428571431438,0.999999999995417,False
968,32.26666666666483,5.93166666666605,177.9499999999815,1.0,False
969,32.299999999998164,5.939999999999541,178.19999999998623,1.0,False
970,32.333333333331495,5.92619047619124,177.7857142857372,1.0,False
971,32.36666666666483,5.899047619049116,176.9714285714735,1.0,False
972,32.39999999999816,5.892142857143238,176.7642857142971,1.0,False
973,32.43333333333149,5.899999999999567,176.99999999998698,1.0,False
974,32.46666666666482,5.888809523810143,176.6642857143043,0.8888888955177853,True
975,32.49999999999815,5.893333333333082,176.79999999999245,0.9999999999938419,False
976,32.533333333331484,5.905952380951681,177.1785714285504,1.0,False
977,32.566666666664815,5.9280952380940075,177.84285714282024,1.0,False
978,32.59999999999815,5.9076190476201855,177.2285714286056,1.0,False
979,32.63333333333148,5.929047619046425,177.87142857139276,1.0,False
980,32.66666666666481,5.933333333333099,177.99999999999298,1.0,False
981,32.69999999999814,5.9523809523798965,178.57142857139686,1.0,False
982,32.73333333333147,5.93285714285823,177.98571428574692,1.0,False
983,32.766666666664804,5.936904761904535,178.10714285713604,1.0,False
984,32.799999999998136,5.916666666667797,177.5000000000339,1.0,False
985,32.83333333333147,5.909047619048044,177.27142857144133,1.0,True
986,32.8666666666648,5.923809523808695,177.71428571426085,1.0,False
987,32.89999999999813,5.923809523809523,177.7142857142857,1.0,True
988,32.93333333333146,5.914285714286247,177.4285714285874,1.0,False
989,32.96666666666479,5.918809523809265,177.56428571427796,1.0,False
990,32.999999999998124,5.939999999998808,178.19999999996423,1.0,False
991,33.033333333331456,5.937619047619181,178.1285714285754,1.0,False
992,33.06666666666479,5.912380952382374,177.3714285714712,1.0,False
993,33.09999999999812,5.915714285714096,177.47142857142288,1.0,False
994,33.13333333333145,5.910476190476486,177.3142857142946,1.0,False
995,33.16666666666478,5.896190476191283,176.8857142857385,1.0,False
996,33.19999999999811,5.886190476191038,176.58571428573114,1.0,False
997,33.233333333331444,5.9138095238079575,177.41428571423873,1.0,False
998,33.266666666664776,5.924761904761284,177.74285714283852,1.0,False
999,33.29999999999811,5.929523809523537,177.88571428570611,1.0,False
1000,33.33333333333144,5.947142857141852,178.41428571425558,1.0,False
1001,33.36666666666477,5.9609523809515945,178.82857142854786,1.0,False
1002,33.3999999999981,5.929047619049435,177.87142857148305,1.0,False
1003,33.43333333333143,5.89833333333508,176.95000000005237,1.0,False
1004,33.466666666664764,5.888571428571982,176.65714285715944,1.0,False
1005,33.499999999998096,5.89309523809498,176.79285714284939,1.0,True
1006,33.53333333333143,5.907142857142055,177.21428571426162,1.0,False
1007,33.56666666666476,5.947857142854813,178.4357142856444,1.0,False
1008,33.59999999999809,5.980476190474323,179.4142857142297,1.0,False
1009,33.63333333333142,5.95666666666803,178.70000000004092,1.0,True
1010,33.66666666666475,5.907142857145698,177.21428571437093,1.0,False
1011,33.699999999998084,5.91142857142832,177.3428571428496,1.0,False
1012,33.733333333331416,6.0057142857088595,180.17142857126578,1.0,False
1013,33.76666666666475,6.068571428567809,182.0571428570343,1.0,False
1014,33.79999999999808,6.057619047619678,181.72857142859033,1.0,False
1015,33.83333333333141,5.9807142857187205,179.42142857156165,1.0,False
1016,33.86666666666474,5.936666666669211,178.10000000007636,1.0,False
1017,33.89999999999807,5.9185714285724735,177.5571428571742,1.0,True
1018,33.933333333331404,5.927619047618526,177.82857142855576,1.0,False
1019,33.966666666664736,5.935714285713816,178.07142857141446,1.0,True
1020,33.99999999999807,5.9385714285712625,178.15714285713784,1.0,False
1021,34.0333333333314,5.939761904761835,178.19285714285505,1.0,True
1022,34.06666666666473,5.931904761905217,177.95714285715653,1.0,False
1023,34.09999999999806,5.934761904761738,178.04285714285214,1.0,False
1024,34.13333333333139,5.927619047619464,177.8285714285839,1.0,False
1025,34.166666666664725,5.91952380952428,177.58571428572841,1.0,False
1026,34.199999999998056,5.945476190474674,178.3642857142402,1.0,False
1027,34.23333333333139,5.984285714283447,179.52857142850343,1.0,False
1028,34.26666666666472,5.993095238094724,179.7928571428417,1.0,True
1029,34.29999999999805,5.972380952382162,179.17142857146484,1.0,False
1030,34.33333333333138,5.963809523810024,178.91428571430072,1.0,False
1031,34.36666666666471,5.971666666666207,179.14999999998616,1.0,False
1032,34.399999999998045,5.96500000000039,178.9500000000117,1.0,True
1033,34.433333333331376,5.95023809523896,178.5071428571688,0.9166666865397666,True
1034,34.46666666666471,5.924761904763401,177.742857142902,0.9999999999950973,False
1035,34.49999999999804,5.931666666666261,177.94999999998782,1.0,False
1036,34.53333333333137,5.946904761903864,178.4071428571159,1.0,True
1037,34.5666666666647,5.943571428571627,178.3071428571488,1.0,False
1038,34.59999999999803,5.932380952381611,177.9714285714483,1.0,False
1039,34.633333333331365,5.95404761904634,178.6214285713902,1.0,True
1040,34.666666666664696,5.9845238095220115,179.5357142856603,1.0,True
1041,34.69999999999803,5.9883333333331095,179.64999999999327,1.0,False
1042,34.73333333333136,5.989761904761818,179.69285714285456,1.0,False
1043,34.76666666666469,5.951904761907006,178.55714285721018,1.0,False
1044,34.79999999999802,5.958571428571023,178.7571428571307,1.0,False
1045,34.83333333333135,5.955238095238287,178.6571428571486,1.0,False
1046,34.866666666664685,5.973333333332259,179.19999999996776,1.0,False
1047,34.899999999998016,5.950952380953711,178.52857142861134,1.0,False
1048,34.93333333333135,5.976666666665135,179.29999999995405,1.0,True
1049,34.96666666666468,5.936666666669053,178.1000000000716,1.0,False
1050,34.99999999999801,5.931904761905045,177.95714285715138,1.0,False
1051,35.03333333333134,5.944761904761137,178.3428571428341,1.0,False
1052,35.06666666666467,5.983809523807191,179.51428571421573,0.9714285731332665,True
1053,35.099999999998005,5.970476190476986,179.11428571430955,0.9444444179551075,True
1054,35.133333333331336,5.987619047618025,179.6285714285407,0.9999999999966723,False
1055,35.16666666666467,6.1180952380874025,183.54285714262207,1.0,False
1056,35.199999999998,6.211904761899128,186.35714285697384,1.0,False
1057,35.23333333333133,6.099047619054401,182.97142857163206,0.9166666865398909,False
1058,35.26666666666466,5.705714285737933,171.171428572138,5.510259035364474e-11,True
1059,35.29999999999799,5.487619047632145,164.62857142896434,0.9444444178967188,False
1060,35.333333333331325,5.547857142853488,166.4357142856046,0.7500000000117298,True
1061,35.366666666664656,5.818571428555104,174.55714285665312,0.9999999999849187,True
1062,35.39999999999799,5.960238095229547,178.8071428568864,1.0,True
1063,35.43333333333132,5.955238095238405,178.65714285715217,1.0,False
1064,35.46666666666465,5.941904761905563,178.25714285716688,1.0,False
1065,35.49999999999798,5.98190476190234,179.45714285707018,1.0,False
1066,35.53333333333131,6.0521428571386044,181.56428571415813,1.0,True
1067,35.566666666664645,6.058095238094877,181.7428571428463,1.0,False
1068,35.599999999997976,6.029285714287467,180.878571428624,1.0,False
1069,35.63333333333131,6.010952380953493,180.3285714286048,1.0,False
1070,35.66666666666464,6.005714285714608,180.1714285714382,1.0,False
1071,35.69999999999797,6.062380952377504,181.8714285713251,1.0,False
1072,35.7333333333313,6.052142857143479,181.56428571430436,1.0,False
1073,35.766666666664634,6.0300000000013485,180.90000000004045,1.0,False
1074,35.799999999997965,5.960714285718512,178.82142857155537,1.0,True
1075,35.833333333331296,5.94476190476288,178.3428571428864,1.0,False
1076,35.86666666666463,5.9421428571430175,178.26428571429054,1.0,False
1077,35.89999999999796,5.9780952380930374,179.34285714279113,1.0,False
1078,35.93333333333129,5.9995238095225,179.985714285675,1.0,False
1079,35.96666666666462,6.011428571427843,180.3428571428353,1.0,False
1080,35.999999999997954,6.020952380951795,180.62857142855384,1.0,False
1081,36.033333333331285,6.0047619047629,180.142857142887,1.0,False
1082,36.06666666666462,6.012380952380476,180.37142857141427,1.0,False
1083,36.09999999999795,6.038095238093648,181.14285714280945,1.0,False
1084,36.13333333333128,6.039999999999884,181.19999999999652,1.0,False
1085,36.16666666666461,5.9916666666696425,179.75000000008927,1.0,False
1086,36.19999999999794,5.966190476192045,178.98571428576133,1.0,False
1087,36.233333333331274,5.9864285714273215,179.59285714281964,1.0,True
1088,36.266666666664605,6.015238095236313,180.4571428570894,1.0,False
1089,36.29999999999794,6.040714285712712,181.22142857138135,1.0,False
1090,36.33333333333127,6.0347619047622745,181.04285714286826,1.0,False
1091,36.3666666666646,6.057619047617629,181.72857142852885,1.0,True
1092,36.39999999999793,6.050000000000473,181.5000000000142,1.0,False
1093,36.43333333333126,6.05857142857089,181.75714285712667,1.0,False
1094,36.466666666664594,6.033333333334895,181.00000000004687,1.0,False
1095,36.499999999997925,6.055238095236733,181.657142857102,1.0,False
1096,36.53333333333126,6.010000000002817,180.3000000000845,1.0,False
1097,36.56666666666459,6.029047619046425,180.87142857139273,1.0,False
1098,36.59999999999792,6.051904761903328,181.55714285709985,1.0,False
1099,36.63333333333125,6.0933333333307464,182.7999999999224,1.0,False
1100,36.66666666666458,6.076904761905789,182.3071428571737,1.0,False
1101,36.699999999997914,6.078095238095163,182.34285714285488,1.0,False
1102,36.733333333331245,6.080238095237961,182.4071428571388,0.9722222089784864,True
1103,36.76666666666458,6.094761904760993,182.8428571428298,0.9999999999982592,False
1104,36.79999999999791,6.096428571428467,182.89285714285398,1.0,False
1105,36.83333333333124,6.0438095238128335,181.31428571438497,1.0,False
1106,36.86666666666457,5.9814285714324935,179.4428571429748,1.0,False
1107,36.8999999999979,5.983333333333213,179.49999999999633,1.0,False
1108,36.933333333331234,6.0019047619035995,180.05714285710798,1.0,False
1109,36.966666666664565,6.000952380952444,180.02857142857331,1.0,False
1110,36.9999999999979,6.003095238095102,180.09285714285303,0.9444444179569965,True
1111,37.03333333333123,6.005238095237959,180.15714285713878,0.9999999999964947,False
1112,37.06666666666456,5.972619047621105,179.17857142863318,1.0,True
1113,37.09999999999789,5.965238095238558,178.95714285715673,1.0,False
1114,37.13333333333122,5.99928571428356,179.97857142850677,1.0,False
1115,37.166666666664554,6.030476190474214,180.91428571422642,1.0,False
1116,37.199999999997885,6.056428571426924,181.69285714280772,1.0,False
1117,37.23333333333122,6.0552380952381695,181.6571428571451,1.0,False
1118,37.26666666666455,6.029285714287362,180.8785714286209,0.9444444179570203,True
1119,37.29999999999788,6.004761904763462,180.14285714290384,0.9999999999964709,False
1120,37.33333333333121,6.019285714284787,180.57857142854363,1.0,False
1121,37.36666666666454,6.030634920634197,180.91904761902592,0.944444417957032,True
1122,37.399999999997874,6.038888888888361,181.16666666665085,0.9999999999964592,True
1123,37.433333333331205,6.034761904762169,181.04285714286505,1.0,False
1124,37.46666666666454,6.049523809522868,181.48571428568602,1.0,False
1125,37.49999999999787,6.037936507937248,181.13809523811744,0.9166666865402107,True
1126,37.5333333333312,6.017301587302907,180.51904761908722,0.9444444179517149,True
1127,37.56666666666453,6.013333333333582,180.40000000000748,0.9999999999964473,False
1128,37.59999999999786,6.03047619047509,180.9142857142527,1.0,False
1129,37.633333333331194,6.050476190474906,181.51428571424717,1.0,True
1130,37.666666666664526,6.0371428571437145,181.11428571431145,1.0,False
1131,37.69999999999786,5.987142857146077,179.6142857143823,1.0,False
1132,37.73333333333119,5.970476190477263,179.11428571431787,1.0,False
1133,37.76666666666452,6.0357142857100845,181.07142857130253,0.9444444179570676,True
1134,37.79999999999785,6.092380952377309,182.77142857131923,0.9999999999964236,False
1135,37.83333333333118,6.112380952379663,183.37142857138988,1.0,False
1136,37.866666666664514,6.0523809523848255,181.57142857154477,1.0,False
1137,37.899999999997846,6.007142857145779,180.21428571437337,1.0,False
1138,37.93333333333118,5.980714285715989,179.42142857147968,1.0,False
1139,37.96666666666451,6.03190476190145,180.95714285704352,1.0,False
1140,37.99999999999784,6.0373809523805955,181.12142857141788,1.0,True
1141,38.03333333333117,6.049047619046861,181.47142857140582,1.0,False
1142,38.0666666666645,6.033095238096277,180.9928571428883,1.0,False
1143,38.099999999997834,6.076666666663836,182.29999999991506,1.0,False
1144,38.133333333331166,6.078571428571305,182.3571428571391,1.0,False
1145,38.1666666666645,6.089047619046934,182.67142857140803,1.0,False
1146,38.19999999999783,6.028095238099202,180.84285714297607,1.0,False
1147,38.23333333333116,6.034285714285312,181.02857142855936,1.0,False
1148,38.26666666666449,6.003333333335352,180.10000000006056,1.0,False
1149,38.29999999999782,5.972380952382974,179.1714285714892,1.0,False
1150,38.333333333331154,5.981428571427973,179.4428571428392,1.0,False
1151,38.366666666664486,6.0252380952352285,180.75714285705683,1.0,False
1152,38.39999999999782,6.055476190474211,181.66428571422634,1.0,False
1153,38.43333333333115,6.0442857142864455,181.32857142859336,1.0,False
1154,38.46666666666448,6.064047619046323,181.9214285713897,1.0,True
1155,38.49999999999781,6.055238095238672,181.65714285716018,1.0,False
1156,38.53333333333114,6.019523809526154,180.5857142857846,1.0,False
1157,38.566666666664474,5.997619047620483,179.92857142861448,1.0,False
1158,38.599999999997806,5.985476190476988,179.56428571430965,0.9444444179571505,True
1159,38.63333333333114,5.983809523809635,179.51428571428903,0.9999999999963407,False
1160,38.66666666666447,6.00928571428403,180.2785714285209,1.0,False
1161,38.6999999999978,6.008571428571479,180.25714285714434,1.0,False
1162,38.73333333333113,6.0071428571429495,180.21428571428848,1.0,False
1163,38.76666666666446,5.950952380956096,178.52857142868285,1.0,False
1164,38.799999999997794,5.9623809523801885,178.87142857140566,1.0,False
1165,38.833333333331126,5.986190476188888,179.58571428566663,1.0,False
1166,38.86666666666446,6.05936507936023,181.78095238080687,1.0,True
1167,38.89999999999779,6.055873015873247,181.6761904761974,0.8888888955189932,True
1168,38.93333333333112,6.040238095239132,181.20714285717392,0.999999999992634,False
1169,38.96666666666445,6.030952380952996,180.92857142858986,1.0,False
1170,38.99999999999778,6.051666666665289,181.54999999995866,0.944444417957186,True
1171,39.033333333331115,6.042857142857728,181.28571428573184,0.9999999999963052,False
1172,39.066666666664446,6.0240476190488685,180.72142857146605,1.0,False
1173,39.09999999999778,5.994444444446414,179.83333333339243,0.9428571462669352,True
1174,39.13333333333111,6.005555555554815,180.16666666664443,0.888888895515228,True
1175,39.16666666666444,6.007619047618911,180.2285714285673,0.9999999999925867,False
1176,39.19999999999777,5.955714285717762,178.67142857153286,1.0,False
1177,39.2333333333311,5.947619047619588,178.42857142858762,1.0,False
1178,39.266666666664435,5.969047619046186,179.07142857138558,1.0,False
1179,39.299999999997766,6.0507142857088105,181.52142857126432,1.0,False
1180,39.3333333333311,6.062380952380163,181.8714285714049,1.0,False
1181,39.36666666666443,6.076428571427628,182.29285714282884,1.0,True
1182,39.39999999999776,6.026984126987447,180.80952380962339,0.9166666865404771,True
1183,39.43333333333109,6.014206349207204,180.42619047621614,0.8888888955134924,True
1184,39.46666666666442,5.994285714287053,179.82857142861158,0.9999999999925157,False
1185,39.499999999997755,5.985000000000626,179.55000000001877,1.0,False
1186,39.533333333331086,5.950952380954674,178.5285714286402,1.0,False
1187,39.56666666666442,5.937857142858024,178.1357142857407,0.9428571462669717,True
1188,39.59999999999775,5.930476190476686,177.91428571430058,0.9999999999961388,False
1189,39.63333333333108,5.921190476191105,177.63571428573314,1.0,False
1190,39.66666666666441,5.918571428571602,177.55714285714808,1.0,False
1191,39.69999999999774,5.95428571428329,178.6285714284987,1.0,False
1192,39.733333333331075,5.937619047620177,178.1285714286053,1.0,False
1193,39.766666666664406,5.904285714287974,177.12857142863922,1.0,False
1194,39.79999999999774,5.911904761904242,177.35714285712726,1.0,False
1195,39.83333333333107,5.980476190471536,179.41428571414608,1.0,False
1196,39.8666666666644,6.007142857141042,180.21428571423127,1.0,False
1197,39.89999999999773,6.003809523809751,180.11428571429252,1.0,False
1198,39.93333333333106,5.996190476190993,179.8857142857298,1.0,True
1199,39.966666666664395,5.997142857142789,179.91428571428366,1.0,False
1200,39.999999999997726,6.012380952379913,180.3714285713974,1.0,False
1201,40.03333333333106,6.028095238094164,180.84285714282493,1.0,False
1202,40.06666666666439,6.010476190477397,180.31428571432193,1.0,False
1203,40.09999999999772,5.98809523809677,179.6428571429031,1.0,False
1204,40.13333333333105,5.979047619048237,179.37142857144713,1.0,False
1205,40.16666666666438,5.987142857142305,179.61428571426916,1.0,False
1206,40.199999999997715,6.01476190476001,180.4428571428003,0.9444444179573045,True
1207,40.233333333331046,6.001428571429486,180.04285714288457,0.9999999999961867,False
1208,40.26666666666438,5.993492063492608,179.80476190477825,1.0,False
1209,40.29999999999771,5.980158730159645,179.40476190478932,6.863842827442958e-11,True
1210,40.33333333333104,6.012751322749083,180.38253968247253,0.0,True
1211,40.36666666666437,6.01851851851812,180.5555555555436,0.0,True
1212,40.3999999999977,6.033492063491032,181.00476190473094,0.0,True
1213,40.433333333331035,6.025608465609011,180.76825396827033,0.9411764740295893,True
1214,40.466666666664366,5.963915343919605,178.91746031758817,0.9999999999959374,True
1215,40.4999999999977,5.986507936506375,179.59523809519126,0.916666686540637,True
1216,40.53333333333103,6.051957671953149,181.55873015859447,0.9999999999942446,True
1217,40.56666666666436,6.072486772485358,182.17460317456073,0.8857142925341382,True
1218,40.59999999999769,5.986031746037726,179.5809523811318,0.9999999999920826,False
1219,40.633333333331024,5.963650793652345,178.90952380957035,1.0,False
1220,40.666666666664355,5.964761904761829,178.9428571428549,1.0,False
1221,40.69999999999769,5.952857142857973,178.5857142857392,1.0,False
1222,40.73333333333102,5.943333333333994,178.30000000001982,1.0,False
1223,40.76666666666435,5.981904761902081,179.45714285706245,0.9166666865406725,True
1224,40.79999999999768,6.031904761901285,180.95714285703855,0.9999999999942091,False
1225,40.83333333333101,6.0197619047627535,180.5928571428826,1.0,False
1226,40.866666666664344,5.957142857147221,178.71428571441663,1.0,False
1227,40.899999999997675,5.919761904764511,177.5928571429353,1.0,True
1228,40.93333333333101,5.947142857140945,178.41428571422833,1.0,False
1229,40.96666666666434,5.97261904761727,179.17857142851807,1.0,False
1230,40.99999999999767,5.948571428573109,178.45714285719325,0.9142857194006767,True
1231,41.033333333331,5.940952380952912,178.22857142858734,0.9999999999940071,False
1232,41.06666666666433,5.930238095238849,177.9071428571655,1.0,False
1233,41.099999999997664,5.924285714286135,177.72857142858405,1.0,False
1234,41.133333333330995,5.96023809523557,178.80714285706708,0.914285719400695,True
1235,41.16666666666433,5.9719047619039545,179.15714285711863,0.9999999999939888,False
1236,41.19999999999766,5.967857142857434,179.035714285723,1.0,False
1237,41.23333333333099,5.9376190476211725,178.12857142863518,1.0,False
1238,41.26666666666432,5.947619047618345,178.42857142855036,1.0,False
1239,41.29999999999765,5.9419047619051595,178.25714285715478,1.0,False
1240,41.333333333330984,5.999999999995902,179.99999999987705,1.0,False
1241,41.366666666664315,6.034285714283294,181.02857142849885,1.0,False
1242,41.39999999999765,6.005714285716301,180.17142857148903,1.0,False
1243,41.43333333333098,5.951428571432404,178.54285714297208,1.0,False
1244,41.46666666666431,5.941904761905433,178.25714285716296,1.0,False
1245,41.49999999999764,5.9595238095225636,178.78571428567687,1.0,False
1246,41.53333333333097,5.96238095238075,178.87142857142248,1.0,False
1247,41.566666666664304,5.931904761906921,177.9571428572076,0.8888888955194906,True
1248,41.599999999997635,5.940952380951736,178.22857142855207,0.999999999992113,False
1249,41.63333333333097,5.939047619047756,178.1714285714327,1.0,False
1250,41.6666666666643,5.969523809521638,179.08571428564912,1.0,False
1251,41.69999999999763,5.9723809523807425,179.17142857142227,1.0,False
1252,41.73333333333096,5.99238095237953,179.77142857138588,1.0,False
1253,41.76666666666429,5.9466666666699215,178.40000000009763,0.8888888955195379,True
1254,41.799999999997624,5.938809523810081,178.16428571430242,0.9999999999920893,False
1255,41.833333333330955,5.938571428571441,178.15714285714327,1.0,False
1256,41.86666666666429,5.928809523810221,177.86428571430662,0.8888888955195616,True
1257,41.89999999999762,5.922857142857569,177.6857142857271,0.9999999999920656,False
1258,41.93333333333095,5.991190476185587,179.7357142855676,0.9411764740985913,True
1259,41.96666666666428,6.0519047619004205,181.5571428570126,0.9999999999957869,False
1260,41.99999999999761,5.997142857146778,179.91428571440332,1.0,False
1261,42.033333333330944,5.944285714289499,178.32857142868497,1.0,False
1262,42.066666666664275,5.933333333334122,178.00000000002368,1.0,False
1263,42.09999999999761,5.9733333333304675,179.19999999991404,1.0,False
1264,42.13333333333094,6.003809523807331,180.11428571421993,1.0,False
1265,42.16666666666427,6.0104761904757185,180.31428571427156,1.0,False
1266,42.1999999999976,5.966190476193666,178.98571428581,1.0,False
1267,42.23333333333093,5.901904761909393,177.0571428572818,1.0,False
1268,42.266666666664264,5.898809523809747,176.9642857142924,0.9444444179574939,True
1269,42.299999999997596,5.921904761903095,177.65714285709285,0.9999999999959973,False
1270,42.33333333333093,5.938333333332152,178.14999999996456,1.0,True
1271,42.36666666666426,5.927142857143664,177.81428571430993,1.0,False
1272,42.39999999999759,5.952142857141048,178.56428571423143,1.0,False
1273,42.43333333333092,5.934761904763172,178.04285714289517,1.0,False
1274,42.46666666666425,5.912857142858731,177.38571428576194,1.0,False
1275,42.499999999997584,5.952380952378087,178.5714285713426,1.0,False
1276,42.533333333330916,5.966666666665632,178.99999999996894,1.0,False
1277,42.56666666666425,5.906428571432935,177.19285714298803,1.0,False
1278,42.59999999999758,5.885714285715777,176.57142857147332,1.0,False
1279,42.63333333333091,5.925952380949459,177.7785714284838,1.0,True
1280,42.66666666666424,5.936666666665885,178.09999999997655,1.0,False
1281,42.69999999999757,5.935000000000119,178.05000000000354,1.0,False
1282,42.733333333330904,5.937619047618857,178.12857142856572,1.0,True
1283,42.766666666664236,5.94619047618985,178.38571428569549,1.0,False
1284,42.79999999999757,5.9352380952388994,178.05714285716698,1.0,False
1285,42.8333333333309,5.941428571428121,178.24285714284363,1.0,False
1286,42.86666666666423,5.929047619048523,177.87142857145568,1.0,False
1287,42.89999999999756,5.939047619046888,178.17142857140664,1.0,False
1288,42.93333333333089,5.932698412698875,177.98095238096624,1.0,True
1289,42.966666666664224,5.968730158727519,179.06190476182556,0.8857142925346254,True
1290,42.999999999997556,5.962380952381418,178.8714285714425,0.9999999999916197,False
1291,43.03333333333089,5.9354761904781626,178.0642857143449,1.0,False
1292,43.06666666666422,5.911428571430333,177.34285714291002,1.0,False
1293,43.09999999999755,5.922777777776943,177.6833333333083,0.911764681345753,True
1294,43.13333333333088,5.910555555556454,177.3166666666936,0.8888888955133095,True
1295,43.16666666666421,5.895952380953454,176.8785714286036,0.9999999999918288,False
1296,43.199999999997544,5.889126984127484,176.67380952382453,1.0,True
1297,43.233333333330876,5.925873015870306,177.77619047610918,0.8888888955198221,True
1298,43.26666666666421,5.944999999998588,178.34999999995765,0.9999999999918051,False
1299,43.29999999999754,5.95095238095194,178.52857142855822,1.0,True
1300,43.33333333333087,5.91761904762151,177.52857142864528,1.0,False
1301,43.3666666666642,5.887619047621267,176.62857142863797,1.0,False
1302,43.39999999999753,5.906190476189102,177.18571428567304,1.0,False
1303,43.433333333330864,5.960476190472174,178.81428571416524,1.0,False
1304,43.466666666664196,5.953809523810025,178.61428571430073,0.8888888955198695,True
1305,43.49999999999753,5.919047619050195,177.57142857150583,0.9999999999917577,False
1306,43.53333333333086,5.904761904762964,177.14285714288891,1.0,True
1307,43.56666666666419,5.912857142856542,177.38571428569625,1.0,False
1308,43.59999999999752,5.895714285715558,176.8714285714667,1.0,False
1309,43.63333333333085,5.902857142856612,177.08571428569837,1.0,False
1310,43.666666666664185,5.916666666665638,177.49999999996913,1.0,False
1311,43.699999999997516,5.929047619046696,177.8714285714009,1.0,False
1312,43.73333333333085,5.927619047619153,177.8285714285746,1.0,False
1313,43.76666666666418,5.987142857138414,179.6142857141524,1.0,False
1314,43.79999999999751,6.031904761901427,180.95714285704284,1.0,False
1315,43.83333333333084,6.025000000000526,180.75000000001577,1.0,False
1316,43.86666666666417,5.969523809527957,179.08571428583872,1.0,False
1317,43.899999999997505,5.949761904763383,178.4928571429015,0.9444444179576479,True
1318,43.933333333330836,5.913095238097984,177.39285714293956,0.9999999999958433,False
1319,43.96666666666417,5.9026190476198295,177.07857142859493,1.0,False
1320,43.9999999999975,5.928809523807558,177.86428571422675,1.0,True
1321,44.03333333333083,5.9414285714276245,178.24285714282874,1.0,False
1322,44.06666666666416,5.937380952381252,178.12142857143755,1.0,False
1323,44.09999999999749,5.920000000001305,177.60000000003913,1.0,False
1324,44.133333333330825,5.962380952377763,178.8714285713329,1.0,False
1325,44.166666666664156,5.986190476188687,179.58571428566066,1.0,False
1326,44.19999999999749,6.015476190473989,180.46428571421967,1.0,False
1327,44.23333333333082,5.980000000002675,179.4000000000802,1.0,False
1328,44.26666666666415,5.955952380954193,178.67857142862582,0.8529411554447518,True
1329,44.29999999999748,5.868571428578032,176.05714285734092,0.999999999988903,False
1330,44.33333333333081,5.85285714285833,175.58571428574987,1.0,False
1331,44.366666666664145,5.897619047615661,176.9285714284698,1.0,False
1332,44.399999999997476,5.990476190469162,179.71428571407486,0.911764681345941,True
1333,44.43333333333081,5.9971428571423555,179.91428571427068,0.999999999993323,False
1334,44.46666666666414,5.984206349207334,179.52619047622,1.0,True
1335,44.49999999999747,5.97222222222313,179.1666666666939,0.9166666865412054,True
1336,44.5333333333308,5.985952380951339,179.57857142854016,0.9722222089725298,True
1337,44.56666666666413,6.003015873014576,180.09047619043727,0.999999999997892,True
1338,44.599999999997465,5.993412698413429,179.80238095240284,0.9444444179577189,True
1339,44.633333333330796,6.024285714283363,180.72857142850086,0.9999999999957723,False
1340,44.66666666666413,6.015238095238792,180.45714285716375,1.0,True
1341,44.69999999999746,6.049047619045045,181.47142857135137,1.0,False
1342,44.73333333333079,6.0507142857141565,181.52142857142468,1.0,False
1343,44.76666666666412,6.072857142855452,182.18571428566352,1.0,True
1344,44.79999999999745,6.019047619051729,180.57142857155185,1.0,False
1345,44.833333333330785,5.999761904763379,179.9928571429014,1.0,False
1346,44.866666666664116,5.988571428572285,179.65714285716854,1.0,False
1347,44.89999999999745,5.99880952380874,179.9642857142622,1.0,True
1348,44.93333333333078,5.992857142857599,179.78571428572798,1.0,False
1349,44.96666666666411,5.987619047619449,179.6285714285835,1.0,False
1350,44.99999999999744,5.984761904762124,179.5428571428637,1.0,False
1351,45.03333333333077,5.983095238095367,179.49285714286103,0.9444444179577545,True
1352,45.066666666664105,6.000476190474853,180.01428571424557,0.9999999999957367,False
1353,45.099999999997436,6.014047619046574,180.4214285713972,1.0,False
1354,45.13333333333077,6.032857142855694,180.98571428567084,1.0,False
1355,45.1666666666641,6.013809523810992,180.4142857143298,1.0,False
1356,45.19999999999743,6.016349206349012,180.49047619047036,1.0,True
1357,45.23333333333076,6.028412698411767,180.852380952353,0.9444444179577781,True
1358,45.266666666664094,6.046666666665257,181.39999999995774,0.9999999999957131,False
1359,45.299999999997425,6.042857142857435,181.28571428572306,1.0,False
1360,45.333333333330756,6.013333333335615,180.40000000006847,1.0,False
1361,45.36666666666409,6.019047619047177,180.5714285714153,1.0,False
1362,45.39999999999742,6.012857142857621,180.38571428572862,1.0,False
1363,45.43333333333075,5.996190476191768,179.88571428575304,1.0,False
1364,45.46666666666408,5.993809523809702,179.81428571429103,1.0,False
1365,45.499999999997414,5.973333333334923,179.20000000004768,1.0,False
1366,45.533333333330745,5.958571428572574,178.75714285717723,1.0,False
1367,45.56666666666408,5.96261904761873,178.87857142856188,1.0,False
1368,45.59999999999741,6.003809523806327,180.1142857141898,1.0,False
1369,45.63333333333074,5.996428571429142,179.89285714287428,1.0,True
1370,45.66666666666407,5.953333333336692,178.60000000010078,1.0,False
1371,45.6999999999974,5.9530952380952575,178.59285714285775,1.0,False
1372,45.733333333330734,5.97857142856944,179.3571428570832,0.9444444179578255,True
1373,45.766666666664065,6.04047619047136,181.2142857141408,0.9999999999956657,False
1374,45.7999999999974,6.062380952379242,181.8714285713773,1.0,False
1375,45.83333333333073,6.0666666666663325,181.99999999999,1.0,False
1376,45.86666666666406,6.049285714287072,181.47857142861218,1.0,False
1377,45.89999999999739,6.03904761904842,181.17142857145257,1.0,False
1378,45.93333333333072,6.038809523809542,181.16428571428625,0.9444444179578374,True
1379,45.966666666664054,6.027619047619925,180.82857142859777,0.999999999995642,False
1380,45.999999999997385,6.0064285714302335,180.192857142907,1.0,False
1381,46.03333333333072,6.001428571428963,180.0428571428689,0.9166666865414186,True
1382,46.06666666666405,6.010952380951633,180.328571428549,0.999999999993463,False
1383,46.09999999999738,6.019523809523136,180.58571428569408,1.0,False
1384,46.13333333333071,6.043333333331458,181.29999999994376,1.0,True
1385,46.16666666666404,6.0423809523810315,181.27142857143096,1.0,False
1386,46.199999999997374,6.021428571430225,180.64285714290676,1.0,False
1387,46.233333333330705,5.98714285714556,179.61428571436682,1.0,False
1388,46.26666666666404,5.993333333332845,179.79999999998535,0.8857142925352589,True
1389,46.29999999999737,6.020952380950199,180.62857142850595,0.9999999999909862,False
1390,46.3333333333307,6.020000000000077,180.60000000000232,1.0,False
1391,46.36666666666403,6.027619047618444,180.8285714285533,1.0,False
1392,46.39999999999736,6.038095238094407,181.14285714283224,1.0,False
1393,46.433333333330694,6.024285714286813,180.7285714286044,0.6111111045191275,True
1394,46.466666666664025,5.979523809527355,179.38571428582063,0.9999999999691624,False
1395,46.49999999999736,5.966984126985121,179.00952380955366,0.8857142925353075,True
1396,46.53333333333069,5.995396825394571,179.8619047618371,0.9722222089698859,True
1397,46.56666666666402,5.972619047620859,179.1785714286258,0.9999999999977973,False
1398,46.59999999999735,5.952380952382563,178.5714285714769,1.0,False
1399,46.63333333333068,5.997857142853524,179.93571428560574,0.9722222089789542,True
1400,46.666666666664014,6.047142857138944,181.41428571416836,0.9999999999977914,False
1401,46.699999999997345,6.063095238093974,181.89285714281922,1.0,False
1402,46.73333333333068,6.012857142861145,180.38571428583435,1.0,False
1403,46.76666666666401,6.017619047618667,180.52857142856,1.0,False
1404,46.79999999999734,6.006190476191389,180.18571428574165,1.0,False
1405,46.83333333333067,6.042380952378064,181.2714285713419,1.0,True
1406,46.866666666664,6.039523809524036,181.18571428572108,1.0,False
1407,46.899999999997334,6.029523809524608,180.88571428573826,1.0,False
1408,46.933333333330665,6.032380952380718,180.97142857142154,1.0,False
1409,46.966666666664,6.025238095238668,180.75714285716003,0.9166666865415607,True
1410,46.99999999999733,6.036190476189598,181.08571428568794,0.9999999999933209,False
1411,47.03333333333066,6.020952380953602,180.62857142860807,1.0,False
1412,47.06666666666399,6.025714285713903,180.7714285714171,1.0,False
1413,47.09999999999732,5.98714285714595,179.6142857143785,1.0,False
1414,47.133333333330654,5.999047619046662,179.97142857139988,1.0,False
1415,47.166666666663986,5.999523809523773,179.98571428571316,1.0,False
1416,47.19999999999732,5.980476190477728,179.4142857143318,1.0,False
1417,47.23333333333065,6.006666666664555,180.19999999993667,1.0,False
1418,47.26666666666398,6.029047619045815,180.87142857137445,1.0,False
1419,47.29999999999731,6.004761904763865,180.14285714291594,1.0,False
1420,47.33333333333064,5.967142857145887,179.0142857143766,1.0,False
1421,47.366666666663974,5.995952380950055,179.87857142850166,0.9444444179579795,True
1422,47.399999999997306,6.016666666664994,180.4999999999498,0.9999999999955117,False
1423,47.43333333333064,6.05642857142535,181.69285714276052,0.9444444179579795,True
1424,47.46666666666397,6.058095238095103,181.7428571428531,0.9999999999954999,False
1425,47.4999999999973,6.051428571429111,181.54285714287334,1.0,False
1426,47.53333333333063,6.047380952381281,181.4214285714384,1.0,False
1427,47.56666666666396,6.1154761904706705,183.46428571412014,0.9166666865416317,True
1428,47.599999999997294,6.1359523809507195,184.07857142852157,0.9999999999932321,True
1429,47.633333333330626,6.077857142861861,182.33571428585583,1.0,False
1430,47.66666666666396,6.032619047622715,180.97857142868145,1.0,False
1431,47.69999999999729,6.007857142859152,180.23571428577455,0.9166666865416673,True
1432,47.73333333333062,5.999047619048339,179.97142857145016,0.9999999999932143,False
1433,47.76666666666395,5.956904761908194,178.70714285724583,0.9166666865416673,True
1434,47.79999999999728,5.982380952378873,179.47142857136618,0.9999999999932143,False
1435,47.833333333330614,5.973095238095997,179.19285714287992,1.0,False
1436,47.866666666663946,5.994761904760136,179.84285714280406,1.0,False
1437,47.89999999999728,5.991428571428844,179.74285714286532,1.0,False
1438,47.93333333333061,6.027619047616088,180.82857142848263,1.0,False
1439,47.96666666666394,6.004761904763768,180.14285714291304,1.0,False
1440,47.99999999999727,5.989761904763134,179.692857142894,1.0,False
1441,48.0333333333306,5.957142857145527,178.71428571436581,1.0,False
1442,48.066666666663934,5.972857142855854,179.18571428567563,1.0,True
1443,48.099999999997266,6.018095238091528,180.54285714274585,1.0,False
1444,48.1333333333306,6.0590476190442555,181.77142857132768,1.0,True
1445,48.16666666666393,6.053809523809957,181.61428571429872,1.0,False
1446,48.19999999999726,6.0078571428609235,180.23571428582767,1.0,False
1447,48.23333333333059,5.970952380955417,179.12857142866253,1.0,False
1448,48.26666666666392,5.986190476189222,179.58571428567666,1.0,False
1449,48.299999999997254,6.005238095236529,180.15714285709586,1.0,False
1450,48.333333333330586,6.011428571428062,180.34285714284184,1.0,False
1451,48.36666666666392,5.984285714287952,179.52857142863857,1.0,False
1452,48.39999999999725,5.97142857142963,179.14285714288891,1.0,False
1453,48.43333333333058,5.943809523811806,178.31428571435418,1.0,False
1454,48.46666666666391,5.926666666668086,177.8000000000426,1.0,True
1455,48.49999999999724,5.953333333331127,178.59999999993383,1.0,False
1456,48.533333333330575,6.011619047614224,180.34857142842674,1.0,False
1457,48.566666666663906,5.990571428573177,179.7171428571953,1.0,False
1458,48.59999999999724,5.892571428579551,176.77714285738654,8.292033726319075e-11,True
1459,48.63333333333057,5.775714285723973,173.27142857171918,0.1388888955001105,True
1460,48.6666666666639,5.64333333334432,169.30000000032962,0.02777777799395167,True
1461,48.69999999999723,5.453142857158658,163.59428571475976,2.3092622122189006e-12,True
1462,48.73333333333056,5.418000000002924,162.5400000000877,0.8888888954377308,False
1463,48.766666666663895,5.580523809510302,167.41571428530904,0.9687499999933609,False
1464,48.799999999997226,5.871428571404371,176.14285714213113,0.972222208976457,False
1465,48.83333333333056,5.977380952372133,179.32142857116398,0.9722222089790608,True
1466,48.86666666666389,5.994761904760452,179.84285714281356,0.9999999999976849,False
1467,48.89999999999722,5.993095238095378,179.79285714286135,1.0,False
1468,48.93333333333055,6.090952380944217,182.72857142832652,0.9166666865418271,True
1469,48.96666666666388,6.080476190477068,182.41428571431203,0.9999999999930367,False
1470,48.999999999997215,6.027619047623463,180.8285714287039,1.0,False
1471,49.033333333330546,5.997142857145403,179.91428571436208,1.0,False
1472,49.06666666666388,6.0328571428541595,180.9857142856248,1.0,False
1473,49.09999999999721,6.0504761904747175,181.5142857142415,1.0,False
1474,49.13333333333054,6.031428571430165,180.94285714290498,1.0,False
1475,49.16666666666387,6.00428571428799,180.12857142863967,1.0,False
1476,49.1999999999972,6.0342857142831905,181.02857142849572,1.0,False
1477,49.233333333330535,6.063809523807045,181.91428571421133,1.0,False
1478,49.266666666663866,6.042380952382753,181.27142857148255,1.0,False
1479,49.2999999999972,5.984047619052517,179.5214285715755,0.9722222089790785,True
1480,49.33333333333053,6.007142857140911,180.21428571422734,0.9999999999976611,False
1481,49.36666666666386,6.0202380952369925,180.60714285710978,0.9722222089790845,True
1482,49.39999999999719,6.021428571428469,180.6428571428541,0.9999999999976611,False
1483,49.43333333333052,6.001666666668331,180.05000000004998,1.0,False
1484,49.466666666663855,5.98833333333446,179.6500000000338,1.0,False
1485,49.499999999997186,5.973809523810749,179.21428571432247,1.0,False
1486,49.53333333333052,5.953571428573138,178.60714285719413,0.9714285731339729,True
1487,49.56666666666385,5.971904761903207,179.15714285709618,0.9999999999975883,False
1488,49.59999999999718,5.977380952380485,179.32142857141457,1.0,False
1489,49.63333333333051,5.968571428572174,179.0571428571652,1.0,False
1490,49.66666666666384,5.905952380957682,177.1785714287305,1.0,False
1491,49.699999999997175,5.897619047619752,176.92857142859256,1.0,True
1492,49.733333333330506,5.935952380949129,178.07857142847388,0.9166666865419515,True
1493,49.76666666666384,6.029880952372983,180.89642857118946,0.9999999999929301,False
1494,49.79999999999717,6.0671428571397,182.01428571419103,1.0,False
1495,49.8333333333305,6.052380952382212,181.57142857146636,0.9722222089791082,True
1496,49.86666666666383,6.022142857145426,180.6642857143628,0.5277777910610553,True
1497,49.89999999999716,6.03857142857003,181.1571428571009,0.9999999999598366,True
1498,49.933333333330495,6.046428571427904,181.39285714283707,1.0,False
1499,49.966666666663826,6.030119047620438,180.90357142861316,1.0,False
1500,49.99999999999716,6.012857142858614,180.3857142857584,1.0,True
1501,50.03333333333049,5.980000000002801,179.40000000008405,1.0,False
1502,50.06666666666382,5.949047619050258,178.47142857150774,1.0,False
1503,50.09999999999715,5.932619047620446,177.9785714286134,1.0,False
1504,50.133333333330484,5.939999999999371,178.19999999998112,1.0,False
1505,50.166666666663815,5.958809523807912,178.76428571423736,1.0,True
1506,50.19999999999715,5.961904761904496,178.85714285713487,1.0,False
1507,50.23333333333048,5.963571428571285,178.90714285713858,1.0,False
1508,50.26666666666381,5.965238095237953,178.95714285713856,1.0,False
1509,50.29999999999714,6.002142857139692,180.06428571419076,0.8888888955211485,True
1510,50.33333333333047,6.02761904761686,180.82857142850582,0.9999999999904551,False
1511,50.366666666663804,6.020714285714877,180.62142857144633,0.9166666865420403,True
1512,50.399999999997135,6.015714285714714,180.47142857144144,0.9999999999928413,False
1513,50.43333333333047,6.01833333333311,180.54999999999328,1.0,True
1514,50.4666666666638,6.025238095237503,180.75714285712507,1.0,False
1515,50.49999999999713,6.00238095238292,180.0714285714876,1.0,False
1516,50.53333333333046,6.033571428568742,181.00714285706223,1.0,False
1517,50.56666666666379,6.069999999996863,182.09999999990592,1.0,False
1518,50.599999999997124,6.048333333335211,181.45000000005635,0.9166666865420758,True
1519,50.633333333330455,6.00095238095647,180.0285714286941,0.9999999999928058,False
1520,50.66666666666379,6.019761904760277,180.59285714280833,1.0,False
1521,50.69999999999712,6.055238095235031,181.65714285705093,1.0,False
1522,50.73333333333045,6.048095238095854,181.44285714287565,1.0,False
1523,50.76666666666378,6.020952380954729,180.6285714286419,1.0,False
1524,50.79999999999711,5.999206349208232,179.97619047624698,0.9444444179582993,True
1525,50.833333333330444,6.005555555555001,180.16666666665003,0.9166666865372916,True
1526,50.866666666663775,5.998571428572034,179.95714285716102,0.9999999999927702,False
1527,50.89999999999711,5.972380952383225,179.17142857149676,1.0,False
1528,50.93333333333044,5.982380952380077,179.4714285714023,1.0,False
1529,50.96666666666377,6.004285714283811,180.12857142851433,1.0,False
1530,50.9999999999971,6.043333333329937,181.29999999989812,1.0,False
1531,51.03333333333043,6.021904761906625,180.65714285719875,1.0,False
1532,51.066666666663764,5.9995238095257575,179.9857142857727,1.0,False
1533,51.099999999997095,5.9752380952402016,179.25714285720605,1.0,False
1534,51.13333333333043,6.0104761904731205,180.3142857141936,1.0,False
1535,51.16666666666376,6.0352380952359335,181.05714285707802,0.9166666865421469,True
1536,51.19999999999709,6.0147619047636915,180.44285714291075,0.9999999999927169,False
1537,51.23333333333042,5.997619047620545,179.92857142861635,1.0,False
1538,51.26666666666375,5.9811904761919115,179.4357142857573,1.0,False
1539,51.299999999997084,5.980476190476253,179.41428571428762,1.0,False
1540,51.333333333330415,5.94404761905081,178.32142857152428,0.9428571462681289,True
1541,51.36666666666375,5.958095238094006,178.7428571428202,0.9999999999949937,False
1542,51.39999999999708,5.98976190475913,179.69285714277387,1.0,False
1543,51.43333333333041,6.021428571425796,180.64285714277386,1.0,False
1544,51.46666666666374,6.012380952381742,180.37142857145224,1.0,False
1545,51.49999999999707,6.036190476188385,181.08571428565156,1.0,True
1546,51.533333333330404,6.041428571428111,181.24285714284332,1.0,False
1547,51.566666666663735,6.047619047618502,181.42857142855505,1.0,False
1548,51.59999999999707,6.025714285716212,180.77142857148638,1.0,False
1549,51.6333333333304,6.034285714284959,181.02857142854876,1.0,False
1550,51.66666666666373,6.0330952380953455,180.99285714286037,1.0,False
1551,51.69999999999706,6.057619047616888,181.72857142850665,1.0,False
1552,51.73333333333039,6.069285714284684,182.0785714285405,1.0,True
1553,51.766666666663724,6.065476190476527,181.96428571429578,1.0,False
1554,51.799999999997056,6.039523809526098,181.18571428578292,1.0,False
1555,51.83333333333039,6.033095238095801,180.99285714287402,0.9166666865422535,True
1556,51.86666666666372,6.061190476187991,181.83571428563977,0.9999999999926281,True
1557,51.89999999999705,6.057380952381289,181.72142857143868,1.0,False
1558,51.93333333333038,6.041904761906131,181.2571428571839,1.0,False
1559,51.96666666666371,6.031904761905645,180.95714285716934,1.0,False
1560,51.999999999997044,6.0352380952377995,181.05714285713398,0.9166666865422712,True
1561,52.033333333330376,6.072857142853805,182.18571428561415,0.9999999999926104,True
1562,52.06666666666371,6.089285714284261,182.67857142852785,0.9444444179584176,True
1563,52.09999999999704,6.093809523809126,182.81428571427378,0.9999999999950617,True
1564,52.13333333333037,6.088809523809965,182.66428571429896,0.916666686542289,True
1565,52.1666666666637,6.085714285714564,182.57142857143694,0.9999999999925926,True
1566,52.19999999999703,6.032857142861852,180.98571428585558,0.8888888955215274,True
1567,52.233333333330364,5.9614285714349355,178.84285714304806,0.9999999999900998,False
1568,52.266666666663696,5.961666666666643,178.84999999999928,0.7500000000222755,False
1569,52.29999999999703,5.944920634922135,178.34761904766404,6.682654429824122e-11,True
1570,52.33333333333036,5.936031746032544,178.08095238097633,0.0,True
1571,52.36666666666369,5.903333333336253,177.10000000008756,0.22222222385805898,True
1572,52.39999999999702,5.908730158729675,177.2619047618903,1.9847817364889438e-11,True
1573,52.43333333333035,5.877460317463112,176.32380952389337,0.08823529630111354,True
1574,52.466666666663684,5.8852380952373995,176.55714285712196,0.027777777990150965,True
1575,52.499999999997016,5.893015873015177,176.79047619045528,0.3030303120366669,True
1576,52.53333333333035,5.890317460317703,176.70952380953108,0.8611111044384088,True
1577,52.56666666666368,5.8963492063486616,176.89047619045982,0.8055555820514826,True
1578,52.59999999999701,5.9022222222216945,177.06666666665083,0.8888888955215984,True
1579,52.63333333333034,5.970476190470065,179.11428571410192,0.9999999999900288,False
1580,52.66666666666367,6.038571428565318,181.15714285695952,1.0,False
1581,52.699999999997004,6.101904761899077,183.05714285697232,1.0,False
1582,52.733333333330336,6.076190476192786,182.2857142857836,1.0,True
1583,52.76666666666367,6.02904761905186,180.8714285715558,1.0,False
1584,52.799999999997,5.978095238099821,179.34285714299463,1.0,False
1585,52.83333333333033,5.960238095239701,178.80714285719102,1.0,False
1586,52.86666666666366,5.98761904761658,179.6285714284974,1.0,False
1587,52.89999999999699,6.057380952374659,181.72142857123978,1.0,True
1588,52.933333333330324,6.068095238094281,182.04285714282844,1.0,False
1589,52.966666666663656,6.052142857144303,181.5642857143291,1.0,False
1590,52.99999999999699,6.007142857146922,180.21428571440768,1.0,False
1591,53.03333333333032,6.068095238089727,182.04285714269184,1.0,False
1592,53.06666666666365,6.1028571428540035,183.0857142856201,1.0,False
1593,53.09999999999698,6.117142857141572,183.5142857142472,1.0,False
1594,53.13333333333031,6.072380952385003,182.1714285715501,1.0,False
1595,53.166666666663644,6.027142857146962,180.81428571440884,1.0,False
1596,53.199999999996976,6.020476190476795,180.61428571430383,1.0,False
1597,53.23333333333031,6.03952380952208,181.18571428566239,1.0,False
1598,53.26666666666364,6.07380952380641,182.2142857141923,1.0,False
1599,53.29999999999697,6.069523809524197,182.08571428572594,1.0,False
1600,53.3333333333303,6.052380952382512,181.57142857147537,0.8055555820642072,True
1601,53.36666666666363,6.060476190475453,181.8142857142636,0.9999999999823016,False
1602,53.399999999996965,6.0771428571413395,182.31428571424019,1.0,False
1603,53.433333333330296,6.089047619046537,182.6714285713961,1.0,False
1604,53.46666666666363,6.068095238097147,182.04285714291441,1.0,False
1605,53.49999999999696,6.0695238095236785,182.08571428571037,1.0,False
1606,53.53333333333029,6.0819047619036315,182.45714285710895,1.0,False
1607,53.56666666666362,6.074761904762559,182.24285714287677,1.0,False
1608,53.59999999999695,6.067142857143553,182.0142857143066,1.0,False
1609,53.633333333330285,6.043809523811658,181.31428571434972,1.0,True
1610,53.666666666663616,6.040952380952639,181.2285714285792,1.0,False
1611,53.69999999999695,6.017142857145036,180.51428571435105,1.0,True
1612,53.73333333333028,6.09261904761213,182.7785714283639,1.0,False
1613,53.76666666666361,6.155238095232354,184.65714285697064,1.0,False
1614,53.79999999999694,6.184047619044979,185.5214285713494,1.0,True
1615,53.83333333333027,6.139047619051745,184.17142857155235,1.0,False
1616,53.866666666663605,6.090238095242581,182.70714285727738,1.0,False
1617,53.899999999996936,6.05380952381287,181.61428571438606,1.0,False
1618,53.93333333333027,6.020000000003109,180.60000000009325,1.0,False
1619,53.9666666666636,6.010000000000925,180.30000000002775,1.0,False
1620,53.99999999999693,6.017142857142198,180.51428571426595,1.0,False
1621,54.03333333333026,6.035238095236429,181.05714285709286,1.0,False
1622,54.06666666666359,6.039523809523414,181.1857142857024,1.0,True
1623,54.099999999996925,6.026190476191702,180.78571428575106,0.8333333134805017,True
1624,54.133333333330256,6.026190476190478,180.78571428571433,0.9999999999846167,False
1625,54.16666666666359,6.036666666665695,181.09999999997083,1.0,False
1626,54.19999999999692,6.038095238095105,181.14285714285313,1.0,False
1627,54.23333333333025,6.064761904759437,181.94285714278314,1.0,False
1628,54.26666666666358,6.074285714284833,182.22857142854502,1.0,False
1629,54.29999999999691,6.094761904760009,182.84285714280028,1.0,False
1630,54.333333333330245,6.112857142855462,183.38571428566385,1.0,False
1631,54.366666666663576,6.086190476192948,182.58571428578847,1.0,False
1632,54.39999999999691,6.088095238095059,182.64285714285177,1.0,True
1633,54.43333333333024,6.073333333334708,182.20000000004126,1.0,False
1634,54.46666666666357,6.049047619049886,181.47142857149657,1.0,False
1635,54.4999999999969,5.9780952381018295,179.3428571430549,1.0,False
1636,54.53333333333023,5.997142857141088,179.91428571423262,1.0,False
1637,54.566666666663565,6.079523809516146,182.38571428548434,1.0,False
1638,54.599999999996896,6.089047619046735,182.67142857140206,1.0,False
1639,54.63333333333023,6.05095238095593,181.5285714286779,1.0,False
1640,54.66666666666356,6.064999999998682,181.94999999996043,1.0,False
1641,54.69999999999689,6.132380952374666,183.97142857123995,1.0,False
1642,54.73333333333022,6.132857142857097,183.9857142857129,1.0,True
1643,54.76666666666355,6.093333333337024,182.8000000001107,1.0,False
1644,54.799999999996885,6.111904761903024,183.35714285709074,0.9444444179586782,True
1645,54.833333333330216,6.13571428571206,184.0714285713618,0.9999999999948012,False
1646,54.86666666666355,6.123095238096418,183.69285714289256,1.0,True
1647,54.89999999999688,6.084761904765491,182.54285714296472,1.0,False
1648,54.93333333333021,6.042857142861068,181.28571428583206,0.972222208979345,False
1649,54.96666666666354,6.012857142859954,180.38571428579863,0.9714285731316356,False
1650,54.999999999996874,5.9807142857173,179.42142857151902,0.11111111201964399,True
1651,55.033333333330205,5.993809523808295,179.81428571424885,0.9714285730508706,False
1652,55.06666666666354,6.017380952378741,180.52142857136224,0.9999999999973203,True
1653,55.09999999999687,6.068571428566622,182.05714285699864,0.8529411554474791,False
1654,55.1333333333302,6.0635714285719,181.90714285715703,0.916666686528891,True
1655,55.16666666666353,6.181904761893613,185.4571428568084,0.9999999999921663,False
1656,55.19999999999686,6.1609523809543525,184.82857142863057,1.0,False
1657,55.233333333330194,6.095238095244286,182.8571428573286,1.0,False
1658,55.266666666663525,5.94523809525223,178.35714285756688,1.0,False
1659,55.29999999999686,6.007142857137014,180.21428571411042,1.0,False
1660,55.33333333333019,6.040476190473036,181.2142857141911,1.0,False
1661,55.36666666666352,6.079523809520123,182.38571428560368,0.8888888955221196,True
1662,55.39999999999685,6.061428571430277,181.8428571429083,0.9999999999895076,False
1663,55.43333333333018,5.993333333339775,179.80000000019322,1.0,False
1664,55.466666666663514,5.9276190476252655,177.82857142875795,1.0,True
1665,55.499999999996845,5.929047619047483,177.8714285714245,1.0,False
1666,55.53333333333018,5.944285714284278,178.32857142852833,1.0,False
1667,55.56666666666351,6.081428571415561,182.4428571424668,0.9142857194027962,True
1668,55.59999999999684,6.158571428564105,184.75714285692314,0.9722222089793805,False
1669,55.63333333333017,6.069047619056111,182.07142857168333,0.9999999999973651,True
1670,55.6666666666635,5.822619047642424,174.6785714292727,1.0,False
1671,55.699999999996834,5.745238095245438,172.35714285736313,1.0,False
1672,55.733333333330165,5.734523809524833,172.03571428574494,1.0,True
1673,55.7666666666635,5.748095238093946,172.44285714281835,1.0,False
1674,55.79999999999683,5.735476190477398,172.06428571432195,1.0,True
1675,55.83333333333016,5.692380952385064,170.77142857155192,1.0,False
1676,55.86666666666349,5.654285714289342,169.62857142868026,1.0,False
1677,55.89999999999682,5.722380952374463,171.6714285712339,1.0,False
1678,55.933333333330154,5.765714285710161,172.97142857130484,1.0,False
1679,55.966666666663485,5.822380952375545,174.67142857126638,1.0,False
1680,55.99999999999682,5.82047619047637,174.6142857142911,1.0,False
1681,56.03333333333015,5.803809523811116,174.11428571433348,1.0,True
1682,56.06666666666348,5.763809523813341,172.91428571440022,1.0,False
1683,56.09999999999681,5.795714285711234,173.87142857133702,1.0,False
1684,56.13333333333014,5.809523809522489,174.28571428567463,1.0,False
1685,56.166666666663474,5.836666666664063,175.0999999999219,1.0,False
1686,56.199999999996805,5.859047619045471,175.77142857136414,1.0,False
1687,56.23333333333014,5.8895238095208855,176.68571428562657,1.0,False
1688,56.26666666666347,5.871428571430308,176.14285714290924,1.0,False
1689,56.2999999999968,5.885714285712909,176.5714285713873,1.0,False
1690,56.33333333333013,5.885238095238136,176.55714285714407,1.0,False
1691,56.36666666666346,5.899047619046292,176.97142857138874,1.0,False
1692,56.399999999996794,5.904285714285209,177.12857142855628,1.0,False
1693,56.433333333330125,5.909047619047166,177.271428571415,1.0,False
1694,56.46666666666346,5.94214285713967,178.26428571419012,1.0,False
1695,56.49999999999679,5.9571428571414105,178.71428571424232,1.0,False
1696,56.53333333333012,5.967380952379965,179.02142857139893,1.0,True
1697,56.56666666666345,5.916190476195411,177.48571428586234,1.0,False
1698,56.59999999999678,5.89119047619289,176.7357142857867,1.0,False
1699,56.633333333330114,5.918571428568784,177.55714285706352,1.0,False
1700,56.666666666663446,5.967142857138168,179.01428571414507,1.0,False
1701,56.69999999999678,6.014761904757303,180.44285714271908,1.0,False
1702,56.73333333333011,6.001904761906004,180.0571428571801,1.0,False
1703,56.76666666666344,5.988095238096574,179.6428571428972,1.0,False
1704,56.79999999999677,5.955238095241276,178.65714285723826,1.0,False
1705,56.8333333333301,5.985238095235187,179.5571428570556,1.0,False
1706,56.866666666663434,6.010476190473742,180.31428571421225,1.0,False
1707,56.899999999996766,6.035952380949908,181.07857142849724,1.0,True
1708,56.9333333333301,6.013333333335531,180.40000000006594,1.0,False
1709,56.96666666666343,5.983571428574322,179.50714285722967,1.0,True
1710,56.99999999999676,5.981666666666851,179.45000000000553,1.0,False
1711,57.03333333333009,6.008333333330742,180.24999999992227,1.0,False
1712,57.06666666666342,6.049999999995944,181.49999999987833,1.0,True
1713,57.099999999996754,6.057619047618303,181.7285714285491,1.0,False
1714,57.133333333330086,6.086190476187691,182.58571428563073,1.0,True
1715,57.16666666666342,6.06857142857315,182.05714285719446,1.0,False
1716,57.19999999999675,6.059761904762768,181.792857142883,1.0,False
1717,57.23333333333008,6.0371428571450645,181.11428571435192,1.0,False
1718,57.26666666666341,6.04619047618959,181.3857142856877,1.0,False
1719,57.29999999999674,5.970238095245523,179.1071428573657,1.0,False
1720,57.333333333330074,5.966190476190871,178.98571428572612,1.0,False
1721,57.366666666663406,5.986904761902735,179.60714285708207,1.0,True
1722,57.39999999999674,6.02714285713892,180.81428571416762,1.0,False
1723,57.43333333333007,6.000714285716869,180.02142857150608,1.0,False
1724,57.4666666666634,6.034761904758566,181.04285714275701,1.0,True
1725,57.49999999999673,6.053809523807656,181.61428571422968,1.0,False
1726,57.53333333333006,6.075714285712135,182.27142857136408,1.0,False
1727,57.566666666663394,6.041904761908086,181.2571428572426,1.0,False
1728,57.599999999996726,5.999523809527976,179.9857142858393,1.0,False
1729,57.63333333333006,5.980476190478061,179.41428571434187,0.9166666865430706,True
1730,57.66666666666339,6.029047619042844,180.8714285712853,0.9166666865348816,True
1731,57.69999999999672,6.038571428570494,181.15714285711482,0.9999999999917932,True
1732,57.73333333333005,6.040238095237929,181.20714285713788,0.9166666865430884,True
1733,57.76666666666338,6.04000000000002,181.20000000000059,0.9999999999917932,False
1734,57.799999999996714,5.968809523816546,179.06428571449638,0.9444444179589624,True
1735,57.833333333330046,5.822857142871542,174.68571428614624,0.9999999999945169,False
1736,57.86666666666338,5.7050000000116325,171.150000000349,1.0,False
1737,57.89999999999671,5.640000000006412,169.2000000001924,1.0,False
1738,57.93333333333004,5.538928571438555,166.16785714315665,1.0,False
1739,57.96666666666337,5.435952380962559,163.07857142887676,1.0,False
1740,57.9999999999967,5.39619047619441,161.8857142858323,0.9166666865431239,True
1741,58.033333333330035,5.39547619047626,161.8642857142878,0.9722222089712508,True
1742,58.066666666663366,5.37119047619288,161.1357142857864,0.9999999999972525,True
1743,58.0999999999967,5.36785714285747,161.03571428572408,1.0,False
1744,58.13333333333003,5.384404761903123,161.5321428570937,1.0,True
1745,58.16666666666336,5.421428571424897,162.64285714274692,1.0,False
1746,58.19999999999669,5.449047619044873,163.4714285713462,1.0,True
1747,58.23333333333002,5.454523809523265,163.63571428569796,1.0,False
1748,58.266666666663355,5.437380952382655,163.1214285714796,1.0,False
1749,58.299999999996686,5.4302380952388045,162.90714285716413,0.9722222089795048,True
1750,58.33333333333002,5.435476190475671,163.0642857142701,0.9999999999972348,False
1751,58.36666666666335,5.413095238097465,162.39285714292396,1.0,False
1752,58.39999999999668,5.398095238096731,161.94285714290194,1.0,True
1753,58.43333333333001,5.397142857142951,161.91428571428852,1.0,False
1754,58.46666666666334,5.387619047619998,161.62857142859997,1.0,True
1755,58.499999999996675,5.490238095227856,164.7071428568357,1.0,False
1756,58.533333333330006,5.567380952373257,167.0214285711977,1.0,False
1757,58.56666666666334,5.613095238090674,168.3928571427202,1.0,True
1758,58.59999999999667,5.536190476198151,166.0857142859445,1.0,False
1759,58.63333333333,5.5378571428569785,166.13571428570935,1.0,False
1760,58.66666666666333,5.524285714287072,165.72857142861216,1.0,False
1761,58.69999999999666,5.559999999996427,166.7999999998928,1.0,False
1762,58.733333333329995,5.6309523809452715,168.92857142835814,1.0,False
1763,58.766666666663326,5.729999999990077,171.89999999970226,1.0,False
1764,58.79999999999666,5.791904761898558,173.75714285695676,1.0,False
1765,58.83333333332999,5.763333333336202,172.90000000008604,1.0,False
1766,58.86666666666332,5.752380952382051,172.57142857146152,1.0,False
1767,58.89999999999665,5.761904761903804,172.85714285711413,1.0,False
1768,58.93333333332998,5.756666666667198,172.70000000001593,1.0,False
1769,58.966666666663315,5.718571428575259,171.55714285725776,1.0,False
1770,58.999999999996646,5.734761904760275,172.04285714280826,1.0,False
1771,59.03333333332998,5.789999999994443,173.69999999983327,1.0,False
1772,59.06666666666331,5.813809523807128,174.41428571421386,1.0,True
1773,59.09999999999664,5.835238095235934,175.05714285707802,1.0,False
1774,59.13333333332997,5.83809523809495,175.14285714284847,1.0,True
1775,59.1666666666633,5.8445238095231575,175.33571428569473,1.0,False
1776,59.199999999996635,5.83571428571517,175.07142857145513,1.0,False
1777,59.233333333329966,5.816428571430521,174.4928571429156,1.0,True
1778,59.2666666666633,5.7866666666696736,173.6000000000902,1.0,False
1779,59.29999999999663,5.795476190475297,173.86428571425893,1.0,False
1780,59.33333333332996,5.801428571427972,174.04285714283915,1.0,False
1781,59.36666666666329,5.773015873018749,173.19047619056246,0.9722222089795581,True
1782,59.39999999999662,5.760793650794888,172.82380952384662,0.9999999999971875,True
1783,59.433333333329955,5.767142857142216,173.0142857142665,1.0,False
1784,59.466666666663286,5.789047619045398,173.67142857136196,1.0,False
1785,59.49999999999662,5.790952380952187,173.7285714285656,0.8787878751877749,True
1786,59.53333333332995,5.807619047617355,174.22857142852067,0.9999999999877012,False
1787,59.56666666666328,5.795238095239354,173.8571428571806,1.0,False
1788,59.59999999999661,5.801904761904087,174.0571428571226,1.0,True
1789,59.633333333329944,5.781428571430654,173.44285714291962,1.0,False
1790,59.666666666663275,5.7866666666661315,173.59999999998396,1.0,False
1791,59.69999999999661,5.780000000000676,173.40000000002027,1.0,False
1792,59.73333333332994,5.806190476187807,174.18571428563422,1.0,False
1793,59.76666666666327,5.803333333333626,174.10000000000878,1.0,False
1794,59.7999999999966,5.840714285710469,175.22142857131408,1.0,True
1795,59.83333333332993,5.843333333333062,175.29999999999185,1.0,False
1796,59.866666666663264,5.822619047621163,174.67857142863488,1.0,True
1797,59.899999999996595,5.776666666671359,173.30000000014076,1.0,False
1798,59.93333333332993,5.771190476191036,173.1357142857311,1.0,False
1799,59.96666666666326,5.767380952381344,173.0214285714403,1.0,True
1800,59.99999999999659,5.7795238095225665,173.38571428567698,1.0,False
1801,60.03333333332992,5.80642857142582,174.19285714277459,1.0,True
1802,60.06666666666325,5.846904761900618,175.4071428570185,1.0,False
1803,60.099999999996584,5.905714285708255,177.17142857124765,1.0,False
1804,60.133333333329915,5.95642857142337,178.69285714270111,1.0,True
1805,60.16666666666325,5.950952380952944,178.5285714285883,0.9722222089795937,True
1806,60.19999999999658,5.895000000005745,176.85000000017232,0.999999999997146,False
1807,60.23333333332991,5.846190476195491,175.38571428586474,0.9444444179591992,True
1808,60.26666666666324,5.814761904765135,174.44285714295404,0.999999999994292,False
1809,60.29999999999657,5.836746031743768,175.10238095231304,0.9166666865434436,True
1810,60.333333333329904,5.85325396825227,175.59761904756812,0.8333333134736982,True
1811,60.366666666663235,5.846666666667344,175.40000000002036,0.9999999999828404,False
1812,60.39999999999657,5.8236904761928425,174.7107142857853,0.9142857194035088,True
1813,60.4333333333299,5.834047619046551,175.02142857139654,0.9999999999911751,False
1814,60.46666666666323,5.859523809521181,175.78571428563544,0.6176470518506659,True
1815,60.49999999999656,5.855000000000467,175.65000000001396,0.9062499999702246,True
1816,60.53333333332989,5.849761904762444,175.4928571428733,0.9999999999903277,True
1817,60.566666666663224,5.819285714288863,174.5785714286659,1.0,False
1818,60.599999999996555,5.801547619049455,174.04642857148366,0.9411764741004721,True
1819,60.63333333332989,5.800000000000161,174.00000000000483,0.9999999999939186,False
1820,60.66666666666322,5.8823809523724275,176.47142857117282,0.8611111045027317,True
1821,60.69999999999655,5.895714285712909,176.87142857138727,0.9999999999856115,False
1822,60.73333333332988,5.906190476189389,177.18571428568166,0.9722222089796233,True
1823,60.76666666666321,5.869047619051467,176.07142857154398,0.941176474097607,True
1824,60.799999999996544,5.822380952385794,174.67142857157384,0.7777777910401821,True
1825,60.833333333329875,5.901428571420355,177.04285714261064,0.999999999976931,False
1826,60.86666666666321,5.970476190469024,179.11428571407072,1.0,False
1827,60.89999999999654,6.007619047615191,180.22857142845572,1.0,False
1828,60.93333333332987,5.983809523811989,179.5142857143597,1.0,False
1829,60.9666666666632,6.0038095238074565,180.1142857142237,1.0,False
1830,60.99999999999653,5.950000000005594,178.50000000016783,1.0,False
1831,61.033333333329864,5.915079365082997,177.45238095248993,0.9166666865435502,True
1832,61.066666666663195,5.932539682537868,177.97619047613603,0.9722222089709666,True
1833,61.09999999999653,5.960476190473275,178.81428571419823,0.9999999999971045,False
1834,61.13333333332986,6.0242857142790625,180.72857142837185,1.0,False
1835,61.16666666666319,6.031269841269119,180.93809523807357,1.0,True
1836,61.19999999999652,5.987301587306177,179.6190476191853,0.8888888955232327,True
1837,61.23333333332985,5.942857142861785,178.28571428585354,0.9999999999883945,False
1838,61.266666666663184,5.9147619047648385,177.44285714294514,1.0,False
1839,61.299999999996515,5.877261904765823,176.31785714297467,0.7222222090057594,True
1840,61.33333333332985,5.87023809523883,176.1071428571649,0.9999999999709269,False
1841,61.36666666666318,5.8704761904761655,176.114285714285,1.0,True
1842,61.39999999999651,5.8721428571426815,176.16428571428045,0.9444444179593058,True
1843,61.43333333332984,5.865714285714958,175.97142857144877,0.9999999999941854,True
1844,61.46666666666317,5.839714285717011,175.19142857151033,1.0,False
1845,61.499999999996504,5.8404523809523035,175.21357142856908,1.0,False
1846,61.533333333329836,5.8306666666676925,174.9200000000308,0.9444444179593177,True
1847,61.56666666666317,5.833809523809192,175.01428571427573,0.8611111044971125,True
1848,61.5999999999965,5.817857142858814,174.5357142857644,9.049357736815225e-11,True
1849,61.63333333332983,5.817619047619074,174.52857142857218,0.0,True
1850,61.66666666666316,5.818333333333255,174.54999999999765,0.03124999999671596,True
1851,61.69999999999649,5.816666666666843,174.50000000000526,0.027777777985103936,True
1852,61.733333333329824,5.822619047618421,174.67857142855263,2.925065921177058e-12,True
1853,61.766666666663156,5.799523809526242,173.98571428578728,0.0,True
1854,61.79999999999649,5.788380952382125,173.65142857146378,0.9722222088743683,True
1855,61.83333333332982,5.807999999997925,174.23999999993777,0.999999999997069,False
1856,61.86666666666315,5.8671904761842315,176.0157142855269,0.9444444179593532,False
1857,61.89999999999648,5.908571428567062,177.25714285701184,0.999999999994138,False
1858,61.93333333332981,5.9166666666658125,177.49999999997436,1.0,False
1859,61.966666666663144,5.874285714290196,176.2285714287059,1.0,False
1860,61.999999999996476,5.865238095239051,175.95714285717153,1.0,False
1861,62.03333333332981,5.899047619044044,176.97142857132133,1.0,False
1862,62.06666666666314,5.955714285708294,178.6714285712488,1.0,False
1863,62.09999999999647,5.988095238091805,179.64285714275417,1.0,False
1864,62.1333333333298,5.964523809526307,178.9357142857892,0.8857142925383528,True
1865,62.16666666666313,5.943333333335572,178.30000000006714,0.9999999999878924,False
1866,62.199999999996464,5.921904761907025,177.65714285721077,0.9166666865437278,True
1867,62.233333333329796,5.9433333333310605,178.29999999993183,0.9999999999911537,False
1868,62.26666666666313,5.924285714287737,177.7285714286321,1.0,True
1869,62.29999999999646,5.9390476190460495,178.17142857138148,1.0,False
1870,62.33333333332979,5.960238095235842,178.80714285707523,0.8888888955234459,True
1871,62.36666666666312,5.960952380952305,178.82857142856912,0.9999999999881813,False
1872,62.39999999999645,5.974285714284294,179.22857142852882,1.0,False
1873,62.433333333329784,5.968571428572041,179.0571428571612,1.0,False
1874,62.466666666663116,5.922380952385879,177.67142857157637,1.0,False
1875,62.49999999999645,5.898809523812035,176.96428571436104,1.0,False
1876,62.53333333332978,5.904285714285131,177.12857142855393,1.0,False
1877,62.56666666666311,5.932380952377952,177.97142857133855,0.9444444179594124,True
1878,62.59999999999644,5.916428571430268,177.49285714290806,0.999999999994067,False
1879,62.63333333332977,5.933333333331528,177.99999999994586,1.0,True
1880,62.666666666663104,5.927380952381588,177.82142857144765,0.8611111045032054,True
1881,62.699999999996436,5.9395238095225125,178.18571428567537,0.9999999999851378,False
1882,62.73333333332977,5.930238095239088,177.90714285717266,1.0,False
1883,62.7666666666631,5.921349206350157,177.6404761905047,1.0,True
1884,62.79999999999643,5.896507936510597,176.89523809531792,1.0,True
1885,62.83333333332976,5.902142857142251,177.06428571426753,1.0,False
1886,62.86666666666309,5.942380952376637,178.2714285712991,1.0,False
1887,62.899999999996425,5.976190476186849,179.2857142856055,1.0,False
1888,62.933333333329756,5.945714285717557,178.37142857152674,1.0,False
1889,62.96666666666309,5.917142857145923,177.5142857143777,1.0,False
1890,62.99999999999642,5.92904761904634,177.8714285713902,1.0,False
1891,63.03333333332975,5.932857142856733,177.985714285702,1.0,False
1892,63.06666666666308,5.920000000001379,177.60000000004138,1.0,False
1893,63.09999999999641,5.927619047618223,177.82857142854672,1.0,False
1894,63.133333333329745,5.970952380947716,179.12857142843146,1.0,False
1895,63.166666666663076,5.96761904761941,179.02857142858227,1.0,False
1896,63.19999999999641,5.928809523813709,177.86428571441127,1.0,False
1897,63.23333333332974,5.874761904767733,176.242857143032,1.0,False
1898,63.26666666666307,5.879761904761364,176.3928571428409,1.0,True
1899,63.2999999999964,5.886666666665925,176.59999999997774,1.0,False
1900,63.33333333332973,5.909761904759413,177.29285714278237,1.0,False
1901,63.366666666663065,5.913333333332946,177.39999999998838,1.0,False
1902,63.399999999996396,5.952619047614801,178.57857142844404,1.0,True
1903,63.43333333332973,5.969047619045844,179.0714285713753,1.0,False
1904,63.46666666666306,5.955476190477663,178.66428571432988,0.888888895523659,True
1905,63.49999999999639,5.902857142862839,177.08571428588516,0.9999999999879682,False
1906,63.53333333332972,5.898333333333824,176.95000000001468,1.0,False
1907,63.56666666666305,5.939999999995485,178.19999999986456,1.0,False
1908,63.599999999996385,5.949523809522781,178.48571428568343,1.0,False
1909,63.633333333329716,5.9466666666669745,178.40000000000924,1.0,False
1910,63.66666666666305,5.976190476187269,179.28571428561807,1.0,False
1911,63.69999999999638,5.964285714287014,178.9285714286104,1.0,False
1912,63.73333333332971,5.939047619050361,178.17142857151083,1.0,False
1913,63.76666666666304,5.922380952382765,177.67142857148295,1.0,False
1914,63.79999999999637,5.963333333328876,178.8999999998663,1.0,False
1915,63.833333333329705,5.964761904761745,178.94285714285232,1.0,True
1916,63.866666666663036,5.971666666665914,179.14999999997744,1.0,False
1917,63.89999999999637,5.9514285714307755,178.54285714292325,1.0,False
1918,63.9333333333297,5.937380952382483,178.1214285714745,1.0,True
1919,63.96666666666303,5.944761904761099,178.34285714283297,1.0,False
1920,63.99999999999636,5.955952380951159,178.67857142853478,1.0,False
1921,64.0333333333297,5.942857142858571,178.28571428575714,1.0,False
1922,64.06666666666302,5.94380952380942,178.3142857142826,1.0,False
1923,64.09999999999636,5.950476190475465,178.51428571426393,1.0,False
1924,64.13333333332969,5.979999999996769,179.39999999990306,1.0,False
1925,64.16666666666302,5.979285714285784,179.37857142857354,1.0,True
1926,64.19999999999635,5.966666666668051,179.0000000000415,0.9444444179595782,True
1927,64.23333333332968,5.940714285717129,178.22142857151385,0.999999999993913,True
1928,64.26666666666301,5.932857142858004,177.98571428574013,1.0,False
1929,64.29999999999634,5.952619047616882,178.57857142850645,1.0,False
1930,64.33333333332968,5.943809523810489,178.31428571431468,1.0,False
1931,64.36666666666301,5.932380952382204,177.9714285714661,1.0,True
1932,64.39999999999634,5.912380952383143,177.37142857149428,1.0,False
1933,64.43333333332967,5.913809523809367,177.414285714281,1.0,False
1934,64.466666666663,5.926666666665251,177.79999999995752,1.0,False
1935,64.49999999999633,5.932857142856461,177.98571428569383,1.0,False
1936,64.53333333332967,5.949047619045838,178.47142857137513,1.0,False
1937,64.566666666663,5.984761904757976,179.54285714273928,1.0,False
1938,64.59999999999633,6.020476190472261,180.61428571416778,1.0,False
1939,64.63333333332966,5.992857142860191,179.78571428580574,1.0,True
1940,64.66666666666299,5.988571428571895,179.65714285715683,1.0,False
1941,64.69999999999632,5.98619047619074,179.5857142857222,1.0,False
1942,64.73333333332965,5.980000000000683,179.4000000000205,1.0,False
1943,64.76666666666299,5.935714285719175,178.07142857157527,1.0,False
1944,64.79999999999632,5.950476190474561,178.51428571423682,1.0,True
1945,64.83333333332965,5.942380952381846,178.27142857145537,1.0,False
1946,64.86666666666298,5.932380952382055,177.97142857146164,1.0,False
1947,64.89999999999631,5.937619047618457,178.12857142855373,1.0,False
1948,64.93333333332964,5.976190476186202,179.28571428558607,1.0,False
1949,64.96666666666297,5.977619047618889,179.32857142856668,1.0,False
1950,64.9999999999963,5.934761904766654,178.04285714299965,1.0,False
1951,65.03333333332964,5.914285714287984,177.42857142863951,1.0,True
1952,65.06666666666297,5.916190476190264,177.4857142857079,1.0,False
1953,65.0999999999963,5.932380952379155,177.97142857137464,1.0,False
1954,65.13333333332963,5.9119047619070395,177.35714285721116,1.0,False
1955,65.16666666666296,5.901904761905878,177.05714285717633,1.0,False
1956,65.1999999999963,5.915238095236611,177.45714285709832,1.0,False
1957,65.23333333332963,5.9638095238041196,178.91428571412357,1.0,False
1958,65.26666666666296,5.967619047618624,179.0285714285587,1.0,False
1959,65.29999999999629,5.981428571427034,179.44285714281105,1.0,False
1960,65.33333333332962,6.01690476190081,180.50714285702432,1.0,False
1961,65.36666666666295,6.014761904762157,180.4428571428647,1.0,False
1962,65.39999999999628,5.975952380956713,179.27857142870135,1.0,True
1963,65.43333333332961,5.936666666671054,178.10000000013162,1.0,False
1964,65.46666666666295,5.940238095237696,178.2071428571309,1.0,False
1965,65.49999999999628,5.937857142857408,178.13571428572223,1.0,False
1966,65.53333333332961,5.949999999998642,178.49999999995927,1.0,False
1967,65.56666666666294,5.9388095238107725,178.16428571432317,1.0,True
1968,65.59999999999627,5.9714285714249264,179.1428571427478,1.0,False
1969,65.6333333333296,6.004761904758185,180.14285714274558,1.0,False
1970,65.66666666666293,6.011428571427835,180.34285714283507,1.0,False
1971,65.69999999999627,6.00452380952458,180.1357142857374,1.0,True
1972,65.7333333333296,5.982380952383434,179.47142857150305,1.0,False
1973,65.76666666666293,5.977619047619581,179.32857142858742,1.0,False
1974,65.79999999999626,5.967142857144032,179.01428571432095,1.0,False
1975,65.83333333332959,5.964047619047967,178.92142857143904,0.8333333134838057,True
1976,65.86666666666292,5.954761904762936,178.6428571428881,0.9999999999813127,False
1977,65.89999999999625,5.9483333333340545,178.45000000002162,1.0,False
1978,65.93333333332959,5.939523809524802,178.18571428574404,1.0,False
1979,65.96666666666292,5.96999999999657,179.09999999989708,1.0,False
1980,65.99999999999625,5.976190476189779,179.28571428569336,1.0,False
1981,66.03333333332958,5.923333333339282,177.70000000017845,1.0,False
1982,66.06666666666291,5.88404761905204,176.52142857156122,1.0,False
1983,66.09999999999624,5.945714285707344,178.37142857122032,1.0,False
1984,66.13333333332957,5.983809523805238,179.51428571415713,1.0,True
1985,66.1666666666629,5.963809523811787,178.91428571435358,1.0,False
1986,66.19999999999624,5.9357142857174585,178.07142857152377,1.0,True
1987,66.23333333332957,5.959999999997256,178.7999999999177,1.0,False
1988,66.2666666666629,5.964999999999435,178.94999999998302,1.0,False
1989,66.29999999999623,5.952380952382377,178.57142857147133,1.0,False
1990,66.33333333332956,5.928571428574118,177.85714285722355,1.0,False
1991,66.3666666666629,5.949047619045301,178.47142857135904,1.0,False
1992,66.39999999999623,5.928571428573747,177.85714285721238,1.0,False
1993,66.43333333332956,5.918571428572562,177.5571428571769,1.0,False
1994,66.46666666666289,5.937619047616887,178.1285714285066,1.0,False
1995,66.49999999999622,5.957619047616779,178.7285714285034,1.0,True
1996,66.53333333332955,5.957619047619047,178.7285714285714,1.0,False
1997,66.56666666666288,5.960952380952002,178.82857142856005,1.0,False
1998,66.59999999999621,5.9733333333319285,179.19999999995784,1.0,False
1999,66.63333333332955,5.957142857144693,178.7142857143408,1.0,False
2000,66.66666666666288,5.962142857142282,178.86428571426845,1.0,False
2001,66.69999999999621,5.956190476191154,178.68571428573463,1.0,False
2002,66.73333333332954,5.924047619051278,177.72142857153833,1.0,True
2003,66.76666666666287,5.90857142857319,177.2571428571957,1.0,False
2004,66.7999999999962,5.9449999999958525,178.34999999987556,1.0,False
2005,66.83333333332953,5.927142857144889,177.81428571434668,1.0,False
2006,66.86666666666287,5.878571428576955,176.35714285730862,1.0,False
2007,66.8999999999962,5.856666666669154,175.70000000007462,1.0,False
2008,66.93333333332953,5.863333333332575,175.89999999997724,1.0,False
2009,66.96666666666286,5.981428571415078,179.44285714245234,1.0,False
2010,66.99999999999619,6.02999999999445,180.89999999983348,1.0,False
2011,67.03333333332952,5.99238095238525,179.7714285715575,1.0,False
2012,67.06666666666285,5.859047619062852,175.77142857188556,1.0,False
2013,67.09999999999619,5.86857142857034,176.0571428571102,1.0,False
2014,67.13333333332952,5.885714285712326,176.57142857136978,1.0,False
2015,67.16666666666285,5.89999999999837,176.99999999995111,1.0,False
2016,67.19999999999618,5.886904761906261,176.60714285718782,1.0,False
2017,67.23333333332951,5.886190476190557,176.5857142857167,1.0,False
2018,67.26666666666284,5.883095238095592,176.4928571428678,0.9722222089799312,True
2019,67.29999999999617,5.870952380953773,176.1285714286132,0.9999999999968144,False
2020,67.3333333333295,5.865952380952957,175.9785714285887,1.0,False
2021,67.36666666666284,5.918571428565379,177.55714285696138,1.0,False
2022,67.39999999999617,5.939047619045266,178.17142857135798,1.0,False
2023,67.4333333333295,5.963809523806671,178.91428571420013,1.0,False
2024,67.46666666666283,5.995238095234477,179.85714285703432,1.0,False
2025,67.49999999999616,6.0557142857073245,181.67142857121976,1.0,False
2026,67.5333333333295,6.007619047624583,180.2285714287375,1.0,False
2027,67.56666666666283,5.955238095244123,178.6571428573237,1.0,False
2028,67.59999999999616,5.918571428575651,177.55714285726955,1.0,False
2029,67.63333333332949,5.97761904761223,179.3285714283669,1.0,False
2030,67.66666666666282,5.957619047621354,178.72857142864063,1.0,False
2031,67.69999999999615,5.988571428567853,179.65714285703558,1.0,False
2032,67.73333333332948,6.009523809521388,180.28571428564163,1.0,False
2033,67.76666666666281,6.034761904758988,181.04285714276963,1.0,False
2034,67.79999999999615,6.002380952384693,180.0714285715408,1.0,True
2035,67.83333333332948,5.970952380956012,179.12857142868035,1.0,False
2036,67.86666666666281,5.952380952383094,178.57142857149282,1.0,False
2037,67.89999999999614,5.91476190476625,177.44285714298746,1.0,False
2038,67.93333333332947,5.926666666665289,177.79999999995866,1.0,False
2039,67.9666666666628,5.927619047618936,177.8285714285681,1.0,False
2040,67.99999999999613,5.934761904761076,178.04285714283228,1.0,True
2041,68.03333333332947,5.930476190476687,177.9142857143006,1.0,False
2042,68.0666666666628,5.943333333331842,178.29999999995525,1.0,False
2043,68.09999999999613,5.953809523808308,178.61428571424926,1.0,False
2044,68.13333333332946,5.95714285714247,178.7142857142741,1.0,False
2045,68.16666666666279,5.948571428572421,178.45714285717264,1.0,False
2046,68.19999999999612,5.9485714285714275,178.45714285714286,1.0,False
2047,68.23333333332945,5.957142857141859,178.71428571425574,1.0,False
2048,68.26666666666279,5.950952380953101,178.52857142859304,1.0,False
2049,68.29999999999612,5.957619047618271,178.72857142854815,1.0,False
2050,68.33333333332945,5.932380952383892,177.97142857151673,1.0,False
2051,68.36666666666278,5.938571428570698,178.15714285712093,1.0,False
2052,68.39999999999611,5.942380952380496,178.27142857141487,1.0,False
2053,68.43333333332944,5.950714285713314,178.52142857139938,1.0,False
2054,68.46666666666277,5.923809523812666,177.71428571437997,1.0,False
2055,68.4999999999961,5.922142857143051,177.66428571429154,1.0,True
2056,68.53333333332944,5.958571428567173,178.7571428570152,1.0,False
2057,68.56666666666277,5.983571428568507,179.50714285705524,1.0,False
2058,68.5999999999961,5.999047619045809,179.97142857137428,1.0,True
2059,68.63333333332943,5.987142857144251,179.61428571432756,1.0,False
2060,68.66666666666276,5.969523809525878,179.08571428577633,1.0,False
2061,68.6999999999961,5.9628571428579225,178.8857142857377,1.0,False
2062,68.73333333332943,5.95761904761966,178.72857142858982,1.0,False
2063,68.76666666666276,5.982857142854183,179.48571428562548,1.0,False
2064,68.79999999999609,6.01333333332976,180.39999999989277,1.0,False
2065,68.83333333332942,6.024761904760565,180.74285714281694,1.0,False
2066,68.86666666666275,6.001904761907437,180.0571428572231,1.0,True
2067,68.89999999999608,6.016666666664921,180.49999999994768,1.0,False
2068,68.93333333332941,6.0357142857120465,181.0714285713614,1.0,False
2069,68.96666666666275,6.000714285718404,180.0214285715521,1.0,False
2070,68.99999999999608,5.961428571433193,178.84285714299577,1.0,False
2071,69.03333333332941,5.976428571426806,179.2928571428042,1.0,True
2072,69.06666666666274,6.005238095234705,180.15714285704115,1.0,False
2073,69.09999999999607,6.0057142857142285,180.17142857142684,1.0,False
2074,69.1333333333294,5.974761904765552,179.24285714296659,1.0,False
2075,69.16666666666273,5.981190476189715,179.43571428569146,1.0,True
2076,69.19999999999607,5.983809523809215,179.51428571427644,1.0,False
2077,69.2333333333294,6.021190476186061,180.63571428558183,1.0,False
2078,69.26666666666273,6.036666666664838,181.09999999994514,1.0,False
2079,69.29999999999606,6.043333333332545,181.29999999997636,1.0,False
2080,69.33333333332939,5.997142857148312,179.91428571444933,1.0,False
2081,69.36666666666272,5.972380952383876,179.1714285715163,1.0,False
2082,69.39999999999606,5.964523809524737,178.9357142857421,1.0,False
2083,69.43333333332939,5.963095238095408,178.89285714286223,1.0,True
2084,69.46666666666272,5.962619047619103,178.8785714285731,1.0,True
2085,69.49999999999605,5.9749999999985315,179.24999999995595,0.9722222089800377,True
2086,69.53333333332938,5.997857142854434,179.935714285633,0.9999999999967079,True
2087,69.56666666666271,6.017380952378638,180.52142857135914,1.0,False
2088,69.59999999999604,6.029047619046238,180.87142857138718,1.0,False
2089,69.63333333332938,6.07571428570874,182.2714285712622,1.0,False
2090,69.6666666666627,6.068095238096146,182.04285714288437,1.0,False
2091,69.69999999999604,6.014761904768247,180.44285714304743,1.0,False
2092,69.73333333332937,5.972380952385993,179.17142857157978,1.0,False
2093,69.7666666666627,6.000952380948982,180.02857142846946,1.0,False
2094,69.79999999999603,6.0266666666636075,180.7999999999082,1.0,False
2095,69.83333333332936,6.029047619047334,180.87142857142,1.0,False
2096,69.8666666666627,6.006666666669337,180.2000000000801,1.0,False
2097,69.89999999999603,5.979523809527046,179.38571428581136,1.0,False
2098,69.93333333332936,6.0085714285679614,180.25714285703884,1.0,False
2099,69.96666666666269,6.0683333333261995,182.049999999786,1.0,False
2100,69.99999999999602,6.07976190476054,182.3928571428162,1.0,False
2101,70.03333333332935,6.058809523812024,181.7642857143607,1.0,True
2102,70.06666666666268,6.017380952385897,180.5214285715769,0.9444444179601229,True
2103,70.09999999999602,5.9859523809561335,179.578571428684,0.9999999999933683,False
2104,70.13333333332935,5.986904761904639,179.6071428571392,1.0,False
2105,70.16666666666268,6.013333333330172,180.39999999990513,1.0,False
2106,70.19999999999601,6.03666666666387,181.0999999999161,1.0,False
2107,70.23333333332934,6.058095238092671,181.7428571427801,1.0,False
2108,70.26666666666267,6.081904761901908,182.45714285705728,1.0,False
2109,70.299999999996,6.0623809523832906,181.8714285714987,1.0,False
2110,70.33333333332934,6.046190476192415,181.38571428577245,1.0,False
2111,70.36666666666267,6.044285714285943,181.32857142857827,1.0,False
2112,70.399999999996,6.023333333335856,180.70000000007568,1.0,False
2113,70.43333333332933,5.975952380958076,179.27857142874228,1.0,False
2114,70.46666666666266,5.955714285716717,178.67142857150154,1.0,False
2115,70.49999999999599,5.959285714285284,178.7785714285585,1.0,True
2116,70.53333333332932,5.983809523806575,179.51428571419726,1.0,False
2117,70.56666666666266,6.034047619041579,181.02142857124738,1.0,False
2118,70.59999999999599,6.056190476187815,181.68571428563445,1.0,False
2119,70.63333333332932,6.051666666667203,181.55000000001613,1.0,False
2120,70.66666666666265,6.022857142860606,180.6857142858182,1.0,False
2121,70.69999999999598,6.001666666669225,180.05000000007678,1.0,True
2122,70.73333333332931,5.969523809527688,179.08571428583062,1.0,False
2123,70.76666666666264,5.976904761903871,179.30714285711613,1.0,True
2124,70.79999999999598,6.042380952373052,181.2714285711916,1.0,False
2125,70.8333333333293,6.079523809519325,182.38571428557975,1.0,False
2126,70.86666666666264,6.039047619052515,181.17142857157546,1.0,False
2127,70.89999999999597,5.974285714293538,179.22857142880613,1.0,False
2128,70.9333333333293,5.957619047621067,178.72857142863205,1.0,False
2129,70.96666666666263,5.990952380948344,179.72857142845035,1.0,False
2130,70.99999999999596,6.013333333330623,180.3999999999187,1.0,False
2131,71.0333333333293,6.047619047614895,181.42857142844687,1.0,False
2132,71.06666666666263,6.035714285715726,181.0714285714718,1.0,False
2133,71.09999999999596,6.004285714289519,180.12857142868558,1.0,False
2134,71.13333333332929,5.970952380956416,179.12857142869248,1.0,False
2135,71.16666666666262,5.991904761902213,179.75714285706638,1.0,False
2136,71.19999999999595,6.016190476187526,180.48571428562576,1.0,False
2137,71.23333333332928,5.992857142859978,179.78571428579932,1.0,False
2138,71.26666666666262,6.019523809520569,180.5857142856171,1.0,False
2139,71.29999999999595,6.02714285714193,180.81428571425792,1.0,False
2140,71.33333333332928,5.984285714290924,179.5285714287277,1.0,False
2141,71.36666666666261,5.930952380958849,177.92857142876548,1.0,False
2142,71.39999999999594,5.988571428564403,179.6571428569321,1.0,False
2143,71.43333333332927,6.019047619043905,180.5714285713171,1.0,False
2144,71.4666666666626,5.99761904762166,179.9285714286498,1.0,False
2145,71.49999999999594,5.981904761906677,179.45714285720032,1.0,False
2146,71.53333333332927,6.004285714282985,180.12857142848955,1.0,False
2147,71.5666666666626,5.993809523810801,179.81428571432403,1.0,False
2148,71.59999999999593,6.008095238093493,180.24285714280484,1.0,False
2149,71.63333333332926,6.004285714286189,180.12857142858567,1.0,False
2150,71.66666666666259,6.021904761902619,180.6571428570786,1.0,False
2151,71.69999999999592,5.976666666672198,179.30000000016594,1.0,False
2152,71.73333333332926,5.999999999997144,179.99999999991434,1.0,False
2153,71.76666666666259,6.007142857141982,180.2142857142595,1.0,False
2154,71.79999999999592,6.0128571428564435,180.3857142856933,1.0,False
2155,71.83333333332925,6.000476190477703,180.0142857143311,1.0,False
2156,71.86666666666258,6.006190476189784,180.1857142856935,1.0,False
2157,71.89999999999591,6.000476190476899,180.014285714307,1.0,False
2158,71.93333333332924,5.980476190478644,179.41428571435932,1.0,False
2159,71.96666666666258,5.977619047619397,179.32857142858194,1.0,True
2160,71.99999999999591,5.976666666666784,179.3000000000035,1.0,False
2161,72.03333333332924,5.97047619047695,179.1142857143085,1.0,True
2162,72.06666666666257,5.978095238094302,179.34285714282908,1.0,False
2163,72.0999999999959,5.997142857140519,179.91428571421557,1.0,True
2164,72.13333333332923,6.036190476185677,181.0857142855703,1.0,False
2165,72.16666666666256,6.034285714285952,181.02857142857854,1.0,False
2166,72.1999999999959,6.020000000001758,180.60000000005275,1.0,False
2167,72.23333333332923,5.998095238097936,179.9428571429381,1.0,True
2168,72.26666666666256,6.029999999996068,180.89999999988206,1.0,False
2169,72.29999999999589,6.026666666667078,180.80000000001232,1.0,False
2170,72.33333333332922,6.003333333336211,180.1000000000863,1.0,True
2171,72.36666666666255,6.006190476190108,180.18571428570326,1.0,False
2172,72.39999999999588,6.010952380951794,180.32857142855383,1.0,False
2173,72.43333333332922,6.026666666664723,180.79999999994172,1.0,False
2174,72.46666666666255,6.029523809523456,180.88571428570367,1.0,False
2175,72.49999999999588,6.055714285711047,181.6714285713314,1.0,False
2176,72.53333333332921,6.046190476191653,181.3857142857496,1.0,False
2177,72.56666666666254,6.055238095236976,181.6571428571093,1.0,False
2178,72.59999999999587,6.052142857143237,181.56428571429714,1.0,False
2179,72.6333333333292,6.013809523814268,180.41428571442808,1.0,False
2180,72.66666666666254,5.976428571433204,179.2928571429961,1.0,True
2181,72.69999999999587,5.979523809523426,179.38571428570276,1.0,False
2182,72.7333333333292,5.998809523807131,179.9642857142139,1.0,False
2183,72.76666666666253,6.005714285713428,180.17142857140283,1.0,False
2184,72.79999999999586,6.009999999999468,180.299999999984,1.0,False
2185,72.8333333333292,6.016190476189708,180.48571428569122,1.0,False
2186,72.86666666666252,6.017142857142736,180.5142857142821,0.91666668654522,True
2187,72.89999999999586,5.98142857143301,179.44285714299033,0.9999999999896261,False
2188,72.93333333332919,5.943333333338076,178.3000000001423,1.0,False
2189,72.96666666666252,5.92238095238356,177.6714285715068,1.0,False
2190,72.99999999999585,5.9457142857113805,178.37142857134143,1.0,False
2191,73.03333333332918,5.95952380952209,178.7857142856627,1.0,True
2192,73.06666666666251,5.957142857143153,178.7142857142946,1.0,False
2193,73.09999999999584,5.970952380950661,179.12857142851982,1.0,False
2194,73.13333333332918,5.987142857140844,179.61428571422533,1.0,False
2195,73.16666666666251,5.991904761904171,179.75714285712513,1.0,False
2196,73.19999999999584,6.0042857142841655,180.128571428525,1.0,False
2197,73.23333333332917,6.023333333330953,180.6999999999286,1.0,False
2198,73.2666666666625,6.020952380952678,180.62857142858036,1.0,False
2199,73.29999999999583,5.998571428574224,179.95714285722673,1.0,False
2200,73.33333333332916,5.9790476190500605,179.3714285715018,1.0,False
2201,73.3666666666625,6.00476190475868,180.14285714276036,1.0,False
2202,73.39999999999583,6.043809523804629,181.3142857141389,1.0,False
2203,73.43333333332916,6.052857142856007,181.58571428568024,1.0,False
2204,73.46666666666249,6.023809523813164,180.7142857143949,1.0,False
2205,73.49999999999582,6.009523809525599,180.285714285768,1.0,False
2206,73.53333333332915,6.030952380949694,180.9285714284908,1.0,False
2207,73.56666666666248,6.049523809521482,181.48571428564443,1.0,False
2208,73.59999999999582,6.058571428570294,181.75714285710882,1.0,False
2209,73.63333333332915,6.051428571429465,181.54285714288395,1.0,False
2210,73.66666666666248,6.0414285714298295,181.24285714289488,1.0,False
2211,73.69999999999581,6.023809523811739,180.71428571435217,1.0,False
2212,73.73333333332914,6.018809523810153,180.56428571430456,1.0,False
2213,73.76666666666247,6.023333333332764,180.69999999998294,1.0,False
2214,73.7999999999958,6.039285714283707,181.17857142851125,1.0,True
2215,73.83333333332914,6.063809523806436,181.91428571419308,1.0,False
2216,73.86666666666247,6.037380952384293,181.12142857152878,1.0,False
2217,73.8999999999958,6.016666666669279,180.50000000007836,1.0,False
2218,73.93333333332913,6.011428571429232,180.34285714287697,1.0,False
2219,73.96666666666246,6.036666666663481,181.09999999990444,1.0,False
2220,73.9999999999958,5.995238095243323,179.85714285729966,1.0,False
2221,74.03333333332913,5.996666666666487,179.89999999999458,1.0,False
2222,74.06666666666246,6.006190476189274,180.18571428567822,1.0,False
2223,74.09999999999579,6.063333333326119,181.89999999978357,1.0,False
2224,74.13333333332912,6.061428571428824,181.8428571428647,1.0,False
2225,74.16666666666245,6.042380952383374,181.2714285715012,1.0,False
2226,74.19999999999578,6.015238095241529,180.45714285724586,1.0,False
2227,74.23333333332911,6.023333333332308,180.69999999996924,1.0,False
2228,74.26666666666245,6.025238095237853,180.7571428571356,1.0,False
2229,74.29999999999578,6.034761904760698,181.04285714282094,1.0,False
2230,74.33333333332911,6.039999999999336,181.19999999998007,1.0,False
2231,74.36666666666244,6.022380952383186,180.67142857149557,1.0,True
2232,74.39999999999577,6.000000000002837,180.00000000008515,1.0,False
2233,74.4333333333291,6.00428571428517,180.12857142855512,1.0,False
2234,74.46666666666243,5.999523809524414,179.98571428573243,1.0,True
2235,74.49999999999577,6.0357142857096875,181.07142857129062,1.0,False
2236,74.5333333333291,6.065714285710474,181.97142857131422,1.0,False
2237,74.56666666666243,6.055714285715555,181.6714285714667,1.0,False
2238,74.59999999999576,5.994761904769647,179.84285714308942,1.0,False
2239,74.63333333332909,5.952380952386344,178.57142857159027,1.0,False
2240,74.66666666666242,5.950476190476432,178.51428571429298,1.0,False
2241,74.69999999999575,5.976190476187198,179.28571428561597,1.0,False
2242,74.73333333332909,6.00952380951956,180.2857142855868,1.0,False
2243,74.76666666666242,6.032380952378038,180.97142857134116,1.0,False
2244,74.79999999999575,6.024285714286745,180.72857142860238,1.0,False
2245,74.83333333332908,6.027142857142493,180.8142857142748,1.0,False
2246,74.86666666666241,6.0428571428551345,181.28571428565402,1.0,False
2247,74.89999999999574,6.049523809522966,181.48571428568897,1.0,False
2248,74.93333333332907,6.017142857146996,180.51428571440988,1.0,False
2249,74.9666666666624,5.998571428573803,179.9571428572141,1.0,False
2250,74.99999999999574,6.009523809522408,180.28571428567224,1.0,True
2251,75.03333333332907,6.0338095238064176,181.0142857141925,1.0,True
2252,75.0666666666624,6.010000000003045,180.30000000009133,1.0,False
2253,75.09999999999573,6.023809523807755,180.7142857142327,1.0,False
2254,75.13333333332906,6.039047619045673,181.1714285713702,1.0,False
2255,75.1666666666624,6.066428571425077,181.99285714275234,1.0,False
2256,75.19999999999573,6.0276190476240235,180.82857142872066,1.0,False
2257,75.23333333332906,6.01404761904936,180.4214285714808,1.0,True
2258,75.26666666666239,6.01666666666633,180.4999999999899,1.0,False
2259,75.29999999999572,6.024047619046672,180.72142857140014,1.0,False
2260,75.33333333332905,6.056190476186349,181.68571428559048,1.0,False
2261,75.36666666666238,6.0771428571401716,182.31428571420517,1.0,False
2262,75.39999999999571,6.038571428576404,181.15714285729214,1.0,False
2263,75.43333333332905,6.005238095242384,180.1571428572715,1.0,False
2264,75.46666666666238,6.05380952380327,181.61428571409812,1.0,False
2265,75.49999999999571,6.096666666661148,182.89999999983448,1.0,False
2266,75.53333333332904,6.034761904769875,181.04285714309626,1.0,False
2267,75.56666666666237,5.997380952385765,179.92142857157293,1.0,False
2268,75.5999999999957,6.02857142856741,180.85714285702232,1.0,False
2269,75.63333333332903,6.02833333333338,180.85000000000142,1.0,True
2270,75.66666666666237,6.123809523797188,183.71428571391564,1.0,False
2271,75.6999999999957,6.157857142852744,184.7357142855823,1.0,False
2272,75.73333333332903,6.113333333339084,183.40000000017253,1.0,False
2273,75.76666666666236,5.998571428586253,179.95714285758757,1.0,False
2274,75.79999999999569,6.034285714281101,181.028571428433,1.0,False
2275,75.83333333332902,6.0528571428547435,181.58571428564233,1.0,False
2276,75.86666666666235,6.059999999999072,181.79999999997216,1.0,False
2277,75.89999999999569,6.046666666668394,181.40000000005182,1.0,False
2278,75.93333333332902,6.012142857147331,180.36428571441994,1.0,False
2279,75.96666666666235,5.990476190478998,179.71428571436994,1.0,False
2280,75.99999999999568,5.986904761905224,179.60714285715673,1.0,True
2281,76.03333333332901,6.01619047618668,180.4857142856004,1.0,False
2282,76.06666666666234,6.0388095238065915,181.16428571419775,1.0,False
2283,76.09999999999567,6.029047619048887,180.8714285714666,1.0,False
2284,76.133333333329,6.014761904763743,180.44285714291232,1.0,False
2285,76.16666666666234,6.048095238090897,181.4428571427269,1.0,False
2286,76.19999999999567,6.049523809523625,181.48571428570875,1.0,False
2287,76.233333333329,6.017619047623196,180.52857142869587,1.0,False
2288,76.26666666666233,5.9923809523842335,179.771428571527,1.0,False
2289,76.29999999999566,5.960952380956467,178.82857142869403,1.0,False
2290,76.333333333329,5.954523809524643,178.6357142857393,1.0,False
2291,76.36666666666233,5.970952380950252,179.12857142850757,1.0,False
2292,76.39999999999566,6.012857142851693,180.38571428555076,1.0,True
2293,76.43333333332899,6.006190476191342,180.18571428574026,1.0,False
2294,76.46666666666232,6.000952380953064,180.02857142859193,1.0,True
2295,76.49999999999565,5.973809523813064,179.21428571439193,1.0,False
2296,76.53333333332898,5.943095238099245,178.29285714297734,1.0,False
2297,76.56666666666231,5.956666666664896,178.69999999994687,1.0,False
2298,76.59999999999565,5.989523809519519,179.6857142855856,1.0,False
2299,76.63333333332898,5.991428571428335,179.74285714285006,1.0,False
2300,76.66666666666231,5.932380952388674,177.97142857166023,1.0,False
2301,76.69999999999564,5.920952380953876,177.6285714286163,1.0,False
2302,76.73333333332897,5.96238095237553,178.8714285712659,1.0,False
2303,76.7666666666623,5.966190476189977,178.98571428569932,1.0,True
2304,76.79999999999563,5.960476190476938,178.81428571430817,1.0,False
2305,76.83333333332897,5.961904761904577,178.8571428571373,1.0,True
2306,76.8666666666623,6.006190476184669,180.18571428554012,1.0,False
2307,76.89999999999563,6.007619047618857,180.22857142856574,1.0,False
2308,76.93333333332896,5.973809523813962,179.21428571441888,1.0,False
2309,76.96666666666229,5.9266666666728565,177.80000000018566,1.0,False
2310,76.99999999999562,5.924761904762154,177.74285714286464,1.0,True
2311,77.03333333332895,5.964285714280524,178.92857142841572,1.0,False
2312,77.06666666666229,5.972857142856016,179.18571428568052,1.0,False
2313,77.09999999999562,5.977142857142294,179.3142857142688,1.0,False
2314,77.13333333332895,5.966190476191916,178.9857142857575,1.0,False
2315,77.16666666666228,5.975238095236909,179.25714285710728,1.0,False
2316,77.19999999999561,5.963809523811029,178.91428571433084,1.0,False
2317,77.23333333332894,5.948571428573436,178.45714285720308,1.0,False
2318,77.26666666666227,5.916666666670868,177.50000000012605,1.0,False
2319,77.2999999999956,5.8761904761958075,176.2857142858742,1.0,False
2320,77.33333333332894,5.896666666663967,176.899999999919,1.0,False
2321,77.36666666666227,5.924523809520148,177.73571428560442,1.0,False
2322,77.3999999999956,5.973333333326897,179.19999999980692,1.0,False
2323,77.43333333332893,5.9740476190475205,179.2214285714256,1.0,True
2324,77.46666666666226,5.993809523806912,179.81428571420736,1.0,False
2325,77.4999999999956,5.951190476196108,178.53571428588324,1.0,False
2326,77.53333333332893,5.966666666664621,178.9999999999386,1.0,False
2327,77.56666666666226,5.931428571433228,177.94285714299681,1.0,False
2328,77.59999999999559,5.960476190472348,178.81428571417047,1.0,False
2329,77.63333333332892,5.95095238095365,178.52857142860952,1.0,False
2330,77.66666666666225,5.9928571428516095,179.7857142855483,1.0,False
2331,77.69999999999558,5.9757142857165535,179.27142857149659,1.0,False
2332,77.73333333332891,6.003333333329671,180.09999999989012,1.0,False
2333,77.76666666666225,5.974285714289565,179.22857142868696,1.0,False
2334,77.79999999999558,5.9323809523865085,177.97142857159525,1.0,False
2335,77.83333333332891,5.898571428575915,176.95714285727743,1.0,False
2336,77.86666666666224,5.947619047612531,178.4285714283759,1.0,False
2337,77.89999999999557,5.989523809518241,179.68571428554722,1.0,False
2338,77.9333333333289,6.001904761903114,180.0571428570934,1.0,False
2339,77.96666666666223,5.969047619051989,179.07142857155966,1.0,False
2340,77.99999999999557,5.969999999999873,179.09999999999616,1.0,False
2341,78.0333333333289,5.961904761905838,178.85714285717512,1.0,False
2342,78.06666666666223,5.965714285713778,178.97142857141336,1.0,False
2343,78.09999999999556,5.960952380953013,178.82857142859038,1.0,False
2344,78.13333333332889,5.963809523809146,178.91428571427437,1.0,False
2345,78.16666666666222,5.9571428571437455,178.71428571431238,1.0,False
2346,78.19999999999555,5.938571428573906,178.15714285721717,1.0,False
2347,78.23333333332889,5.928095238096635,177.84285714289905,1.0,False
2348,78.26666666666222,5.930476190475873,177.9142857142762,1.0,False
2349,78.29999999999555,5.945714285712252,178.37142857136757,1.0,False
2350,78.33333333332888,5.955714285712951,178.67142857138853,1.0,False
2351,78.36666666666221,5.965238095236822,178.95714285710469,1.0,False
2352,78.39999999999554,5.955238095239436,178.6571428571831,1.0,False
2353,78.43333333332887,5.957619047618728,178.72857142856182,1.0,True
2354,78.4666666666622,5.954761904762287,178.6428571428686,1.0,False
2355,78.49999999999554,5.982857142853381,179.48571428560143,1.0,False
2356,78.53333333332887,5.961428571431439,178.8428571429432,1.0,False
2357,78.5666666666622,5.946666666668642,178.40000000005926,1.0,False
2358,78.59999999999553,5.924761904764836,177.74285714294504,1.0,False
2359,78.63333333332886,5.919047619048392,177.57142857145175,1.0,False
2360,78.6666666666622,5.932857142855288,177.98571428565862,1.0,False
2361,78.69999999999553,5.949047619045444,178.47142857136333,1.0,False
2362,78.73333333332886,5.967142857140426,179.0142857142128,1.0,False
2363,78.76666666666219,5.969523809523489,179.08571428570468,1.0,False
2364,78.79999999999552,5.982857142855352,179.48571428566055,1.0,False
2365,78.83333333332885,6.0161904761859955,180.48571428557986,1.0,False
2366,78.86666666666218,6.002857142858949,180.0857142857685,1.0,False
2367,78.89999999999552,5.987142857144984,179.6142857143495,1.0,False
2368,78.93333333332885,5.97476190476357,179.2428571429071,1.0,False
2369,78.96666666666218,6.015238095232642,180.45714285697926,1.0,True
2370,78.99999999999551,6.0066666666678215,180.20000000003463,1.0,False
2371,79.03333333332884,5.975238095242329,179.25714285726986,1.0,False
2372,79.06666666666217,5.980952380951611,179.4285714285483,1.0,False
2373,79.0999999999955,5.986666666665896,179.5999999999769,1.0,False
2374,79.13333333332884,5.971428571430623,179.1428571429187,1.0,False
2375,79.16666666666217,5.94428571428937,178.32857142868113,1.0,False
2376,79.1999999999955,5.94999999999923,178.4999999999769,1.0,False
2377,79.23333333332883,5.940000000001351,178.20000000004055,1.0,True
2378,79.26666666666216,5.987142857136485,179.61428571409456,1.0,False
2379,79.29999999999549,6.018095238091055,180.54285714273163,1.0,False
2380,79.33333333332882,6.006190476192084,180.18571428576254,1.0,False
2381,79.36666666666216,5.951428571435972,178.54285714307917,1.0,False
2382,79.39999999999549,5.941428571429925,178.24285714289775,1.0,False
2383,79.43333333332882,5.965714285710994,178.97142857132982,1.0,False
2384,79.46666666666215,6.005238095232737,180.15714285698212,1.0,False
2385,79.49999999999548,6.030476190472768,180.91428571418305,1.0,False
2386,79.53333333332881,6.028095238095561,180.84285714286682,1.0,False
2387,79.56666666666214,5.9952380952425495,179.85714285727647,1.0,False
2388,79.59999999999548,5.975714285716932,179.27142857150795,1.0,False
2389,79.6333333333288,5.969047619048522,179.07142857145567,1.0,False
2390,79.66666666666214,5.983333333331397,179.4999999999419,1.0,False
2391,79.69999999999547,5.9876190476184625,179.6285714285539,1.0,False
2392,79.7333333333288,6.025238095232979,180.75714285698936,1.0,False
2393,79.76666666666213,6.043809523806997,181.31428571420992,1.0,False
2394,79.79999999999546,6.0395238095243915,181.18571428573173,1.0,False
2395,79.8333333333288,5.988095238102234,179.64285714306703,1.0,False
2396,79.86666666666213,5.992857142856481,179.7857142856944,1.0,False
2397,79.89999999999546,5.993333333333259,179.79999999999774,1.0,False
2398,79.93333333332879,6.0076190476171005,180.22857142851302,1.0,False
2399,79.96666666666212,5.960476190482622,178.81428571447864,1.0,False
2400,79.99999999999545,5.963333333332944,178.8999999999883,1.0,False
2401,80.03333333332878,5.977142857140973,179.3142857142292,1.0,False
2402,80.06666666666212,6.014285714280646,180.4285714284194,1.0,False
2403,80.09999999999545,5.992380952383943,179.7714285715183,1.0,False
2404,80.13333333332878,6.0080952380930785,180.24285714279236,1.0,False
2405,80.16666666666211,6.007142857142979,180.21428571428936,1.0,False
2406,80.19999999999544,6.007619047618984,180.2285714285695,1.0,False
2407,80.23333333332877,5.980476190479904,179.41428571439712,1.0,False
2408,80.2666666666621,5.973333333334311,179.20000000002932,1.0,False
2409,80.29999999999544,5.960000000001823,178.80000000005472,1.0,False
2410,80.33333333332877,5.966666666665754,178.99999999997263,1.0,False
2411,80.3666666666621,5.998571428567059,179.95714285701177,1.0,False
2412,80.39999999999543,6.00952380952231,180.2857142856693,1.0,False
2413,80.43333333332876,6.008571428571558,180.25714285714673,1.0,False
2414,80.46666666666209,6.012380952380429,180.37142857141285,1.0,False
2415,80.49999999999542,6.041904761900708,181.25714285702125,1.0,True
2416,80.53333333332876,6.0459523809518245,181.37857142855475,1.0,False
2417,80.56666666666209,6.061904761902571,181.85714285707715,1.0,False
2418,80.59999999999542,6.073095238093699,182.19285714281096,1.0,True
2419,80.63333333332875,6.056666666668933,181.70000000006797,1.0,False
2420,80.66666666666208,6.029285714289479,180.87857142868435,1.0,False
2421,80.69999999999541,6.031428571428276,180.94285714284828,0.9444444179611414,True
2422,80.73333333332874,6.024761904762823,180.74285714288467,0.9999999999923498,False
2423,80.76666666666208,6.007619047621407,180.22857142864223,1.0,False
2424,80.7999999999954,6.023333333331168,180.69999999993507,1.0,False
2425,80.83333333332874,6.014761904763086,180.44285714289254,1.0,False
2426,80.86666666666207,5.974285714291286,179.22857142873858,1.0,False
2427,80.8999999999954,5.96095238095421,178.8285714286263,0.9166666865463924,True
2428,80.93333333332873,5.969047619046504,179.0714285713951,0.9999999999884892,False
2429,80.96666666666206,5.998095238091226,179.94285714273676,1.0,False
2430,80.9999999999954,6.0114285714267295,180.34285714280188,1.0,False
2431,81.03333333332873,6.029999999997434,180.89999999992307,1.0,False
2432,81.06666666666206,6.016190476192383,180.48571428577148,1.0,False
2433,81.09999999999539,6.0223809523800975,180.6714285714029,1.0,False
2434,81.13333333332872,6.016666666667454,180.50000000002362,1.0,False
2435,81.16666666666205,6.044761904758012,181.34285714274034,1.0,False
2436,81.19999999999538,6.037380952381974,181.12142857145923,1.0,False
2437,81.23333333332872,6.0061904761947975,180.18571428584394,1.0,False
2438,81.26666666666205,5.998809523810546,179.9642857143164,1.0,True
2439,81.29999999999538,6.000476190475959,180.01428571427877,1.0,False
2440,81.33333333332871,6.008809523808367,180.264285714251,1.0,False
2441,81.36666666666204,5.999047619048977,179.97142857146932,1.0,False
2442,81.39999999999537,5.999047619047631,179.97142857142893,1.0,False
2443,81.4333333333287,5.958095238100927,178.7428571430278,1.0,False
2444,81.46666666666204,5.964285714284854,178.9285714285456,1.0,False
2445,81.49999999999537,5.991428571424799,179.74285714274396,1.0,False
2446,81.5333333333287,6.01238095237804,180.3714285713412,1.0,False
2447,81.56666666666203,6.002857142858466,180.085714285754,1.0,False
2448,81.59999999999536,6.004285714285516,180.12857142856552,1.0,False
2449,81.6333333333287,6.034761904757663,181.0428571427299,1.0,True
2450,81.66666666666202,6.059523809520361,181.78571428561085,1.0,False
2451,81.69999999999536,6.047142857144581,181.41428571433744,1.0,False
2452,81.73333333332869,6.02666666666952,180.80000000008562,1.0,False
2453,81.76666666666202,6.034761904760776,181.04285714282327,1.0,False
2454,81.79999999999535,6.035714285714152,181.07142857142455,1.0,False
2455,81.83333333332868,6.0057142857184695,180.1714285715541,1.0,False
2456,81.86666666666201,6.0004761904769115,180.01428571430733,1.0,False
2457,81.89999999999534,6.007619047618048,180.22857142854141,1.0,False
2458,81.93333333332868,5.99190476190696,179.75714285720878,1.0,False
2459,81.96666666666201,5.975238095240425,179.25714285721276,1.0,False
2460,81.99999999999534,6.025238095231103,180.7571428569331,1.0,False
2461,82.03333333332867,6.030952380951581,180.92857142854743,1.0,False
2462,82.066666666662,5.974285714293637,179.22857142880912,1.0,False
2463,82.09999999999533,5.910952380961239,177.3285714288372,1.0,False
2464,82.13333333332866,5.950476190470649,178.51428571411947,1.0,False
2465,82.166666666662,6.014761904752891,180.44285714258672,1.0,False
2466,82.19999999999533,6.05571428570854,181.6714285712562,1.0,False
2467,82.23333333332866,6.016190476196019,180.4857142858806,1.0,False
2468,82.26666666666199,6.0009523809545176,180.0285714286355,1.0,False
2469,82.29999999999532,6.005476190475556,180.16428571426664,1.0,False
2470,82.33333333332865,6.028095238092066,180.84285714276194,1.0,False
2471,82.36666666666198,6.027857142857173,180.83571428571517,1.0,True
2472,82.39999999999532,6.0161904761921186,180.48571428576358,1.0,False
2473,82.43333333332865,6.006904761906068,180.20714285718202,1.0,False
2474,82.46666666666198,5.999523809524848,179.98571428574542,1.0,False
2475,82.49999999999531,6.002857142856673,180.0857142857002,1.0,False
2476,82.53333333332864,6.012857142855736,180.38571428567207,1.0,False
2477,82.56666666666197,6.0242857142841055,180.7285714285232,1.0,False
2478,82.5999999999953,6.079047619039909,182.37142857119727,1.0,False
2479,82.63333333332864,6.076190476190895,182.28571428572687,1.0,False
2480,82.66666666666197,6.031428571434903,180.94285714304706,1.0,False
2481,82.6999999999953,5.940000000012898,178.20000000038695,1.0,False
2482,82.73333333332863,5.953333333331451,178.59999999994355,1.0,False
2483,82.76666666666196,6.000952380945661,180.02857142836982,1.0,False
2484,82.7999999999953,6.029047619043654,180.8714285713096,1.0,False
2485,82.83333333332862,6.000000000004101,180.00000000012304,1.0,False
2486,82.86666666666196,6.000476190476114,180.0142857142834,1.0,False
2487,82.89999999999529,6.038571428566035,181.15714285698104,1.0,False
2488,82.93333333332862,6.066666666662689,181.9999999998807,1.0,False
2489,82.96666666666195,6.017619047625989,180.52857142877968,1.0,False
2490,82.99999999999528,5.977142857148586,179.31428571445758,1.0,False
2491,83.03333333332861,5.994285714283287,179.8285714284986,1.0,False
2492,83.06666666666194,6.03714285713679,181.11428571410372,1.0,False
2493,83.09999999999528,6.031190476191322,180.93571428573966,1.0,False
2494,83.13333333332861,6.06904761904224,182.0714285712672,1.0,False
2495,83.16666666666194,6.11404761904123,183.4214285712369,1.0,True
2496,83.19999999999527,6.112142857143127,183.3642857142938,1.0,False
2497,83.2333333333286,6.0902380952412045,182.70714285723614,1.0,False
2498,83.26666666666193,6.096428571427691,182.89285714283076,1.0,True
2499,83.29999999999526,6.070952380955997,182.12857142867992,1.0,False
2500,83.3333333333286,6.033809523814797,181.01428571444387,1.0,True
2501,83.36666666666193,6.037142857142384,181.11428571427152,1.0,False
2502,83.39999999999526,6.034523809524188,181.03571428572565,0.9444444179614019,True
2503,83.43333333332859,6.045238095236568,181.35714285709702,0.9999999999920893,False
2504,83.46666666666192,6.046904761904525,181.40714285713574,1.0,False
2505,83.49999999999525,6.0366666666681255,181.10000000004374,1.0,False
2506,83.53333333332859,6.022380952382986,180.6714285714896,1.0,False
2507,83.56666666666192,6.031428571427282,180.94285714281847,1.0,False
2508,83.59999999999525,6.035238095237551,181.0571428571265,1.0,False
2509,83.63333333332858,6.016190476193193,180.4857142857958,1.0,False
2510,83.66666666666191,6.017142857142725,180.51428571428173,1.0,False
2511,83.69999999999524,6.00238095238306,180.07142857149177,1.0,False
2512,83.73333333332857,5.9876190476211555,179.62857142863467,1.0,False
2513,83.7666666666619,5.970952380954761,179.12857142864283,1.0,False
2514,83.79999999999524,5.9819047619031975,179.45714285709593,1.0,False
2515,83.83333333332857,6.001428571425781,180.04285714277344,1.0,False
2516,83.8666666666619,5.988571428573271,179.65714285719815,1.0,False
2517,83.89999999999523,5.962857142860825,178.88571428582475,1.0,False
2518,83.93333333332856,5.93714285714654,178.1142857143962,1.0,False
2519,83.9666666666619,5.978571428565494,179.3571428569648,1.0,False
2520,83.99999999999523,6.015714285708964,180.47142857126894,1.0,False
2521,84.03333333332856,6.038095238092032,181.14285714276093,1.0,True
2522,84.06666666666189,5.998095238100968,179.94285714302902,1.0,False
2523,84.09999999999522,5.982380952383205,179.47142857149615,1.0,True
2524,84.13333333332855,6.002142857140017,180.0642857142005,1.0,False
2525,84.16666666666188,6.066666666657403,181.99999999972206,1.0,False
2526,84.19999999999521,6.065952380952482,181.97857142857447,1.0,True
2527,84.23333333332855,6.028571428576799,180.85714285730396,1.0,False
2528,84.26666666666188,6.013095238097461,180.39285714292382,1.0,True
2529,84.29999999999521,6.014761904761665,180.44285714284993,1.0,False
2530,84.33333333332854,6.0061904761917075,180.1857142857512,1.0,False
2531,84.36666666666187,6.006666666666597,180.1999999999979,1.0,False
2532,84.3999999999952,6.003809523809942,180.11428571429826,1.0,False
2533,84.43333333332853,6.01619047618869,180.4857142856607,1.0,False
2534,84.46666666666187,6.039523809520446,181.18571428561341,1.0,False
2535,84.4999999999952,6.027619047620762,180.82857142862287,1.0,False
2536,84.53333333332853,5.988095238100933,179.64285714302798,1.0,False
2537,84.56666666666186,6.028095238089474,180.8428571426842,1.0,False
2538,84.59999999999519,6.026190476190752,180.78571428572258,1.0,False
2539,84.63333333332852,5.987619047624598,179.62857142873796,1.0,False
2540,84.66666666666185,5.992857142856361,179.78571428569083,1.0,False
2541,84.69999999999519,6.066190476179883,181.98571428539648,1.0,False
2542,84.73333333332852,6.073809523808422,182.21428571425267,1.0,False
2543,84.76666666666185,6.029047619054088,180.87142857162263,1.0,False
2544,84.79999999999518,5.98047619048321,179.41428571449632,1.0,False
2545,84.83333333332851,5.992380952379231,179.77142857137696,1.0,False
2546,84.86666666666184,6.04095238094536,181.2285714283608,1.0,False
2547,84.89999999999517,6.072380952376411,182.17142857129235,1.0,False
2548,84.9333333333285,6.052857142859969,181.58571428579907,1.0,False
2549,84.96666666666184,6.023333333337613,180.7000000001284,1.0,False
2550,84.99999999999517,6.020000000000483,180.6000000000145,1.0,False
2551,85.0333333333285,6.032857142855279,180.98571428565836,1.0,False
2552,85.06666666666183,6.059999999996065,181.79999999988195,1.0,True
2553,85.09999999999516,6.05666666666715,181.70000000001448,1.0,False
2554,85.1333333333285,6.062857142856242,181.88571428568724,1.0,False
2555,85.16666666666183,6.04809523809738,181.4428571429214,1.0,False
2556,85.19999999999516,6.0561904761892995,181.68571428567898,1.0,False
2557,85.23333333332849,6.070476190474114,182.1142857142234,1.0,False
2558,85.26666666666182,6.084761904759827,182.54285714279484,1.0,False
2559,85.29999999999515,6.039285714292325,181.17857142876977,1.0,False
2560,85.33333333332848,6.001904761910197,180.0571428573059,1.0,False
2561,85.36666666666181,6.002619047618939,180.07857142856818,1.0,True
2562,85.39999999999515,6.023333333330319,180.69999999990955,1.0,False
2563,85.43333333332848,6.059761904756592,181.79285714269776,1.0,False
2564,85.46666666666181,6.059999999999965,181.79999999999893,1.0,False
2565,85.49999999999514,6.049523809525336,181.4857142857601,1.0,False
2566,85.53333333332847,6.013333333338609,180.4000000001583,1.0,False
2567,85.5666666666618,6.036666666663264,181.09999999989793,1.0,False
2568,85.59999999999513,6.049523809521934,181.48571428565802,1.0,False
2569,85.63333333332847,6.0542857142850215,181.62857142855066,1.0,False
2570,85.6666666666618,6.0376190476214795,181.1285714286444,1.0,False
2571,85.69999999999513,6.0247619047637855,180.74285714291352,1.0,False
2572,85.73333333332846,6.0338095238082,181.014285714246,1.0,False
2573,85.76666666666179,6.02642857142965,180.79285714288952,1.0,True
2574,85.79999999999512,6.018571428572577,180.5571428571773,1.0,False
2575,85.83333333332845,5.992619047622845,179.77857142868535,1.0,True
2576,85.86666666666179,6.021428571424347,180.6428571427304,1.0,False
2577,85.89999999999512,6.076904761896624,182.30714285689874,1.0,False
2578,85.93333333332845,6.089523809521959,182.68571428565875,1.0,False
2579,85.96666666666178,6.0676190476222605,182.0285714286678,1.0,False
2580,85.99999999999511,6.07761904761758,182.32857142852743,1.0,False
2581,86.03333333332844,6.100952380948958,183.02857142846875,1.0,False
2582,86.06666666666177,6.0385714285805765,181.15714285741728,0.9722222089808193,True
2583,86.0999999999951,6.043333333332632,181.29999999997895,0.9999999999959263,False
2584,86.13333333332844,6.091428571421524,182.74285714264573,1.0,False
2585,86.16666666666177,6.091904761904718,182.75714285714156,1.0,False
2586,86.1999999999951,6.02142857143893,180.64285714316793,1.0,False
2587,86.23333333332843,5.9909523809568626,179.7285714287059,1.0,False
2588,86.26666666666176,6.038571428564424,181.15714285693272,1.0,False
2589,86.2999999999951,6.079523809517786,182.3857142855336,1.0,False
2590,86.33333333332843,6.090476190474582,182.71428571423743,1.0,False
2591,86.36666666666176,6.064285714289562,181.92857142868684,1.0,False
2592,86.39999999999509,6.0719047619036335,182.15714285710902,1.0,False
2593,86.43333333332842,6.08547619047419,182.56428571422572,1.0,False
2594,86.46666666666175,6.087619047618731,182.62857142856194,1.0,False
2595,86.49999999999508,6.090238095237709,182.70714285713126,1.0,True
2596,86.53333333332841,6.046666666673093,181.4000000001928,1.0,False
2597,86.56666666666175,6.021190476194234,180.635714285827,1.0,False
2598,86.59999999999508,6.024285714285256,180.72857142855767,1.0,False
2599,86.63333333332841,6.034761904760364,181.0428571428109,1.0,False
2600,86.66666666666174,6.002857142861857,180.08571428585574,1.0,True
2601,86.69999999999507,6.018571428569104,180.5571428570731,1.0,False
2602,86.7333333333284,6.010000000001267,180.300000000038,1.0,False
2603,86.76666666666173,5.980000000004438,179.40000000013313,1.0,False
2604,86.79999999999507,5.963809523811919,178.91428571435756,1.0,False
2605,86.8333333333284,6.009523809517048,180.28571428551143,1.0,False
2606,86.86666666666173,6.0607142857067045,181.82142857120112,1.0,False
2607,86.89999999999506,6.0899999999956576,182.69999999986973,1.0,False
2608,86.93333333332839,6.060714285718629,181.82142857155887,0.9444444179617335,True
2609,86.96666666666172,6.038571428574713,181.1571428572414,0.9999999999917577,False
2610,86.99999999999505,6.03309523809605,180.99285714288152,1.0,False
2611,87.03333333332839,6.023809523810901,180.71428571432705,1.0,False
2612,87.06666666666172,5.9976190476229325,179.92857142868797,1.0,False
2613,87.09999999999505,5.999523809523527,179.98571428570582,1.0,False
2614,87.13333333332838,6.011428571426802,180.34285714280406,1.0,False
2615,87.16666666666171,6.00809523809573,180.24285714287188,1.0,False
2616,87.19999999999504,6.026666666663903,180.7999999999171,1.0,False
2617,87.23333333332837,6.0414285714263745,181.24285714279122,1.0,False
2618,87.2666666666617,6.058571428568877,181.75714285706633,1.0,False
2619,87.29999999999504,6.030000000004251,180.9000000001275,1.0,False
2620,87.33333333332837,6.0061904761940195,180.18571428582058,1.0,True
2621,87.3666666666617,6.012380952380026,180.37142857140077,1.0,False
2622,87.39999999999503,6.038571428567527,181.15714285702583,1.0,False
2623,87.43333333332836,6.041904761904263,181.25714285712786,1.0,False
2624,87.4666666666617,6.057142857140583,181.7142857142175,1.0,False
2625,87.49999999999503,6.067619047617484,182.02857142852454,1.0,False
2626,87.53333333332836,6.031190476195912,180.93571428587734,1.0,False
2627,87.56666666666169,6.008333333336743,180.25000000010232,1.0,False
2628,87.59999999999502,6.01880952380796,180.5642857142388,1.0,True
2629,87.63333333332835,6.036428571425942,181.09285714277823,1.0,True
2630,87.66666666666168,6.000238095243506,180.00714285730518,1.0,False
2631,87.69999999999501,5.990238095239592,179.70714285718776,1.0,False
2632,87.73333333332835,6.003809523807492,180.11428571422476,1.0,False
2633,87.76666666666168,6.034761904757272,181.04285714271816,1.0,False
2634,87.79999999999501,6.030476190476832,180.91428571430495,1.0,False
2635,87.83333333332834,6.022380952382163,180.67142857146487,1.0,False
2636,87.86666666666167,6.009523809525736,180.28571428577206,1.0,False
2637,87.899999999995,6.019999999998428,180.59999999995284,1.0,False
2638,87.93333333332833,5.962380952389599,178.87142857168797,1.0,False
2639,87.96666666666167,5.96333333333319,178.8999999999957,1.0,False
2640,87.999999999995,5.992857142852712,179.78571428558135,1.0,False
2641,88.03333333332833,6.053333333324257,181.59999999972771,1.0,False
2642,88.06666666666166,5.9966666666751705,179.9000000002551,1.0,False
2643,88.09999999999499,5.978571428574146,179.35714285722437,1.0,True
2644,88.13333333332832,6.009523809519155,180.28571428557464,1.0,False
2645,88.16666666666165,6.046666666661089,181.39999999983266,1.0,True
2646,88.19999999999499,6.056190476189039,181.6857142856712,1.0,False
2647,88.23333333332832,6.086190476185961,182.58571428557883,1.0,False
2648,88.26666666666165,6.0795238095248125,182.38571428574437,1.0,False
2649,88.29999999999498,6.044285714291017,181.3285714287305,1.0,False
2650,88.33333333332831,6.004761904767853,180.14285714303557,1.0,False
2651,88.36666666666164,6.017142857140991,180.51428571422971,1.0,False
2652,88.39999999999498,5.998095238098106,179.94285714294318,0.9444444179618756,True
2653,88.4333333333283,6.021428571425051,180.64285714275152,0.9999999999916156,False
2654,88.46666666666164,6.084761904752346,182.5428571425704,1.0,False
2655,88.49999999999497,6.121428571423037,183.6428571426911,1.0,False
2656,88.5333333333283,6.0866666666719125,182.60000000015737,1.0,False
2657,88.56666666666163,6.024761904771246,180.7428571431374,1.0,False
2658,88.59999999999496,6.0380952380932245,181.14285714279674,1.0,False
2659,88.6333333333283,6.046190476189263,181.3857142856779,1.0,False
2660,88.66666666666163,6.105714285705287,183.1714285711586,1.0,False
2661,88.69999999999496,6.099523809524743,182.9857142857423,1.0,False
2662,88.73333333332829,6.079047619050717,182.37142857152153,1.0,False
2663,88.76666666666162,6.013333333343279,180.40000000029835,1.0,True
2664,88.79999999999495,6.030952380949714,180.9285714284914,1.0,False
2665,88.83333333332828,6.063809523804549,181.91428571413647,1.0,False
2666,88.86666666666162,6.089999999996039,182.6999999998812,1.0,False
2667,88.89999999999495,6.060952380956792,181.82857142870378,0.9722222089809615,True
2668,88.93333333332828,6.066190476189679,181.9857142856904,0.9999999999957842,False
2669,88.96666666666161,6.101904761899341,183.05714285698022,1.0,False
2670,88.99999999999494,6.13666666666139,184.0999999998417,1.0,False
2671,89.03333333332827,6.062857142868345,181.88571428605033,1.0,False
2672,89.0666666666616,6.019523809530386,180.58571428591156,1.0,False
2673,89.09999999999494,5.991904761908955,179.75714285726866,1.0,False
2674,89.13333333332827,6.027857142851678,180.83571428555035,1.0,False
2675,89.1666666666616,6.034285714284728,181.02857142854182,1.0,False
2676,89.19999999999493,6.037380952380482,181.12142857141444,1.0,True
2677,89.23333333332826,6.0366666666667745,181.10000000000323,1.0,False
2678,89.26666666666159,6.053095238092737,181.5928571427821,1.0,False
2679,89.29999999999492,6.041428571430346,181.24285714291037,1.0,False
2680,89.33333333332826,5.9990476190540685,179.97142857162206,1.0,False
2681,89.36666666666159,5.976190476193954,179.28571428581864,1.0,False
2682,89.39999999999492,5.981904761903892,179.45714285711676,1.0,False
2683,89.43333333332825,6.014285714280772,180.42857142842317,1.0,False
2684,89.46666666666158,6.048095238090077,181.4428571427023,1.0,False
2685,89.49999999999491,6.0557142857131225,181.67142857139365,1.0,False
2686,89.53333333332824,6.036190476193455,181.08571428580365,1.0,False
2687,89.56666666666158,6.047619047617303,181.42857142851906,1.0,True
2688,89.5999999999949,5.987261904771116,179.61785714313348,1.0,False
2689,89.63333333332824,5.892142857157377,176.76428571472132,1.0,False
2690,89.66666666666157,5.83071428572366,174.92142857170978,0.02857142887976179,True
2691,89.6999999999949,5.851190476187349,175.53571428562043,0.44444444769216385,True
2692,89.73333333332823,5.847380952381534,175.42142857144603,6.802260533980219e-11,True
2693,89.76666666666156,5.869999999996537,176.0999999998961,0.833333313337576,False
2694,89.7999999999949,5.933928571418787,178.0178571425636,0.6111111045223842,True
2695,89.83333333332823,6.033571428556181,181.00714285668545,0.9166666865476358,True
2696,89.86666666666156,6.151904761886629,184.5571428565989,0.972222208980997,True
2697,89.89999999999489,6.168333333330824,185.04999999992472,0.9999999999957367,True
2698,89.93333333332822,6.144047619051342,184.32142857154025,1.0,False
2699,89.96666666666155,6.08357142858071,182.5071428574213,1.0,False
2700,89.99999999999488,6.046507936513624,181.39523809540873,0.7222222090193782,True
2701,90.03333333332822,5.93325396827135,177.9976190481405,-0.999999999735678,True
2702,90.06666666666155,5.847380952394132,175.42142857182395,0.1388888953368336,True
2703,90.09999999999488,5.767222222234518,173.0166666670355,0.031250000016520126,True
2704,90.13333333332821,5.668730158745304,170.06190476235912,0.2222222238485969,True
2705,90.16666666666154,5.636190476195486,169.08571428586455,0.9999999998799656,False
2706,90.19999999999487,5.734523809508711,172.03571428526132,1.0,False
2707,90.2333333333282,5.844047619030797,175.32142857092393,1.0,False
2708,90.26666666666154,5.85047619047523,175.5142857142569,1.0,False
2709,90.29999999999487,5.840000000001625,175.20000000004876,0.8888888955287276,True
2710,90.3333333333282,5.884285714278913,176.52857142836737,0.999999999982947,False
2711,90.36666666666153,5.932857142849675,177.98571428549022,1.0,True
2712,90.39999999999486,5.939999999998896,178.19999999996688,1.0,False
2713,90.43333333332819,5.946190476189517,178.38571428568548,1.0,False
2714,90.46666666666152,5.935714285715898,178.07142857147693,0.8888888955288223,True
2715,90.49999999999486,5.933571428571759,178.0071428571528,0.9999999999828523,True
2716,90.53333333332819,5.9578571428534,178.735714285602,1.0,False
2717,90.56666666666152,6.00309523808826,180.0928571426478,1.0,False
2718,90.59999999999485,6.029285714281673,180.8785714284502,1.0,True
2719,90.63333333332818,6.046190476187857,181.38571428563571,1.0,False
2720,90.66666666666151,6.015714285718999,180.47142857156996,1.0,False
2721,90.69999999999484,5.96190476191309,178.8571428573927,1.0,False
2722,90.73333333332818,5.940238095241441,178.20714285724324,1.0,True
2723,90.76666666666151,6.001428571419091,180.04285714257276,1.0,False
2724,90.79999999999484,6.036428571423141,181.0928571426942,1.0,False
2725,90.83333333332817,6.019523809526421,180.58571428579262,1.0,False
2726,90.8666666666615,5.996190476194078,179.88571428582236,1.0,False
2727,90.89999999999483,5.985000000001733,179.550000000052,1.0,False
2728,90.93333333332816,5.972380952382912,179.17142857148738,1.0,False
2729,90.9666666666615,5.967619047619789,179.02857142859366,1.0,True
2730,90.99999999999483,5.961904761905643,178.8571428571693,1.0,False
2731,91.03333333332816,5.965238095237568,178.95714285712705,1.0,True
2732,91.06666666666149,5.97476190476042,179.2428571428126,1.0,False
2733,91.09999999999482,5.966904761905984,179.00714285717953,1.0,False
2734,91.13333333332815,5.939523809528049,178.18571428584147,1.0,False
2735,91.16666666666148,5.941428571428256,178.2428571428477,1.0,False
2736,91.19999999999482,5.990476190468558,179.71428571405676,1.0,False
2737,91.23333333332815,5.998095238094067,179.94285714282202,1.0,False
2738,91.26666666666148,5.975238095241664,179.2571428572499,1.0,False
2739,91.29999999999481,5.988095238093255,179.64285714279765,1.0,False
2740,91.33333333332814,6.017142857138351,180.51428571415053,1.0,False
2741,91.36666666666147,6.014285714286173,180.4285714285852,1.0,False
2742,91.3999999999948,5.981904761909803,179.4571428572941,1.0,False
2743,91.43333333332814,6.021428571422396,180.6428571426719,1.0,False
2744,91.46666666666147,6.0138095238106954,180.41428571432084,1.0,False
2745,91.4999999999948,6.007142857143899,180.21428571431696,1.0,False
2746,91.53333333332813,6.0061904761906435,180.1857142857193,1.0,True
2747,91.56666666666146,6.016190476188927,180.48571428566783,1.0,False
2748,91.5999999999948,6.037619047615694,181.12857142847085,1.0,False
2749,91.63333333332812,6.065238095233806,181.9571428570142,1.0,False
2750,91.66666666666146,6.039047619051754,181.17142857155264,1.0,False
2751,91.69999999999479,5.954761904775102,178.64285714325308,1.0,False
2752,91.73333333332812,5.932857142860568,177.98571428581704,1.0,False
2753,91.76666666666145,5.986666666658245,179.59999999974735,1.0,False
2754,91.79999999999478,6.054523809513194,181.6357142853958,0.9444444179621835,True
2755,91.83333333332811,6.091428571422803,182.74285714268413,0.9999999999913314,False
2756,91.86666666666144,6.062619047623564,181.87857142870695,1.0,True
2757,91.89999999999478,6.046190476193044,181.38571428579132,1.0,False
2758,91.93333333332811,6.0502380952374635,181.5071428571239,1.0,False
2759,91.96666666666144,6.058571428570122,181.75714285710367,1.0,False
2760,91.99999999999477,6.072380952378793,182.17142857136378,1.0,False
2761,92.0333333333281,6.088571428568894,182.65714285706682,1.0,False
2762,92.06666666666143,6.06309523809924,181.8928571429772,1.0,False
2763,92.09999999999476,6.029523809529079,180.88571428587233,1.0,False
2764,92.1333333333281,6.041666666664749,181.24999999994247,0.9166666865479556,True
2765,92.16666666666143,6.079047619041737,182.3714285712521,0.999999999986855,False
2766,92.19999999999476,6.068333333335007,182.0500000000502,1.0,True
2767,92.23333333332809,6.0654761904766215,181.96428571429863,1.0,False
2768,92.26666666666142,6.069999999999266,182.09999999997797,1.0,False
2769,92.29999999999475,6.092142857139369,182.76428571418106,1.0,True
2770,92.33333333332808,6.09785714285625,182.9357142856875,1.0,False
2771,92.36666666666142,6.108809523807808,183.26428571423423,1.0,False
2772,92.39999999999475,6.098809523811101,182.96428571433304,1.0,True
2773,92.43333333332808,6.079047619050738,182.37142857152213,1.0,False
2774,92.46666666666141,6.063809523811928,181.91428571435782,1.0,False
2775,92.49999999999474,6.08809523809142,182.6428571427426,1.0,False
2776,92.53333333332807,6.115952380948001,183.47857142844003,0.9166666865479911,True
2777,92.5666666666614,6.107142857144257,183.21428571432773,0.999999999986855,False
2778,92.59999999999474,6.0450000000098045,181.35000000029413,1.0,True
2779,92.63333333332807,6.038095238096307,181.1428571428892,1.0,True
2780,92.6666666666614,6.053333333330902,181.59999999992706,1.0,False
2781,92.69999999999473,6.119761904751406,183.5928571425422,1.0,False
2782,92.73333333332806,6.167857142849564,185.0357142854869,1.0,False
2783,92.7666666666614,6.204523809518028,186.13571428554087,1.0,True
2784,92.79999999999472,6.189523809526177,185.68571428578534,0.9722222089811391,True
2785,92.83333333332806,6.189761904761863,185.69285714285587,0.9999999999956183,False
2786,92.86666666666139,6.157142857148026,184.71428571444076,1.0,True
2787,92.89999999999472,6.117142857149199,183.51428571447602,1.0,False
2788,92.93333333332805,6.098571428574371,182.95714285723113,1.0,True
2789,92.96666666666138,6.108809523807896,183.26428571423688,1.0,False
2790,92.99999999999471,6.114047619046787,183.42142857140362,1.0,True
2791,93.03333333332805,6.133571428568336,184.00714285705007,1.0,True
2792,93.06666666666138,6.119285714287982,183.57857142863946,1.0,False
2793,93.09999999999471,6.104523809526149,183.13571428578445,1.0,False
2794,93.13333333332804,6.095238095239571,182.85714285718714,1.0,False
2795,93.16666666666137,6.095714285714221,182.87142857142663,1.0,False
2796,93.1999999999947,6.090952380953143,182.72857142859434,1.0,True
2797,93.23333333332803,6.082380952382332,182.47142857146997,1.0,False
2798,93.26666666666137,6.100238095235272,183.00714285705817,1.0,False
2799,93.2999999999947,6.114761904759601,183.44285714278803,1.0,False
2800,93.33333333332803,6.148809523804106,184.46428571412318,1.0,True
2801,93.36666666666136,6.1190476190523615,183.57142857157083,1.0,False
2802,93.39999999999469,6.07452380953091,182.2357142859273,1.0,False
2803,93.43333333332802,6.088809523807231,182.66428571421693,1.0,False
2804,93.46666666666135,6.139523809515704,184.1857142854711,1.0,False
2805,93.49999999999469,6.143095238094645,184.29285714283932,1.0,True
2806,93.53333333332802,6.081904761914509,182.4571428574353,1.0,False
2807,93.56666666666135,6.10309523809185,183.0928571427555,1.0,False
2808,93.59999999999468,6.133333333328511,183.99999999985533,1.0,False
2809,93.63333333332801,6.122857142858822,183.68571428576467,1.0,False
2810,93.66666666666134,6.0702380952464985,182.10714285739493,1.0,False
2811,93.69999999999467,6.055238095240497,181.65714285721495,1.0,False
2812,93.733333333328,6.051666666667227,181.5500000000168,1.0,True
2813,93.76666666666134,6.069523809520946,182.0857142856284,1.0,False
2814,93.79999999999467,6.080714285712488,182.42142857137466,1.0,False
2815,93.833333333328,6.096666666664107,182.8999999999232,1.0,False
2816,93.86666666666133,6.0809523809548995,182.42857142864696,1.0,False
2817,93.89999999999466,6.08571428571353,182.5714285714059,1.0,False
2818,93.933333333328,6.046190476196819,181.38571428590458,1.0,False
2819,93.96666666666133,6.0623809523783745,181.87142857135123,1.0,False
2820,93.99999999999466,6.029047619052958,180.8714285715887,0.9444444179623966,True
2821,94.03333333332799,6.030476190475937,180.91428571427815,0.9999999999911182,False
2822,94.06666666666132,6.032857142856746,180.9857142857024,1.0,False
2823,94.09999999999465,6.048095238092804,181.44285714278413,1.0,True
2824,94.13333333332798,6.056666666665266,181.69999999995798,1.0,False
2825,94.16666666666131,6.062857142856123,181.8857142856837,1.0,False
2826,94.19999999999465,6.062857142857131,181.8857142857139,1.0,False
2827,94.23333333332798,6.040476190479782,181.21428571439347,1.0,False
2828,94.26666666666131,6.067380952376621,182.02142857129863,1.0,False
2829,94.29999999999464,6.060476190477284,181.81428571431852,1.0,False
2830,94.33333333332797,6.0347619047660235,181.04285714298072,1.0,True
2831,94.3666666666613,6.019047619050133,180.571428571504,1.0,False
2832,94.39999999999463,6.05523809523227,181.6571428569681,1.0,True
2833,94.43333333332797,6.069047619045397,182.0714285713619,1.0,False
2834,94.4666666666613,6.042142857147196,181.26428571441588,1.0,False
2835,94.49999999999463,6.028571428573632,180.85714285720897,1.0,False
2836,94.53333333332796,6.069047619041112,182.07142857123335,1.0,False
2837,94.56666666666129,6.106666666660617,183.1999999998185,1.0,False
2838,94.59999999999462,6.093333333335479,182.8000000000644,1.0,False
2839,94.63333333332795,6.089047619048302,182.67142857144907,1.0,False
2840,94.66666666666129,6.080000000001458,182.40000000004375,1.0,False
2841,94.69999999999462,6.072857142858299,182.18571428574896,1.0,False
2842,94.73333333332795,6.069047619048241,182.07142857144726,1.0,False
2843,94.76666666666128,6.089047619044391,182.67142857133175,1.0,True
2844,94.79999999999461,6.099999999998231,182.99999999994694,1.0,False
2845,94.83333333332794,6.118095238092316,183.54285714276946,1.0,False
2846,94.86666666666127,6.105238095240183,183.15714285720549,1.0,False
2847,94.8999999999946,6.073809523814616,182.21428571443846,1.0,False
2848,94.93333333332794,6.0838095238078935,182.51428571423682,1.0,False
2849,94.96666666666127,6.106190476186836,183.18571428560512,1.0,False
2850,94.9999999999946,6.086190476193702,182.58571428581104,1.0,False
2851,95.03333333332793,6.0814285714293375,182.44285714288011,1.0,False
2852,95.06666666666126,6.091904761903059,182.75714285709176,1.0,False
2853,95.0999999999946,6.090952380952536,182.7285714285761,1.0,False
2854,95.13333333332793,6.06095238095724,181.82857142871723,1.0,False
2855,95.16666666666126,6.06666666666574,181.99999999997223,1.0,False
2856,95.19999999999459,6.068095238095005,182.04285714285015,1.0,False
2857,95.23333333332792,6.063809523810222,181.91428571430666,1.0,False
2858,95.26666666666125,6.048571428573905,181.45714285721718,1.0,False
2859,95.29999999999458,6.044761904762528,181.34285714287586,1.0,False
2860,95.33333333332791,6.029285714288231,180.87857142864692,1.0,False
2861,95.36666666666125,6.0157142857164905,180.4714285714947,1.0,False
2862,95.39999999999458,6.037857142853524,181.13571428560573,1.0,True
2863,95.43333333332791,6.039047619047441,181.17142857142323,1.0,False
2864,95.46666666666124,6.029761904763436,180.8928571429031,1.0,False
2865,95.49999999999457,6.029999999999978,180.89999999999932,1.0,False
2866,95.5333333333279,6.062380952375678,181.87142857127031,1.0,False
2867,95.56666666666123,6.064285714285406,181.92857142856215,1.0,False
2868,95.59999999999457,6.045238095241198,181.35714285723594,1.0,False
2869,95.6333333333279,6.0366666666680535,181.10000000004163,1.0,False
2870,95.66666666666123,6.047142857141131,181.41428571423396,1.0,False
2871,95.69999999999456,6.070476190472376,182.11428571417125,1.0,False
2872,95.73333333332789,6.090952380949029,182.7285714284709,1.0,False
2873,95.76666666666122,6.064285714290059,181.92857142870176,1.0,False
2874,95.79999999999455,6.028571428577255,180.85714285731765,1.0,False
2875,95.83333333332789,5.9914285714346365,179.74285714303912,1.0,False
2876,95.86666666666122,6.002857142855275,180.08571428565824,1.0,False
2877,95.89999999999455,5.981428571432083,179.4428571429625,1.0,False
2878,95.93333333332788,6.013809523804205,180.41428571412615,1.0,False
2879,95.96666666666121,6.024761904760086,180.74285714280262,1.0,False
2880,95.99999999999454,6.013333333335187,180.4000000000556,1.0,False
2881,96.03333333332787,5.991904761908273,179.7571428572482,1.0,False
2882,96.0666666666612,6.039285714277957,181.17857142833873,1.0,False
2883,96.09999999999454,6.03571428571487,181.07142857144612,1.0,False
2884,96.13333333332787,5.995000000006663,179.85000000019988,1.0,True
2885,96.1666666666612,5.976190476193549,179.28571428580648,1.0,False
2886,96.19999999999453,6.002142857138604,180.06428571415813,1.0,False
2887,96.23333333332786,6.026190476186531,180.78571428559593,1.0,False
2888,96.2666666666612,6.102380952368451,183.07142857105353,1.0,False
2889,96.29999999999453,6.083809523812539,182.51428571437617,1.0,False
2890,96.33333333332786,6.081904761905036,182.45714285715107,1.0,False
2891,96.36666666666119,6.074761904763053,182.24285714289164,1.0,False
2892,96.39999999999452,6.081904761903623,182.4571428571087,1.0,False
2893,96.43333333332785,6.009047619059601,180.27142857178802,1.0,False
2894,96.46666666666118,5.9757142857197625,179.27142857159288,1.0,True
2895,96.49999999999451,6.031428571419419,180.9428571425826,1.0,False
2896,96.53333333332785,6.124761904746573,183.7428571423972,1.0,False
2897,96.56666666666118,6.146190476186969,184.38571428560905,1.0,False
2898,96.59999999999451,6.07119047620281,182.1357142860843,1.0,False
2899,96.63333333332784,5.9771428571583485,179.31428571475047,1.0,False
2900,96.66666666666117,5.9911904761881685,179.73571428564506,1.0,True
2901,96.6999999999945,6.01714285713858,180.51428571415744,1.0,False
2902,96.73333333332783,6.049761904756515,181.49285714269544,1.0,False
2903,96.76666666666117,6.04857142857162,181.45714285714863,1.0,False
2904,96.7999999999945,6.032857142859727,180.9857142857918,1.0,False
2905,96.83333333332783,6.032857142857131,180.98571428571395,1.0,False
2906,96.86666666666116,6.0338095238093645,181.01428571428093,1.0,False
2907,96.89999999999449,6.056190476186787,181.6857142856036,1.0,False
2908,96.93333333332782,6.056666666666585,181.69999999999754,1.0,False
2909,96.96666666666115,6.059523809523334,181.78571428570004,1.0,False
2910,96.99999999999449,6.077142857139952,182.31428571419858,1.0,False
2911,97.03333333332782,6.072380952381754,182.17142857145262,1.0,False
2912,97.06666666666115,6.101428571423776,183.04285714271327,1.0,False
2913,97.09999999999448,6.112857142855248,183.3857142856574,1.0,False
2914,97.13333333332781,6.130952380949395,183.92857142848186,1.0,False
2915,97.16666666666114,6.071904761914553,182.15714285743658,1.0,False
2916,97.19999999999447,6.0338095238158465,181.0142857144754,1.0,False
2917,97.2333333333278,5.993809523816161,179.8142857144848,1.0,False
2918,97.26666666666114,6.024761904756781,180.74285714270343,1.0,False
2919,97.29999999999447,6.030476190475236,180.91428571425706,1.0,False
2920,97.3333333333278,6.041428571426735,181.24285714280205,1.0,False
2921,97.36666666666113,6.006190476196314,180.18571428588942,1.0,True
2922,97.39999999999446,6.017142857141048,180.51428571423145,1.0,False
2923,97.4333333333278,6.031904761902301,180.95714285706902,1.0,False
2924,97.46666666666113,6.05952380951921,181.78571428557635,1.0,False
2925,97.49999999999446,6.044285714288237,181.32857142864714,1.0,False
2926,97.53333333332779,6.038095238096261,181.14285714288783,1.0,False
2927,97.56666666666112,6.046666666665236,181.3999999999571,1.0,False
2928,97.59999999999445,6.057142857141118,181.7142857142335,1.0,False
2929,97.63333333332778,6.054285714286184,181.6285714285855,1.0,False
2930,97.66666666666111,6.0580952380946,181.742857142838,1.0,True
2931,97.69999999999445,6.059999999999678,181.79999999999035,1.0,False
2932,97.73333333332778,6.0385714285750085,181.15714285725025,1.0,False
2933,97.76666666666111,6.002857142863105,180.08571428589315,1.0,False
2934,97.79999999999444,5.969523809529376,179.08571428588127,1.0,False
2935,97.83333333332777,5.9947619047576985,179.84285714273096,1.0,False
2936,97.8666666666611,6.031428571422462,180.94285714267392,1.0,False
2937,97.89999999999444,6.034761904761357,181.04285714284072,1.0,True
2938,97.93333333332777,6.026666666668009,180.80000000004026,1.0,True
2939,97.9666666666611,6.073809523801636,182.21428571404908,1.0,False
2940,97.99999999999443,6.11190476189838,183.3571428569514,1.0,False
2941,98.03333333332776,6.08904761905143,182.67142857154292,1.0,False
2942,98.06666666666109,6.041904761912633,181.257142857379,1.0,False
2943,98.09999999999442,6.024761904764774,180.74285714294325,1.0,False
2944,98.13333333332776,6.047619047615212,181.42857142845637,1.0,False
2945,98.16666666666109,6.068333333329853,182.0499999998956,1.0,False
2946,98.19999999999442,6.070238095237764,182.10714285713289,1.0,False
2947,98.23333333332775,6.04023809524312,181.2071428572936,1.0,True
2948,98.26666666666108,6.032857142858379,180.98571428575136,0.944444417962823,True
2949,98.29999999999441,6.040714285712974,181.2214285713892,0.9999999999906919,False
2950,98.33333333332774,6.074047619042033,182.22142857126101,1.0,True
2951,98.36666666666108,6.077142857142347,182.3142857142704,1.0,False
2952,98.3999999999944,6.052380952385118,181.5714285715535,1.0,True
2953,98.43333333332774,6.01523809524433,180.4571428573299,1.0,False
2954,98.46666666666107,6.059761904754427,181.7928571426328,1.0,False
2955,98.4999999999944,6.058095238095495,181.74285714286486,1.0,False
2956,98.53333333332773,6.034761904765797,181.0428571429739,1.0,False
2957,98.56666666666106,6.017619047621907,180.52857142865722,1.0,False
2958,98.5999999999944,6.062380952373438,181.87142857120315,1.0,False
2959,98.63333333332773,6.069523809522609,182.08571428567828,1.0,False
2960,98.66666666666106,6.065238095238814,181.95714285716446,1.0,False
2961,98.69999999999439,6.078095238093071,182.34285714279216,1.0,False
2962,98.73333333332772,6.053333333337518,181.60000000012556,1.0,False
2963,98.76666666666105,6.038571428573935,181.15714285721805,1.0,False
2964,98.79999999999438,6.018571428574803,180.5571428572441,1.0,False
2965,98.83333333332772,6.03666666666361,181.0999999999083,1.0,False
2966,98.86666666666105,6.041428571427762,181.24285714283286,1.0,False
2967,98.89999999999438,6.073809523804062,182.21428571412184,1.0,False
2968,98.93333333332771,6.064761904763437,181.94285714290314,1.0,False
2969,98.96666666666104,6.05190476190694,181.55714285720822,1.0,False
2970,98.99999999999437,6.072380952377509,182.17142857132527,1.0,False
2971,99.0333333333277,6.090952380949254,182.72857142847764,1.0,False
2972,99.06666666666104,6.068571428575214,182.05714285725642,1.0,False
2973,99.09999999999437,6.023333333340972,180.70000000022915,1.0,False
2974,99.1333333333277,6.033809523807739,181.0142857142322,1.0,False
2975,99.16666666666103,6.048095238092807,181.44285714278422,1.0,False
2976,99.19999999999436,6.064285714282964,181.9285714284889,1.0,False
2977,99.23333333332769,6.027142857149155,180.81428571447464,1.0,False
2978,99.26666666666102,6.011904761907354,180.35714285722062,1.0,False
2979,99.29999999999436,6.020476190474752,180.61428571424253,1.0,False
2980,99.33333333332769,6.045714285710015,181.37142857130044,1.0,False
2981,99.36666666666102,6.040476190477078,181.21428571431235,1.0,False
2982,99.39999999999435,6.021904761907912,180.65714285723735,1.0,False
2983,99.43333333332768,6.03952380952081,181.1857142856243,1.0,False
2984,99.46666666666101,6.067619047614269,182.02857142842808,1.0,False
2985,99.49999999999434,6.0523809523835155,181.57142857150546,1.0,False
2986,99.53333333332768,6.014761904768273,180.4428571430482,1.0,False
2987,99.566666666661,5.989523809528079,179.68571428584238,1.0,False
2988,99.59999999999434,5.997619047617682,179.92857142853046,1.0,False
2989,99.63333333332767,6.023809523805059,180.71428571415177,0.9722222089814588,True
2990,99.666666666661,6.063333333326601,181.89999999979804,0.999999999995263,False
2991,99.69999999999433,6.080952380949374,182.42857142848123,1.0,False
2992,99.73333333332766,6.087619047617919,182.62857142853755,1.0,False
2993,99.766666666661,6.051904761910838,181.55714285732515,1.0,False
2994,99.79999999999433,6.00738095238853,180.22142857165593,1.0,False
2995,99.83333333332766,5.972857142863023,179.18571428589067,1.0,False
2996,99.86666666666099,5.987857142854593,179.6357142856378,1.0,True
2997,99.89999999999432,5.994285714284613,179.8285714285384,1.0,False
2998,99.93333333332765,6.04690476189578,181.40714285687338,1.0,False
2999,99.96666666666098,6.078571428566015,182.35714285698046,1.0,False
3000,99.99999999999432,6.076666666666978,182.30000000000936,1.0,False
3001,100.03333333332765,6.051428571432874,181.5428571429862,1.0,False
3002,100.06666666666098,6.045714285715258,181.37142857145773,1.0,False
3003,100.09999999999431,6.062857142854217,181.8857142856265,1.0,False
3004,100.13333333332764,6.064761904761593,181.9428571428478,1.0,False
3005,100.16666666666097,6.0383333333378655,181.15000000013598,1.0,False
3006,100.1999999999943,6.010000000004854,180.3000000001456,1.0,False
3007,100.23333333332764,6.020714285712456,180.62142857137366,1.0,True
3008,100.26666666666097,6.020476190476231,180.61428571428692,1.0,False
3009,100.2999999999943,6.022142857142576,180.6642857142773,1.0,False
3010,100.33333333332763,6.035714285711975,181.07142857135926,1.0,False
3011,100.36666666666096,6.0528571428542195,181.5857142856266,1.0,False
3012,100.3999999999943,6.026190476195044,180.7857142858513,1.0,False
3013,100.43333333332762,6.017142857144402,180.51428571433206,1.0,False
3014,100.46666666666096,6.0204761904756126,180.6142857142684,1.0,False
3015,100.49999999999429,6.006666666669022,180.20000000007067,1.0,False
3016,100.53333333332762,6.0204761904738175,180.61428571421453,1.0,False
3017,100.56666666666095,6.0454761904719,181.36428571415703,1.0,False
3018,100.59999999999428,6.047619047618678,181.42857142856036,1.0,False
3019,100.63333333332761,5.985952380962963,179.57857142888886,1.0,True
3020,100.66666666666094,5.960000000004462,178.80000000013388,1.0,False
3021,100.69999999999428,5.963095238094716,178.89285714284148,1.0,False
3022,100.73333333332761,5.9804761904732056,179.41428571419618,1.0,False
3023,100.76666666666094,5.980476190476191,179.4142857142857,1.0,False
3024,100.79999999999427,5.997619047616108,179.92857142848325,1.0,False
3025,100.8333333333276,6.01476190475897,180.4428571427691,1.0,False
3026,100.86666666666093,6.030952380949603,180.92857142848808,1.0,False
3027,100.89999999999426,6.023333333334639,180.70000000003915,1.0,False
3028,100.9333333333276,6.029523809522744,180.8857142856823,1.0,False
3029,100.96666666666093,5.98809523810237,179.64285714307113,1.0,False
3030,100.99999999999426,5.967619047622583,179.0285714286775,1.0,False
3031,101.03333333332759,5.997142857137786,179.91428571413357,1.0,False
3032,101.06666666666092,6.012857142854445,180.38571428563336,1.0,False
3033,101.09999999999425,5.988571428575612,179.65714285726835,1.0,False
3034,101.13333333332758,5.998571428569688,179.95714285709064,1.0,False
3035,101.16666666666092,6.0199999999963,180.59999999988904,1.0,False
3036,101.19999999999425,5.982380952387443,179.47142857162328,1.0,False
3037,101.23333333332758,5.99523809523586,179.8571428570758,1.0,True
3038,101.26666666666091,6.036190476183381,181.08571428550144,1.0,False
3039,101.29999999999424,6.043809523808191,181.31428571424573,1.0,False
3040,101.33333333332757,6.010952380958058,180.32857142874172,1.0,False
3041,101.3666666666609,6.012380952380707,180.3714285714212,1.0,False
3042,101.39999999999424,6.036666666662459,181.09999999987377,1.0,False
3043,101.43333333332757,6.028095238096733,180.84285714290203,1.0,False
3044,101.4666666666609,6.024761904762499,180.74285714287498,1.0,False
3045,101.49999999999423,6.007619047622022,180.22857142866064,1.0,False
3046,101.53333333332756,6.005714285714605,180.17142857143816,1.0,False
3047,101.5666666666609,5.963809523816772,178.91428571450314,1.0,False
3048,101.59999999999422,5.957142857144017,178.71428571432054,1.0,False
3049,101.63333333332756,6.015714285704119,180.47142857112357,1.0,False
3050,101.66666666666089,6.0376190476152365,181.1285714284571,1.0,False
3051,101.69999999999422,6.0247619047641265,180.7428571429238,1.0,False
3052,101.73333333332755,6.002380952384845,180.07142857154537,1.0,False
3053,101.76666666666088,6.006666666665925,180.19999999997776,1.0,False
3054,101.79999999999421,6.0061904761905645,180.18571428571693,1.0,False
3055,101.83333333332754,6.015476190474589,180.46428571423763,1.0,False
3056,101.86666666666088,6.018095238094794,180.54285714284381,1.0,False
3057,101.89999999999421,6.005952380954483,180.17857142863448,1.0,True
3058,101.93333333332754,5.96714285714962,179.0142857144886,1.0,False
3059,101.96666666666087,5.960238095239313,178.80714285717937,1.0,False
3060,101.9999999999942,5.967142857141668,179.01428571425,1.0,False
3061,102.03333333332753,6.0199999999908025,180.59999999972408,1.0,False
3062,102.06666666666086,6.042857142853167,181.28571428559502,1.0,False
3063,102.0999999999942,6.037857142858012,181.13571428574036,1.0,False
3064,102.13333333332753,5.997619047626049,179.92857142878145,1.0,False
3065,102.16666666666086,5.970714285718968,179.12142857156903,1.0,True
3066,102.19999999999419,5.990476190472752,179.71428571418255,1.0,False
3067,102.23333333332752,6.000238095236402,180.00714285709202,1.0,False
3068,102.26666666666085,6.022857142853208,180.68571428559625,1.0,False
3069,102.29999999999418,6.032142857141235,180.96428571423704,1.0,False
3070,102.33333333332752,6.01095238095607,180.3285714286821,1.0,False
3071,102.36666666666085,5.979761904767333,179.39285714301997,1.0,True
3072,102.39999999999418,5.988571428569883,179.65714285709646,1.0,False
3073,102.43333333332751,6.013095238090953,180.3928571427286,1.0,False
3074,102.46666666666084,6.022380952379327,180.6714285713798,1.0,False
3075,102.49999999999417,6.058571428565109,181.75714285695327,1.0,False
3076,102.5333333333275,6.0757142857113,182.271428571339,1.0,False
3077,102.56666666666084,6.072857142857649,182.1857142857295,1.0,False
3078,102.59999999999417,6.0552380952411715,181.65714285723516,1.0,True
3079,102.6333333333275,6.051428571429242,181.54285714287727,1.0,False
3080,102.66666666666083,6.034761904764824,181.04285714294474,1.0,False
3081,102.69999999999416,6.036190476190231,181.08571428570693,1.0,True
3082,102.7333333333275,6.043571428570137,181.30714285710414,1.0,False
3083,102.76666666666083,6.061428571425446,181.84285714276336,1.0,False
3084,102.79999999999416,6.0535714285727975,181.60714285718393,1.0,True
3085,102.83333333332749,6.060476190474971,181.8142857142491,1.0,False
3086,102.86666666666082,6.064047619046988,181.92142857140965,1.0,True
3087,102.89999999999415,6.069523809522858,182.08571428568575,1.0,False
3088,102.93333333332748,6.061428571429988,181.84285714289965,1.0,False
3089,102.96666666666081,6.045238095240934,181.357142857228,1.0,False
3090,102.99999999999415,6.029523809526572,180.88571428579715,1.0,False
3091,103.03333333332748,6.07571428570618,182.2714285711854,1.0,False
3092,103.06666666666081,6.119523809516119,183.5857142854836,1.0,False
3093,103.09999999999414,6.078095238102519,182.34285714307558,1.0,False
3094,103.13333333332747,6.034285714293382,181.02857142880148,1.0,False
3095,103.1666666666608,6.037619047618434,181.12857142855304,1.0,False
3096,103.19999999999413,6.08047619046864,182.4142857140592,1.0,False
3097,103.23333333332747,6.04142857143548,181.2428571430644,1.0,False
3098,103.2666666666608,6.043333333333033,181.29999999999097,1.0,False
3099,103.29999999999413,6.028095238097929,180.8428571429379,1.0,False
3100,103.33333333332746,6.046190476187277,181.38571428561832,1.0,False
3101,103.36666666666079,6.013095238101062,180.39285714303188,1.0,False
3102,103.39999999999412,6.004285714287269,180.12857142861805,1.0,False
3103,103.43333333332745,6.011190476189255,180.33571428567768,1.0,True
3104,103.46666666666079,6.000238095240025,180.00714285720076,1.0,False
3105,103.49999999999412,5.9816666666699465,179.45000000009838,1.0,False
3106,103.53333333332745,5.9959523809498645,179.87857142849592,0.944444417963273,True
3107,103.56666666666078,6.035714285707272,181.07142857121812,0.9999999999901945,False
3108,103.59999999999411,6.0621428571381895,181.8642857141457,1.0,True
3109,103.63333333332744,6.055238095239322,181.65714285717968,1.0,False
3110,103.66666666666077,6.040476190478811,181.21428571436437,1.0,False
3111,103.6999999999941,6.019523809527516,180.58571428582545,1.0,False
3112,103.73333333332744,5.9800000000069975,179.4000000002099,1.0,False
3113,103.76666666666077,5.960476190479653,178.8142857143896,1.0,False
3114,103.7999999999941,5.993571428565593,179.8071428569678,1.0,False
3115,103.83333333332743,6.060952380940469,181.82857142821408,1.0,False
3116,103.86666666666076,6.067857142855937,182.0357142856781,1.0,True
3117,103.8999999999941,6.040476190481044,181.21428571443133,1.0,False
3118,103.93333333332743,6.046904761903614,181.4071428571084,1.0,False
3119,103.96666666666076,6.056190476188818,181.68571428566455,1.0,False
3120,103.99999999999409,6.056190476190472,181.68571428571414,1.0,True
3121,104.03333333332742,6.041428571431195,181.24285714293583,1.0,False
3122,104.06666666666075,6.021904761908227,180.65714285724678,1.0,False
3123,104.09999999999408,6.006190476193263,180.1857142857979,1.0,False
3124,104.13333333332741,6.019047619045334,180.57142857136003,1.0,False
3125,104.16666666666075,6.051428571422819,181.54285714268454,1.0,False
3126,104.19999999999408,6.074523809519702,182.2357142855911,1.0,True
3127,104.23333333332741,6.0857142857123065,182.57142857136918,1.0,False
3128,104.26666666666074,6.092142857141726,182.7642857142518,0.9705882072501143,True
3129,104.29999999999407,6.060476190481812,181.81428571445437,0.9999999999947712,False
3130,104.3333333333274,6.045952380954945,181.37857142864834,1.0,False
3131,104.36666666666073,5.9961904761993265,179.8857142859798,1.0,False
3132,104.39999999999407,5.987142857144478,179.6142857143343,1.0,False
3133,104.4333333333274,6.000952380949914,180.02857142849743,1.0,False
3134,104.46666666666073,6.037142857136397,181.1142857140919,1.0,False
3135,104.49999999999406,6.092857142847227,182.7857142854168,1.0,False
3136,104.53333333332739,6.108809523806706,183.26428571420118,1.0,False
3137,104.56666666666072,6.078571428576834,182.35714285730504,1.0,False
3138,104.59999999999405,6.039285714292708,181.17857142878123,1.0,True
3139,104.63333333332739,6.053333333330841,181.59999999992525,1.0,False
3140,104.66666666666072,6.080714285709412,182.42142857128238,1.0,False
3141,104.69999999999405,6.068571428573594,182.05714285720782,1.0,False
3142,104.73333333332738,6.075714285712993,182.27142857138978,1.0,False
3143,104.76666666666071,6.077619047618695,182.32857142856088,1.0,False
3144,104.79999999999404,6.069047619049134,182.07142857147403,1.0,False
3145,104.83333333332737,6.000000000012322,180.00000000036962,1.0,False
3146,104.8666666666607,5.978571428575231,179.35714285725692,1.0,False
3147,104.89999999999404,6.03857142856068,181.1571428568204,1.0,False
3148,104.93333333332737,6.049047619045762,181.47142857137288,1.0,False
3149,104.9666666666607,6.010952380959226,180.3285714287768,1.0,False
3150,104.99999999999403,5.996666666669244,179.9000000000773,1.0,False
3151,105.03333333332736,6.040476190468345,181.21428571405033,1.0,False
3152,105.0666666666607,6.038571428571772,181.15714285715313,1.0,False
3153,105.09999999999403,6.025238095240483,180.7571428572145,1.0,False
3154,105.13333333332736,6.016666666668197,180.5000000000459,1.0,False
3155,105.16666666666069,6.037619047615286,181.1285714284586,1.0,False
3156,105.19999999999402,6.037142857142931,181.11428571428794,1.0,False
3157,105.23333333332735,5.995714285721716,179.87142857165148,1.0,False
3158,105.26666666666068,6.002380952379756,180.0714285713927,1.0,False
3159,105.29999999999401,6.046190476182617,181.3857142854785,1.0,False
3160,105.33333333332735,6.083809523802765,182.51428571408297,1.0,False
3161,105.36666666666068,6.060952380956483,181.82857142869452,1.0,True
3162,105.39999999999401,6.023333333340105,180.70000000020315,1.0,False
3163,105.43333333332734,6.010476190478493,180.3142857143548,1.0,False
3164,105.46666666666067,6.025714285711529,180.77142857134587,1.0,False
3165,105.499999999994,6.069999999992028,182.09999999976083,1.0,False
3166,105.53333333332733,6.055476190478813,181.66428571436438,1.0,False
3167,105.56666666666067,6.045238095239942,181.35714285719826,1.0,False
3168,105.599999999994,6.020238095242593,180.6071428572778,1.0,True
3169,105.63333333332733,6.039523809520326,181.1857142856098,1.0,False
3170,105.66666666666066,6.013571428576093,180.4071428572828,1.0,False
3171,105.69999999999399,6.0319047619014645,180.95714285704398,1.0,False
3172,105.73333333332732,6.046190476187927,181.38571428563782,1.0,False
3173,105.76666666666065,6.052857142855959,181.5857142856788,1.0,False
3174,105.79999999999399,6.0438095238111655,181.31428571433497,1.0,False
3175,105.83333333332732,6.051904761903314,181.55714285709942,1.0,False
3176,105.86666666666065,6.044761904763206,181.34285714289615,1.0,False
3177,105.89999999999398,6.028095238098237,180.8428571429471,1.0,False
3178,105.93333333332731,6.031428571427975,180.94285714283927,1.0,False
3179,105.96666666666064,6.026666666667533,180.800000000026,1.0,False
3180,105.99999999999397,6.016666666668481,180.50000000005443,1.0,False
3181,106.0333333333273,6.030476190473696,180.91428571421088,1.0,False
3182,106.06666666666064,6.054285714281413,181.62857142844237,1.0,False
3183,106.09999999999397,6.081904761899767,182.45714285699302,1.0,False
3184,106.1333333333273,6.098571428568419,182.95714285705256,1.0,False
3185,106.16666666666063,6.0726190476237525,182.1785714287126,1.0,False
3186,106.19999999999396,6.057619047621772,181.72857142865314,1.0,False
3187,106.2333333333273,6.049285714287235,181.47857142861704,1.0,True
3188,106.26666666666063,6.072857142852882,182.18571428558647,1.0,False
3189,106.29999999999396,6.083571428569488,182.50714285708466,1.0,False
3190,106.33333333332729,6.117142857136769,183.5142857141031,1.0,False
3191,106.36666666666062,6.082380952387267,182.47142857161802,1.0,False
3192,106.39999999999395,6.052380952386405,181.57142857159215,1.0,False
3193,106.43333333332728,6.058809523808348,181.76428571425043,1.0,False
3194,106.46666666666061,6.102380952373028,183.0714285711908,1.0,False
3195,106.49999999999395,6.12976190475693,183.89285714270792,1.0,True
3196,106.53333333332728,6.124285714286718,183.72857142860158,1.0,False
3197,106.56666666666061,6.123571428571564,183.70714285714692,1.0,False
3198,106.59999999999394,6.098095238099864,182.94285714299593,1.0,False
3199,106.63333333332727,6.09404761904835,182.82142857145053,1.0,False
3200,106.6666666666606,6.111428571425401,183.34285714276206,1.0,True
3201,106.69999999999393,6.107380952381674,183.22142857145025,0.8611111045136562,True
3202,106.73333333332727,6.080000000004962,182.40000000014888,0.9999999999747757,False
3203,106.7666666666606,6.054523809528428,181.63571428585283,1.0,False
3204,106.79999999999393,6.101904761896145,183.05714285688433,1.0,False
3205,106.83333333332726,6.086190476193352,182.58571428580052,1.0,False
3206,106.86666666666059,6.097619047616955,182.92857142850863,1.0,False
3207,106.89999999999392,6.101428571427856,183.0428571428357,1.0,False
3208,106.93333333332725,6.109999999998444,183.29999999995331,1.0,False
3209,106.96666666666059,6.090952380955866,182.728571428676,1.0,False
3210,106.99999999999392,6.070952380956022,182.1285714286807,1.0,False
3211,107.03333333332725,6.089047619044298,182.67142857132893,1.0,False
3212,107.06666666666058,6.089047619047607,182.6714285714282,1.0,False
3213,107.09999999999391,6.09619047618918,182.8857142856754,1.0,False
3214,107.13333333332724,6.081666666669301,182.45000000007903,1.0,False
3215,107.16666666666057,6.093809523807291,182.81428571421873,1.0,False
3216,107.1999999999939,6.1152380952341705,183.4571428570251,0.857142865683934,True
3217,107.23333333332724,6.09095238095684,182.7285714287052,0.9166666865240204,True
3218,107.26666666666057,6.060952380957888,181.82857142873667,0.9999999999847233,True
3219,107.2999999999939,5.995238095250116,179.85714285750348,1.0,False
3220,107.33333333332723,6.005952380950406,180.17857142851219,1.0,False
3221,107.36666666666056,6.0209523809496375,180.62857142848912,1.0,False
3222,107.3999999999939,6.071904761895439,182.1571428568632,1.0,False
3223,107.43333333332723,6.089523809520576,182.68571428561728,1.0,False
3224,107.46666666666056,6.135238095229716,184.0571428568915,1.0,False
3225,107.49999999999389,6.137142857142503,184.11428571427507,1.0,False
3226,107.53333333332722,6.113809523813794,183.41428571441384,1.0,True
3227,107.56666666666055,6.0909523809565655,182.728571428697,1.0,False
3228,107.59999999999388,6.03904761905714,181.1714285717142,1.0,False
3229,107.63333333332722,6.011666666671668,180.35000000015003,1.0,False
3230,107.66666666666055,6.0190476190462325,180.57142857138695,1.0,False
3231,107.69999999999388,6.063571428563238,181.9071428568971,1.0,True
3232,107.73333333332721,6.057142857144035,181.71428571432105,1.0,False
3233,107.76666666666054,6.058571428571163,181.75714285713488,1.0,False
3234,107.79999999999387,6.071904761902309,182.1571428570693,1.0,False
3235,107.8333333333272,6.048333333337663,181.45000000012988,1.0,True
3236,107.86666666666054,6.056666666665114,181.69999999995343,1.0,False
3237,107.89999999999387,6.06452380952236,181.9357142856708,1.0,False
3238,107.9333333333272,6.09857142856515,182.9571428569545,1.0,False
3239,107.96666666666053,6.078095238098997,182.34285714296988,1.0,True
3240,107.99999999999386,6.070000000001478,182.10000000004436,1.0,False
3241,108.03333333332719,6.021904761913618,180.65714285740853,1.0,False
3242,108.06666666666052,6.0423809523771785,181.27142857131534,1.0,False
3243,108.09999999999386,6.044761904761469,181.34285714284408,1.0,False
3244,108.13333333332719,6.045238095237998,181.35714285713996,1.0,False
3245,108.16666666666052,6.049999999999104,181.4999999999731,1.0,True
3246,108.19999999999385,6.05761904761763,181.72857142852888,1.0,False
3247,108.23333333332718,6.049523809525286,181.48571428575858,1.0,False
3248,108.26666666666051,6.02142857143374,180.6428571430122,1.0,True
3249,108.29999999999384,6.018571428571956,180.55714285715868,1.0,False
3250,108.33333333332718,6.0123809523821,180.37142857146299,1.0,False
3251,108.3666666666605,6.027619047616238,180.82857142848712,1.0,False
3252,108.39999999999384,6.0476190476153455,181.42857142846037,1.0,False
3253,108.43333333332717,6.046666666666849,181.4000000000055,1.0,False
3254,108.4666666666605,6.030952380955299,180.92857142865896,1.0,False
3255,108.49999999999383,5.990000000007579,179.70000000022736,1.0,False
3256,108.53333333332716,5.970952380955897,179.12857142867688,1.0,False
3257,108.5666666666605,6.00190476189903,180.0571428569709,1.0,False
3258,108.59999999999383,6.035238095231927,181.05714285695782,1.0,False
3259,108.63333333332716,6.035238095238098,181.05714285714296,1.0,False
3260,108.66666666666049,5.989285714294228,179.67857142882684,1.0,False
3261,108.69999999999382,5.980952380953934,179.428571428618,1.0,False
3262,108.73333333332715,5.975952380953313,179.2785714285994,1.0,True
3263,108.76666666666048,5.997619047615032,179.92857142845094,1.0,False
3264,108.79999999999382,6.029761904755948,180.89285714267845,1.0,False
3265,108.83333333332715,6.055238095233378,181.65714285700136,1.0,False
3266,108.86666666666048,6.0714285714255665,182.142857142767,1.0,True
3267,108.89999999999381,6.051904761908388,181.55714285725165,1.0,False
3268,108.93333333332714,6.050952380952551,181.52857142857653,1.0,False
3269,108.96666666666047,6.04809523809576,181.4428571428728,1.0,False
3270,108.9999999999938,6.037142857144878,181.11428571434635,1.0,False
3271,109.03333333332714,6.041428571427766,181.242857142833,1.0,False
3272,109.06666666666047,6.058571428568234,181.75714285704703,1.0,False
3273,109.0999999999938,6.067142857141265,182.01428571423796,1.0,False
3274,109.13333333332713,6.037619047624533,181.128571428736,1.0,False
3275,109.16666666666046,6.0190476190510775,180.57142857153235,1.0,False
3276,109.19999999999379,5.9990476190513435,179.97142857154032,1.0,False
3277,109.23333333332712,5.967619047624908,179.0285714287472,1.0,False
3278,109.26666666666046,5.965714285714646,178.97142857143936,1.0,False
3279,109.29999999999379,5.977619047616836,179.3285714285051,1.0,False
3280,109.33333333332712,5.985714285712782,179.57142857138348,1.0,False
3281,109.36666666666045,6.020476190469699,180.61428571409098,1.0,False
3282,109.39999999999378,6.0397619047583,181.19285714274898,1.0,False
3283,109.43333333332711,6.046666666665379,181.39999999996135,1.0,False
3284,109.46666666666044,5.984047619059312,179.52142857177938,1.0,True
3285,109.49999999999378,5.950476190482462,178.51428571447389,1.0,False
3286,109.5333333333271,5.9564285714274625,178.69285714282387,1.0,False
3287,109.56666666666044,5.996666666659155,179.89999999977465,1.0,False
3288,109.59999999999377,6.043809523800713,181.31428571402137,1.0,False
3289,109.6333333333271,6.025238095241593,180.7571428572478,1.0,False
3290,109.66666666666043,6.0095238095267804,180.2857142858034,1.0,False
3291,109.69999999999376,5.962857142865885,178.88571428597655,1.0,False
3292,109.7333333333271,5.988571428566589,179.65714285699767,1.0,False
3293,109.76666666666043,6.007619047615459,180.22857142846377,1.0,False
3294,109.79999999999376,6.013809523808347,180.4142857142504,1.0,False
3295,109.83333333332709,5.979523809530219,179.3857142859066,1.0,False
3296,109.86666666666042,5.984761904760911,179.54285714282736,1.0,False
3297,109.89999999999375,6.00523809523426,180.1571428570278,1.0,False
3298,109.93333333332708,6.009999999999105,180.29999999997318,1.0,False
3299,109.96666666666042,5.981428571433927,179.44285714301782,1.0,False
3300,109.99999999999375,6.0052380952336435,180.1571428570093,1.0,False
3301,110.03333333332708,6.023809523806061,180.7142857141818,1.0,False
3302,110.06666666666041,6.0380952380925725,181.1428571427772,1.0,False
3303,110.09999999999374,6.040476190475737,181.2142857142721,1.0,False
3304,110.13333333332707,6.067619047613963,182.0285714284189,1.0,False
3305,110.1666666666604,6.051428571431629,181.54285714294886,1.0,False
3306,110.19999999999374,6.002857142866276,180.08571428598827,1.0,False
3307,110.23333333332707,5.989047619050205,179.67142857150614,1.0,False
3308,110.2666666666604,6.021666666660527,180.64999999981583,1.0,False
3309,110.29999999999373,6.0257142857135095,180.7714285714053,1.0,False
3310,110.33333333332706,5.997857142862364,179.93571428587094,1.0,True
3311,110.3666666666604,5.943809523819683,178.31428571459048,1.0,False
3312,110.39999999999372,5.966904761900416,179.0071428570125,1.0,False
3313,110.43333333332706,6.038571428557916,181.1571428567375,1.0,False
3314,110.46666666666039,6.074285714278975,182.22857142836926,1.0,False
3315,110.49999999999372,6.014285714297007,180.42857142891026,1.0,False
3316,110.53333333332705,5.995238095241679,179.85714285725038,1.0,False
3317,110.56666666666038,5.999999999999098,179.9999999999729,1.0,False
3318,110.59999999999371,6.008095238093714,180.2428571428114,1.0,False
3319,110.63333333332704,5.989047619049681,179.67142857149034,1.0,False
3320,110.66666666666038,6.023571428568556,180.7071428570565,1.0,False
